dmr_make,dmr_model,dvsa_make,dvsa_model
VOLKSWAGEN,UP!,VOLKSWAGEN,UP
VOLKSWAGEN,UP!,VOLKSWAGEN,UP !
VOLKSWAGEN,UP!,VOLKSWAGEN,UP AUTO
VOLKSWAGEN,UP!,VOLKSWAGEN,UP BEATS
VOLKSWAGEN,UP!,VOLKSWAGEN,UP BLACK EDITION
VOLKSWAGEN,UP!,VOLKSWAGEN,UP GTI
VOLKSWAGEN,UP!,VOLKSWAGEN,UP ORANGE
VOLKSWAGEN,UP!,VOLKSWAGEN,UP R-LINE
VOLKSWAGEN,UP!,VOLKSWAGEN,UP WHITE EDITION
VOLKSWAGEN,UP!,VOLKSWAGEN,UP!
VOLKSWAGEN,UP!,VOLKSWAGEN,UP! CLUB
VOLKSWAGEN,UP!,VOLKSWAGEN,UP! GTI
PEUGEOT,208,PEUGEOT,208
PEUGEOT,208,PEUGEOT,208 ACCESS PLUS E-HDI S-A
PEUGEOT,208,PEUGEOT,208 ACTIVE BLUEHDI S/S
PEUGEOT,208,PEUGEOT,208 ACTIVE EV
PEUGEOT,208,PEUGEOT,208 ACTIVE PREMIUM + B-HDI S/S
PEUGEOT,208,PEUGEOT,208 ACTIVE PREMIUM + EV
PEUGEOT,208,PEUGEOT,208 ACTIVE PREMIUM + P-TECH SS
PEUGEOT,208,PEUGEOT,208 ACTIVE PREMIUM + PTCH SS A
PEUGEOT,208,PEUGEOT,208 ACTIVE PREMIUM BLUEHDI S/S
PEUGEOT,208,PEUGEOT,208 ACTIVE PREMIUM EV
PEUGEOT,208,PEUGEOT,208 ACTIVE PREMIUM PTECH S/S A
PEUGEOT,208,PEUGEOT,208 ACTIVE PREMIUM PURETECH SS
PEUGEOT,208,PEUGEOT,208 ACTIVE PURETECH S/S
PEUGEOT,208,PEUGEOT,208 ACTIVE PURETECH S/S AUTO
PEUGEOT,208,PEUGEOT,208 ACTIVE PURETECH S/S AUTO PANEL VAN
PEUGEOT,208,PEUGEOT,208 ALLURE BLUEHDI S/S
PEUGEOT,208,PEUGEOT,208 ALLURE EV
PEUGEOT,208,PEUGEOT,208 ALLURE PREMIUM + EV
PEUGEOT,208,PEUGEOT,208 ALLURE PREMIUM + P-TECH SS
PEUGEOT,208,PEUGEOT,208 ALLURE PREMIUM + PTCH SS A
PEUGEOT,208,PEUGEOT,208 ALLURE PREMIUM BLUEHDI S/S
PEUGEOT,208,PEUGEOT,208 ALLURE PREMIUM EV
PEUGEOT,208,PEUGEOT,208 ALLURE PREMIUM PTECH S/S A
PEUGEOT,208,PEUGEOT,208 ALLURE PREMIUM PURETECH SS
PEUGEOT,208,PEUGEOT,208 ALLURE PREMIUM+ BLUEHDI SS
PEUGEOT,208,PEUGEOT,208 ALLURE PURETECH MHEV AUTO
PEUGEOT,208,PEUGEOT,208 ALLURE PURETECH S/S
PEUGEOT,208,PEUGEOT,208 ALLURE PURETECH S/S AUTO
PEUGEOT,208,PEUGEOT,208 E HDI
PEUGEOT,208,PEUGEOT,208 GT BLUEHDI S/S
PEUGEOT,208,PEUGEOT,208 GT EV
PEUGEOT,208,PEUGEOT,208 GT LINE BLUEHDI S/S
PEUGEOT,208,PEUGEOT,208 GT LINE EV
PEUGEOT,208,PEUGEOT,208 GT LINE PURETECH S/S
PEUGEOT,208,PEUGEOT,208 GT LINE PURETECH S/S AUTO
PEUGEOT,208,PEUGEOT,208 GT MHEV AUTO
PEUGEOT,208,PEUGEOT,208 GT PREMIUM BLUEHDI S/S
PEUGEOT,208,PEUGEOT,208 GT PREMIUM EV
PEUGEOT,208,PEUGEOT,208 GT PREMIUM PURETECH S/S
PEUGEOT,208,PEUGEOT,208 GT PREMIUM PURETECH S/S A
PEUGEOT,208,PEUGEOT,208 GT PURETECH S/S
PEUGEOT,208,PEUGEOT,208 GT PURETECH S/S AUTO
PEUGEOT,208,PEUGEOT,208 GT-LINE
PEUGEOT,208,PEUGEOT,208 GTI
PEUGEOT,208,PEUGEOT,208 GTI PRESTIGE
PEUGEOT,208,PEUGEOT,208 STYLE
PEUGEOT,208,PEUGEOT,208 VTI
VOLKSWAGEN,POLO,VOLKSWAGEN,POLO
VOLKSWAGEN,POLO,VOLKSWAGEN,POLO   TSI
VOLKSWAGEN,POLO,VOLKSWAGEN,POLO 1.0 TSI SEL DSG EURO 6 (S/S)
VOLKSWAGEN,POLO,VOLKSWAGEN,POLO 1.2 TSI BLUE MOTION AUTO
VOLKSWAGEN,POLO,VOLKSWAGEN,POLO 1.2 TSI BLUE MOTION TECH MATCH DSG
VOLKSWAGEN,POLO,VOLKSWAGEN,POLO 1.2 TSI DSG
VOLKSWAGEN,POLO,VOLKSWAGEN,POLO ACTIVE EVO
VOLKSWAGEN,POLO,VOLKSWAGEN,POLO ACTIVE TSI
VOLKSWAGEN,POLO,VOLKSWAGEN,POLO ACTIVE TSI S-A
VOLKSWAGEN,POLO,VOLKSWAGEN,POLO AUTO
VOLKSWAGEN,POLO,VOLKSWAGEN,POLO BLUE GT
VOLKSWAGEN,POLO,VOLKSWAGEN,POLO CL
VOLKSWAGEN,POLO,VOLKSWAGEN,POLO CROSS
VOLKSWAGEN,POLO,VOLKSWAGEN,POLO DUNE
VOLKSWAGEN,POLO,VOLKSWAGEN,POLO GT
VOLKSWAGEN,POLO,VOLKSWAGEN,POLO GTI
VOLKSWAGEN,POLO,VOLKSWAGEN,POLO GTI DSG
VOLKSWAGEN,POLO,VOLKSWAGEN,POLO GTI PLUS TSI
VOLKSWAGEN,POLO,VOLKSWAGEN,POLO GTI S-A 180
VOLKSWAGEN,POLO,VOLKSWAGEN,POLO GTI S-A TSI 192 DSG BLUEMOTION
VOLKSWAGEN,POLO,VOLKSWAGEN,POLO GTI TSI S-A
VOLKSWAGEN,POLO,VOLKSWAGEN,POLO LIFE
VOLKSWAGEN,POLO,VOLKSWAGEN,POLO LIFE TSI
VOLKSWAGEN,POLO,VOLKSWAGEN,POLO LIFE TSI S-A
VOLKSWAGEN,POLO,VOLKSWAGEN,POLO MATCH EVO
VOLKSWAGEN,POLO,VOLKSWAGEN,POLO MATCH TSI
VOLKSWAGEN,POLO,VOLKSWAGEN,POLO MATCH TSI S-A
VOLKSWAGEN,POLO,VOLKSWAGEN,POLO MATCHEDITION
VOLKSWAGEN,POLO,VOLKSWAGEN,POLO R LINE
VOLKSWAGEN,POLO,VOLKSWAGEN,POLO SEL TDI 90
VOLKSWAGEN,POLO,VOLKSWAGEN,POLO STYLE TSI
VOLKSWAGEN,POLO,VOLKSWAGEN,POLO TDI
VOLKSWAGEN,POLO,VOLKSWAGEN,POLO TSI
VOLKSWAGEN,POLO,VOLKSWAGEN,POLO TSI AUTO
VOLKSWAGEN,POLO,VOLKSWAGEN,POLO TSI BLUEMOTION TECH
VOLKSWAGEN,POLO,VOLKSWAGEN,POLO TSI BLUEMOTION TECH SE DSG
VOLKSWAGEN,POLO,VOLKSWAGEN,POLO TSI BLUEMOTION TECHNOLOGY
VOLKSWAGEN,POLO,VOLKSWAGEN,POLO UNITED EVO
VOLKSWAGEN,POLO,VOLKSWAGEN,POLO UNITED TSI
VOLKSWAGEN,POLO,VOLKSWAGEN,POLO UNITED TSI S-A
TOYOTA,AYGO,TOYOTA,AYGO
TOYOTA,AYGO,TOYOTA,AYGO BLACK
TOYOTA,AYGO,TOYOTA,AYGO BLUE
TOYOTA,AYGO,TOYOTA,AYGO FIRE
TOYOTA,AYGO,TOYOTA,AYGO GO!
TOYOTA,AYGO,TOYOTA,AYGO ICE
TOYOTA,AYGO,TOYOTA,AYGO JBL EDITION TSS VVT-I
TOYOTA,AYGO,TOYOTA,AYGO JBL EDITION TSS VVT-I CVT
TOYOTA,AYGO,TOYOTA,AYGO X
TOYOTA,AYGO,TOYOTA,AYGO X AIR EDITION VVT-I
TOYOTA,AYGO,TOYOTA,AYGO X AIR EDITION VVT-I AUTO
TOYOTA,AYGO,TOYOTA,AYGO X EDGE VVT-I
TOYOTA,AYGO,TOYOTA,AYGO X EDGE VVT-I AUTO
TOYOTA,AYGO,TOYOTA,AYGO X EXCLUSIVE VVT-I
TOYOTA,AYGO,TOYOTA,AYGO X EXCLUSIVE VVT-I AUTO
TOYOTA,AYGO,TOYOTA,AYGO X LIMITED EDITION VVT-I
TOYOTA,AYGO,TOYOTA,AYGO X LIMITED EDITION VVT-I A
TOYOTA,AYGO,TOYOTA,AYGO X PURE VVT-I
TOYOTA,AYGO,TOYOTA,AYGO X PURE VVT-I AUTO
TOYOTA,AYGO,TOYOTA,AYGO X UNDERCOVER VVT-I
TOYOTA,AYGO,TOYOTA,AYGO X UNDERCOVER VVT-I AUTO
TOYOTA,AYGO,TOYOTA,AYGO X-CITE
TOYOTA,AYGO,TOYOTA,AYGO X-CITE VVT-I CVT
TOYOTA,AYGO,TOYOTA,AYGO X-CLUSIVE
TOYOTA,AYGO,TOYOTA,AYGO X-TREND
TOYOTA,YARIS,TOYOTA,YARIS
TOYOTA,YARIS,TOYOTA,YARIS 1.0 VVT-I ACTIVE AUTO
TOYOTA,YARIS,TOYOTA,YARIS 1.5 VVT-I ACTIVE HYBRID VVT-I CVT
TOYOTA,YARIS,TOYOTA,YARIS AUTO
TOYOTA,YARIS,TOYOTA,YARIS CDX
TOYOTA,YARIS,TOYOTA,YARIS CROSS
TOYOTA,YARIS,TOYOTA,YARIS CROSS 1.5 VVT-H PETROL HYBRID
TOYOTA,YARIS,TOYOTA,YARIS CROSS DESIGN HEV AUTO
TOYOTA,YARIS,TOYOTA,YARIS CROSS DYNAMIC HEV 4X4 A
TOYOTA,YARIS,TOYOTA,YARIS CROSS DYNAMIC HEV AUTO
TOYOTA,YARIS,TOYOTA,YARIS CROSS EXCEL HEV 4X4 AUTO
TOYOTA,YARIS,TOYOTA,YARIS CROSS EXCEL HEV AUT
TOYOTA,YARIS,TOYOTA,YARIS CROSS EXCEL HEV AUTO
TOYOTA,YARIS,TOYOTA,YARIS CROSS GR SPORT HEV AUTO
TOYOTA,YARIS,TOYOTA,YARIS CROSS ICON HEV AUTO
TOYOTA,YARIS,TOYOTA,YARIS CROSS PREM ED HEV 4X4 A
TOYOTA,YARIS,TOYOTA,YARIS CROSS PREM ED HEV CVT
TOYOTA,YARIS,TOYOTA,YARIS CROSS PREMIERE ED HEV A
TOYOTA,YARIS,TOYOTA,YARIS D<4D
TOYOTA,YARIS,TOYOTA,YARIS DESIGN HEV
TOYOTA,YARIS,TOYOTA,YARIS DESIGN HEV CVT
TOYOTA,YARIS,TOYOTA,YARIS DYNAMIC HEV CVT
TOYOTA,YARIS,TOYOTA,YARIS E-FOUR AUTO
TOYOTA,YARIS,TOYOTA,YARIS EXCEL HEV
TOYOTA,YARIS,TOYOTA,YARIS EXCEL HEV CVT
TOYOTA,YARIS,TOYOTA,YARIS GR SPORT HEV CVT
TOYOTA,YARIS,TOYOTA,YARIS GS
TOYOTA,YARIS,TOYOTA,YARIS HEV
TOYOTA,YARIS,TOYOTA,YARIS HYBRID
TOYOTA,YARIS,TOYOTA,YARIS HYBRID AUTO
TOYOTA,YARIS,TOYOTA,YARIS HYBRID ICON CVT
TOYOTA,YARIS,TOYOTA,YARIS HYBRID VVT-I CVT AUTO
TOYOTA,YARIS,TOYOTA,YARIS ICON +
TOYOTA,YARIS,TOYOTA,YARIS ICON + HEV
TOYOTA,YARIS,TOYOTA,YARIS ICON HEV
TOYOTA,YARIS,TOYOTA,YARIS ICON HEV CVT
TOYOTA,YARIS,TOYOTA,YARIS ICON TECH HEV
TOYOTA,YARIS,TOYOTA,YARIS LAUNCH EDITION HEV CVT
TOYOTA,YARIS,TOYOTA,YARIS PREMIERE EDITION HEV A
TOYOTA,YARIS,TOYOTA,YARIS SPORT
TOYOTA,YARIS,TOYOTA,YARIS SR
TOYOTA,YARIS,TOYOTA,YARIS T SPIRIT HEV
TOYOTA,YARIS,TOYOTA,YARIS T-SPIRIT
TOYOTA,YARIS,TOYOTA,YARIS T-SPORT
TOYOTA,YARIS,TOYOTA,YARIS T2
TOYOTA,YARIS,TOYOTA,YARIS T3
TOYOTA,YARIS,TOYOTA,YARIS T3 D<4D
TOYOTA,YARIS,TOYOTA,YARIS T4 HEV
TOYOTA,YARIS,TOYOTA,YARIS TR
TOYOTA,YARIS,TOYOTA,YARIS TR TRD
TOYOTA,YARIS,TOYOTA,YARIS TREND HEV
TOYOTA,YARIS,TOYOTA,YARIS VERSO
TOYOTA,YARIS,TOYOTA,YARIS VERSO T SPIRIT AUTO
TOYOTA,YARIS,TOYOTA,YARIS VITZ
TOYOTA,YARIS,TOYOTA,YARIS VVT-I AUTO
TOYOTA,YARIS,TOYOTA,YARIS VVTI
TOYOTA,YARIS,TOYOTA,YARIS Y20
TOYOTA,YARIS,TOYOTA,YARIS Y20 HEV
TOYOTA,YARIS,TOYOTA,YARIS ZINC D<4D
CITROËN,C3,CITROEN,C3
CITROËN,C3,CITROEN,C3 AIRCROSS
CITROËN,C3,CITROEN,C3 AIRCROSS C-SERIES PTECH S/S
CITROËN,C3,CITROEN,C3 AIRCROSS CSERIES ED PTCH SS
CITROËN,C3,CITROEN,C3 AIRCROSS MAX PURETECH S/S
CITROËN,C3,CITROEN,C3 AIRCROSS MAX PURETECH S/S A
CITROËN,C3,CITROEN,C3 AIRCROSS ORIGINS P-TECH S/S
CITROËN,C3,CITROEN,C3 AIRCROSS PLUS PURETECH SS A
CITROËN,C3,CITROEN,C3 AIRCROSS RIP CURL P-TECH SS
CITROËN,C3,CITROEN,C3 AIRCROSS RIP CURL PTEC SS A
CITROËN,C3,CITROEN,C3 AIRCROSS SHINE + BHDI S/S
CITROËN,C3,CITROEN,C3 AIRCROSS SHINE + P-TECH S/S
CITROËN,C3,CITROEN,C3 AIRCROSS SHINE + PTCH S/S A
CITROËN,C3,CITROEN,C3 AIRCROSS SHINE BLUEHDI S/S
CITROËN,C3,CITROEN,C3 AIRCROSS SHINE PTCH S/S A
CITROËN,C3,CITROEN,C3 AIRCROSS SHINE PURETECH S/S
CITROËN,C3,CITROEN,C3 AIRCROSS SPORTIF
CITROËN,C3,CITROEN,C3 AIRCROSS YOU PURETECH S/S
CITROËN,C3,CITROEN,C3 C-SERIES EDITION P-TECH S/S
CITROËN,C3,CITROEN,C3 C-SERIES EDITION PTECH SS A
CITROËN,C3,CITROEN,C3 C-SERIES PURETECH S/S
CITROËN,C3,CITROEN,C3 CACHET 8V
CITROËN,C3,CITROEN,C3 EDITION
CITROËN,C3,CITROEN,C3 EXCLUSIVE
CITROËN,C3,CITROEN,C3 FLAIR + BLUEHDI S/S
CITROËN,C3,CITROEN,C3 FLAIR + PURETECH S/S
CITROËN,C3,CITROEN,C3 FLAIR + PURETECH S/S AUTO
CITROËN,C3,CITROEN,C3 FLAIR NAV. EDITION
CITROËN,C3,CITROEN,C3 MAX PURETECH S/S
CITROËN,C3,CITROEN,C3 MAX PURETECH S/S AUTO
CITROËN,C3,CITROEN,C3 PICASSO
CITROËN,C3,CITROEN,C3 PICASSO EXCLUSIVE
CITROËN,C3,CITROEN,C3 PLURIEL
CITROËN,C3,CITROEN,C3 PLUS PURETECH S/S
CITROËN,C3,CITROEN,C3 PLUS PURETECH S/S AUTO
CITROËN,C3,CITROEN,C3 SAINT JAMES PURETECH S/S
CITROËN,C3,CITROEN,C3 SAINT JAMES PURETECH S/S A
CITROËN,C3,CITROEN,C3 SENSE PURETECH S/S
CITROËN,C3,CITROEN,C3 SHINE + BLUEHDI S/S
CITROËN,C3,CITROEN,C3 SHINE + PURETECH S/S
CITROËN,C3,CITROEN,C3 SHINE + PURETECH S/S AUTO
CITROËN,C3,CITROEN,C3 SHINE BLUEHDI S/S
CITROËN,C3,CITROEN,C3 SHINE PURETECH S/S
CITROËN,C3,CITROEN,C3 SHINE PURETECH S/S AUTO
CITROËN,C3,CITROEN,C3 VTR
CITROËN,C3,CITROEN,C3 VTR+
CITROËN,C3,CITROEN,C3 YOU PURETECH S/S
KIA,PICANTO,KIA,PICANTO
KIA,PICANTO,KIA,PICANTO 1
KIA,PICANTO,KIA,PICANTO 2
KIA,PICANTO,KIA,PICANTO 3
KIA,PICANTO,KIA,PICANTO CHILL
KIA,PICANTO,KIA,PICANTO CITY
KIA,PICANTO,KIA,PICANTO DOMINO
KIA,PICANTO,KIA,PICANTO GRAPHITE
KIA,PICANTO,KIA,PICANTO GT LINE S
KIA,PICANTO,KIA,PICANTO GT-LINE
KIA,PICANTO,KIA,PICANTO GT-LINE AUTO
KIA,PICANTO,KIA,PICANTO GT-LINE ISG
KIA,PICANTO,KIA,PICANTO GT-LINE S AUTO
KIA,PICANTO,KIA,PICANTO GT-LINE S ISG
KIA,PICANTO,KIA,PICANTO LX
KIA,PICANTO,KIA,PICANTO RED
KIA,PICANTO,KIA,PICANTO SHADOW AUTO
KIA,PICANTO,KIA,PICANTO SHADOW ISG
KIA,PICANTO,KIA,PICANTO SPICE
KIA,PICANTO,KIA,PICANTO SR7
KIA,PICANTO,KIA,PICANTO STRIKE
KIA,PICANTO,KIA,PICANTO TITANIUM EDITION
KIA,PICANTO,KIA,PICANTO TITANIUM EDITION AUTO
KIA,PICANTO,KIA,PICANTO VR7
KIA,PICANTO,KIA,PICANTO X-LINE
KIA,PICANTO,KIA,PICANTO X-LINE S
KIA,PICANTO,KIA,PICANTO X-LINE S AUTO
KIA,PICANTO,KIA,PICANTO X-LINE-S
KIA,PICANTO,KIA,PICANTO ZEST
CITROËN,C1,CITROEN,C1
CITROËN,C1,CITROEN,C1 AIR FEEL EDITION
CITROËN,C1,CITROEN,C1 AIRSCAPE SHINE
CITROËN,C1,CITROEN,C1 JCC +
CITROËN,C1,CITROEN,C1 LIVE
CITROËN,C1,CITROEN,C1 ORIGINS
CITROËN,C1,CITROEN,C1 RHYYHM
CITROËN,C1,CITROEN,C1 SENSE
CITROËN,C1,CITROEN,C1 SHINE
CITROËN,C1,CITROEN,C1 VIBE
CITROËN,C1,CITROEN,C1 VT
CITROËN,C1,CITROEN,C1 VTR
CITROËN,C1,CITROEN,C1 VTR+
FORD,FIESTA,FORD,FIESTA
FORD,FIESTA,FORD,FIESTA  TDCI
FORD,FIESTA,FORD,FIESTA ACTIVE
FORD,FIESTA,FORD,FIESTA ACTIVE 3
FORD,FIESTA,FORD,FIESTA ACTIVE EDITION T MHEV
FORD,FIESTA,FORD,FIESTA ACTIVE EDITION T MHEV A
FORD,FIESTA,FORD,FIESTA ACTIVE EDITION TDCI
FORD,FIESTA,FORD,FIESTA ACTIVE EDITION TURBO
FORD,FIESTA,FORD,FIESTA ACTIVE EDITION TURBO A
FORD,FIESTA,FORD,FIESTA ACTIVE TURBO
FORD,FIESTA,FORD,FIESTA ACTIVE TURBO MHEV
FORD,FIESTA,FORD,FIESTA ACTIVE TURBO MHEV AUTO
FORD,FIESTA,FORD,FIESTA ACTIVE VIGNALE T MHEV
FORD,FIESTA,FORD,FIESTA ACTIVE VIGNALE T MHEV A
FORD,FIESTA,FORD,FIESTA ACTIVE VIGNALE TURBO
FORD,FIESTA,FORD,FIESTA ACTIVE X ED TRBO MHEV A
FORD,FIESTA,FORD,FIESTA ACTIVE X ED TURBO AUTO
FORD,FIESTA,FORD,FIESTA ACTIVE X EDITION T MHEV
FORD,FIESTA,FORD,FIESTA ACTIVE X EDITION TDCI
FORD,FIESTA,FORD,FIESTA ACTIVE X EDITION TURBO
FORD,FIESTA,FORD,FIESTA ACTIVE X TURBO MHEV A
FORD,FIESTA,FORD,FIESTA BE256
FORD,FIESTA,FORD,FIESTA BLACK EDITION
FORD,FIESTA,FORD,FIESTA CENTURA
FORD,FIESTA,FORD,FIESTA COURIER
FORD,FIESTA,FORD,FIESTA EDGE
FORD,FIESTA,FORD,FIESTA FINESSE TDCI
FORD,FIESTA,FORD,FIESTA GHIA
FORD,FIESTA,FORD,FIESTA LX
FORD,FIESTA,FORD,FIESTA SPORT TURBO
FORD,FIESTA,FORD,FIESTA SPORT TURBO MHEV
FORD,FIESTA,FORD,FIESTA SPORT VAN
FORD,FIESTA,FORD,FIESTA ST
FORD,FIESTA,FORD,FIESTA ST 150
FORD,FIESTA,FORD,FIESTA ST EDITION TURBO
FORD,FIESTA,FORD,FIESTA ST PERFORMANCE ED TURBO
FORD,FIESTA,FORD,FIESTA ST-2
FORD,FIESTA,FORD,FIESTA ST-2 TURBO
FORD,FIESTA,FORD,FIESTA ST-3
FORD,FIESTA,FORD,FIESTA ST-3 TURBO
FORD,FIESTA,FORD,FIESTA ST-LINE
FORD,FIESTA,FORD,FIESTA ST-LINE ED TRBO MHEV A
FORD,FIESTA,FORD,FIESTA ST-LINE EDITION T MHEV
FORD,FIESTA,FORD,FIESTA ST-LINE EDITION TDCI
FORD,FIESTA,FORD,FIESTA ST-LINE EDITION TURBO
FORD,FIESTA,FORD,FIESTA ST-LINE EDITION TURBO A
FORD,FIESTA,FORD,FIESTA ST-LINE TURBO
FORD,FIESTA,FORD,FIESTA ST-LINE TURBO MHEV
FORD,FIESTA,FORD,FIESTA ST-LINE TURBO MHEV AUTO
FORD,FIESTA,FORD,FIESTA ST-LINE VIGNALE T MHEV
FORD,FIESTA,FORD,FIESTA ST-LINE VIGNALE TURBO
FORD,FIESTA,FORD,FIESTA ST-LINE X ED T MHEV A
FORD,FIESTA,FORD,FIESTA ST-LINE X ED TURBO AUTO
FORD,FIESTA,FORD,FIESTA ST-LINE X EDITION TDCI
FORD,FIESTA,FORD,FIESTA ST-LINE X EDITION TURBO
FORD,FIESTA,FORD,FIESTA ST-LINE X TURBO MHEV A
FORD,FIESTA,FORD,FIESTA ST-LNE VIGNALE T MHEV A
FORD,FIESTA,FORD,FIESTA ST2
FORD,FIESTA,FORD,FIESTA ST200 LIMITED EDITION
FORD,FIESTA,FORD,FIESTA ST3
FORD,FIESTA,FORD,FIESTA STLINE X EDITION T MHEV
FORD,FIESTA,FORD,FIESTA STUDIO
FORD,FIESTA,FORD,FIESTA STYLE
FORD,FIESTA,FORD,FIESTA STYLE + TDCI
FORD,FIESTA,FORD,FIESTA TDCI
FORD,FIESTA,FORD,FIESTA TDCI S
FORD,FIESTA,FORD,FIESTA TITANIUM
FORD,FIESTA,FORD,FIESTA TITANIUM B&O MINT
FORD,FIESTA,FORD,FIESTA TITANIUM TDCI
FORD,FIESTA,FORD,FIESTA TITANIUM TURBO MHEV
FORD,FIESTA,FORD,FIESTA TITANIUM TURBO MHEV A
FORD,FIESTA,FORD,FIESTA TITANIUM VGNLE T MHEV A
FORD,FIESTA,FORD,FIESTA TITANIUM VIGNALE T MHEV
FORD,FIESTA,FORD,FIESTA TITANIUM VIGNALE TURBO
FORD,FIESTA,FORD,FIESTA TITANIUM X
FORD,FIESTA,FORD,FIESTA TITANIUM X TURBO MHEV
FORD,FIESTA,FORD,FIESTA TITANIUM X TURBO MHEV A
FORD,FIESTA,FORD,FIESTA TREND
FORD,FIESTA,FORD,FIESTA TREND TDCI
FORD,FIESTA,FORD,FIESTA TREND TURBO
FORD,FIESTA,FORD,FIESTA TREND TURBO AUTO
FORD,FIESTA,FORD,FIESTA TREND TURBO MHEV
FORD,FIESTA,FORD,FIESTA TREND VAN
FORD,FIESTA,FORD,FIESTA TURBO
FORD,FIESTA,FORD,FIESTA VAN
FORD,FIESTA,FORD,FIESTA VIGNALE
FORD,FIESTA,FORD,FIESTA VIGNALE ED TRBO MHEV A
FORD,FIESTA,FORD,FIESTA VIGNALE EDITION T MHEV
FORD,FIESTA,FORD,FIESTA VIGNALE EDITION TDCI
FORD,FIESTA,FORD,FIESTA VIGNALE EDITION TURBO
FORD,FIESTA,FORD,FIESTA VIGNALE EDITION TURBO A
FORD,FIESTA,FORD,FIESTA ZETEC
FORD,FIESTA,FORD,FIESTA ZETEC S
FORD,FIESTA,FORD,FIESTA ZETEC TURBO
VOLKSWAGEN,GOLF,VOLKSWAGEN,GOLF
VOLKSWAGEN,GOLF,VOLKSWAGEN,GOLF   R
VOLKSWAGEN,GOLF,VOLKSWAGEN,GOLF  R
VOLKSWAGEN,GOLF,VOLKSWAGEN,GOLF  TSI BLUE MOTION DSG AUTO
VOLKSWAGEN,GOLF,VOLKSWAGEN,GOLF 1.4 TSI BLUEMOTION TECH MATCH DSG
VOLKSWAGEN,GOLF,VOLKSWAGEN,GOLF 1.4 TSI HIGHLINE 7G AUTO
VOLKSWAGEN,GOLF,VOLKSWAGEN,GOLF 1.4TSI BLUEMOTION TECH  DSG 140BHP
VOLKSWAGEN,GOLF,VOLKSWAGEN,GOLF 2.0 GT TDI DSG BM ESTATE
VOLKSWAGEN,GOLF,VOLKSWAGEN,GOLF 2.0 TDI DSG BM COMFORT
VOLKSWAGEN,GOLF,VOLKSWAGEN,GOLF 2.0 TSI GTI DSG
VOLKSWAGEN,GOLF,VOLKSWAGEN,GOLF ACTIVE ETSI S-A
VOLKSWAGEN,GOLF,VOLKSWAGEN,GOLF ACTIVE TDI
VOLKSWAGEN,GOLF,VOLKSWAGEN,GOLF ACTIVE TDI S-A
VOLKSWAGEN,GOLF,VOLKSWAGEN,GOLF ACTIVE TSI
VOLKSWAGEN,GOLF,VOLKSWAGEN,GOLF ALLTRACK
VOLKSWAGEN,GOLF,VOLKSWAGEN,GOLF ALLTRACK TDI 4MOTION S-A
VOLKSWAGEN,GOLF,VOLKSWAGEN,GOLF BLUEMOTION TECH
VOLKSWAGEN,GOLF,VOLKSWAGEN,GOLF CABRIOLET
VOLKSWAGEN,GOLF,VOLKSWAGEN,GOLF CADDY
VOLKSWAGEN,GOLF,VOLKSWAGEN,GOLF CLUBSPORT GTI TSI S-A
VOLKSWAGEN,GOLF,VOLKSWAGEN,GOLF CONVERTIBLE
VOLKSWAGEN,GOLF,VOLKSWAGEN,GOLF ESTATE
VOLKSWAGEN,GOLF,VOLKSWAGEN,GOLF FR
VOLKSWAGEN,GOLF,VOLKSWAGEN,GOLF FSI
VOLKSWAGEN,GOLF,VOLKSWAGEN,GOLF GT
VOLKSWAGEN,GOLF,VOLKSWAGEN,GOLF GT EDITION
VOLKSWAGEN,GOLF,VOLKSWAGEN,GOLF GT EDITION TDI
VOLKSWAGEN,GOLF,VOLKSWAGEN,GOLF GT EDITION TDI S-A
VOLKSWAGEN,GOLF,VOLKSWAGEN,GOLF GT EDITION TSI EVO
VOLKSWAGEN,GOLF,VOLKSWAGEN,GOLF GT EDITION TSI EVO S-A
VOLKSWAGEN,GOLF,VOLKSWAGEN,GOLF GT TDI
VOLKSWAGEN,GOLF,VOLKSWAGEN,GOLF GTD
VOLKSWAGEN,GOLF,VOLKSWAGEN,GOLF GTD TDI S-A
VOLKSWAGEN,GOLF,VOLKSWAGEN,GOLF GTE
VOLKSWAGEN,GOLF,VOLKSWAGEN,GOLF GTE HYBRID
VOLKSWAGEN,GOLF,VOLKSWAGEN,GOLF GTE S-A
VOLKSWAGEN,GOLF,VOLKSWAGEN,GOLF GTI
VOLKSWAGEN,GOLF,VOLKSWAGEN,GOLF GTI ADIDAS
VOLKSWAGEN,GOLF,VOLKSWAGEN,GOLF GTI AUTO
VOLKSWAGEN,GOLF,VOLKSWAGEN,GOLF GTI CLUB SPORT
VOLKSWAGEN,GOLF,VOLKSWAGEN,GOLF GTI CLUBSPORT
VOLKSWAGEN,GOLF,VOLKSWAGEN,GOLF GTI CLUBSPORT 45 TSI S-A
VOLKSWAGEN,GOLF,VOLKSWAGEN,GOLF GTI CLUBSPORT S
VOLKSWAGEN,GOLF,VOLKSWAGEN,GOLF GTI EDITION 30
VOLKSWAGEN,GOLF,VOLKSWAGEN,GOLF GTI EDITION 35 DSG
VOLKSWAGEN,GOLF,VOLKSWAGEN,GOLF GTI PERFORMANCE
VOLKSWAGEN,GOLF,VOLKSWAGEN,GOLF GTI PERFORMANCE AUTO
VOLKSWAGEN,GOLF,VOLKSWAGEN,GOLF GTI PERFORMANCE PACK
VOLKSWAGEN,GOLF,VOLKSWAGEN,GOLF GTI PIRELLI
VOLKSWAGEN,GOLF,VOLKSWAGEN,GOLF GTI PIRELLI EDITION
VOLKSWAGEN,GOLF,VOLKSWAGEN,GOLF GTI PIRRELI
VOLKSWAGEN,GOLF,VOLKSWAGEN,GOLF GTI TCR
VOLKSWAGEN,GOLF,VOLKSWAGEN,GOLF GTI TSI
VOLKSWAGEN,GOLF,VOLKSWAGEN,GOLF GTI TSI S-A
VOLKSWAGEN,GOLF,VOLKSWAGEN,GOLF HATCHBACK
VOLKSWAGEN,GOLF,VOLKSWAGEN,GOLF LIFE ETSI S-A
VOLKSWAGEN,GOLF,VOLKSWAGEN,GOLF LIFE TDI
VOLKSWAGEN,GOLF,VOLKSWAGEN,GOLF LIFE TDI S-A
VOLKSWAGEN,GOLF,VOLKSWAGEN,GOLF LIFE TSI
VOLKSWAGEN,GOLF,VOLKSWAGEN,GOLF MATCH
VOLKSWAGEN,GOLF,VOLKSWAGEN,GOLF MATCH EDITION TDI
VOLKSWAGEN,GOLF,VOLKSWAGEN,GOLF MATCH EDITION TDI S-A
VOLKSWAGEN,GOLF,VOLKSWAGEN,GOLF MATCH EDITION TSI
VOLKSWAGEN,GOLF,VOLKSWAGEN,GOLF MATCH EDITION TSI EVO
VOLKSWAGEN,GOLF,VOLKSWAGEN,GOLF MATCH EDITION TSI EVO S-A
VOLKSWAGEN,GOLF,VOLKSWAGEN,GOLF MATCH TDI
VOLKSWAGEN,GOLF,VOLKSWAGEN,GOLF MATCH TSI
VOLKSWAGEN,GOLF,VOLKSWAGEN,GOLF PLUS
VOLKSWAGEN,GOLF,VOLKSWAGEN,GOLF PLUS DUNE
VOLKSWAGEN,GOLF,VOLKSWAGEN,GOLF PLUS LUNA TDI 105
VOLKSWAGEN,GOLF,VOLKSWAGEN,GOLF PLUS SE TDI 106 SE
VOLKSWAGEN,GOLF,VOLKSWAGEN,GOLF PLUS TDI
VOLKSWAGEN,GOLF,VOLKSWAGEN,GOLF PLUS TSI
VOLKSWAGEN,GOLF,VOLKSWAGEN,GOLF R
VOLKSWAGEN,GOLF,VOLKSWAGEN,GOLF R 20 YEARS TSI 4MOTION SA
VOLKSWAGEN,GOLF,VOLKSWAGEN,GOLF R DSG
VOLKSWAGEN,GOLF,VOLKSWAGEN,GOLF R DSG S-A 4MOTION
VOLKSWAGEN,GOLF,VOLKSWAGEN,GOLF R ESTATE
VOLKSWAGEN,GOLF,VOLKSWAGEN,GOLF R LINE
VOLKSWAGEN,GOLF,VOLKSWAGEN,GOLF R TSI
VOLKSWAGEN,GOLF,VOLKSWAGEN,GOLF R TSI 4MOTION S-A
VOLKSWAGEN,GOLF,VOLKSWAGEN,GOLF R-32
VOLKSWAGEN,GOLF,VOLKSWAGEN,GOLF R-LINE EDITION TDI
VOLKSWAGEN,GOLF,VOLKSWAGEN,GOLF R-LINE EDITION TDI S-A
VOLKSWAGEN,GOLF,VOLKSWAGEN,GOLF R-LINE EDITION TSI EVO
VOLKSWAGEN,GOLF,VOLKSWAGEN,GOLF R-LINE EDITION TSI EVO SA
VOLKSWAGEN,GOLF,VOLKSWAGEN,GOLF R-LINE ETSI S-A
VOLKSWAGEN,GOLF,VOLKSWAGEN,GOLF R-LINE TDI
VOLKSWAGEN,GOLF,VOLKSWAGEN,GOLF R-LINE TDI S-A
VOLKSWAGEN,GOLF,VOLKSWAGEN,GOLF R-LINE TSI
VOLKSWAGEN,GOLF,VOLKSWAGEN,GOLF R20
VOLKSWAGEN,GOLF,VOLKSWAGEN,GOLF R32
VOLKSWAGEN,GOLF,VOLKSWAGEN,GOLF R32 IMPORT
VOLKSWAGEN,GOLF,VOLKSWAGEN,GOLF S TSI
VOLKSWAGEN,GOLF,VOLKSWAGEN,GOLF S TSI S-A
VOLKSWAGEN,GOLF,VOLKSWAGEN,GOLF SE BLUEMOTION TDI
VOLKSWAGEN,GOLF,VOLKSWAGEN,GOLF SE TDI BMT
VOLKSWAGEN,GOLF,VOLKSWAGEN,GOLF SPORTLINE TSI S-A
VOLKSWAGEN,GOLF,VOLKSWAGEN,GOLF SPORTSVAN
VOLKSWAGEN,GOLF,VOLKSWAGEN,GOLF SR
VOLKSWAGEN,GOLF,VOLKSWAGEN,GOLF STYLE EDITION TSI
VOLKSWAGEN,GOLF,VOLKSWAGEN,GOLF STYLE ETSI S-A
VOLKSWAGEN,GOLF,VOLKSWAGEN,GOLF STYLE TDI
VOLKSWAGEN,GOLF,VOLKSWAGEN,GOLF STYLE TDI S-A
VOLKSWAGEN,GOLF,VOLKSWAGEN,GOLF STYLE TSI
VOLKSWAGEN,GOLF,VOLKSWAGEN,GOLF STYLE TSI E-HYBRID S-A
VOLKSWAGEN,GOLF,VOLKSWAGEN,GOLF SV
VOLKSWAGEN,GOLF,VOLKSWAGEN,GOLF SV GT TDI S-A
VOLKSWAGEN,GOLF,VOLKSWAGEN,GOLF SV MATCH ED TSI EVO S-A
VOLKSWAGEN,GOLF,VOLKSWAGEN,GOLF SV MATCH EDITION TDI
VOLKSWAGEN,GOLF,VOLKSWAGEN,GOLF SV MATCH EDITION TDI S-A
VOLKSWAGEN,GOLF,VOLKSWAGEN,GOLF SV MATCH EDITION TSI EVO
VOLKSWAGEN,GOLF,VOLKSWAGEN,GOLF SV S TSI
VOLKSWAGEN,GOLF,VOLKSWAGEN,GOLF SV SE NAVIGATION TSI
VOLKSWAGEN,GOLF,VOLKSWAGEN,GOLF SV SE TSI
VOLKSWAGEN,GOLF,VOLKSWAGEN,GOLF TDI
VOLKSWAGEN,GOLF,VOLKSWAGEN,GOLF TDI CABRIOLET
VOLKSWAGEN,GOLF,VOLKSWAGEN,GOLF TSI
VOLKSWAGEN,GOLF,VOLKSWAGEN,GOLF TSI 150 DSG BMT S-A
VOLKSWAGEN,GOLF,VOLKSWAGEN,GOLF TSI AUTO
VOLKSWAGEN,GOLF,VOLKSWAGEN,GOLF TSI BLUE MOTION AUTO
VOLKSWAGEN,GOLF,VOLKSWAGEN,GOLF TSI BLUEMOTION
VOLKSWAGEN,GOLF,VOLKSWAGEN,GOLF TSI BLUEMOTION TECH
VOLKSWAGEN,GOLF,VOLKSWAGEN,GOLF TSI BLUEMOTION TECH R DSG 4MOTION
VOLKSWAGEN,GOLF,VOLKSWAGEN,GOLF V5
VOLKSWAGEN,GOLF,VOLKSWAGEN,GOLF V6 4MOTION
VOLKSWAGEN,GOLF,VOLKSWAGEN,GOLF VR6
VOLKSWAGEN,GOLF,VOLKSWAGEN,GOLF-R
HYUNDAI,I10,HYUNDAI,I10
HYUNDAI,I10,HYUNDAI,I10 ACTIVE
HYUNDAI,I10,HYUNDAI,I10 ADVANCE
HYUNDAI,I10,HYUNDAI,I10 ADVANCE AUTO
HYUNDAI,I10,HYUNDAI,I10 BLUE
HYUNDAI,I10,HYUNDAI,I10 BLUE DRIVE SE
HYUNDAI,I10,HYUNDAI,I10 CLASSIC
HYUNDAI,I10,HYUNDAI,I10 COMFORT
HYUNDAI,I10,HYUNDAI,I10 ES
HYUNDAI,I10,HYUNDAI,I10 GLS
HYUNDAI,I10,HYUNDAI,I10 GO!
HYUNDAI,I10,HYUNDAI,I10 N LINE
HYUNDAI,I10,HYUNDAI,I10 N LINE T-GDI
HYUNDAI,I10,HYUNDAI,I10 PREMINM
HYUNDAI,I10,HYUNDAI,I10 PREMIUM
HYUNDAI,I10,HYUNDAI,I10 PREMIUM AUTO
HYUNDAI,I10,HYUNDAI,I10 PREMIUM MPI
HYUNDAI,I10,HYUNDAI,I10 PREMIUM MPI AUTO
HYUNDAI,I10,HYUNDAI,I10 PREMIUM SE
HYUNDAI,I10,HYUNDAI,I10 SE
HYUNDAI,I10,HYUNDAI,I10 SE CONNECT MPI
HYUNDAI,I10,HYUNDAI,I10 SE CONNECT MPI AUTO
HYUNDAI,I10,HYUNDAI,I10 SE MPI
HYUNDAI,I10,HYUNDAI,I10 STYLE
SKODA,CITIGO,SKODA,CITIGO
SKODA,CITIGO,SKODA,CITIGO E SE IV
SKODA,CITIGO,SKODA,CITIGO E SE L IV
SKODA,CITIGO,SKODA,CITIGO MONTE-CARLO
OPEL,CORSA,VAUXHALL,CORSA
OPEL,CORSA,VAUXHALL,CORSA  DESIGN
OPEL,CORSA,VAUXHALL,CORSA  SE
OPEL,CORSA,VAUXHALL,CORSA  SXI
OPEL,CORSA,VAUXHALL,CORSA ACTIVE
OPEL,CORSA,VAUXHALL,CORSA ACTIVE AC
OPEL,CORSA,VAUXHALL,CORSA BREEZE
OPEL,CORSA,VAUXHALL,CORSA CDTI
OPEL,CORSA,VAUXHALL,CORSA CLUB
OPEL,CORSA,VAUXHALL,CORSA COMFORT
OPEL,CORSA,VAUXHALL,CORSA DESIGN
OPEL,CORSA,VAUXHALL,CORSA DESIGN S/S
OPEL,CORSA,VAUXHALL,CORSA DESIGN TURBO
OPEL,CORSA,VAUXHALL,CORSA DESIGN TURBO AUTO
OPEL,CORSA,VAUXHALL,CORSA E ANNIVERSARY EDITION
OPEL,CORSA,VAUXHALL,CORSA E ELITE NAV
OPEL,CORSA,VAUXHALL,CORSA E ELITE NAV PREMIUM
OPEL,CORSA,VAUXHALL,CORSA E ELITE PREMIUM
OPEL,CORSA,VAUXHALL,CORSA E GRIFFIN
OPEL,CORSA,VAUXHALL,CORSA E GS LINE
OPEL,CORSA,VAUXHALL,CORSA E SE NAV
OPEL,CORSA,VAUXHALL,CORSA E SE NAV PREMIUM
OPEL,CORSA,VAUXHALL,CORSA E SE PREMIUM
OPEL,CORSA,VAUXHALL,CORSA E SRI NAV PREMIUM
OPEL,CORSA,VAUXHALL,CORSA E SRI PREMIUM
OPEL,CORSA,VAUXHALL,CORSA E ULTIMATE
OPEL,CORSA,VAUXHALL,CORSA ELITE
OPEL,CORSA,VAUXHALL,CORSA ELITE EDITION
OPEL,CORSA,VAUXHALL,CORSA ELITE EDITION TURBO
OPEL,CORSA,VAUXHALL,CORSA ELITE EDITION TURBO AUTO
OPEL,CORSA,VAUXHALL,CORSA ELITE EDITION TURBO D
OPEL,CORSA,VAUXHALL,CORSA ELITE NAV
OPEL,CORSA,VAUXHALL,CORSA ELITE NAV PREMIUM TRBO A
OPEL,CORSA,VAUXHALL,CORSA ELITE NAV PREMIUM TRBO D
OPEL,CORSA,VAUXHALL,CORSA ELITE NAV PREMIUM TURBO
OPEL,CORSA,VAUXHALL,CORSA ELITE NAV TURBO
OPEL,CORSA,VAUXHALL,CORSA ELITE NAV TURBO AUTO
OPEL,CORSA,VAUXHALL,CORSA ELITE NAV TURBO D
OPEL,CORSA,VAUXHALL,CORSA ELITE TURBO
OPEL,CORSA,VAUXHALL,CORSA ELITE TURBO AUTO
OPEL,CORSA,VAUXHALL,CORSA ELITE TURBO D
OPEL,CORSA,VAUXHALL,CORSA ENERGY
OPEL,CORSA,VAUXHALL,CORSA ENERGY AC
OPEL,CORSA,VAUXHALL,CORSA ENERGY S/S
OPEL,CORSA,VAUXHALL,CORSA EXCITE
OPEL,CORSA,VAUXHALL,CORSA EXCITE AC
OPEL,CORSA,VAUXHALL,CORSA EXCLUSIVE AUTO
OPEL,CORSA,VAUXHALL,CORSA GRIFFIN
OPEL,CORSA,VAUXHALL,CORSA GRIFFIN AUTO
OPEL,CORSA,VAUXHALL,CORSA GRIFFIN EDITION
OPEL,CORSA,VAUXHALL,CORSA GRIFFIN EDITION TURBO
OPEL,CORSA,VAUXHALL,CORSA GRIFFIN EDITION TURBO A
OPEL,CORSA,VAUXHALL,CORSA GRIFFIN EDITION TURBO D
OPEL,CORSA,VAUXHALL,CORSA GRIFFIN S/S
OPEL,CORSA,VAUXHALL,CORSA GRIFFIN TURBO
OPEL,CORSA,VAUXHALL,CORSA GRIFFIN TURBO AUTO
OPEL,CORSA,VAUXHALL,CORSA GRIFFIN TURBO D
OPEL,CORSA,VAUXHALL,CORSA GS
OPEL,CORSA,VAUXHALL,CORSA GS EV
OPEL,CORSA,VAUXHALL,CORSA GS LINE
OPEL,CORSA,VAUXHALL,CORSA GS LINE TURBO
OPEL,CORSA,VAUXHALL,CORSA GS LINE TURBO AUTO
OPEL,CORSA,VAUXHALL,CORSA GS TURBO
OPEL,CORSA,VAUXHALL,CORSA GS TURBO AUTO
OPEL,CORSA,VAUXHALL,CORSA GS TURBO MHEV AUTO
OPEL,CORSA,VAUXHALL,CORSA LIFE
OPEL,CORSA,VAUXHALL,CORSA LIMITED EDITION
OPEL,CORSA,VAUXHALL,CORSA SE
OPEL,CORSA,VAUXHALL,CORSA SE EDITION
OPEL,CORSA,VAUXHALL,CORSA SE EDITION TURBO
OPEL,CORSA,VAUXHALL,CORSA SE EDITION TURBO AUTO
OPEL,CORSA,VAUXHALL,CORSA SE EDITION TURBO D
OPEL,CORSA,VAUXHALL,CORSA SE NAV
OPEL,CORSA,VAUXHALL,CORSA SE NAV PREMIUM
OPEL,CORSA,VAUXHALL,CORSA SE NAV PREMIUM TURBO
OPEL,CORSA,VAUXHALL,CORSA SE NAV PREMIUM TURBO A
OPEL,CORSA,VAUXHALL,CORSA SE NAV PREMIUM TURBO D
OPEL,CORSA,VAUXHALL,CORSA SE NAV S/S
OPEL,CORSA,VAUXHALL,CORSA SE NAV TURBO
OPEL,CORSA,VAUXHALL,CORSA SE NAV TURBO AUTO
OPEL,CORSA,VAUXHALL,CORSA SE NAV TURBO D
OPEL,CORSA,VAUXHALL,CORSA SE PREMIUM
OPEL,CORSA,VAUXHALL,CORSA SE PREMIUM TURBO
OPEL,CORSA,VAUXHALL,CORSA SE PREMIUM TURBO AUTO
OPEL,CORSA,VAUXHALL,CORSA SE PREMIUM TURBO D
OPEL,CORSA,VAUXHALL,CORSA SE TURBO
OPEL,CORSA,VAUXHALL,CORSA SE TURBO AUTO
OPEL,CORSA,VAUXHALL,CORSA SE TURBO D
OPEL,CORSA,VAUXHALL,CORSA SPORT S/S
OPEL,CORSA,VAUXHALL,CORSA SRI
OPEL,CORSA,VAUXHALL,CORSA SRI EDITION TURBO
OPEL,CORSA,VAUXHALL,CORSA SRI EDITION TURBO AUTO
OPEL,CORSA,VAUXHALL,CORSA SRI NAV
OPEL,CORSA,VAUXHALL,CORSA SRI NAV PREMIUM TURBO
OPEL,CORSA,VAUXHALL,CORSA SRI NAV PREMIUM TURBO D
OPEL,CORSA,VAUXHALL,CORSA SRI NAV S/S
OPEL,CORSA,VAUXHALL,CORSA SRI NAV TURBO
OPEL,CORSA,VAUXHALL,CORSA SRI NAV TURBO D
OPEL,CORSA,VAUXHALL,CORSA SRI PREMIUM TURBO
OPEL,CORSA,VAUXHALL,CORSA SRI PREMIUM TURBO AUTO
OPEL,CORSA,VAUXHALL,CORSA SRI PREMIUM TURBO D
OPEL,CORSA,VAUXHALL,CORSA SRI TURBO
OPEL,CORSA,VAUXHALL,CORSA SRI TURBO AUTO
OPEL,CORSA,VAUXHALL,CORSA SRI TURBO D
OPEL,CORSA,VAUXHALL,CORSA SRI VX-LINE NAV BLACK
OPEL,CORSA,VAUXHALL,CORSA SRI VX-LINE NAV BLACK SS
OPEL,CORSA,VAUXHALL,CORSA SXI
OPEL,CORSA,VAUXHALL,CORSA SXI AC
OPEL,CORSA,VAUXHALL,CORSA SXI AC CDTI EFLEX93
OPEL,CORSA,VAUXHALL,CORSA SXI+ 16V
OPEL,CORSA,VAUXHALL,CORSA TURBO
OPEL,CORSA,VAUXHALL,CORSA TURBO LIMITED EDITION
OPEL,CORSA,VAUXHALL,CORSA TURBO SRI
OPEL,CORSA,VAUXHALL,CORSA ULTIMATE EV
OPEL,CORSA,VAUXHALL,CORSA ULTIMATE NAV TURBO
OPEL,CORSA,VAUXHALL,CORSA ULTIMATE NAV TURBO AUTO
OPEL,CORSA,VAUXHALL,CORSA ULTIMATE TURBO
OPEL,CORSA,VAUXHALL,CORSA ULTIMATE TURBO AUTO
OPEL,CORSA,VAUXHALL,CORSA ULTIMATE TURBO MHEV AUTO
OPEL,CORSA,VAUXHALL,CORSA VAN
OPEL,CORSA,VAUXHALL,CORSA VXR
OPEL,CORSA,VAUXHALL,CORSA YES EV
OPEL,CORSA,VAUXHALL,CORSA YES TURBO
RENAULT,Ny Clio,RENAULT,CLIO
RENAULT,Ny Clio,RENAULT,CLIO  DCI
RENAULT,Ny Clio,RENAULT,CLIO  INITIALE
RENAULT,Ny Clio,RENAULT,CLIO 20TH
RENAULT,Ny Clio,RENAULT,CLIO DCI
RENAULT,Ny Clio,RENAULT,CLIO DYNAMIC DCI
RENAULT,Ny Clio,RENAULT,CLIO DYNAMIQUE
RENAULT,Ny Clio,RENAULT,CLIO DYNAMIQUE DCI
RENAULT,Ny Clio,RENAULT,CLIO DYNAMIQUE TCE
RENAULT,Ny Clio,RENAULT,CLIO E-TECH ENGINEERED HEV A
RENAULT,Ny Clio,RENAULT,CLIO ESPRIT ALPINE ETECH HEV A
RENAULT,Ny Clio,RENAULT,CLIO ESPRIT ALPINE TCE
RENAULT,Ny Clio,RENAULT,CLIO EVOLUTION E-TECH HEV AUTO
RENAULT,Ny Clio,RENAULT,CLIO EVOLUTION TCE
RENAULT,Ny Clio,RENAULT,CLIO EXPRESSION
RENAULT,Ny Clio,RENAULT,CLIO FREEWAY
RENAULT,Ny Clio,RENAULT,CLIO GT-LINE
RENAULT,Ny Clio,RENAULT,CLIO GT-LINE TCE
RENAULT,Ny Clio,RENAULT,CLIO I-MUSIC
RENAULT,Ny Clio,RENAULT,CLIO ICONIC BLUE DCI
RENAULT,Ny Clio,RENAULT,CLIO ICONIC BOSE BLUE DCI
RENAULT,Ny Clio,RENAULT,CLIO ICONIC BOSE SCE
RENAULT,Ny Clio,RENAULT,CLIO ICONIC BOSE TCE
RENAULT,Ny Clio,RENAULT,CLIO ICONIC E-TECH AUTO
RENAULT,Ny Clio,RENAULT,CLIO ICONIC ED E-TECH HEV A
RENAULT,Ny Clio,RENAULT,CLIO ICONIC EDITION TCE
RENAULT,Ny Clio,RENAULT,CLIO ICONIC SCE
RENAULT,Ny Clio,RENAULT,CLIO ICONIC TCE
RENAULT,Ny Clio,RENAULT,CLIO ICONIC TCE 75
RENAULT,Ny Clio,RENAULT,CLIO ICONIC TCE CVT
RENAULT,Ny Clio,RENAULT,CLIO LAUNCH EDITION E-TECH A
RENAULT,Ny Clio,RENAULT,CLIO LUTECIA SE E-TECH HEV A
RENAULT,Ny Clio,RENAULT,CLIO LUTECIA SE TCE
RENAULT,Ny Clio,RENAULT,CLIO PLAY BLUE DCI
RENAULT,Ny Clio,RENAULT,CLIO PLAY E-TECH AUTO
RENAULT,Ny Clio,RENAULT,CLIO PLAY SCE
RENAULT,Ny Clio,RENAULT,CLIO PLAY TCE
RENAULT,Ny Clio,RENAULT,CLIO PLAY TCE CVT
RENAULT,Ny Clio,RENAULT,CLIO RS LINE BLUE DCI
RENAULT,Ny Clio,RENAULT,CLIO RS LINE BOSE BLUE DCI
RENAULT,Ny Clio,RENAULT,CLIO RS LINE BOSE EDITION TCE
RENAULT,Ny Clio,RENAULT,CLIO RS LINE BOSE TCE
RENAULT,Ny Clio,RENAULT,CLIO RS LINE BOSE TCE AUTO
RENAULT,Ny Clio,RENAULT,CLIO RS LINE BOSE TCE CVT
RENAULT,Ny Clio,RENAULT,CLIO RS LINE E-TECH AUTO
RENAULT,Ny Clio,RENAULT,CLIO RS LINE E-TECH HEV AUTO
RENAULT,Ny Clio,RENAULT,CLIO RS LINE TCE
RENAULT,Ny Clio,RENAULT,CLIO RS LINE TCE AUTO
RENAULT,Ny Clio,RENAULT,CLIO RS LINE TCE CVT
RENAULT,Ny Clio,RENAULT,CLIO S EDITION BLUE DCI
RENAULT,Ny Clio,RENAULT,CLIO S EDITION BOSE BLUE DCI
RENAULT,Ny Clio,RENAULT,CLIO S EDITION BOSE TCE
RENAULT,Ny Clio,RENAULT,CLIO S EDITION BOSE TCE AUTO
RENAULT,Ny Clio,RENAULT,CLIO S EDITION BOSE TCE CVT
RENAULT,Ny Clio,RENAULT,CLIO S EDITION E-TECH AUTO
RENAULT,Ny Clio,RENAULT,CLIO S EDITION TCE
RENAULT,Ny Clio,RENAULT,CLIO S EDITION TCE AUTO
RENAULT,Ny Clio,RENAULT,CLIO S EDITION TCE CVT
RENAULT,Ny Clio,RENAULT,CLIO SE EDITION E-TECH HEV A
RENAULT,Ny Clio,RENAULT,CLIO SE EDITION TCE
RENAULT,Ny Clio,RENAULT,CLIO SPORT
RENAULT,Ny Clio,RENAULT,CLIO SPORT GT-LINE
RENAULT,Ny Clio,RENAULT,CLIO TCE
RENAULT,Ny Clio,RENAULT,CLIO TECHNO E-TECH HEV AUTO
RENAULT,Ny Clio,RENAULT,CLIO TECHNO TCE
RENAULT,Ny Clio,RENAULT,CLIO V6
HYUNDAI,I20,HYUNDAI,I20
HYUNDAI,I20,HYUNDAI,I20  PREMIUM SE
HYUNDAI,I20,HYUNDAI,I20 ACTIVE
HYUNDAI,I20,HYUNDAI,I20 ADVANCE T-GDI
HYUNDAI,I20,HYUNDAI,I20 ADVANCE T-GDI AUTO
HYUNDAI,I20,HYUNDAI,I20 CLASSIC
HYUNDAI,I20,HYUNDAI,I20 COMFORT
HYUNDAI,I20,HYUNDAI,I20 COUPE SE
HYUNDAI,I20,HYUNDAI,I20 ELEMENT T-GDI
HYUNDAI,I20,HYUNDAI,I20 GLS
HYUNDAI,I20,HYUNDAI,I20 N LINE MHEV T-GDI
HYUNDAI,I20,HYUNDAI,I20 N LINE MHEV T-GDI AUTO
HYUNDAI,I20,HYUNDAI,I20 N LINE S S-A
HYUNDAI,I20,HYUNDAI,I20 N T-GDI
HYUNDAI,I20,HYUNDAI,I20 PLAY EDITION
HYUNDAI,I20,HYUNDAI,I20 PREMIUM
HYUNDAI,I20,HYUNDAI,I20 PREMIUM MHEV T-GDI
HYUNDAI,I20,HYUNDAI,I20 PREMIUM MHEV T-GDI AUTO
HYUNDAI,I20,HYUNDAI,I20 PREMIUM T-GDI
HYUNDAI,I20,HYUNDAI,I20 PREMIUM T-GDI AUTO
HYUNDAI,I20,HYUNDAI,I20 SE
HYUNDAI,I20,HYUNDAI,I20 SE CONNECT MHEV T-GDI
HYUNDAI,I20,HYUNDAI,I20 SE CONNECT MHEV T-GDI AUTO
HYUNDAI,I20,HYUNDAI,I20 STYLE
HYUNDAI,I20,HYUNDAI,I20 TURBO EDITION
HYUNDAI,I20,HYUNDAI,I20 ULTIMATE MHEV T-GDI
HYUNDAI,I20,HYUNDAI,I20 ULTIMATE MHEV T-GDI AUTO
HYUNDAI,I20,HYUNDAI,I20 ULTIMATE T-GDI
SKODA,FABIA,SKODA,FABIA
SKODA,FABIA,SKODA,FABIA 1 HTP
SKODA,FABIA,SKODA,FABIA 2
SKODA,FABIA,SKODA,FABIA 2 HTP
SKODA,FABIA,SKODA,FABIA 2 TDI
SKODA,FABIA,SKODA,FABIA BLACK EDITION TSI
SKODA,FABIA,SKODA,FABIA BLACK EDITION TSI S-A
SKODA,FABIA,SKODA,FABIA CLASSIC
SKODA,FABIA,SKODA,FABIA COLOUR EDITION MPI
SKODA,FABIA,SKODA,FABIA COLOUR EDITION TSI
SKODA,FABIA,SKODA,FABIA COLOUR EDITION TSI S-A
SKODA,FABIA,SKODA,FABIA COMFORT 16
SKODA,FABIA,SKODA,FABIA DESIGN EDITION MPI
SKODA,FABIA,SKODA,FABIA EST
SKODA,FABIA,SKODA,FABIA GREENLINE TDI
SKODA,FABIA,SKODA,FABIA GREENLINE TDI CR
SKODA,FABIA,SKODA,FABIA HTP
SKODA,FABIA,SKODA,FABIA MONTE CARLO ED TSI S-A
SKODA,FABIA,SKODA,FABIA MONTE CARLO TSI
SKODA,FABIA,SKODA,FABIA MONTE CARLO TSI S-A
SKODA,FABIA,SKODA,FABIA MONTE-CARLO
SKODA,FABIA,SKODA,FABIA S MPI
SKODA,FABIA,SKODA,FABIA SCOUT
SKODA,FABIA,SKODA,FABIA SCOUT TDI
SKODA,FABIA,SKODA,FABIA SE
SKODA,FABIA,SKODA,FABIA SE COMFORT MPI
SKODA,FABIA,SKODA,FABIA SE COMFORT TSI
SKODA,FABIA,SKODA,FABIA SE COMFORT TSI S-A
SKODA,FABIA,SKODA,FABIA SE DRIVE MPI
SKODA,FABIA,SKODA,FABIA SE DRIVE TSI
SKODA,FABIA,SKODA,FABIA SE DRIVE TSI S-A
SKODA,FABIA,SKODA,FABIA SE EDITION TSI S-A
SKODA,FABIA,SKODA,FABIA SE L EDITION TSI S-A
SKODA,FABIA,SKODA,FABIA SE L TSI
SKODA,FABIA,SKODA,FABIA SE L TSI S-A
SKODA,FABIA,SKODA,FABIA SE MPI
SKODA,FABIA,SKODA,FABIA TDI
SKODA,FABIA,SKODA,FABIA TSI
SKODA,FABIA,SKODA,FABIA V/RS
SKODA,FABIA,SKODA,FABIA VRS
SKODA,FABIA,SKODA,FABIA-2
SKODA,OCTAVIA,SKODA,OCTAVIA
SKODA,OCTAVIA,SKODA,OCTAVIA 1.6 ELEGANCE
SKODA,OCTAVIA,SKODA,OCTAVIA CLASSIC TD
SKODA,OCTAVIA,SKODA,OCTAVIA ESTATE
SKODA,OCTAVIA,SKODA,OCTAVIA ESTATE VRS
SKODA,OCTAVIA,SKODA,OCTAVIA FIRST EDITION TSI
SKODA,OCTAVIA,SKODA,OCTAVIA FSI
SKODA,OCTAVIA,SKODA,OCTAVIA FST ED TSI ETC MHEV SA
SKODA,OCTAVIA,SKODA,OCTAVIA GREENLINE
SKODA,OCTAVIA,SKODA,OCTAVIA GREENLINE TDI
SKODA,OCTAVIA,SKODA,OCTAVIA RS
SKODA,OCTAVIA,SKODA,OCTAVIA SCOUT
SKODA,OCTAVIA,SKODA,OCTAVIA SCOUT 4X4
SKODA,OCTAVIA,SKODA,OCTAVIA SCOUT TDI
SKODA,OCTAVIA,SKODA,OCTAVIA SCOUT TDI 4X4 S-A
SKODA,OCTAVIA,SKODA,OCTAVIA SE DRIVE TDI S-A
SKODA,OCTAVIA,SKODA,OCTAVIA SE FIRST EDITION TDI
SKODA,OCTAVIA,SKODA,OCTAVIA SE FIRST EDITION TSI
SKODA,OCTAVIA,SKODA,OCTAVIA SE FRST ED TSI ETEC SA
SKODA,OCTAVIA,SKODA,OCTAVIA SE L FIRST ED TDI S-A
SKODA,OCTAVIA,SKODA,OCTAVIA SE L FIRST EDITION TDI
SKODA,OCTAVIA,SKODA,OCTAVIA SE L FIRST EDITION TSI
SKODA,OCTAVIA,SKODA,OCTAVIA SE L TDI
SKODA,OCTAVIA,SKODA,OCTAVIA SE L TDI 4X4 S-A
SKODA,OCTAVIA,SKODA,OCTAVIA SE L TDI S-A
SKODA,OCTAVIA,SKODA,OCTAVIA SE L TSI
SKODA,OCTAVIA,SKODA,OCTAVIA SE L TSI E-TEC MHEV SA
SKODA,OCTAVIA,SKODA,OCTAVIA SE L TSI E-TEC S-A
SKODA,OCTAVIA,SKODA,OCTAVIA SE L TSI IV S-A
SKODA,OCTAVIA,SKODA,OCTAVIA SE PLUS TDI CR 140
SKODA,OCTAVIA,SKODA,OCTAVIA SE TCH TSI ETC MHEV SA
SKODA,OCTAVIA,SKODA,OCTAVIA SE TDI
SKODA,OCTAVIA,SKODA,OCTAVIA SE TDI S-A
SKODA,OCTAVIA,SKODA,OCTAVIA SE TECH FIRST ED TDI
SKODA,OCTAVIA,SKODA,OCTAVIA SE TECH FIRST ED TSI
SKODA,OCTAVIA,SKODA,OCTAVIA SE TECH TSI E-TEC S-A
SKODA,OCTAVIA,SKODA,OCTAVIA SE TECH TSI IV S-A
SKODA,OCTAVIA,SKODA,OCTAVIA SE TECH TSI MHEV S-A
SKODA,OCTAVIA,SKODA,OCTAVIA SE TECHNOLOGY TDI
SKODA,OCTAVIA,SKODA,OCTAVIA SE TECHNOLOGY TDI S-A
SKODA,OCTAVIA,SKODA,OCTAVIA SE TECHNOLOGY TSI
SKODA,OCTAVIA,SKODA,OCTAVIA SE TSI
SKODA,OCTAVIA,SKODA,OCTAVIA SE TSI E-TEC MHEV S-A
SKODA,OCTAVIA,SKODA,OCTAVIA SE TSI E-TEC S-A
SKODA,OCTAVIA,SKODA,OCTAVIA SPORTLINE TDI S-A
SKODA,OCTAVIA,SKODA,OCTAVIA SPORTLINE TSI
SKODA,OCTAVIA,SKODA,OCTAVIA SPRTLN TSI ETC MHEV SA
SKODA,OCTAVIA,SKODA,OCTAVIA TDI
SKODA,OCTAVIA,SKODA,OCTAVIA TFSI VRS
SKODA,OCTAVIA,SKODA,OCTAVIA TSI
SKODA,OCTAVIA,SKODA,OCTAVIA VRS
SKODA,OCTAVIA,SKODA,OCTAVIA VRS ESTATE
SKODA,OCTAVIA,SKODA,OCTAVIA VRS ESTATE.
SKODA,OCTAVIA,SKODA,OCTAVIA VRS S-A
SKODA,OCTAVIA,SKODA,OCTAVIA VRS TDI 4X4 S-A
SKODA,OCTAVIA,SKODA,OCTAVIA VRS TDI S-A
SKODA,OCTAVIA,SKODA,OCTAVIA VRS TSI
SKODA,OCTAVIA,SKODA,OCTAVIA VRS TSI IV S-A
SKODA,OCTAVIA,SKODA,OCTAVIA VRS TSI S-A
SKODA,OCTAVIA,SKODA,OCTAVIA-ELEGANCE
NISSAN,QASHQAI,NISSAN,QASHQAI
NISSAN,QASHQAI,NISSAN,QASHQAI +2
NISSAN,QASHQAI,NISSAN,QASHQAI +2 360
NISSAN,QASHQAI,NISSAN,QASHQAI +2 DCI
NISSAN,QASHQAI,NISSAN,QASHQAI ACENTA
NISSAN,QASHQAI,NISSAN,QASHQAI ACENTA PREM DIG-T MHEV
NISSAN,QASHQAI,NISSAN,QASHQAI ACENTA PREM E-POWER A
NISSAN,QASHQAI,NISSAN,QASHQAI ACENTA PREM T MHEV CVT
NISSAN,QASHQAI,NISSAN,QASHQAI DCI
NISSAN,QASHQAI,NISSAN,QASHQAI KURO E-POWER AUTO
NISSAN,QASHQAI,NISSAN,QASHQAI N-CONNECTA DIG-T MHEV
NISSAN,QASHQAI,NISSAN,QASHQAI N-CONNECTA E-POWER A
NISSAN,QASHQAI,NISSAN,QASHQAI N-DESGN DIG-T MHEV CVT
NISSAN,QASHQAI,NISSAN,QASHQAI N-TEC
NISSAN,QASHQAI,NISSAN,QASHQAI N-TEC DCI
NISSAN,QASHQAI,NISSAN,QASHQAI N-TEC DCI S-A
NISSAN,QASHQAI,NISSAN,QASHQAI N-TEC DIG-T S-A
NISSAN,QASHQAI,NISSAN,QASHQAI N-TEC+
NISSAN,QASHQAI,NISSAN,QASHQAI NCNTA DIGT MHEV 4X4CVT
NISSAN,QASHQAI,NISSAN,QASHQAI NCONNCTA DIGT MHEV CVT
NISSAN,QASHQAI,NISSAN,QASHQAI PREM ED DIG-T MHEV CVT
NISSAN,QASHQAI,NISSAN,QASHQAI PREMIERE ED DIG-T MHEV
NISSAN,QASHQAI,NISSAN,QASHQAI TEKNA + DIG-T MHEV
NISSAN,QASHQAI,NISSAN,QASHQAI TEKNA + DIG-T MHEV CVT
NISSAN,QASHQAI,NISSAN,QASHQAI TEKNA + E-POWER AUTO
NISSAN,QASHQAI,NISSAN,QASHQAI TEKNA DIG-T MHEV
NISSAN,QASHQAI,NISSAN,QASHQAI TEKNA DIG-T MHEV CVT
NISSAN,QASHQAI,NISSAN,QASHQAI TEKNA DIGT MHEV 4X4CVT
NISSAN,QASHQAI,NISSAN,QASHQAI TEKNA E-POWER AUTO
NISSAN,QASHQAI,NISSAN,QASHQAI TKNA+ DIGT MHEV 4X4CVT
NISSAN,QASHQAI,NISSAN,QASHQAI VISIA DIG-T MHEV
SUZUKI,SWIFT,SUZUKI,SWIFT
SUZUKI,SWIFT,SUZUKI,SWIFT 4X4
SUZUKI,SWIFT,SUZUKI,SWIFT ATTITUDE DUALJET SHVS
SUZUKI,SWIFT,SUZUKI,SWIFT AUTO
SUZUKI,SWIFT,SUZUKI,SWIFT HYBRID
SUZUKI,SWIFT,SUZUKI,SWIFT MOTION MHEV
SUZUKI,SWIFT,SUZUKI,SWIFT MOTION MHEV CVT
SUZUKI,SWIFT,SUZUKI,SWIFT RS
SUZUKI,SWIFT,SUZUKI,SWIFT SPORT
SUZUKI,SWIFT,SUZUKI,SWIFT SPORT BOOSTERJET MHEV
SUZUKI,SWIFT,SUZUKI,SWIFT SZ-L
SUZUKI,SWIFT,SUZUKI,SWIFT SZ-L DUALJET MHEV
SUZUKI,SWIFT,SUZUKI,SWIFT SZ-T DUALJET MHEV
SUZUKI,SWIFT,SUZUKI,SWIFT SZ-T DUALJET MHEV CVT
SUZUKI,SWIFT,SUZUKI,SWIFT SZ-T DUALJET SHVS
SUZUKI,SWIFT,SUZUKI,SWIFT SZ2
SUZUKI,SWIFT,SUZUKI,SWIFT SZ3 DDIS
SUZUKI,SWIFT,SUZUKI,SWIFT SZ3 DUALJET SHVS
SUZUKI,SWIFT,SUZUKI,SWIFT SZ4 AT
SUZUKI,SWIFT,SUZUKI,SWIFT SZ4 AUTO
SUZUKI,SWIFT,SUZUKI,SWIFT SZ5 DUALJET MHEV
SUZUKI,SWIFT,SUZUKI,SWIFT SZ5 DUALJET MHEV ALLGRIP
SUZUKI,SWIFT,SUZUKI,SWIFT SZ5 DUALJET MHEV CVT
SUZUKI,SWIFT,SUZUKI,SWIFT ULTRA MHEV
KIA,RIO,KIA,RIO
KIA,RIO,KIA,RIO  BLACK
KIA,RIO,KIA,RIO 1
KIA,RIO,KIA,RIO 2
KIA,RIO,KIA,RIO 2 5DOOR
KIA,RIO,KIA,RIO 2 S-A
KIA,RIO,KIA,RIO 3
KIA,RIO,KIA,RIO 3 ISG
KIA,RIO,KIA,RIO 3 MHEV
KIA,RIO,KIA,RIO 3 MHEV S-A
KIA,RIO,KIA,RIO GT-LINE S MHEV
KIA,RIO,KIA,RIO GT-LINE S MHEV S-A
KIA,RIO,KIA,RIO LX
KIA,RIO,KIA,RIO SR7
KIA,RIO,KIA,RIO STRIKE
KIA,RIO,KIA,RIO T-GDI
KIA,RIO,KIA,RIO T.GDI
KIA,RIO,KIA,RIO VR7
PEUGEOT,308,PEUGEOT,308
PEUGEOT,308,PEUGEOT,308 ACTIVE DIGITAL PURETECH SS
PEUGEOT,308,PEUGEOT,308 ACTIVE PREM DIG P-TECH S/S
PEUGEOT,308,PEUGEOT,308 ACTIVE PREM DIG SW BHDI SS
PEUGEOT,308,PEUGEOT,308 ACTIVE PREM SW B-HDI S/S A
PEUGEOT,308,PEUGEOT,308 ACTIVE PREM SW P-TECH SS A
PEUGEOT,308,PEUGEOT,308 ACTIVE PREMIUM B-HDI S/S A
PEUGEOT,308,PEUGEOT,308 ACTIVE PREMIUM DIG BHDI SS
PEUGEOT,308,PEUGEOT,308 ACTIVE PREMIUM P-TECH SS A
PEUGEOT,308,PEUGEOT,308 ACTIVE PREMIUM PURETECH SS
PEUGEOT,308,PEUGEOT,308 ACTIVE PREMIUM SW BHDI S/S
PEUGEOT,308,PEUGEOT,308 ACTIVE PURETECH S/S AUTO
PEUGEOT,308,PEUGEOT,308 ACTIVE SW PURETECH S/S A
PEUGEOT,308,PEUGEOT,308 ACTVE PREM DIG SW PTECH SS
PEUGEOT,308,PEUGEOT,308 ACTVE PRM DIG SW BHDI SS A
PEUGEOT,308,PEUGEOT,308 ALLURE BLUEHDI S/S AUTO
PEUGEOT,308,PEUGEOT,308 ALLURE DIG SW BHDI S/S A
PEUGEOT,308,PEUGEOT,308 ALLURE DIG SW PTECH S/S
PEUGEOT,308,PEUGEOT,308 ALLURE DIG SW PTECH S/S A
PEUGEOT,308,PEUGEOT,308 ALLURE DIGITAL B-HDI S/S A
PEUGEOT,308,PEUGEOT,308 ALLURE DIGITAL BLUEHDI S/S
PEUGEOT,308,PEUGEOT,308 ALLURE DIGITAL PTECH S/S
PEUGEOT,308,PEUGEOT,308 ALLURE DIGITAL PTECH S/S A
PEUGEOT,308,PEUGEOT,308 ALLURE DIGITAL SW BHDI S/S
PEUGEOT,308,PEUGEOT,308 ALLURE PREM DIG B-HDI SS A
PEUGEOT,308,PEUGEOT,308 ALLURE PREM DIG BHDI S/S A
PEUGEOT,308,PEUGEOT,308 ALLURE PREM DIG P-TECH S/S
PEUGEOT,308,PEUGEOT,308 ALLURE PREM DIG PTECH SS A
PEUGEOT,308,PEUGEOT,308 ALLURE PREM DIG SW BHDI SS
PEUGEOT,308,PEUGEOT,308 ALLURE PREM SW B-HDI S/S A
PEUGEOT,308,PEUGEOT,308 ALLURE PREM SW P-TECH SS A
PEUGEOT,308,PEUGEOT,308 ALLURE PREM SW S/S PHEV A
PEUGEOT,308,PEUGEOT,308 ALLURE PREMIUM B-HDI S/S A
PEUGEOT,308,PEUGEOT,308 ALLURE PREMIUM DIG BHDI SS
PEUGEOT,308,PEUGEOT,308 ALLURE PREMIUM P-TECH SS A
PEUGEOT,308,PEUGEOT,308 ALLURE PREMIUM PURETECH SS
PEUGEOT,308,PEUGEOT,308 ALLURE PREMIUM S/S PHEV A
PEUGEOT,308,PEUGEOT,308 ALLURE PURETECH S/S AUTO
PEUGEOT,308,PEUGEOT,308 ALLURE S/S MHEV AUTO
PEUGEOT,308,PEUGEOT,308 ALLURE S/S PHEV AUTO
PEUGEOT,308,PEUGEOT,308 ALLURE SW BLUEHDI S/S AUTO
PEUGEOT,308,PEUGEOT,308 ALLURE SW PURETECH S/S A
PEUGEOT,308,PEUGEOT,308 ALLURE SW S/S PHEV AUTO
PEUGEOT,308,PEUGEOT,308 ALRE PRM DIG SW BHDI S/S A
PEUGEOT,308,PEUGEOT,308 ALURE PREM DIG SW PTECH SS
PEUGEOT,308,PEUGEOT,308 ALURE PRM DIG SW PTCH SS A
PEUGEOT,308,PEUGEOT,308 CC
PEUGEOT,308,PEUGEOT,308 CC SE HDI
PEUGEOT,308,PEUGEOT,308 GT
PEUGEOT,308,PEUGEOT,308 GT BLUEHDI S/S AUTO
PEUGEOT,308,PEUGEOT,308 GT DIGITAL BLUEHDI S/S
PEUGEOT,308,PEUGEOT,308 GT DIGITAL BLUEHDI S/S A
PEUGEOT,308,PEUGEOT,308 GT DIGITAL BLUEHDI SS AUTO
PEUGEOT,308,PEUGEOT,308 GT DIGITAL PURETECH S/S
PEUGEOT,308,PEUGEOT,308 GT DIGITAL PURETECH S/S A
PEUGEOT,308,PEUGEOT,308 GT DIGITAL SW BLUEHDI SS A
PEUGEOT,308,PEUGEOT,308 GT DIGITAL SW P-TECH S/S A
PEUGEOT,308,PEUGEOT,308 GT EV
PEUGEOT,308,PEUGEOT,308 GT LINE PURETECH S/S AUTO
PEUGEOT,308,PEUGEOT,308 GT LINE SW PURETECH S/S A
PEUGEOT,308,PEUGEOT,308 GT PREM DIG SW BHDI S/S A
PEUGEOT,308,PEUGEOT,308 GT PREM DIG SW PTECH S/S A
PEUGEOT,308,PEUGEOT,308 GT PREMIUM BLUEHDI S/S A
PEUGEOT,308,PEUGEOT,308 GT PREMIUM DIG BHDI S/S A
PEUGEOT,308,PEUGEOT,308 GT PREMIUM DIG P-TECH SS A
PEUGEOT,308,PEUGEOT,308 GT PREMIUM DIGITAL BHDI SS
PEUGEOT,308,PEUGEOT,308 GT PREMIUM PURETECH S/S A
PEUGEOT,308,PEUGEOT,308 GT PREMIUM S/S PHEV AUTO
PEUGEOT,308,PEUGEOT,308 GT PREMIUM SW BLUEHDI SS A
PEUGEOT,308,PEUGEOT,308 GT PREMIUM SW P-TECH S/S A
PEUGEOT,308,PEUGEOT,308 GT PREMIUM SW PTECH S/S A
PEUGEOT,308,PEUGEOT,308 GT PREMIUM SW SS PHEV AUTO
PEUGEOT,308,PEUGEOT,308 GT PURETECH S/S AUTO
PEUGEOT,308,PEUGEOT,308 GT S/S PHEV AUTO
PEUGEOT,308,PEUGEOT,308 GT SW BLUEHDI S/S AUTO
PEUGEOT,308,PEUGEOT,308 GT SW PURETECH S/S AUTO
PEUGEOT,308,PEUGEOT,308 GT SW S/S MHEV AUTO
PEUGEOT,308,PEUGEOT,308 GT SW S/S PHEV AUTO
PEUGEOT,308,PEUGEOT,308 GT-LINE
PEUGEOT,308,PEUGEOT,308 GTP SW BLUEHDI S/S AUTO
PEUGEOT,308,PEUGEOT,308 HDI
PEUGEOT,308,PEUGEOT,308 MILLESIM 200
PEUGEOT,308,PEUGEOT,308 ROADTRIP DIGITAL P-TECH SS
PEUGEOT,308,PEUGEOT,308 SW
RENAULT,Captur,RENAULT,CAPTUR
RENAULT,Captur,RENAULT,CAPTUR BOSE LAUNCH ED DCI AUTO
RENAULT,Captur,RENAULT,CAPTUR BOSE LAUNCH ED TCE AUTO
RENAULT,Captur,RENAULT,CAPTUR BOSE LAUNCH EDITION DCI
RENAULT,Captur,RENAULT,CAPTUR BOSE LAUNCH EDITION TCE
RENAULT,Captur,RENAULT,CAPTUR DCI
RENAULT,Captur,RENAULT,CAPTUR DYNAMIQUE DCI
RENAULT,Captur,RENAULT,CAPTUR DYNAMIQUE TCE
RENAULT,Captur,RENAULT,CAPTUR E-TECH ENGINEERED HEV A
RENAULT,Captur,RENAULT,CAPTUR ECO 2
RENAULT,Captur,RENAULT,CAPTUR ETCH ENGD BOSE ED HEV A
RENAULT,Captur,RENAULT,CAPTUR ETECH ENGINEERED PHEV A
RENAULT,Captur,RENAULT,CAPTUR EVOLUTION E-TECH HEV A
RENAULT,Captur,RENAULT,CAPTUR EVOLUTION TCE
RENAULT,Captur,RENAULT,CAPTUR ICONIC DCI
RENAULT,Captur,RENAULT,CAPTUR ICONIC DCI AUTO
RENAULT,Captur,RENAULT,CAPTUR ICONIC E-TECH HEV AUTO
RENAULT,Captur,RENAULT,CAPTUR ICONIC ED E-TECH HEV A
RENAULT,Captur,RENAULT,CAPTUR ICONIC EDITION TCE
RENAULT,Captur,RENAULT,CAPTUR ICONIC EDITION TCE AUTO
RENAULT,Captur,RENAULT,CAPTUR ICONIC TCE
RENAULT,Captur,RENAULT,CAPTUR ICONIC TCE AUTO
RENAULT,Captur,RENAULT,CAPTUR LAUNCH ED E-TECH PHEV A
RENAULT,Captur,RENAULT,CAPTUR LIMITED TCE
RENAULT,Captur,RENAULT,CAPTUR LIMITED TCE AUTO
RENAULT,Captur,RENAULT,CAPTUR PLAY DCI
RENAULT,Captur,RENAULT,CAPTUR PLAY DCI AUTO
RENAULT,Captur,RENAULT,CAPTUR PLAY TCE
RENAULT,Captur,RENAULT,CAPTUR PLAY TCE AUTO
RENAULT,Captur,RENAULT,CAPTUR RIVE GAUCHE ETECH HEV A
RENAULT,Captur,RENAULT,CAPTUR RIVE GAUCHE TCE
RENAULT,Captur,RENAULT,CAPTUR RS LINE E-TECH HEV AUTO
RENAULT,Captur,RENAULT,CAPTUR RS LINE E-TECH PHEV A
RENAULT,Captur,RENAULT,CAPTUR RS LINE TCE
RENAULT,Captur,RENAULT,CAPTUR RS LINE TCE AUTO
RENAULT,Captur,RENAULT,CAPTUR S ED BOSE E-TECH PHEV A
RENAULT,Captur,RENAULT,CAPTUR S EDITION BOSE DCI
RENAULT,Captur,RENAULT,CAPTUR S EDITION BOSE DCI AUTO
RENAULT,Captur,RENAULT,CAPTUR S EDITION BOSE TCE
RENAULT,Captur,RENAULT,CAPTUR S EDITION BOSE TCE AUTO
RENAULT,Captur,RENAULT,CAPTUR S EDITION DCI
RENAULT,Captur,RENAULT,CAPTUR S EDITION DCI AUTO
RENAULT,Captur,RENAULT,CAPTUR S EDITION E-TECH HEV A
RENAULT,Captur,RENAULT,CAPTUR S EDITION E-TECH PHEV A
RENAULT,Captur,RENAULT,CAPTUR S EDITION TCE
RENAULT,Captur,RENAULT,CAPTUR S EDITION TCE AUTO
RENAULT,Captur,RENAULT,CAPTUR SE EDITION E-TECH HEV A
RENAULT,Captur,RENAULT,CAPTUR SE EDITION ETECH PHEV A
RENAULT,Captur,RENAULT,CAPTUR SE EDITION TCE
RENAULT,Captur,RENAULT,CAPTUR SE EDITION TCE AUTO
RENAULT,Captur,RENAULT,CAPTUR SE LIMITED TCE
RENAULT,Captur,RENAULT,CAPTUR SE LIMITED TCE AUTO
RENAULT,Captur,RENAULT,CAPTUR TECHNO E-TECH HEV AUTO
RENAULT,Captur,RENAULT,CAPTUR TECHNO E-TECH PHEV AUTO
RENAULT,Captur,RENAULT,CAPTUR TECHNO TCE
VOLKSWAGEN,TOURAN,VOLKSWAGEN,TOURAN
VOLKSWAGEN,TOURAN,VOLKSWAGEN,TOURAN 1.4 TSI COMFORT LINE 7G AUTO
VOLKSWAGEN,TOURAN,VOLKSWAGEN,TOURAN 1.4 TSI COMFORT LINE DSG CRUISE
VOLKSWAGEN,TOURAN,VOLKSWAGEN,TOURAN 280 TSI LUXURY
VOLKSWAGEN,TOURAN,VOLKSWAGEN,TOURAN CROSS
VOLKSWAGEN,TOURAN,VOLKSWAGEN,TOURAN R-LINE TDI
VOLKSWAGEN,TOURAN,VOLKSWAGEN,TOURAN R-LINE TSI S-A
VOLKSWAGEN,TOURAN,VOLKSWAGEN,TOURAN SEL TDI
VOLKSWAGEN,TOURAN,VOLKSWAGEN,TOURAN TDI
VOLKSWAGEN,TOURAN,VOLKSWAGEN,TOURAN TSI AUTO
VOLKSWAGEN,TOURAN,VOLKSWAGEN,TOURAN TSI COMFORT LINE
VOLKSWAGEN,TOURAN,VOLKSWAGEN,TOURAN TSI HIGH LINE AUTO
VOLKSWAGEN,TOURAN,VOLKSWAGEN,TOURAN TSI HIGHLINE AUTO
VOLKSWAGEN,TOURAN,VOLKSWAGEN,TOURAN TSI SE DSG
PEUGEOT,107,PEUGEOT,107
PEUGEOT,107,PEUGEOT,107 URBAN
PEUGEOT,107,PEUGEOT,107 URBAN LITE
PEUGEOT,107,PEUGEOT,107 URBAN MOVE
PEUGEOT,107,PEUGEOT,107 VERVE
PEUGEOT,107,PEUGEOT,107 VERVE SPORT
FORD,KUGA,FORD,KUGA
FORD,KUGA,FORD,KUGA ACTIVE PHEV CVT
FORD,KUGA,FORD,KUGA BLACK PACKAGE ED HEV CVT
FORD,KUGA,FORD,KUGA BLACK PACKAGE ED PHEV CVT
FORD,KUGA,FORD,KUGA BLACK PACKAGE EDITION
FORD,KUGA,FORD,KUGA GRAPHITE TECH ED PHEV CVT
FORD,KUGA,FORD,KUGA INDIVIDAUL
FORD,KUGA,FORD,KUGA ST-LINE
FORD,KUGA,FORD,KUGA ST-LINE ECOBLUE
FORD,KUGA,FORD,KUGA ST-LINE ECOBLUE 4X4 AUTO
FORD,KUGA,FORD,KUGA ST-LINE ECOBLUE AUTO
FORD,KUGA,FORD,KUGA ST-LINE ECOBLUE MHEV
FORD,KUGA,FORD,KUGA ST-LINE ED EBLUE 4X4 A
FORD,KUGA,FORD,KUGA ST-LINE ED EBLUE MHEV
FORD,KUGA,FORD,KUGA ST-LINE EDITION
FORD,KUGA,FORD,KUGA ST-LINE EDITION ECOBLUE
FORD,KUGA,FORD,KUGA ST-LINE EDITION ECOBLUE A
FORD,KUGA,FORD,KUGA ST-LINE EDITION HEV CVT
FORD,KUGA,FORD,KUGA ST-LINE EDITION PHEV CVT
FORD,KUGA,FORD,KUGA ST-LINE FIRST ED E-BLUE
FORD,KUGA,FORD,KUGA ST-LINE FIRST ED E-BLUE A
FORD,KUGA,FORD,KUGA ST-LINE FIRST ED PHEV CVT
FORD,KUGA,FORD,KUGA ST-LINE FIRST EDITION
FORD,KUGA,FORD,KUGA ST-LINE HEV CVT
FORD,KUGA,FORD,KUGA ST-LINE PHEV CVT
FORD,KUGA,FORD,KUGA ST-LINE TDCI
FORD,KUGA,FORD,KUGA ST-LINE X
FORD,KUGA,FORD,KUGA ST-LINE X ECOBLUE
FORD,KUGA,FORD,KUGA ST-LINE X ECOBLUE 4X4 A
FORD,KUGA,FORD,KUGA ST-LINE X ECOBLUE AUTO
FORD,KUGA,FORD,KUGA ST-LINE X ECOBLUE MHEV
FORD,KUGA,FORD,KUGA ST-LINE X ED EBLUE 4X4 A
FORD,KUGA,FORD,KUGA ST-LINE X ED EBLUE MHEV
FORD,KUGA,FORD,KUGA ST-LINE X ED ECOBLUE A
FORD,KUGA,FORD,KUGA ST-LINE X ED PHEV CVT
FORD,KUGA,FORD,KUGA ST-LINE X EDITION
FORD,KUGA,FORD,KUGA ST-LINE X EDITION ECOBLUE
FORD,KUGA,FORD,KUGA ST-LINE X EDITION HEV CVT
FORD,KUGA,FORD,KUGA ST-LINE X FIRST EDITION
FORD,KUGA,FORD,KUGA ST-LINE X HEV CVT
FORD,KUGA,FORD,KUGA ST-LINE X HEV CVT AWD
FORD,KUGA,FORD,KUGA ST-LINE X PHEV CVT
FORD,KUGA,FORD,KUGA ST-LN FIRST ED EBLUE MHEV
FORD,KUGA,FORD,KUGA ST-LN X FIRST ED EBLUE A
FORD,KUGA,FORD,KUGA ST-LN X FIRST ED PHEV CVT
FORD,KUGA,FORD,KUGA ST-LN X FIRST EDITN EBLUE
FORD,KUGA,FORD,KUGA ST-LN X FRST ED EBLU MHEV
FORD,KUGA,FORD,KUGA STLN FIRST ED EBLUE 4X4 A
FORD,KUGA,FORD,KUGA STLN X FRST ED EBLUE 4X4A
FORD,KUGA,FORD,KUGA TDCI
FORD,KUGA,FORD,KUGA TITAN FIRST ED EBLUE MHEV
FORD,KUGA,FORD,KUGA TITAN FRST ED EBLUE 4X4 A
FORD,KUGA,FORD,KUGA TITANIUM
FORD,KUGA,FORD,KUGA TITANIUM ECOBLUE
FORD,KUGA,FORD,KUGA TITANIUM ECOBLUE 4X4 AUTO
FORD,KUGA,FORD,KUGA TITANIUM ECOBLUE AUTO
FORD,KUGA,FORD,KUGA TITANIUM ECOBLUE MHEV
FORD,KUGA,FORD,KUGA TITANIUM ED EBLUE 4X4 A
FORD,KUGA,FORD,KUGA TITANIUM ED EBLUE A
FORD,KUGA,FORD,KUGA TITANIUM ED EBLUE MHEV
FORD,KUGA,FORD,KUGA TITANIUM EDITION
FORD,KUGA,FORD,KUGA TITANIUM EDITION ECOBLUE
FORD,KUGA,FORD,KUGA TITANIUM EDITION HEV CVT
FORD,KUGA,FORD,KUGA TITANIUM FIRST ED EBLUE
FORD,KUGA,FORD,KUGA TITANIUM FIRST ED EBLUE A
FORD,KUGA,FORD,KUGA TITANIUM FIRST EDITION
FORD,KUGA,FORD,KUGA TITANIUM FRST ED PHEV CVT
FORD,KUGA,FORD,KUGA TITANIUM PHEV CVT
FORD,KUGA,FORD,KUGA TITANIUM TDCI
FORD,KUGA,FORD,KUGA TITANIUM X
FORD,KUGA,FORD,KUGA TITANIUM X SPORT TDCI
FORD,KUGA,FORD,KUGA TITANIUM X TDCI 4X4 AUTO
FORD,KUGA,FORD,KUGA VIGNALE
FORD,KUGA,FORD,KUGA VIGNALE ECOBLUE 4X4 AUTO
FORD,KUGA,FORD,KUGA VIGNALE ECOBLUE MHEV
FORD,KUGA,FORD,KUGA VIGNALE HEV CVT
FORD,KUGA,FORD,KUGA VIGNALE PHEV CVT
FORD,KUGA,FORD,KUGA ZETEC
FORD,KUGA,FORD,KUGA ZETEC ECOBLUE
FORD,KUGA,FORD,KUGA ZETEC ECOBLUE 4X4 AUTO
FORD,KUGA,FORD,KUGA ZETEC ECOBLUE AUTO
FORD,KUGA,FORD,KUGA ZETEC ECOBLUE MHEV
PEUGEOT,2008,PEUGEOT,2008
PEUGEOT,2008,PEUGEOT,2008 ACTIVE BLUEHDI S/S
PEUGEOT,2008,PEUGEOT,2008 ACTIVE EV
PEUGEOT,2008,PEUGEOT,2008 ACTIVE PREMIUM + B-HDI SS
PEUGEOT,2008,PEUGEOT,2008 ACTIVE PREMIUM + EV
PEUGEOT,2008,PEUGEOT,2008 ACTIVE PREMIUM + P-TCH SS
PEUGEOT,2008,PEUGEOT,2008 ACTIVE PREMIUM + PTECH SS
PEUGEOT,2008,PEUGEOT,2008 ACTIVE PREMIUM BLUEHDI SS
PEUGEOT,2008,PEUGEOT,2008 ACTIVE PREMIUM EV
PEUGEOT,2008,PEUGEOT,2008 ACTIVE PREMIUM PTECH S/S
PEUGEOT,2008,PEUGEOT,2008 ACTIVE PREMIUM PTECH SS A
PEUGEOT,2008,PEUGEOT,2008 ACTIVE PURETECH S/S
PEUGEOT,2008,PEUGEOT,2008 ACTIVE PURETECH S/S AUTO
PEUGEOT,2008,PEUGEOT,2008 ALLURE BLUEHDI S/S
PEUGEOT,2008,PEUGEOT,2008 ALLURE EV
PEUGEOT,2008,PEUGEOT,2008 ALLURE MHEV AUTO
PEUGEOT,2008,PEUGEOT,2008 ALLURE PREM + P-TECH SS A
PEUGEOT,2008,PEUGEOT,2008 ALLURE PREM + PTECH S/S A
PEUGEOT,2008,PEUGEOT,2008 ALLURE PREM BLUEHDI SS A
PEUGEOT,2008,PEUGEOT,2008 ALLURE PREM PURETECH S/S
PEUGEOT,2008,PEUGEOT,2008 ALLURE PREM PURETECH SS A
PEUGEOT,2008,PEUGEOT,2008 ALLURE PREMIUM
PEUGEOT,2008,PEUGEOT,2008 ALLURE PREMIUM + B-HDI SS
PEUGEOT,2008,PEUGEOT,2008 ALLURE PREMIUM + EV
PEUGEOT,2008,PEUGEOT,2008 ALLURE PREMIUM + P-TCH SS
PEUGEOT,2008,PEUGEOT,2008 ALLURE PREMIUM + PTECH SS
PEUGEOT,2008,PEUGEOT,2008 ALLURE PREMIUM BLUEHDI SS
PEUGEOT,2008,PEUGEOT,2008 ALLURE PREMIUM EV
PEUGEOT,2008,PEUGEOT,2008 ALLURE PREMIUM PTECH S/S
PEUGEOT,2008,PEUGEOT,2008 ALLURE PREMIUM PTECH SS A
PEUGEOT,2008,PEUGEOT,2008 ALLURE PURETECH S/S
PEUGEOT,2008,PEUGEOT,2008 ALLURE PURETECH S/S AUTO
PEUGEOT,2008,PEUGEOT,2008 GT BLUEHDI S/S
PEUGEOT,2008,PEUGEOT,2008 GT EV
PEUGEOT,2008,PEUGEOT,2008 GT LINE BLUEHDI S/S
PEUGEOT,2008,PEUGEOT,2008 GT LINE EV
PEUGEOT,2008,PEUGEOT,2008 GT LINE PURETECH S/S
PEUGEOT,2008,PEUGEOT,2008 GT LINE PURETECH S/S AUTO
PEUGEOT,2008,PEUGEOT,2008 GT PREMIUM EV
PEUGEOT,2008,PEUGEOT,2008 GT PREMIUM PURETECH S/S
PEUGEOT,2008,PEUGEOT,2008 GT PREMIUM PURETECH S/S A
PEUGEOT,2008,PEUGEOT,2008 GT PURETECH S/S
PEUGEOT,2008,PEUGEOT,2008 GT PURETECH S/S AUTO
PEUGEOT,2008,PEUGEOT,2008 GT-LINE
PEUGEOT,2008,PEUGEOT,2008 HDI
PEUGEOT,2008,PEUGEOT,2008 SIGNATURE BLUEHDI S/S
PEUGEOT,2008,PEUGEOT,2008 SIGNATURE PURETECH S/S
PEUGEOT,2008,PEUGEOT,2008 SIGNATURE PURETECH S/S A
PEUGEOT,108,PEUGEOT,108
VOLKSWAGEN,PASSAT,VOLKSWAGEN,PASSAT
VOLKSWAGEN,PASSAT,VOLKSWAGEN,PASSAT 1.4 TSI DSG HIGH LINE BLUEMOTION
VOLKSWAGEN,PASSAT,VOLKSWAGEN,PASSAT ALLTRACK
VOLKSWAGEN,PASSAT,VOLKSWAGEN,PASSAT ALLTRACK TSI S-A
VOLKSWAGEN,PASSAT,VOLKSWAGEN,PASSAT CC
VOLKSWAGEN,PASSAT,VOLKSWAGEN,PASSAT CC TDI
VOLKSWAGEN,PASSAT,VOLKSWAGEN,PASSAT ELEGANCE ETSI S-A
VOLKSWAGEN,PASSAT,VOLKSWAGEN,PASSAT ELEGANCE PHEV S-A
VOLKSWAGEN,PASSAT,VOLKSWAGEN,PASSAT GT CC TDI 170 S-A
VOLKSWAGEN,PASSAT,VOLKSWAGEN,PASSAT GTE
VOLKSWAGEN,PASSAT,VOLKSWAGEN,PASSAT LIFE ETSI S-A
VOLKSWAGEN,PASSAT,VOLKSWAGEN,PASSAT LIFE PHEV S-A
VOLKSWAGEN,PASSAT,VOLKSWAGEN,PASSAT R LINE AUTO
VOLKSWAGEN,PASSAT,VOLKSWAGEN,PASSAT R LINE TDI BMT S-A
VOLKSWAGEN,PASSAT,VOLKSWAGEN,PASSAT R-LINE ED TDI 4MOT S-A
VOLKSWAGEN,PASSAT,VOLKSWAGEN,PASSAT R-LINE ED TSI 4MOT S-A
VOLKSWAGEN,PASSAT,VOLKSWAGEN,PASSAT R-LINE ETSI S-A
VOLKSWAGEN,PASSAT,VOLKSWAGEN,PASSAT R-LINE PHEV S-A
VOLKSWAGEN,PASSAT,VOLKSWAGEN,PASSAT R-LINE TDI
VOLKSWAGEN,PASSAT,VOLKSWAGEN,PASSAT R-LINE TDI 4MOTION S-A
VOLKSWAGEN,PASSAT,VOLKSWAGEN,PASSAT R-LINE TDI S-A
VOLKSWAGEN,PASSAT,VOLKSWAGEN,PASSAT R-LINE TSI 4MOTION S-A
VOLKSWAGEN,PASSAT,VOLKSWAGEN,PASSAT R-LINE TSI S-A
VOLKSWAGEN,PASSAT,VOLKSWAGEN,PASSAT R36
VOLKSWAGEN,PASSAT,VOLKSWAGEN,PASSAT S TSI EVO
VOLKSWAGEN,PASSAT,VOLKSWAGEN,PASSAT SALOON R-LINE
VOLKSWAGEN,PASSAT,VOLKSWAGEN,PASSAT SE NAV TDI
VOLKSWAGEN,PASSAT,VOLKSWAGEN,PASSAT SE NAV TDI S-A
VOLKSWAGEN,PASSAT,VOLKSWAGEN,PASSAT SE NAV TSI EVO
VOLKSWAGEN,PASSAT,VOLKSWAGEN,PASSAT SE NAV TSI EVO S-A
VOLKSWAGEN,PASSAT,VOLKSWAGEN,PASSAT SE TDI
VOLKSWAGEN,PASSAT,VOLKSWAGEN,PASSAT SE TDI S-A
VOLKSWAGEN,PASSAT,VOLKSWAGEN,PASSAT SE TSI EVO
VOLKSWAGEN,PASSAT,VOLKSWAGEN,PASSAT SE TSI EVO S-A
VOLKSWAGEN,PASSAT,VOLKSWAGEN,PASSAT SEL TDI
VOLKSWAGEN,PASSAT,VOLKSWAGEN,PASSAT SEL TDI S-A
VOLKSWAGEN,PASSAT,VOLKSWAGEN,PASSAT SEL TSI EVO
VOLKSWAGEN,PASSAT,VOLKSWAGEN,PASSAT SEL TSI EVO S-A
VOLKSWAGEN,PASSAT,VOLKSWAGEN,PASSAT SEL TSI S-A
VOLKSWAGEN,PASSAT,VOLKSWAGEN,PASSAT TDI
VOLKSWAGEN,PASSAT,VOLKSWAGEN,PASSAT VARIANT R36
VOLKSWAGEN,PASSAT,VOLKSWAGEN,PASSAT W8
KIA,CEED,KIA,C'EED
KIA,CEED,KIA,CEE'D
KIA,CEED,KIA,CEE'D 2
KIA,CEED,KIA,CEED
KIA,CEED,KIA,CEED 1
KIA,CEED,KIA,CEED 1 ECODYNAMICS CRDI
KIA,CEED,KIA,CEED 1 ISG
KIA,CEED,KIA,CEED 2
KIA,CEED,KIA,CEED 2 CRDI
KIA,CEED,KIA,CEED 2 CRDI ISG MHEV
KIA,CEED,KIA,CEED 2 NAV CRDI ISG
KIA,CEED,KIA,CEED 2 NAV CRDI ISG MHEV
KIA,CEED,KIA,CEED 2 NAV ISG
KIA,CEED,KIA,CEED 3
KIA,CEED,KIA,CEED 3  CRDI
KIA,CEED,KIA,CEED 3 CRDI
KIA,CEED,KIA,CEED 3 CRDI ISG MHEV
KIA,CEED,KIA,CEED 3 CRDI ISG MHEV S-A
KIA,CEED,KIA,CEED 3 CRDI MHEV S-A
KIA,CEED,KIA,CEED 3 PHEV S-A
KIA,CEED,KIA,CEED 3 S-A
KIA,CEED,KIA,CEED CRDI
KIA,CEED,KIA,CEED CRDI 16V
KIA,CEED,KIA,CEED GS
KIA,CEED,KIA,CEED GT
KIA,CEED,KIA,CEED GT ISG
KIA,CEED,KIA,CEED GT ISG S-A
KIA,CEED,KIA,CEED GT-LINE
KIA,CEED,KIA,CEED GT-LINE CRDI
KIA,CEED,KIA,CEED GT-LINE CRDI ISG
KIA,CEED,KIA,CEED GT-LINE CRDI ISG MHEV
KIA,CEED,KIA,CEED GT-LINE CRDI ISG MHEV S-A
KIA,CEED,KIA,CEED GT-LINE CRDI ISG S-A
KIA,CEED,KIA,CEED GT-LINE CRDI MHEV S-A
KIA,CEED,KIA,CEED GT-LINE ISG
KIA,CEED,KIA,CEED GT-LINE ISG S-A
KIA,CEED,KIA,CEED GT-LINE LUNAR ED ISG SA
KIA,CEED,KIA,CEED GT-LINE LUNAR EDITION ISG
KIA,CEED,KIA,CEED GT-LINE S
KIA,CEED,KIA,CEED GT-LINE S ISG S-A
KIA,CEED,KIA,CEED GT-LINE S S-A
KIA,CEED,KIA,CEED GT-LINE S-A
KIA,CEED,KIA,CEED LS
KIA,CEED,KIA,CEED LS CRDI-16V
KIA,CEED,KIA,CEED S
KIA,CEED,KIA,CEED SR-7
KIA,CEED,KIA,CEED STRIKE
KIA,CEED,KIA,CEED SW-7 CRDI
KIA,CEED,KIA,CEED SW-7 ESTATE
KIA,CEED,KIA,CEED VR-7
KIA,CEED,KIA,CEED VR7
KIA,CEED,KIA,CEE`D
OPEL,ASTRA,VAUXHALL,ASTRA
OPEL,ASTRA,VAUXHALL,ASTRA ACTIVE
OPEL,ASTRA,VAUXHALL,ASTRA BREEZE
OPEL,ASTRA,VAUXHALL,ASTRA BUSINESS ED NAV T CVT
OPEL,ASTRA,VAUXHALL,ASTRA BUSINESS ED NAV T D A
OPEL,ASTRA,VAUXHALL,ASTRA BUSINESS EDITION NAV T
OPEL,ASTRA,VAUXHALL,ASTRA BUSINESS EDITION NAV T D
OPEL,ASTRA,VAUXHALL,ASTRA BUSINESS ELEGANCE TRBO A
OPEL,ASTRA,VAUXHALL,ASTRA BUSINESS ELEGANCE TRBO D
OPEL,ASTRA,VAUXHALL,ASTRA BUSINESS ELEGANCE TURBO
OPEL,ASTRA,VAUXHALL,ASTRA CDTI
OPEL,ASTRA,VAUXHALL,ASTRA CLUB
OPEL,ASTRA,VAUXHALL,ASTRA CLUB CDTI
OPEL,ASTRA,VAUXHALL,ASTRA D
OPEL,ASTRA,VAUXHALL,ASTRA DESIGN
OPEL,ASTRA,VAUXHALL,ASTRA DESIGN EV
OPEL,ASTRA,VAUXHALL,ASTRA DESIGN TURBO
OPEL,ASTRA,VAUXHALL,ASTRA DESIGN TURBO AUTO
OPEL,ASTRA,VAUXHALL,ASTRA DESIGN TURBO D
OPEL,ASTRA,VAUXHALL,ASTRA DESIGN TURBO D AUTO
OPEL,ASTRA,VAUXHALL,ASTRA ECO TEC D
OPEL,ASTRA,VAUXHALL,ASTRA ELEGANCE
OPEL,ASTRA,VAUXHALL,ASTRA ELITE
OPEL,ASTRA,VAUXHALL,ASTRA ELITE CDTI
OPEL,ASTRA,VAUXHALL,ASTRA ELITE NAV PREMIUM T
OPEL,ASTRA,VAUXHALL,ASTRA ELITE NAV PREMIUM T CVT
OPEL,ASTRA,VAUXHALL,ASTRA ELITE NAV PREMIUM TD
OPEL,ASTRA,VAUXHALL,ASTRA ELITE NAV PREMIUM TD A
OPEL,ASTRA,VAUXHALL,ASTRA ELITE NAV TURBO CVT
OPEL,ASTRA,VAUXHALL,ASTRA ELITE NAV TURBO D
OPEL,ASTRA,VAUXHALL,ASTRA ELITE NAV TURBO D AUTO
OPEL,ASTRA,VAUXHALL,ASTRA ELITE TURBO
OPEL,ASTRA,VAUXHALL,ASTRA EXCITE
OPEL,ASTRA,VAUXHALL,ASTRA EXCITE CDTI
OPEL,ASTRA,VAUXHALL,ASTRA EXCLUSIV 113
OPEL,ASTRA,VAUXHALL,ASTRA EXCLUSIVE 98
OPEL,ASTRA,VAUXHALL,ASTRA GRIFFIN EDITION TRBO CVT
OPEL,ASTRA,VAUXHALL,ASTRA GRIFFIN EDITION TRBO D A
OPEL,ASTRA,VAUXHALL,ASTRA GRIFFIN EDITION TURBO
OPEL,ASTRA,VAUXHALL,ASTRA GRIFFIN EDITION TURBO D
OPEL,ASTRA,VAUXHALL,ASTRA GS EV
OPEL,ASTRA,VAUXHALL,ASTRA GS LINE PHEV AUTO
OPEL,ASTRA,VAUXHALL,ASTRA GS LINE TURBO
OPEL,ASTRA,VAUXHALL,ASTRA GS LINE TURBO AUTO
OPEL,ASTRA,VAUXHALL,ASTRA GS LINE TURBO D
OPEL,ASTRA,VAUXHALL,ASTRA GS LINE TURBO D AUTO
OPEL,ASTRA,VAUXHALL,ASTRA GS PHEV AUTO
OPEL,ASTRA,VAUXHALL,ASTRA GS TURBO
OPEL,ASTRA,VAUXHALL,ASTRA GS TURBO AUTO
OPEL,ASTRA,VAUXHALL,ASTRA GS TURBO D
OPEL,ASTRA,VAUXHALL,ASTRA GS TURBO D AUTO
OPEL,ASTRA,VAUXHALL,ASTRA GSE PHEV AUTO
OPEL,ASTRA,VAUXHALL,ASTRA GSI
OPEL,ASTRA,VAUXHALL,ASTRA GSI TURBO
OPEL,ASTRA,VAUXHALL,ASTRA GTC
OPEL,ASTRA,VAUXHALL,ASTRA GTC CDTI
OPEL,ASTRA,VAUXHALL,ASTRA LIFE
OPEL,ASTRA,VAUXHALL,ASTRA PICKUP
OPEL,ASTRA,VAUXHALL,ASTRA SE
OPEL,ASTRA,VAUXHALL,ASTRA SE CDTI
OPEL,ASTRA,VAUXHALL,ASTRA SE TURBO CVT
OPEL,ASTRA,VAUXHALL,ASTRA SE TURBO D
OPEL,ASTRA,VAUXHALL,ASTRA SE TURBO D AUTO
OPEL,ASTRA,VAUXHALL,ASTRA SPORT
OPEL,ASTRA,VAUXHALL,ASTRA SPORT CDTI
OPEL,ASTRA,VAUXHALL,ASTRA SPORTIVE CDTI
OPEL,ASTRA,VAUXHALL,ASTRA SPORTIVE XP CDTI
OPEL,ASTRA,VAUXHALL,ASTRA SRI
OPEL,ASTRA,VAUXHALL,ASTRA SRI CDTI
OPEL,ASTRA,VAUXHALL,ASTRA SRI GTC
OPEL,ASTRA,VAUXHALL,ASTRA SRI NAV TURBO CVT
OPEL,ASTRA,VAUXHALL,ASTRA SRI NAV TURBO D
OPEL,ASTRA,VAUXHALL,ASTRA SRI NAV TURBO D AUTO
OPEL,ASTRA,VAUXHALL,ASTRA SRI TURBO
OPEL,ASTRA,VAUXHALL,ASTRA SRI TURBO CVT
OPEL,ASTRA,VAUXHALL,ASTRA SRI TURBO D
OPEL,ASTRA,VAUXHALL,ASTRA SRI TURBO D AUTO
OPEL,ASTRA,VAUXHALL,ASTRA SRI VX LINE NAV T CVT
OPEL,ASTRA,VAUXHALL,ASTRA SRI VX LINE NAV T D A
OPEL,ASTRA,VAUXHALL,ASTRA SRI VX LINE NAV TURBO
OPEL,ASTRA,VAUXHALL,ASTRA SRI VX LINE NAV TURBO D
OPEL,ASTRA,VAUXHALL,ASTRA SXI
OPEL,ASTRA,VAUXHALL,ASTRA TECH LINE
OPEL,ASTRA,VAUXHALL,ASTRA TURBO
OPEL,ASTRA,VAUXHALL,ASTRA TURBO ELITE
OPEL,ASTRA,VAUXHALL,ASTRA ULITMATE NAV TURBO D
OPEL,ASTRA,VAUXHALL,ASTRA ULTIMATE EV
OPEL,ASTRA,VAUXHALL,ASTRA ULTIMATE NAV TURBO
OPEL,ASTRA,VAUXHALL,ASTRA ULTIMATE NAV TURBO CVT
OPEL,ASTRA,VAUXHALL,ASTRA ULTIMATE NAV TURBO D A
OPEL,ASTRA,VAUXHALL,ASTRA ULTIMATE PHEV AUTO
OPEL,ASTRA,VAUXHALL,ASTRA ULTIMATE TURBO
OPEL,ASTRA,VAUXHALL,ASTRA ULTIMATE TURBO AUTO
OPEL,ASTRA,VAUXHALL,ASTRA ULTIMATE TURBO D
OPEL,ASTRA,VAUXHALL,ASTRA ULTIMATE TURBO D AUTO
OPEL,ASTRA,VAUXHALL,ASTRA VAN
OPEL,ASTRA,VAUXHALL,ASTRA VXD
OPEL,ASTRA,VAUXHALL,ASTRA VXR
OPEL,ASTRA,VAUXHALL,ASTRA VXR NURBURGRING
FORD,FOCUS,FORD,FOCUS
FORD,FOCUS,FORD,FOCUS ACTIVE
FORD,FOCUS,FORD,FOCUS ACTIVE EDITION
FORD,FOCUS,FORD,FOCUS ACTIVE EDITION MHEV
FORD,FOCUS,FORD,FOCUS ACTIVE MHEV
FORD,FOCUS,FORD,FOCUS ACTIVE MHEV AUTO
FORD,FOCUS,FORD,FOCUS ACTIVE STYLE
FORD,FOCUS,FORD,FOCUS ACTIVE STYLE MHEV
FORD,FOCUS,FORD,FOCUS ACTIVE STYLE MHEV AUTO
FORD,FOCUS,FORD,FOCUS ACTIVE VIGNALE
FORD,FOCUS,FORD,FOCUS ACTIVE VIGNALE MHEV
FORD,FOCUS,FORD,FOCUS ACTIVE VIGNALE MHEV AUTO
FORD,FOCUS,FORD,FOCUS ACTIVE X EDITION
FORD,FOCUS,FORD,FOCUS ACTIVE X EDITION AUTO
FORD,FOCUS,FORD,FOCUS ACTIVE X EDITION MHEV
FORD,FOCUS,FORD,FOCUS ACTIVE X MHEV AUTO
FORD,FOCUS,FORD,FOCUS ACTIVE X VIGNALE
FORD,FOCUS,FORD,FOCUS ACTIVE X VIGNALE AUTO
FORD,FOCUS,FORD,FOCUS ACTIVE X VIGNALE EBLUE A
FORD,FOCUS,FORD,FOCUS ACTIVE X VIGNALE ECOBLUE
FORD,FOCUS,FORD,FOCUS ACTIVE X VIGNALE ED MHEV
FORD,FOCUS,FORD,FOCUS C-MAX
FORD,FOCUS,FORD,FOCUS C-MAX LX
FORD,FOCUS,FORD,FOCUS CC
FORD,FOCUS,FORD,FOCUS ECOBLUE ST-LINE
FORD,FOCUS,FORD,FOCUS GHIA
FORD,FOCUS,FORD,FOCUS GHIA TDCI
FORD,FOCUS,FORD,FOCUS LX
FORD,FOCUS,FORD,FOCUS RS
FORD,FOCUS,FORD,FOCUS S TDCI
FORD,FOCUS,FORD,FOCUS SE
FORD,FOCUS,FORD,FOCUS ST
FORD,FOCUS,FORD,FOCUS ST 170
FORD,FOCUS,FORD,FOCUS ST 2
FORD,FOCUS,FORD,FOCUS ST AUTO
FORD,FOCUS,FORD,FOCUS ST ECOBLUE
FORD,FOCUS,FORD,FOCUS ST EDITION
FORD,FOCUS,FORD,FOCUS ST-3 TDCI AUTO
FORD,FOCUS,FORD,FOCUS ST-LINE
FORD,FOCUS,FORD,FOCUS ST-LINE EDITION
FORD,FOCUS,FORD,FOCUS ST-LINE EDITION MHEV
FORD,FOCUS,FORD,FOCUS ST-LINE MHEV
FORD,FOCUS,FORD,FOCUS ST-LINE MHEV AUTO
FORD,FOCUS,FORD,FOCUS ST-LINE STYLE
FORD,FOCUS,FORD,FOCUS ST-LINE STYLE ECOBLUE
FORD,FOCUS,FORD,FOCUS ST-LINE STYLE ECOBLUE A
FORD,FOCUS,FORD,FOCUS ST-LINE STYLE MHEV
FORD,FOCUS,FORD,FOCUS ST-LINE STYLE MHEV AUTO
FORD,FOCUS,FORD,FOCUS ST-LINE VIGNALE
FORD,FOCUS,FORD,FOCUS ST-LINE VIGNALE E-BLUE A
FORD,FOCUS,FORD,FOCUS ST-LINE VIGNALE MHEV
FORD,FOCUS,FORD,FOCUS ST-LINE VIGNALE MHEV A
FORD,FOCUS,FORD,FOCUS ST-LINE X
FORD,FOCUS,FORD,FOCUS ST-LINE X ED E-BLUE A
FORD,FOCUS,FORD,FOCUS ST-LINE X EDITION
FORD,FOCUS,FORD,FOCUS ST-LINE X EDITION MHEV
FORD,FOCUS,FORD,FOCUS ST-LINE X MHEV
FORD,FOCUS,FORD,FOCUS ST-LINE X MHEV AUTO
FORD,FOCUS,FORD,FOCUS ST-LINE X TDCI AUTO
FORD,FOCUS,FORD,FOCUS ST3
FORD,FOCUS,FORD,FOCUS TDCI
FORD,FOCUS,FORD,FOCUS TITANIUM
FORD,FOCUS,FORD,FOCUS TITANIUM EDITION
FORD,FOCUS,FORD,FOCUS TITANIUM EDITION MHEV
FORD,FOCUS,FORD,FOCUS TITANIUM MHEV
FORD,FOCUS,FORD,FOCUS TITANIUM MHEV AUTO
FORD,FOCUS,FORD,FOCUS TITANIUM NAV
FORD,FOCUS,FORD,FOCUS TITANIUM STYLE
FORD,FOCUS,FORD,FOCUS TITANIUM STYLE ECOBLUE
FORD,FOCUS,FORD,FOCUS TITANIUM STYLE MHEV
FORD,FOCUS,FORD,FOCUS TITANIUM TDCI
FORD,FOCUS,FORD,FOCUS TITANIUM VIGNALE
FORD,FOCUS,FORD,FOCUS TITANIUM VIGNALE EBLUE A
FORD,FOCUS,FORD,FOCUS TITANIUM VIGNALE MHEV
FORD,FOCUS,FORD,FOCUS TITANIUM VIGNALE MHEV A
FORD,FOCUS,FORD,FOCUS TITANIUM X
FORD,FOCUS,FORD,FOCUS TITANIUM X EDITION MHEV
FORD,FOCUS,FORD,FOCUS TITANIUM X MHEV AUTO
FORD,FOCUS,FORD,FOCUS TITANIUM X TDCI
FORD,FOCUS,FORD,FOCUS TREND
FORD,FOCUS,FORD,FOCUS TREND ECOBLUE
FORD,FOCUS,FORD,FOCUS TREND ECOBLUE AUTO
FORD,FOCUS,FORD,FOCUS TREND MHEV AUTO
FORD,FOCUS,FORD,FOCUS VIGNALE EDITION MHEV
FORD,FOCUS,FORD,FOCUS ZETEC EDITION
FORD,FOCUS,FORD,FOCUS ZETEC EDITION MHEV
FORD,FOCUS,FORD,FOCUS ZETEC TURBO
CHEVROLET,SPARK,CHEVROLET,SPARK
CHEVROLET,SPARK,CHEVROLET,SPARK LTZ
CHEVROLET,SPARK,CHEVROLET,SPARK PLUS
FORD,KA,FORD,KA
FORD,KA,FORD,KA +
FORD,KA,FORD,KA + ZETEC
FORD,KA,FORD,KA EDGE
FORD,KA,FORD,KA PLUS
FORD,KA,FORD,KA TITANIUM
MERCEDES-BENZ,C-Klasse,MERCEDES-BENZ,C
MERCEDES-BENZ,C-Klasse,MERCEDES-BENZ,C 180
MERCEDES-BENZ,C-Klasse,MERCEDES-BENZ,C 180 AMG LINE ED PREMIUM A
MERCEDES-BENZ,C-Klasse,MERCEDES-BENZ,C 180 AMG LINE EDITION AUTO
MERCEDES-BENZ,C-Klasse,MERCEDES-BENZ,C 180 SPORT EDITION PREMIUM+ A
MERCEDES-BENZ,C-Klasse,MERCEDES-BENZ,C 180K
MERCEDES-BENZ,C-Klasse,MERCEDES-BENZ,C 200
MERCEDES-BENZ,C-Klasse,MERCEDES-BENZ,C 200 AMG LINE ED PREM + A
MERCEDES-BENZ,C-Klasse,MERCEDES-BENZ,C 200 AMG LINE ED PREM D A
MERCEDES-BENZ,C-Klasse,MERCEDES-BENZ,C 200 AMG LINE ED PREM MHEV A
MERCEDES-BENZ,C-Klasse,MERCEDES-BENZ,C 200 AMG LINE EDITION AUTO
MERCEDES-BENZ,C-Klasse,MERCEDES-BENZ,C 200 AMG LINE EDITION MHEV A
MERCEDES-BENZ,C-Klasse,MERCEDES-BENZ,C 200 AMG LINE MHEV AUTO
MERCEDES-BENZ,C-Klasse,MERCEDES-BENZ,C 200 AMG LINE PREM + MHEV A
MERCEDES-BENZ,C-Klasse,MERCEDES-BENZ,C 200 AMG LINE PREMIUM MHEV A
MERCEDES-BENZ,C-Klasse,MERCEDES-BENZ,C 200 AUTO
MERCEDES-BENZ,C-Klasse,MERCEDES-BENZ,C 200 AVANTGARD
MERCEDES-BENZ,C-Klasse,MERCEDES-BENZ,C 200 CDI
MERCEDES-BENZ,C-Klasse,MERCEDES-BENZ,C 200 EXCLUSIVE LUXURY MHEV A
MERCEDES-BENZ,C-Klasse,MERCEDES-BENZ,C 200 SPORT EDITION AUTO
MERCEDES-BENZ,C-Klasse,MERCEDES-BENZ,C 200 SPORT EDITION D AUTO
MERCEDES-BENZ,C-Klasse,MERCEDES-BENZ,C 200 SPORT EDITION PREM D A
MERCEDES-BENZ,C-Klasse,MERCEDES-BENZ,C 200 SPORT MHEV AUTO
MERCEDES-BENZ,C-Klasse,MERCEDES-BENZ,C 200 SPORT PREMIUM MHEV AUTO
MERCEDES-BENZ,C-Klasse,MERCEDES-BENZ,C 200K
MERCEDES-BENZ,C-Klasse,MERCEDES-BENZ,C 220
MERCEDES-BENZ,C-Klasse,MERCEDES-BENZ,C 220 AMG LINE D MHEV AUTO
MERCEDES-BENZ,C-Klasse,MERCEDES-BENZ,C 220 AMG LINE ED PREM + D A
MERCEDES-BENZ,C-Klasse,MERCEDES-BENZ,C 220 AMG LINE ED PREM D A
MERCEDES-BENZ,C-Klasse,MERCEDES-BENZ,C 220 AMG LINE EDITION D 4M A
MERCEDES-BENZ,C-Klasse,MERCEDES-BENZ,C 220 AMG LINE EDITION D AUTO
MERCEDES-BENZ,C-Klasse,MERCEDES-BENZ,C 220 AMG LINE NGT ED PREM D A
MERCEDES-BENZ,C-Klasse,MERCEDES-BENZ,C 220 AMG LINE PREM + D MHEV A
MERCEDES-BENZ,C-Klasse,MERCEDES-BENZ,C 220 AMG LINE PREM D MHEV A
MERCEDES-BENZ,C-Klasse,MERCEDES-BENZ,C 220 AMG LNE ED PREM + D 4M A
MERCEDES-BENZ,C-Klasse,MERCEDES-BENZ,C 220 AMG LNE NGT ED PRM + D A
MERCEDES-BENZ,C-Klasse,MERCEDES-BENZ,C 220 CDI
MERCEDES-BENZ,C-Klasse,MERCEDES-BENZ,C 220 D
MERCEDES-BENZ,C-Klasse,MERCEDES-BENZ,C 220 SPORT D MHEV AUTO
MERCEDES-BENZ,C-Klasse,MERCEDES-BENZ,C 220 SPORT EDITION D AUTO
MERCEDES-BENZ,C-Klasse,MERCEDES-BENZ,C 220 SPORT EDITION PREM + D A
MERCEDES-BENZ,C-Klasse,MERCEDES-BENZ,C 220 SPORT EDITION PREM D A
MERCEDES-BENZ,C-Klasse,MERCEDES-BENZ,C 220 SPORT PREMIUM D MHEV A
MERCEDES-BENZ,C-Klasse,MERCEDES-BENZ,C 220D
MERCEDES-BENZ,C-Klasse,MERCEDES-BENZ,C 230
MERCEDES-BENZ,C-Klasse,MERCEDES-BENZ,C 230K
MERCEDES-BENZ,C-Klasse,MERCEDES-BENZ,C 240
MERCEDES-BENZ,C-Klasse,MERCEDES-BENZ,C 250
MERCEDES-BENZ,C-Klasse,MERCEDES-BENZ,C 250 CDI
MERCEDES-BENZ,C-Klasse,MERCEDES-BENZ,C 250 CGI
MERCEDES-BENZ,C-Klasse,MERCEDES-BENZ,C 250D
MERCEDES-BENZ,C-Klasse,MERCEDES-BENZ,C 300
MERCEDES-BENZ,C-Klasse,MERCEDES-BENZ,C 300 AMG LINE D MHEV AUTO
MERCEDES-BENZ,C-Klasse,MERCEDES-BENZ,C 300 AMG LINE ED PREM + A
MERCEDES-BENZ,C-Klasse,MERCEDES-BENZ,C 300 AMG LINE ED PREM + D A
MERCEDES-BENZ,C-Klasse,MERCEDES-BENZ,C 300 AMG LINE ED PREM + DE A
MERCEDES-BENZ,C-Klasse,MERCEDES-BENZ,C 300 AMG LINE ED PREM + E A
MERCEDES-BENZ,C-Klasse,MERCEDES-BENZ,C 300 AMG LINE ED PREM D 4M A
MERCEDES-BENZ,C-Klasse,MERCEDES-BENZ,C 300 AMG LINE ED PREM D A
MERCEDES-BENZ,C-Klasse,MERCEDES-BENZ,C 300 AMG LINE ED PREM MHEV A
MERCEDES-BENZ,C-Klasse,MERCEDES-BENZ,C 300 AMG LINE ED PREMIUM DE A
MERCEDES-BENZ,C-Klasse,MERCEDES-BENZ,C 300 AMG LINE ED PREMIUM E A
MERCEDES-BENZ,C-Klasse,MERCEDES-BENZ,C 300 AMG LINE EDITION AUTO
MERCEDES-BENZ,C-Klasse,MERCEDES-BENZ,C 300 AMG LINE EDITION D 4M A
MERCEDES-BENZ,C-Klasse,MERCEDES-BENZ,C 300 AMG LINE EDITION D AUTO
MERCEDES-BENZ,C-Klasse,MERCEDES-BENZ,C 300 AMG LINE EDITION DE AUTO
MERCEDES-BENZ,C-Klasse,MERCEDES-BENZ,C 300 AMG LINE EDITION E AUTO
MERCEDES-BENZ,C-Klasse,MERCEDES-BENZ,C 300 AMG LINE EDITION PREM A
MERCEDES-BENZ,C-Klasse,MERCEDES-BENZ,C 300 AMG LINE EXEC MHEV 4M A
MERCEDES-BENZ,C-Klasse,MERCEDES-BENZ,C 300 AMG LINE MHEV AUTO
MERCEDES-BENZ,C-Klasse,MERCEDES-BENZ,C 300 AMG LINE NGT ED PREM + A
MERCEDES-BENZ,C-Klasse,MERCEDES-BENZ,C 300 AMG LINE NGT ED PREM D A
MERCEDES-BENZ,C-Klasse,MERCEDES-BENZ,C 300 AMG LINE NIGHT ED PREM A
MERCEDES-BENZ,C-Klasse,MERCEDES-BENZ,C 300 AMG LINE PREM + D MHEV A
MERCEDES-BENZ,C-Klasse,MERCEDES-BENZ,C 300 AMG LINE PREM + MHEV A
MERCEDES-BENZ,C-Klasse,MERCEDES-BENZ,C 300 AMG LINE PREM D MHEV A
MERCEDES-BENZ,C-Klasse,MERCEDES-BENZ,C 300 AMG LINE PREM MHEV 4M A
MERCEDES-BENZ,C-Klasse,MERCEDES-BENZ,C 300 AMG LINE PREMIUM
MERCEDES-BENZ,C-Klasse,MERCEDES-BENZ,C 300 AMG LINE PREMIUM E 4M A
MERCEDES-BENZ,C-Klasse,MERCEDES-BENZ,C 300 AMG LINE PREMIUM MHEV A
MERCEDES-BENZ,C-Klasse,MERCEDES-BENZ,C 300 AMG LN NGHT ED MHEV 4M A
MERCEDES-BENZ,C-Klasse,MERCEDES-BENZ,C 300 AMG LN NGT ED PRM + DE A
MERCEDES-BENZ,C-Klasse,MERCEDES-BENZ,C 300 AMG LN NGT ED PRM D 4M A
MERCEDES-BENZ,C-Klasse,MERCEDES-BENZ,C 300 AMG LN NGT ED PRM+D 4M A
MERCEDES-BENZ,C-Klasse,MERCEDES-BENZ,C 300 AMG LNE ED PREM + D 4M A
MERCEDES-BENZ,C-Klasse,MERCEDES-BENZ,C 300 AMG LNE NGT ED PREM DE A
MERCEDES-BENZ,C-Klasse,MERCEDES-BENZ,C 300 AMG LNE NGT ED PRM + D A
MERCEDES-BENZ,C-Klasse,MERCEDES-BENZ,C 300 E AMG LINE AUTO
MERCEDES-BENZ,C-Klasse,MERCEDES-BENZ,C 300 E AMG LINE PREMIUM + A
MERCEDES-BENZ,C-Klasse,MERCEDES-BENZ,C 300 E AMG LINE PREMIUM AUTO
MERCEDES-BENZ,C-Klasse,MERCEDES-BENZ,C 300 SPORT ED PREMIUM + DE A
MERCEDES-BENZ,C-Klasse,MERCEDES-BENZ,C 300 SPORT ED PREMIUM DE AUTO
MERCEDES-BENZ,C-Klasse,MERCEDES-BENZ,C 300 SPORT EDITION DE AUTO
MERCEDES-BENZ,C-Klasse,MERCEDES-BENZ,C 300 SPORT EDITION E AUTO
MERCEDES-BENZ,C-Klasse,MERCEDES-BENZ,C 300 SPORT EDITION PREM + A
MERCEDES-BENZ,C-Klasse,MERCEDES-BENZ,C 300 SPORT EDITION PREM E A
MERCEDES-BENZ,C-Klasse,MERCEDES-BENZ,C 300 SPORT MHEV 4MATIC AUTO
MERCEDES-BENZ,C-Klasse,MERCEDES-BENZ,C 32
MERCEDES-BENZ,C-Klasse,MERCEDES-BENZ,C 320
MERCEDES-BENZ,C-Klasse,MERCEDES-BENZ,C 350
MERCEDES-BENZ,C-Klasse,MERCEDES-BENZ,C 350E
MERCEDES-BENZ,C-Klasse,MERCEDES-BENZ,C 350E SPORT
MERCEDES-BENZ,C-Klasse,MERCEDES-BENZ,C 36 AMG
MERCEDES-BENZ,C-Klasse,MERCEDES-BENZ,C 43 AMG
MERCEDES-BENZ,C-Klasse,MERCEDES-BENZ,C 63
MERCEDES-BENZ,C-Klasse,MERCEDES-BENZ,C 63 AMG
MERCEDES-BENZ,C-Klasse,MERCEDES-BENZ,C CLASS
MERCEDES-BENZ,C-Klasse,MERCEDES-BENZ,C CLASS AMG
MERCEDES-BENZ,C-Klasse,MERCEDES-BENZ,C CLASS AMG C63 S
MERCEDES-BENZ,C-Klasse,MERCEDES-BENZ,C CLASS AMG SPORT
MERCEDES-BENZ,C-Klasse,MERCEDES-BENZ,C CLASS-C350 CDI ELEGANCE
MERCEDES-BENZ,C-Klasse,MERCEDES-BENZ,C-CLASS
SEAT,MII,SEAT,MII
SEAT,MII,SEAT,MII EV
PEUGEOT,3008,PEUGEOT,3008
PEUGEOT,3008,PEUGEOT,3008 ACTIVE PHEV AUTO
PEUGEOT,3008,PEUGEOT,3008 ACTIVE PREM + PTECH S/S A
PEUGEOT,3008,PEUGEOT,3008 ACTIVE PREMIUM + B-HDI SS
PEUGEOT,3008,PEUGEOT,3008 ACTIVE PREMIUM + PTECH SS
PEUGEOT,3008,PEUGEOT,3008 ACTIVE PREMIUM BLUEHDI SS
PEUGEOT,3008,PEUGEOT,3008 ACTIVE PREMIUM P-TECH S/S
PEUGEOT,3008,PEUGEOT,3008 ACTIVE PREMIUM S/S PHEV A
PEUGEOT,3008,PEUGEOT,3008 ACTIVE PURTECH S/S
PEUGEOT,3008,PEUGEOT,3008 ACTVE PREMIUM + BHDI SS A
PEUGEOT,3008,PEUGEOT,3008 ALLURE MHEV AUTO
PEUGEOT,3008,PEUGEOT,3008 ALLURE PHEV AUTO
PEUGEOT,3008,PEUGEOT,3008 ALLURE PREM + P-TECH SS A
PEUGEOT,3008,PEUGEOT,3008 ALLURE PREM P-TECH S/S A
PEUGEOT,3008,PEUGEOT,3008 ALLURE PREM S/S PHEV A
PEUGEOT,3008,PEUGEOT,3008 ALLURE PREM SS PHEV 4X4 A
PEUGEOT,3008,PEUGEOT,3008 ALLURE PREMIUM + B-HDI SS
PEUGEOT,3008,PEUGEOT,3008 ALLURE PREMIUM + PTECH SS
PEUGEOT,3008,PEUGEOT,3008 ALLURE PREMIUM B-HDI SS A
PEUGEOT,3008,PEUGEOT,3008 ALLURE PREMIUM BLUEHDI SS
PEUGEOT,3008,PEUGEOT,3008 ALLURE PREMIUM P-TECH S/S
PEUGEOT,3008,PEUGEOT,3008 ALLURE PREMIUM+ BHDI SS A
PEUGEOT,3008,PEUGEOT,3008 ALLURE PREMIUM+ SS PHEV A
PEUGEOT,3008,PEUGEOT,3008 ALLURE PRM+ SS PHEV 4X4 A
PEUGEOT,3008,PEUGEOT,3008 ALLURE PURETECH S/S
PEUGEOT,3008,PEUGEOT,3008 ALLURE PURETECH S/S AUTO
PEUGEOT,3008,PEUGEOT,3008 ALLURE S/S PHEV 4X4 AUTO
PEUGEOT,3008,PEUGEOT,3008 ALLURE S/S PHEV AUTO
PEUGEOT,3008,PEUGEOT,3008 E HDI
PEUGEOT,3008,PEUGEOT,3008 GT
PEUGEOT,3008,PEUGEOT,3008 GT BLUEHDI S/S
PEUGEOT,3008,PEUGEOT,3008 GT EV
PEUGEOT,3008,PEUGEOT,3008 GT LINE
PEUGEOT,3008,PEUGEOT,3008 GT LINE PREMIUM P-TECH SS
PEUGEOT,3008,PEUGEOT,3008 GT LINE PURETECH S/S
PEUGEOT,3008,PEUGEOT,3008 GT LINE S/S PHEV 4X4 AUTO
PEUGEOT,3008,PEUGEOT,3008 GT LINE S/S PHEV AUTO
PEUGEOT,3008,PEUGEOT,3008 GT MHEV AUTO
PEUGEOT,3008,PEUGEOT,3008 GT PREM P-TECH S/S A
PEUGEOT,3008,PEUGEOT,3008 GT PREMIUM BLUEHDI S/S A
PEUGEOT,3008,PEUGEOT,3008 GT PREMIUM S/S PHEV 4X4 A
PEUGEOT,3008,PEUGEOT,3008 GT PREMIUM S/S PHEV AUTO
PEUGEOT,3008,PEUGEOT,3008 GT PURETECH S/S
PEUGEOT,3008,PEUGEOT,3008 GT PURETECH S/S AUTO
PEUGEOT,3008,PEUGEOT,3008 GT S/S PHEV 4X4 AUTO
PEUGEOT,3008,PEUGEOT,3008 GT S/S PHEV AUTO
PEUGEOT,3008,PEUGEOT,3008 GT-LINE
PEUGEOT,3008,PEUGEOT,3008 HDI
FIAT,500,FIAT,500
FIAT,500,FIAT,500  0.9 TWIN AIR PLUS 3DR
FIAT,500,FIAT,500  C ABARTH
FIAT,500,FIAT,500  MATT BLACK
FIAT,500,FIAT,500 0.9 LOUNGE AUTO
FIAT,500,FIAT,500 1.2 AUTO COLOR THERAPY
FIAT,500,FIAT,500 1.2 LOUNGE
FIAT,500,FIAT,500 1.2 POP STAR STOP/STOP AUTO 3DR
FIAT,500,FIAT,500 ABARTH
FIAT,500,FIAT,500 BLACKJACK
FIAT,500,FIAT,500 C
FIAT,500,FIAT,500 C CONNECT MHEV
FIAT,500,FIAT,500 C DOLCEVITA
FIAT,500,FIAT,500 C DOLCEVITA + MHEV
FIAT,500,FIAT,500 C DOLCEVITA MHEV
FIAT,500,FIAT,500 C DOLCEVITA S-A
FIAT,500,FIAT,500 C HEY GOOGLE MHEV
FIAT,500,FIAT,500 C LAUNCH EDITION MHEV
FIAT,500,FIAT,500 C LOUNGE MHEV
FIAT,500,FIAT,500 C POP MHEV
FIAT,500,FIAT,500 C RED MHEV
FIAT,500,FIAT,500 C RIVA
FIAT,500,FIAT,500 C ROCKSTAR
FIAT,500,FIAT,500 C ROCKSTAR MHEV
FIAT,500,FIAT,500 C ROCKSTAR S-A
FIAT,500,FIAT,500 C ROCKSTAR TWINAIR
FIAT,500,FIAT,500 C S
FIAT,500,FIAT,500 C S TWINAIR
FIAT,500,FIAT,500 C SPORT
FIAT,500,FIAT,500 C SPORT MHEV
FIAT,500,FIAT,500 C SPORT S-A
FIAT,500,FIAT,500 C SPORT TWINAIR
FIAT,500,FIAT,500 C STAR
FIAT,500,FIAT,500 C STAR MHEV
FIAT,500,FIAT,500 C STAR S-A
FIAT,500,FIAT,500 C STAR TWINAIR
FIAT,500,FIAT,500 CONNECT MHEV
FIAT,500,FIAT,500 DIESEL ( SPORT )
FIAT,500,FIAT,500 DOLCEVITA
FIAT,500,FIAT,500 DOLCEVITA + MHEV
FIAT,500,FIAT,500 DOLCEVITA MHEV
FIAT,500,FIAT,500 DOLCEVITA S-A
FIAT,500,FIAT,500 F
FIAT,500,FIAT,500 FURGONCHINO
FIAT,500,FIAT,500 GIARDINIERA
FIAT,500,FIAT,500 HEY GOOGLE MHEV
FIAT,500,FIAT,500 JOLLY
FIAT,500,FIAT,500 L
FIAT,500,FIAT,500 LAUNCH EDITION MHEV
FIAT,500,FIAT,500 LOUNGE
FIAT,500,FIAT,500 LOUNGE  DUALOGIC
FIAT,500,FIAT,500 LOUNGE DUALLOGIC 86 TWINAIR AUTO
FIAT,500,FIAT,500 LOUNGE DUALOGIC  AUTO
FIAT,500,FIAT,500 LOUNGE MHEV
FIAT,500,FIAT,500 MHEV
FIAT,500,FIAT,500 POP
FIAT,500,FIAT,500 POP MHEV
FIAT,500,FIAT,500 RED MHEV
FIAT,500,FIAT,500 ROCKSTAR
FIAT,500,FIAT,500 ROCKSTAR MHEV
FIAT,500,FIAT,500 ROCKSTAR S-A
FIAT,500,FIAT,500 ROCKSTAR TWINAIR
FIAT,500,FIAT,500 S
FIAT,500,FIAT,500 S TWINAIR
FIAT,500,FIAT,500 SPORT
FIAT,500,FIAT,500 SPORT MHEV
FIAT,500,FIAT,500 SPORT S-A
FIAT,500,FIAT,500 SPORT TWINAIR
FIAT,500,FIAT,500 STAR
FIAT,500,FIAT,500 STAR MHEV
FIAT,500,FIAT,500 STAR S-A
FIAT,500,FIAT,500 STAR TWINAIR
FIAT,500,FIAT,500 TOP MHEV
FIAT,500,FIAT,500 TWIN AIR
FIAT,500,FIAT,500 TWIN AIR TURBO
FIAT,500,FIAT,500 TWINAIR
FIAT,500,FIAT,500 TWINAIR (2DR)
FIAT,500,FIAT,500/TWIN AIR
TOYOTA,AURIS,TOYOTA,AURIS
TOYOTA,AURIS,TOYOTA,AURIS (HYBRID)
TOYOTA,AURIS,TOYOTA,AURIS DESIGN HEV
TOYOTA,AURIS,TOYOTA,AURIS DESIGN VVT-I HYBRID CVT
TOYOTA,AURIS,TOYOTA,AURIS EXCEL HEV
TOYOTA,AURIS,TOYOTA,AURIS EXCEL VVT I CVT
TOYOTA,AURIS,TOYOTA,AURIS EXCEL VVT- 1 HYBRID CVT
TOYOTA,AURIS,TOYOTA,AURIS EXCEL VVT- I CVT
TOYOTA,AURIS,TOYOTA,AURIS EXCEL VVT-I CVT
TOYOTA,AURIS,TOYOTA,AURIS EXCL TSS HYBRD
TOYOTA,AURIS,TOYOTA,AURIS EXCL TSS HYBRID VVT-I CVT
TOYOTA,AURIS,TOYOTA,AURIS GB25
TOYOTA,AURIS,TOYOTA,AURIS GB25 HEV
TOYOTA,AURIS,TOYOTA,AURIS HYBRID
TOYOTA,AURIS,TOYOTA,AURIS HYBRID LUNA 4DR AUTO
TOYOTA,AURIS,TOYOTA,AURIS HYBRID T4 CVT
TOYOTA,AURIS,TOYOTA,AURIS ICON + VVT-I CVT
TOYOTA,AURIS,TOYOTA,AURIS ICON HEV
TOYOTA,AURIS,TOYOTA,AURIS ICON VVT-1CVT
TOYOTA,AURIS,TOYOTA,AURIS ICON VVT-I CVT
TOYOTA,AURIS,TOYOTA,AURIS ICON VVT-I HYBRID CVT
TOYOTA,AURIS,TOYOTA,AURIS SR
TOYOTA,AURIS,TOYOTA,AURIS SR180
TOYOTA,AURIS,TOYOTA,AURIS T-SPIRIT HEV CVT
TOYOTA,AURIS,TOYOTA,AURIS T180
TOYOTA,AURIS,TOYOTA,AURIS TOURING SPORTS
TOYOTA,AURIS,TOYOTA,AURIS TR
SUZUKI,VITARA,SUZUKI,VITARA
SUZUKI,VITARA,SUZUKI,VITARA ALL GRIP L-H-D AUTO
SUZUKI,VITARA,SUZUKI,VITARA GO BOOSTERJET MHEV
SUZUKI,VITARA,SUZUKI,VITARA SZ-T B-JET MHEV AGRIP
SUZUKI,VITARA,SUZUKI,VITARA SZ-T BOOSTERJET MHEV
SUZUKI,VITARA,SUZUKI,VITARA SZ-T BOOSTERJET MHEV A
SUZUKI,VITARA,SUZUKI,VITARA SZ-T HEV AUTO
SUZUKI,VITARA,SUZUKI,VITARA SZ4 BOOSTERJET MHEV
SUZUKI,VITARA,SUZUKI,VITARA SZ5 B-JET MHEV AGRIP A
SUZUKI,VITARA,SUZUKI,VITARA SZ5 BOOSTERJET MHEV
SUZUKI,VITARA,SUZUKI,VITARA SZ5 BOOSTERJET MHEV A
SUZUKI,VITARA,SUZUKI,VITARA SZ5 BOOSTJET MHEV AGRIP
SUZUKI,VITARA,SUZUKI,VITARA SZ5 HEV ALLGRIP AUTO
SUZUKI,VITARA,SUZUKI,VITARA SZ5 HEV AUTO
RENAULT,MEGANE,RENAULT,MEGANE
RENAULT,MEGANE,RENAULT,MEGANE CABRIOLET
RENAULT,MEGANE,RENAULT,MEGANE COUPE
RENAULT,MEGANE,RENAULT,MEGANE COUPE CABRIOLET
RENAULT,MEGANE,RENAULT,MEGANE COUPE DCI
RENAULT,MEGANE,RENAULT,MEGANE DCI
RENAULT,MEGANE,RENAULT,MEGANE DYNAMIQUE
RENAULT,MEGANE,RENAULT,MEGANE DYNAMIQUE DCI
RENAULT,MEGANE,RENAULT,MEGANE EQUILIBRE EV
RENAULT,MEGANE,RENAULT,MEGANE ESTATE
RENAULT,MEGANE,RENAULT,MEGANE EXPRESSION +
RENAULT,MEGANE,RENAULT,MEGANE GT-LINE
RENAULT,MEGANE,RENAULT,MEGANE HATCH
RENAULT,MEGANE,RENAULT,MEGANE I-MUSIC
RENAULT,MEGANE,RENAULT,MEGANE ICONIC E-TECH AUTO
RENAULT,MEGANE,RENAULT,MEGANE ICONIC EV
RENAULT,MEGANE,RENAULT,MEGANE KNIGHT EDITION
RENAULT,MEGANE,RENAULT,MEGANE LAUNCH EDITION EV
RENAULT,MEGANE,RENAULT,MEGANE RS
RENAULT,MEGANE,RENAULT,MEGANE RS CUP
RENAULT,MEGANE,RENAULT,MEGANE RS LINE BLUE DCI
RENAULT,MEGANE,RENAULT,MEGANE RS LINE BLUE DCI AUTO
RENAULT,MEGANE,RENAULT,MEGANE RS LINE E-TECH AUTO
RENAULT,MEGANE,RENAULT,MEGANE RS LINE TCE
RENAULT,MEGANE,RENAULT,MEGANE RS LINE TCE AUTO
RENAULT,MEGANE,RENAULT,MEGANE RS PT 250 SPORT
RENAULT,MEGANE,RENAULT,MEGANE RS TROPHY-R TCE
RENAULT,MEGANE,RENAULT,MEGANE SCENIC
RENAULT,MEGANE,RENAULT,MEGANE SIGNATURE
RENAULT,MEGANE,RENAULT,MEGANE SPORT R26
RENAULT,MEGANE,RENAULT,MEGANE TECHNO COMFORT RANGE EV
RENAULT,MEGANE,RENAULT,MEGANE TECHNO EV
RENAULT,MEGANE,RENAULT,MEGANE TECHNO+ EV
RENAULT,MEGANE,RENAULT,MEGANE TROPHY RS
RENAULT,MEGANE,RENAULT,MEGANE-RSPORT 265 S& S
SEAT,LEON,SEAT,LEON
SEAT,LEON,SEAT,LEON CUPRA
SEAT,LEON,SEAT,LEON CUPRA AWD
SEAT,LEON,SEAT,LEON CUPRA R
SEAT,LEON,SEAT,LEON CUPRA ST R TSI 4DRIVE S-A
SEAT,LEON,SEAT,LEON CURPRA R
SEAT,LEON,SEAT,LEON FIRST EDITION ETSI EVO SA
SEAT,LEON,SEAT,LEON FR
SEAT,LEON,SEAT,LEON FR BLACK ED TSI EVO S-A
SEAT,LEON,SEAT,LEON FR BLACK EDITION TDI
SEAT,LEON,SEAT,LEON FR BLACK EDITION TDI S-A
SEAT,LEON,SEAT,LEON FR BLACK EDITION TSI
SEAT,LEON,SEAT,LEON FR BLACK EDITION TSI EVO
SEAT,LEON,SEAT,LEON FR CR TDI
SEAT,LEON,SEAT,LEON FR ETSI EVO S-A
SEAT,LEON,SEAT,LEON FR ETSI S-A
SEAT,LEON,SEAT,LEON FR FIRST EDITION PHEV S-A
SEAT,LEON,SEAT,LEON FR PHEV S-A
SEAT,LEON,SEAT,LEON FR PLUS CR TDI
SEAT,LEON,SEAT,LEON FR SPORT ETSI EVO S-A
SEAT,LEON,SEAT,LEON FR SPORT ETSI S-A
SEAT,LEON,SEAT,LEON FR SPORT PHEV S-A
SEAT,LEON,SEAT,LEON FR SPORT TDI
SEAT,LEON,SEAT,LEON FR SPORT TDI S-A
SEAT,LEON,SEAT,LEON FR SPORT TSI EVO
SEAT,LEON,SEAT,LEON FR SPORT TSI S-A
SEAT,LEON,SEAT,LEON FR TDI
SEAT,LEON,SEAT,LEON FR TECHNOLOGY TSI S-A
SEAT,LEON,SEAT,LEON FR TSI
SEAT,LEON,SEAT,LEON FR TSI EVO
SEAT,LEON,SEAT,LEON FR TSI EVO S-A
SEAT,LEON,SEAT,LEON FR TSI S-A
SEAT,LEON,SEAT,LEON S CR TDI ECOMOTIVE
SEAT,LEON,SEAT,LEON SE DYNAMIC ETSI EVO S-A
SEAT,LEON,SEAT,LEON SE DYNAMIC ETSI S-A
SEAT,LEON,SEAT,LEON SE DYNAMIC TDI
SEAT,LEON,SEAT,LEON SE DYNAMIC TSI
SEAT,LEON,SEAT,LEON SE DYNAMIC TSI EVO
SEAT,LEON,SEAT,LEON SE ETSI EVO S-A
SEAT,LEON,SEAT,LEON SE ETSI S-A
SEAT,LEON,SEAT,LEON SE TDI
SEAT,LEON,SEAT,LEON SE TSI
SEAT,LEON,SEAT,LEON SE TSI EVO
SEAT,LEON,SEAT,LEON ST
SEAT,LEON,SEAT,LEON STYLANCE TDI
SEAT,LEON,SEAT,LEON TDI
SEAT,LEON,SEAT,LEON TSI
SEAT,LEON,SEAT,LEON TSI FR
SEAT,LEON,SEAT,LEON X-PERIENCE TDI
SEAT,LEON,SEAT,LEON XCELLENCE ETSI EVO S-A
SEAT,LEON,SEAT,LEON XCELLENCE ETSI S-A
SEAT,LEON,SEAT,LEON XCELLENCE LUX ETSI EVO SA
SEAT,LEON,SEAT,LEON XCELLENCE LUX ETSI S-A
SEAT,LEON,SEAT,LEON XCELLENCE LUX PHEV S-A
SEAT,LEON,SEAT,LEON XCELLENCE LUX TDI
SEAT,LEON,SEAT,LEON XCELLENCE LUX TDI S-A
SEAT,LEON,SEAT,LEON XCELLENCE LUX TSI EVO
SEAT,LEON,SEAT,LEON XCELLENCE LUX TSI EVO S-A
SEAT,LEON,SEAT,LEON XCELLENCE LUX TSI S-A
SEAT,LEON,SEAT,LEON XCELLENCE PHEV S-A
SEAT,LEON,SEAT,LEON XCELLENCE TDI
SEAT,LEON,SEAT,LEON XCELLENCE TDI S-A
SEAT,LEON,SEAT,LEON XCELLENCE TSI EVO
SEAT,LEON,SEAT,LEON XCELLENCE TSI S-A
HYUNDAI,I30,HYUNDAI,I30
HYUNDAI,I30,HYUNDAI,I30 ACTIVE
HYUNDAI,I30,HYUNDAI,I30 ACTIVE CRDI
HYUNDAI,I30,HYUNDAI,I30 ACTIVE CRDI BLUE
HYUNDAI,I30,HYUNDAI,I30 COMFORT CRDI
HYUNDAI,I30,HYUNDAI,I30 COMFORT CRDI AUTO
HYUNDAI,I30,HYUNDAI,I30 CW
HYUNDAI,I30,HYUNDAI,I30 FASTBACK
HYUNDAI,I30,HYUNDAI,I30 N DRIVE-N LIMITD ED TGDI A
HYUNDAI,I30,HYUNDAI,I30 N LINE MHEV T-GDI
HYUNDAI,I30,HYUNDAI,I30 N LINE MHEV T-GDI AUTO
HYUNDAI,I30,HYUNDAI,I30 N T-GDI
HYUNDAI,I30,HYUNDAI,I30 N T-GDI AUTO
HYUNDAI,I30,HYUNDAI,I30 PREMIUM
HYUNDAI,I30,HYUNDAI,I30 PREMIUM MHEV CRDI
HYUNDAI,I30,HYUNDAI,I30 PREMIUM MHEV CRDI AUTO
HYUNDAI,I30,HYUNDAI,I30 PREMIUM MHEV T-GDI
HYUNDAI,I30,HYUNDAI,I30 PREMIUM MHEV T-GDI AUTO
HYUNDAI,I30,HYUNDAI,I30 PREMIUM SE
HYUNDAI,I30,HYUNDAI,I30 SE
HYUNDAI,I30,HYUNDAI,I30 SE CONNECT MHEV CRDI
HYUNDAI,I30,HYUNDAI,I30 SE CONNECT MHEV CRDI AUTO
HYUNDAI,I30,HYUNDAI,I30 SE CONNECT MHEV T-GDI
HYUNDAI,I30,HYUNDAI,I30 SE CONNECT MHEV T-GDI AUTO
HYUNDAI,I30,HYUNDAI,I30 SE CRDI
SUZUKI,SX4 S-Cross,SUZUKI,SX4 S-CROSS
SUZUKI,SX4 S-Cross,SUZUKI,SX4 S-CROSS MOTION B-JET MHEV
SUZUKI,SX4 S-Cross,SUZUKI,SX4 S-CROSS MOTION BJET MHEV A
SUZUKI,SX4 S-Cross,SUZUKI,SX4 S-CROSS SZ-T B-JET MHEV
SUZUKI,SX4 S-Cross,SUZUKI,SX4 S-CROSS SZ-T B-JET MHEV A
SUZUKI,SX4 S-Cross,SUZUKI,SX4 S-CROSS SZ4 B-JET MHEV
SUZUKI,SX4 S-Cross,SUZUKI,SX4 S-CROSS SZ5 B-JET MHEV
SUZUKI,SX4 S-Cross,SUZUKI,SX4 S-CROSS SZ5 BJET MHEV 4X4A
SUZUKI,SX4 S-Cross,SUZUKI,SX4 S-CROSS SZ5 BJET MHEV AGRP
SUZUKI,SX4 S-Cross,SUZUKI,SX4 S-CROSS SZ5 BOOSTERJET A
SUZUKI,SX4 S-Cross,SUZUKI,SX4 S-CROSS ULTRA B-JET MHEV
SUZUKI,SX4 S-Cross,SUZUKI,SX4 S-CROSS ULTRA BJT MHEV 4X4
OPEL,KARL,VAUXHALL,VIVA
OPEL,KARL,VAUXHALL,VIVA SE
SUZUKI,BALENO,SUZUKI,BALENO
VOLKSWAGEN,T-Roc,VOLKSWAGEN,T-ROC
VOLKSWAGEN,T-Roc,VOLKSWAGEN,T-ROC ACTIVE TDI EVO
VOLKSWAGEN,T-Roc,VOLKSWAGEN,T-ROC ACTIVE TDI EVO S-A
VOLKSWAGEN,T-Roc,VOLKSWAGEN,T-ROC ACTIVE TSI EVO
VOLKSWAGEN,T-Roc,VOLKSWAGEN,T-ROC ACTIVE TSI EVO S-A
VOLKSWAGEN,T-Roc,VOLKSWAGEN,T-ROC BLACK EDITION TDI
VOLKSWAGEN,T-Roc,VOLKSWAGEN,T-ROC BLACK EDITION TDI EVO
VOLKSWAGEN,T-Roc,VOLKSWAGEN,T-ROC BLACK EDITION TDI EVO SA
VOLKSWAGEN,T-Roc,VOLKSWAGEN,T-ROC BLACK EDITION TDI S-A
VOLKSWAGEN,T-Roc,VOLKSWAGEN,T-ROC BLACK EDITION TDI SCR
VOLKSWAGEN,T-Roc,VOLKSWAGEN,T-ROC BLACK EDITION TSI
VOLKSWAGEN,T-Roc,VOLKSWAGEN,T-ROC BLACK EDITION TSI EVO
VOLKSWAGEN,T-Roc,VOLKSWAGEN,T-ROC BLACK EDITION TSI EVO SA
VOLKSWAGEN,T-Roc,VOLKSWAGEN,T-ROC DESIGN TDI EVO
VOLKSWAGEN,T-Roc,VOLKSWAGEN,T-ROC DESIGN TDI EVO S-A
VOLKSWAGEN,T-Roc,VOLKSWAGEN,T-ROC DESIGN TSI EVO
VOLKSWAGEN,T-Roc,VOLKSWAGEN,T-ROC DESIGN TSI EVO S-A
VOLKSWAGEN,T-Roc,VOLKSWAGEN,T-ROC LIFE TDI
VOLKSWAGEN,T-Roc,VOLKSWAGEN,T-ROC LIFE TSI
VOLKSWAGEN,T-Roc,VOLKSWAGEN,T-ROC LIFE TSI S-A
VOLKSWAGEN,T-Roc,VOLKSWAGEN,T-ROC MATCH TSI
VOLKSWAGEN,T-Roc,VOLKSWAGEN,T-ROC MATCH TSI S-A
VOLKSWAGEN,T-Roc,VOLKSWAGEN,T-ROC R TSI 4MOTION S-A
VOLKSWAGEN,T-Roc,VOLKSWAGEN,T-ROC R-LINE TDI 4MOTION S-A
VOLKSWAGEN,T-Roc,VOLKSWAGEN,T-ROC R-LINE TDI EVO
VOLKSWAGEN,T-Roc,VOLKSWAGEN,T-ROC R-LINE TDI EVO S-A
VOLKSWAGEN,T-Roc,VOLKSWAGEN,T-ROC R-LINE TSI
VOLKSWAGEN,T-Roc,VOLKSWAGEN,T-ROC R-LINE TSI EVO
VOLKSWAGEN,T-Roc,VOLKSWAGEN,T-ROC R-LINE TSI EVO S-A
VOLKSWAGEN,T-Roc,VOLKSWAGEN,T-ROC R-LINE TSI S-A
VOLKSWAGEN,T-Roc,VOLKSWAGEN,T-ROC S TDI EVO
VOLKSWAGEN,T-Roc,VOLKSWAGEN,T-ROC SE TDI EVO
VOLKSWAGEN,T-Roc,VOLKSWAGEN,T-ROC SE TDI EVO S-A
VOLKSWAGEN,T-Roc,VOLKSWAGEN,T-ROC SE TSI EVO
VOLKSWAGEN,T-Roc,VOLKSWAGEN,T-ROC SE TSI EVO S-A
VOLKSWAGEN,T-Roc,VOLKSWAGEN,T-ROC SEL TDI EVO
VOLKSWAGEN,T-Roc,VOLKSWAGEN,T-ROC SEL TDI EVO S-A
VOLKSWAGEN,T-Roc,VOLKSWAGEN,T-ROC SEL TSI EVO
VOLKSWAGEN,T-Roc,VOLKSWAGEN,T-ROC SEL TSI EVO S-A
VOLKSWAGEN,T-Roc,VOLKSWAGEN,T-ROC STYLE TDI
VOLKSWAGEN,T-Roc,VOLKSWAGEN,T-ROC STYLE TDI 4MOTION S-A
VOLKSWAGEN,T-Roc,VOLKSWAGEN,T-ROC STYLE TDI S-A
VOLKSWAGEN,T-Roc,VOLKSWAGEN,T-ROC STYLE TSI
VOLKSWAGEN,T-Roc,VOLKSWAGEN,T-ROC STYLE TSI 4MOTION S-A
VOLKSWAGEN,T-Roc,VOLKSWAGEN,T-ROC STYLE TSI S-A
VOLKSWAGEN,T-Roc,VOLKSWAGEN,T-ROC TDI
VOLKSWAGEN,T-Roc,VOLKSWAGEN,T-ROC UNITED TSI
VOLKSWAGEN,T-Roc,VOLKSWAGEN,T-ROC UNITED TSI EVO
VOLKSWAGEN,T-Roc,VOLKSWAGEN,T-ROC UNITED TSI EVO S-A
SKODA,OCTAVIA COMBI,SKODA,OCTAVIA
SKODA,OCTAVIA COMBI,SKODA,OCTAVIA 1.6 ELEGANCE
SKODA,OCTAVIA COMBI,SKODA,OCTAVIA CLASSIC TD
SKODA,OCTAVIA COMBI,SKODA,OCTAVIA ESTATE
SKODA,OCTAVIA COMBI,SKODA,OCTAVIA ESTATE VRS
SKODA,OCTAVIA COMBI,SKODA,OCTAVIA FIRST EDITION TSI
SKODA,OCTAVIA COMBI,SKODA,OCTAVIA FSI
SKODA,OCTAVIA COMBI,SKODA,OCTAVIA FST ED TSI ETC MHEV SA
SKODA,OCTAVIA COMBI,SKODA,OCTAVIA GREENLINE
SKODA,OCTAVIA COMBI,SKODA,OCTAVIA GREENLINE TDI
SKODA,OCTAVIA COMBI,SKODA,OCTAVIA RS
SKODA,OCTAVIA COMBI,SKODA,OCTAVIA SCOUT
SKODA,OCTAVIA COMBI,SKODA,OCTAVIA SCOUT 4X4
SKODA,OCTAVIA COMBI,SKODA,OCTAVIA SCOUT TDI
SKODA,OCTAVIA COMBI,SKODA,OCTAVIA SCOUT TDI 4X4 S-A
SKODA,OCTAVIA COMBI,SKODA,OCTAVIA SE DRIVE TDI S-A
SKODA,OCTAVIA COMBI,SKODA,OCTAVIA SE FIRST EDITION TDI
SKODA,OCTAVIA COMBI,SKODA,OCTAVIA SE FIRST EDITION TSI
SKODA,OCTAVIA COMBI,SKODA,OCTAVIA SE FRST ED TSI ETEC SA
SKODA,OCTAVIA COMBI,SKODA,OCTAVIA SE L FIRST ED TDI S-A
SKODA,OCTAVIA COMBI,SKODA,OCTAVIA SE L FIRST EDITION TDI
SKODA,OCTAVIA COMBI,SKODA,OCTAVIA SE L FIRST EDITION TSI
SKODA,OCTAVIA COMBI,SKODA,OCTAVIA SE L TDI
SKODA,OCTAVIA COMBI,SKODA,OCTAVIA SE L TDI 4X4 S-A
SKODA,OCTAVIA COMBI,SKODA,OCTAVIA SE L TDI S-A
SKODA,OCTAVIA COMBI,SKODA,OCTAVIA SE L TSI
SKODA,OCTAVIA COMBI,SKODA,OCTAVIA SE L TSI E-TEC MHEV SA
SKODA,OCTAVIA COMBI,SKODA,OCTAVIA SE L TSI E-TEC S-A
SKODA,OCTAVIA COMBI,SKODA,OCTAVIA SE L TSI IV S-A
SKODA,OCTAVIA COMBI,SKODA,OCTAVIA SE PLUS TDI CR 140
SKODA,OCTAVIA COMBI,SKODA,OCTAVIA SE TCH TSI ETC MHEV SA
SKODA,OCTAVIA COMBI,SKODA,OCTAVIA SE TDI
SKODA,OCTAVIA COMBI,SKODA,OCTAVIA SE TDI S-A
SKODA,OCTAVIA COMBI,SKODA,OCTAVIA SE TECH FIRST ED TDI
SKODA,OCTAVIA COMBI,SKODA,OCTAVIA SE TECH FIRST ED TSI
SKODA,OCTAVIA COMBI,SKODA,OCTAVIA SE TECH TSI E-TEC S-A
SKODA,OCTAVIA COMBI,SKODA,OCTAVIA SE TECH TSI IV S-A
SKODA,OCTAVIA COMBI,SKODA,OCTAVIA SE TECH TSI MHEV S-A
SKODA,OCTAVIA COMBI,SKODA,OCTAVIA SE TECHNOLOGY TDI
SKODA,OCTAVIA COMBI,SKODA,OCTAVIA SE TECHNOLOGY TDI S-A
SKODA,OCTAVIA COMBI,SKODA,OCTAVIA SE TECHNOLOGY TSI
SKODA,OCTAVIA COMBI,SKODA,OCTAVIA SE TSI
SKODA,OCTAVIA COMBI,SKODA,OCTAVIA SE TSI E-TEC MHEV S-A
SKODA,OCTAVIA COMBI,SKODA,OCTAVIA SE TSI E-TEC S-A
SKODA,OCTAVIA COMBI,SKODA,OCTAVIA SPORTLINE TDI S-A
SKODA,OCTAVIA COMBI,SKODA,OCTAVIA SPORTLINE TSI
SKODA,OCTAVIA COMBI,SKODA,OCTAVIA SPRTLN TSI ETC MHEV SA
SKODA,OCTAVIA COMBI,SKODA,OCTAVIA TDI
SKODA,OCTAVIA COMBI,SKODA,OCTAVIA TFSI VRS
SKODA,OCTAVIA COMBI,SKODA,OCTAVIA TSI
SKODA,OCTAVIA COMBI,SKODA,OCTAVIA VRS
SKODA,OCTAVIA COMBI,SKODA,OCTAVIA VRS ESTATE
SKODA,OCTAVIA COMBI,SKODA,OCTAVIA VRS ESTATE.
SKODA,OCTAVIA COMBI,SKODA,OCTAVIA VRS S-A
SKODA,OCTAVIA COMBI,SKODA,OCTAVIA VRS TDI 4X4 S-A
SKODA,OCTAVIA COMBI,SKODA,OCTAVIA VRS TDI S-A
SKODA,OCTAVIA COMBI,SKODA,OCTAVIA VRS TSI
SKODA,OCTAVIA COMBI,SKODA,OCTAVIA VRS TSI IV S-A
SKODA,OCTAVIA COMBI,SKODA,OCTAVIA VRS TSI S-A
SKODA,OCTAVIA COMBI,SKODA,OCTAVIA-ELEGANCE
SUZUKI,Celerio,SUZUKI,CELERIO
RENAULT,CLIO,RENAULT,CLIO
RENAULT,CLIO,RENAULT,CLIO  DCI
RENAULT,CLIO,RENAULT,CLIO  INITIALE
RENAULT,CLIO,RENAULT,CLIO 20TH
RENAULT,CLIO,RENAULT,CLIO DCI
RENAULT,CLIO,RENAULT,CLIO DYNAMIC DCI
RENAULT,CLIO,RENAULT,CLIO DYNAMIQUE
RENAULT,CLIO,RENAULT,CLIO DYNAMIQUE DCI
RENAULT,CLIO,RENAULT,CLIO DYNAMIQUE TCE
RENAULT,CLIO,RENAULT,CLIO E-TECH ENGINEERED HEV A
RENAULT,CLIO,RENAULT,CLIO ESPRIT ALPINE ETECH HEV A
RENAULT,CLIO,RENAULT,CLIO ESPRIT ALPINE TCE
RENAULT,CLIO,RENAULT,CLIO EVOLUTION E-TECH HEV AUTO
RENAULT,CLIO,RENAULT,CLIO EVOLUTION TCE
RENAULT,CLIO,RENAULT,CLIO EXPRESSION
RENAULT,CLIO,RENAULT,CLIO FREEWAY
RENAULT,CLIO,RENAULT,CLIO GT-LINE
RENAULT,CLIO,RENAULT,CLIO GT-LINE TCE
RENAULT,CLIO,RENAULT,CLIO I-MUSIC
RENAULT,CLIO,RENAULT,CLIO ICONIC BLUE DCI
RENAULT,CLIO,RENAULT,CLIO ICONIC BOSE BLUE DCI
RENAULT,CLIO,RENAULT,CLIO ICONIC BOSE SCE
RENAULT,CLIO,RENAULT,CLIO ICONIC BOSE TCE
RENAULT,CLIO,RENAULT,CLIO ICONIC E-TECH AUTO
RENAULT,CLIO,RENAULT,CLIO ICONIC ED E-TECH HEV A
RENAULT,CLIO,RENAULT,CLIO ICONIC EDITION TCE
RENAULT,CLIO,RENAULT,CLIO ICONIC SCE
RENAULT,CLIO,RENAULT,CLIO ICONIC TCE
RENAULT,CLIO,RENAULT,CLIO ICONIC TCE 75
RENAULT,CLIO,RENAULT,CLIO ICONIC TCE CVT
RENAULT,CLIO,RENAULT,CLIO LAUNCH EDITION E-TECH A
RENAULT,CLIO,RENAULT,CLIO LUTECIA SE E-TECH HEV A
RENAULT,CLIO,RENAULT,CLIO LUTECIA SE TCE
RENAULT,CLIO,RENAULT,CLIO PLAY BLUE DCI
RENAULT,CLIO,RENAULT,CLIO PLAY E-TECH AUTO
RENAULT,CLIO,RENAULT,CLIO PLAY SCE
RENAULT,CLIO,RENAULT,CLIO PLAY TCE
RENAULT,CLIO,RENAULT,CLIO PLAY TCE CVT
RENAULT,CLIO,RENAULT,CLIO RS LINE BLUE DCI
RENAULT,CLIO,RENAULT,CLIO RS LINE BOSE BLUE DCI
RENAULT,CLIO,RENAULT,CLIO RS LINE BOSE EDITION TCE
RENAULT,CLIO,RENAULT,CLIO RS LINE BOSE TCE
RENAULT,CLIO,RENAULT,CLIO RS LINE BOSE TCE AUTO
RENAULT,CLIO,RENAULT,CLIO RS LINE BOSE TCE CVT
RENAULT,CLIO,RENAULT,CLIO RS LINE E-TECH AUTO
RENAULT,CLIO,RENAULT,CLIO RS LINE E-TECH HEV AUTO
RENAULT,CLIO,RENAULT,CLIO RS LINE TCE
RENAULT,CLIO,RENAULT,CLIO RS LINE TCE AUTO
RENAULT,CLIO,RENAULT,CLIO RS LINE TCE CVT
RENAULT,CLIO,RENAULT,CLIO S EDITION BLUE DCI
RENAULT,CLIO,RENAULT,CLIO S EDITION BOSE BLUE DCI
RENAULT,CLIO,RENAULT,CLIO S EDITION BOSE TCE
RENAULT,CLIO,RENAULT,CLIO S EDITION BOSE TCE AUTO
RENAULT,CLIO,RENAULT,CLIO S EDITION BOSE TCE CVT
RENAULT,CLIO,RENAULT,CLIO S EDITION E-TECH AUTO
RENAULT,CLIO,RENAULT,CLIO S EDITION TCE
RENAULT,CLIO,RENAULT,CLIO S EDITION TCE AUTO
RENAULT,CLIO,RENAULT,CLIO S EDITION TCE CVT
RENAULT,CLIO,RENAULT,CLIO SE EDITION E-TECH HEV A
RENAULT,CLIO,RENAULT,CLIO SE EDITION TCE
RENAULT,CLIO,RENAULT,CLIO SPORT
RENAULT,CLIO,RENAULT,CLIO SPORT GT-LINE
RENAULT,CLIO,RENAULT,CLIO TCE
RENAULT,CLIO,RENAULT,CLIO TECHNO E-TECH HEV AUTO
RENAULT,CLIO,RENAULT,CLIO TECHNO TCE
RENAULT,CLIO,RENAULT,CLIO V6
CITROËN,C4,CITROEN,C4
CITROËN,C4,CITROEN,C4  SPACETOURER
CITROËN,C4,CITROEN,C4 + PURETECH S/S
CITROËN,C4,CITROEN,C4 + PURETECH S/S AUTO
CITROËN,C4,CITROEN,C4 C-SERIES EDITION B-HDI SS A
CITROËN,C4,CITROEN,C4 C-SERIES EDITION BLUEHDI SS
CITROËN,C4,CITROEN,C4 C-SERIES EDITION PTECH SS A
CITROËN,C4,CITROEN,C4 C-SERIES EDITION PURETCH SS
CITROËN,C4,CITROEN,C4 CACTUS
CITROËN,C4,CITROEN,C4 COOL
CITROËN,C4,CITROEN,C4 GR PICASSO EXCL + BLUEHDI A
CITROËN,C4,CITROEN,C4 GR PICASSO FEEL BLUHDI SS  A
CITROËN,C4,CITROEN,C4 GR STOURER
CITROËN,C4,CITROEN,C4 GR STOURER FEEL + BHDI SS A
CITROËN,C4,CITROEN,C4 GR STOURER FEEL + PTCH SS A
CITROËN,C4,CITROEN,C4 GR STOURER FEEL BHDI S/S A
CITROËN,C4,CITROEN,C4 GR STOURER FLAIR
CITROËN,C4,CITROEN,C4 GR STOURER FLAIR + BHDI SS
CITROËN,C4,CITROEN,C4 GR STOURER FLAIR + PTECH SS
CITROËN,C4,CITROEN,C4 GR STOURER FLAIR BHDI SS A
CITROËN,C4,CITROEN,C4 GR STOURER FLAIR PTECH S/S
CITROËN,C4,CITROEN,C4 GR STOURER FLAIR+ BHDI SS A
CITROËN,C4,CITROEN,C4 GR STOURER FLAIR+ PTCH SS A
CITROËN,C4,CITROEN,C4 GR STOURER LIVE PTECH SS A
CITROËN,C4,CITROEN,C4 GR STOURER SENSE BHDI SS A
CITROËN,C4,CITROEN,C4 GR STOURER SENSE PTECH SS A
CITROËN,C4,CITROEN,C4 GR STOURER SHINE BHDI SS A
CITROËN,C4,CITROEN,C4 GR STOURER SHINE PTECH SS A
CITROËN,C4,CITROEN,C4 GR STOURER TCH ED BHDI SS A
CITROËN,C4,CITROEN,C4 GR STOURER TCH ED PTCH SS A
CITROËN,C4,CITROEN,C4 GR STOURER TCH ED PTECH SS
CITROËN,C4,CITROEN,C4 GR STOURER TOUCH+ PTCH SS A
CITROËN,C4,CITROEN,C4 GRAND PICASSO
CITROËN,C4,CITROEN,C4 GRAND PICASSO PLATINUM HDI
CITROËN,C4,CITROEN,C4 GRAND SPACE TOURER
CITROËN,C4,CITROEN,C4 GRAND SPACETOURER
CITROËN,C4,CITROEN,C4 GRAND STOURER FEEL+ BHDI SS
CITROËN,C4,CITROEN,C4 GRAND STOURER FEEL+ PTCH SS
CITROËN,C4,CITROEN,C4 GRAND STOURER LIVE BHDI SS
CITROËN,C4,CITROEN,C4 GRAND STOURER LIVE PTECH SS
CITROËN,C4,CITROEN,C4 GRAND STOURER SENSE BHDI SS
CITROËN,C4,CITROEN,C4 GRAND STOURER SENSE PTCH SS
CITROËN,C4,CITROEN,C4 GRAND STOURER SHINE BHDI SS
CITROËN,C4,CITROEN,C4 GRAND STOURER SHINE PTCH SS
CITROËN,C4,CITROEN,C4 GRAND STOURER TCH + BHDI SS
CITROËN,C4,CITROEN,C4 GRAND STOURER TCH + PTCH SS
CITROËN,C4,CITROEN,C4 GRD PICASSO EXCL + BLUEHDI
CITROËN,C4,CITROEN,C4 GRD PICASSO EXCL BLUE HDI A
CITROËN,C4,CITROEN,C4 GRD PICASSO EXCL BLUEHDI A
CITROËN,C4,CITROEN,C4 GRD PICASSO EXCL BLUEHDIA
CITROËN,C4,CITROEN,C4 MAX PURETECH S/S
CITROËN,C4,CITROEN,C4 MAX PURETECH S/S AUTO
CITROËN,C4,CITROEN,C4 PICASSO
CITROËN,C4,CITROEN,C4 PICASSO EXCLUSIVE
CITROËN,C4,CITROEN,C4 PICASSO EXCLUSIVE HDI
CITROËN,C4,CITROEN,C4 PICASSO HDI
CITROËN,C4,CITROEN,C4 PICASSO HDI SPORTIF
CITROËN,C4,CITROEN,C4 PICASSO VTR+
CITROËN,C4,CITROEN,C4 SENSE + BLUEHDI S/S
CITROËN,C4,CITROEN,C4 SENSE + BLUEHDI S/S AUTO
CITROËN,C4,CITROEN,C4 SENSE + PURETECH S/S
CITROËN,C4,CITROEN,C4 SENSE + PURETECH S/S AUTO
CITROËN,C4,CITROEN,C4 SENSE BLUEHDI S/S
CITROËN,C4,CITROEN,C4 SENSE PURETECH S/S
CITROËN,C4,CITROEN,C4 SHINE + BLUEHDI S/S AUTO
CITROËN,C4,CITROEN,C4 SHINE + PURETECH S/S AUTO
CITROËN,C4,CITROEN,C4 SHINE BLUEHDI S/S
CITROËN,C4,CITROEN,C4 SHINE BLUEHDI S/S AUTO
CITROËN,C4,CITROEN,C4 SHINE PURETECH S/S
CITROËN,C4,CITROEN,C4 SHINE PURETECH S/S AUTO
CITROËN,C4,CITROEN,C4 SPACE TOURER
CITROËN,C4,CITROEN,C4 SPACETOURER
CITROËN,C4,CITROEN,C4 SPACETOURER GRAND PURETECH LIVE
CITROËN,C4,CITROEN,C4 STOURER FEEL BLUEHDI S/S A
CITROËN,C4,CITROEN,C4 STOURER FLAIR PURETECH S/S
CITROËN,C4,CITROEN,C4 SX
CITROËN,C4,CITROEN,C4 VTR+
CITROËN,C4,CITROEN,C4 X MAX PURETECH S/S AUTO
CITROËN,C4,CITROEN,C4 X PLUS PURETECH S/S AUTO
CITROËN,C4,CITROEN,C4 X SHINE PURETECH S/S AUTO
CITROËN,C4,CITROEN,C4 YOU PURETECH S/S
MERCEDES-BENZ,A-Klasse,MERCEDES-BENZ,A
MERCEDES-BENZ,A-Klasse,MERCEDES-BENZ,A 140
MERCEDES-BENZ,A-Klasse,MERCEDES-BENZ,A 150
MERCEDES-BENZ,A-Klasse,MERCEDES-BENZ,A 160
MERCEDES-BENZ,A-Klasse,MERCEDES-BENZ,A 160 CDI
MERCEDES-BENZ,A-Klasse,MERCEDES-BENZ,A 170
MERCEDES-BENZ,A-Klasse,MERCEDES-BENZ,A 180
MERCEDES-BENZ,A-Klasse,MERCEDES-BENZ,A 180 1.6 AUTO
MERCEDES-BENZ,A-Klasse,MERCEDES-BENZ,A 180 AMG LINE D
MERCEDES-BENZ,A-Klasse,MERCEDES-BENZ,A 180 AMG LINE ED EXECUTIVE
MERCEDES-BENZ,A-Klasse,MERCEDES-BENZ,A 180 AMG LINE ED EXECUTIVE A
MERCEDES-BENZ,A-Klasse,MERCEDES-BENZ,A 180 AMG LINE ED EXECUTIVE D
MERCEDES-BENZ,A-Klasse,MERCEDES-BENZ,A 180 AMG LINE ED EXECUTVE D A
MERCEDES-BENZ,A-Klasse,MERCEDES-BENZ,A 180 AMG LINE ED PREMIUM +
MERCEDES-BENZ,A-Klasse,MERCEDES-BENZ,A 180 AMG LINE ED PREMIUM + A
MERCEDES-BENZ,A-Klasse,MERCEDES-BENZ,A 180 AMG LINE ED PREMIUM + D
MERCEDES-BENZ,A-Klasse,MERCEDES-BENZ,A 180 AMG LINE ED PREMIUM A
MERCEDES-BENZ,A-Klasse,MERCEDES-BENZ,A 180 AMG LINE ED PREMIUM D
MERCEDES-BENZ,A-Klasse,MERCEDES-BENZ,A 180 AMG LINE ED PREMIUM D A
MERCEDES-BENZ,A-Klasse,MERCEDES-BENZ,A 180 AMG LINE ED PREMIUM+ D A
MERCEDES-BENZ,A-Klasse,MERCEDES-BENZ,A 180 AMG LINE EDITION PREMIUM
MERCEDES-BENZ,A-Klasse,MERCEDES-BENZ,A 180 AMG LINE EXECUTIVE D
MERCEDES-BENZ,A-Klasse,MERCEDES-BENZ,A 180 AMG LINE PREMIUM + D
MERCEDES-BENZ,A-Klasse,MERCEDES-BENZ,A 180 AMG LINE PREMIUM D
MERCEDES-BENZ,A-Klasse,MERCEDES-BENZ,A 180 AMG LINE PREMIUM MHEV A
MERCEDES-BENZ,A-Klasse,MERCEDES-BENZ,A 180 AMG LINE PREMIUM+ MHEV A
MERCEDES-BENZ,A-Klasse,MERCEDES-BENZ,A 180 AMG LN PREM + NGT ED D A
MERCEDES-BENZ,A-Klasse,MERCEDES-BENZ,A 180 AMG LN PREM + NIGHT ED A
MERCEDES-BENZ,A-Klasse,MERCEDES-BENZ,A 180 AMG LNE EXECUTIVE MHEV A
MERCEDES-BENZ,A-Klasse,MERCEDES-BENZ,A 180 AUTO
MERCEDES-BENZ,A-Klasse,MERCEDES-BENZ,A 180 BLUE EFFICENCY SPORT AUTO
MERCEDES-BENZ,A-Klasse,MERCEDES-BENZ,A 180 CDI
MERCEDES-BENZ,A-Klasse,MERCEDES-BENZ,A 180 D
MERCEDES-BENZ,A-Klasse,MERCEDES-BENZ,A 180 D AMG LINE
MERCEDES-BENZ,A-Klasse,MERCEDES-BENZ,A 180 NIGHT EDITION
MERCEDES-BENZ,A-Klasse,MERCEDES-BENZ,A 180 SE D
MERCEDES-BENZ,A-Klasse,MERCEDES-BENZ,A 180 SE EXECUTIVE D
MERCEDES-BENZ,A-Klasse,MERCEDES-BENZ,A 180 SPORT
MERCEDES-BENZ,A-Klasse,MERCEDES-BENZ,A 180 SPORT D
MERCEDES-BENZ,A-Klasse,MERCEDES-BENZ,A 180 SPORT EXECUTIVE D
MERCEDES-BENZ,A-Klasse,MERCEDES-BENZ,A 180 SPORT EXECUTIVE ED D
MERCEDES-BENZ,A-Klasse,MERCEDES-BENZ,A 180 SPORT EXECUTIVE ED D A
MERCEDES-BENZ,A-Klasse,MERCEDES-BENZ,A 180 SPORT EXECUTIVE EDITION
MERCEDES-BENZ,A-Klasse,MERCEDES-BENZ,A 180 SPORT EXECUTIVE MHEV A
MERCEDES-BENZ,A-Klasse,MERCEDES-BENZ,A 180 SPORT EXECUTVE EDITION A
MERCEDES-BENZ,A-Klasse,MERCEDES-BENZ,A 180 SPORT MHEV AUTO
MERCEDES-BENZ,A-Klasse,MERCEDES-BENZ,A 180 SPORT PREMIUM + D
MERCEDES-BENZ,A-Klasse,MERCEDES-BENZ,A 180 SPORT PREMIUM D
MERCEDES-BENZ,A-Klasse,MERCEDES-BENZ,A 180D
MERCEDES-BENZ,A-Klasse,MERCEDES-BENZ,A 180D SPORT PREMIUM
MERCEDES-BENZ,A-Klasse,MERCEDES-BENZ,A 200
MERCEDES-BENZ,A-Klasse,MERCEDES-BENZ,A 200 AMG LINE ED EXECUTIVE
MERCEDES-BENZ,A-Klasse,MERCEDES-BENZ,A 200 AMG LINE ED EXECUTIVE A
MERCEDES-BENZ,A-Klasse,MERCEDES-BENZ,A 200 AMG LINE ED EXECUTVE D A
MERCEDES-BENZ,A-Klasse,MERCEDES-BENZ,A 200 AMG LINE ED PREMIUM +
MERCEDES-BENZ,A-Klasse,MERCEDES-BENZ,A 200 AMG LINE ED PREMIUM + A
MERCEDES-BENZ,A-Klasse,MERCEDES-BENZ,A 200 AMG LINE ED PREMIUM A
MERCEDES-BENZ,A-Klasse,MERCEDES-BENZ,A 200 AMG LINE ED PREMIUM D A
MERCEDES-BENZ,A-Klasse,MERCEDES-BENZ,A 200 AMG LINE ED PREMIUM+ D A
MERCEDES-BENZ,A-Klasse,MERCEDES-BENZ,A 200 AMG LINE EDITION PREMIUM
MERCEDES-BENZ,A-Klasse,MERCEDES-BENZ,A 200 AMG LINE EXECUTIVE D A
MERCEDES-BENZ,A-Klasse,MERCEDES-BENZ,A 200 AMG LINE PREMIUM + D
MERCEDES-BENZ,A-Klasse,MERCEDES-BENZ,A 200 AMG LINE PREMIUM D 4M A
MERCEDES-BENZ,A-Klasse,MERCEDES-BENZ,A 200 AMG LINE PREMIUM D AUTO
MERCEDES-BENZ,A-Klasse,MERCEDES-BENZ,A 200 AMG LINE PREMIUM MHEV A
MERCEDES-BENZ,A-Klasse,MERCEDES-BENZ,A 200 AMG LINE PREMIUM+
MERCEDES-BENZ,A-Klasse,MERCEDES-BENZ,A 200 AMG LINE PREMIUM+ D 4M A
MERCEDES-BENZ,A-Klasse,MERCEDES-BENZ,A 200 AMG LINE PREMIUM+ MHEV A
MERCEDES-BENZ,A-Klasse,MERCEDES-BENZ,A 200 AMG LN PREM + NGT ED D A
MERCEDES-BENZ,A-Klasse,MERCEDES-BENZ,A 200 AMG LN PREM + NIGHT ED A
MERCEDES-BENZ,A-Klasse,MERCEDES-BENZ,A 200 AMG LNE EXECUTIVE MHEV A
MERCEDES-BENZ,A-Klasse,MERCEDES-BENZ,A 200 CDI
MERCEDES-BENZ,A-Klasse,MERCEDES-BENZ,A 200 D
MERCEDES-BENZ,A-Klasse,MERCEDES-BENZ,A 200 D AMG LINE PREMIUM
MERCEDES-BENZ,A-Klasse,MERCEDES-BENZ,A 200 EXCLSVE LAUNCH ED MHEV A
MERCEDES-BENZ,A-Klasse,MERCEDES-BENZ,A 200 EXCLUSIVE EDITION
MERCEDES-BENZ,A-Klasse,MERCEDES-BENZ,A 200 EXCLUSIVE EDITION AUTO
MERCEDES-BENZ,A-Klasse,MERCEDES-BENZ,A 200 EXCLUSIVE EDITION D AUTO
MERCEDES-BENZ,A-Klasse,MERCEDES-BENZ,A 200 SPORT EXECUTIVE D AUTO
MERCEDES-BENZ,A-Klasse,MERCEDES-BENZ,A 200 SPORT EXECUTIVE ED D A
MERCEDES-BENZ,A-Klasse,MERCEDES-BENZ,A 200 SPORT EXECUTIVE EDITION
MERCEDES-BENZ,A-Klasse,MERCEDES-BENZ,A 200 SPORT EXECUTIVE MHEV A
MERCEDES-BENZ,A-Klasse,MERCEDES-BENZ,A 200 SPORT EXECUTVE EDITION A
MERCEDES-BENZ,A-Klasse,MERCEDES-BENZ,A 220
MERCEDES-BENZ,A-Klasse,MERCEDES-BENZ,A 220 AMG LINE PREMIUM D 4M A
MERCEDES-BENZ,A-Klasse,MERCEDES-BENZ,A 220 AMG LINE PREMIUM+ D 4M A
MERCEDES-BENZ,A-Klasse,MERCEDES-BENZ,A 220 EXCLUSIVE EDITION + D A
MERCEDES-BENZ,A-Klasse,MERCEDES-BENZ,A 250
MERCEDES-BENZ,A-Klasse,MERCEDES-BENZ,A 250 AMG LINE E AUTO
MERCEDES-BENZ,A-Klasse,MERCEDES-BENZ,A 250 AMG LINE ED EXECUTIVE A
MERCEDES-BENZ,A-Klasse,MERCEDES-BENZ,A 250 AMG LINE ED EXECUTVE E A
MERCEDES-BENZ,A-Klasse,MERCEDES-BENZ,A 250 AMG LINE ED PREMIUM + A
MERCEDES-BENZ,A-Klasse,MERCEDES-BENZ,A 250 AMG LINE ED PREMIUM A
MERCEDES-BENZ,A-Klasse,MERCEDES-BENZ,A 250 AMG LINE ED PREMIUM E A
MERCEDES-BENZ,A-Klasse,MERCEDES-BENZ,A 250 AMG LINE ED PREMIUM+ E A
MERCEDES-BENZ,A-Klasse,MERCEDES-BENZ,A 250 AMG LINE EDITION E AUTO
MERCEDES-BENZ,A-Klasse,MERCEDES-BENZ,A 250 AMG LINE EXECUTIVE E A
MERCEDES-BENZ,A-Klasse,MERCEDES-BENZ,A 250 AMG LINE PREMIUM + E A
MERCEDES-BENZ,A-Klasse,MERCEDES-BENZ,A 250 AMG LINE PREMIUM E AUTO
MERCEDES-BENZ,A-Klasse,MERCEDES-BENZ,A 250 AMG LN PREM + NGT ED E A
MERCEDES-BENZ,A-Klasse,MERCEDES-BENZ,A 250 EXCLUSIVE EDITION + AUTO
MERCEDES-BENZ,A-Klasse,MERCEDES-BENZ,A 250 SPORT E AUTO
MERCEDES-BENZ,A-Klasse,MERCEDES-BENZ,A 250 SPORT EDITION E AUTO
MERCEDES-BENZ,A-Klasse,MERCEDES-BENZ,A 35
MERCEDES-BENZ,A-Klasse,MERCEDES-BENZ,A 35 4MATIC EXECUTIVE
MERCEDES-BENZ,A-Klasse,MERCEDES-BENZ,A 35 AMG
MERCEDES-BENZ,A-Klasse,MERCEDES-BENZ,A 45
MERCEDES-BENZ,A-Klasse,MERCEDES-BENZ,A 45 4 NATIC AMG
MERCEDES-BENZ,A-Klasse,MERCEDES-BENZ,A CLASS
MERCEDES-BENZ,A-Klasse,MERCEDES-BENZ,A CLASS 180 AMG LINE
MERCEDES-BENZ,A-Klasse,MERCEDES-BENZ,A CLASS A160
MERCEDES-BENZ,A-Klasse,MERCEDES-BENZ,A CLASS A180
MERCEDES-BENZ,A-Klasse,MERCEDES-BENZ,A-180
MERCEDES-BENZ,A-Klasse,MERCEDES-BENZ,A-CLASS
MERCEDES-BENZ,A-Klasse,MERCEDES-BENZ,A-CLASS A180 D AMG LINE
MERCEDES-BENZ,A-Klasse,MERCEDES-BENZ,"A-CLASS, PREMIUM PLUS"
SKODA,FABIA COMBI,SKODA,FABIA
SKODA,FABIA COMBI,SKODA,FABIA 1 HTP
SKODA,FABIA COMBI,SKODA,FABIA 2
SKODA,FABIA COMBI,SKODA,FABIA 2 HTP
SKODA,FABIA COMBI,SKODA,FABIA 2 TDI
SKODA,FABIA COMBI,SKODA,FABIA BLACK EDITION TSI
SKODA,FABIA COMBI,SKODA,FABIA BLACK EDITION TSI S-A
SKODA,FABIA COMBI,SKODA,FABIA CLASSIC
SKODA,FABIA COMBI,SKODA,FABIA COLOUR EDITION MPI
SKODA,FABIA COMBI,SKODA,FABIA COLOUR EDITION TSI
SKODA,FABIA COMBI,SKODA,FABIA COLOUR EDITION TSI S-A
SKODA,FABIA COMBI,SKODA,FABIA COMFORT 16
SKODA,FABIA COMBI,SKODA,FABIA DESIGN EDITION MPI
SKODA,FABIA COMBI,SKODA,FABIA EST
SKODA,FABIA COMBI,SKODA,FABIA GREENLINE TDI
SKODA,FABIA COMBI,SKODA,FABIA GREENLINE TDI CR
SKODA,FABIA COMBI,SKODA,FABIA HTP
SKODA,FABIA COMBI,SKODA,FABIA MONTE CARLO ED TSI S-A
SKODA,FABIA COMBI,SKODA,FABIA MONTE CARLO TSI
SKODA,FABIA COMBI,SKODA,FABIA MONTE CARLO TSI S-A
SKODA,FABIA COMBI,SKODA,FABIA MONTE-CARLO
SKODA,FABIA COMBI,SKODA,FABIA S MPI
SKODA,FABIA COMBI,SKODA,FABIA SCOUT
SKODA,FABIA COMBI,SKODA,FABIA SCOUT TDI
SKODA,FABIA COMBI,SKODA,FABIA SE
SKODA,FABIA COMBI,SKODA,FABIA SE COMFORT MPI
SKODA,FABIA COMBI,SKODA,FABIA SE COMFORT TSI
SKODA,FABIA COMBI,SKODA,FABIA SE COMFORT TSI S-A
SKODA,FABIA COMBI,SKODA,FABIA SE DRIVE MPI
SKODA,FABIA COMBI,SKODA,FABIA SE DRIVE TSI
SKODA,FABIA COMBI,SKODA,FABIA SE DRIVE TSI S-A
SKODA,FABIA COMBI,SKODA,FABIA SE EDITION TSI S-A
SKODA,FABIA COMBI,SKODA,FABIA SE L EDITION TSI S-A
SKODA,FABIA COMBI,SKODA,FABIA SE L TSI
SKODA,FABIA COMBI,SKODA,FABIA SE L TSI S-A
SKODA,FABIA COMBI,SKODA,FABIA SE MPI
SKODA,FABIA COMBI,SKODA,FABIA TDI
SKODA,FABIA COMBI,SKODA,FABIA TSI
SKODA,FABIA COMBI,SKODA,FABIA V/RS
SKODA,FABIA COMBI,SKODA,FABIA VRS
SKODA,FABIA COMBI,SKODA,FABIA-2
FORD,C-MAX,FORD,C MAX
FORD,C-MAX,FORD,C-MAX
FORD,C-MAX,FORD,C-MAX GTDI
FORD,C-MAX,FORD,C-MAX TDCI
FORD,C-MAX,FORD,C-MAX TITANIUM
FORD,C-MAX,FORD,C-MAX TITANIUM TDCI
FORD,C-MAX,FORD,C/MAX
CITROËN,C4 Cactus,CITROEN,C4 CACTUS
NISSAN,MICRA,NISSAN,MICRA
NISSAN,MICRA,NISSAN,MICRA ACENTA
NISSAN,MICRA,NISSAN,MICRA ACENTA CVT
NISSAN,MICRA,NISSAN,MICRA ACTIVE
NISSAN,MICRA,NISSAN,MICRA E
NISSAN,MICRA,NISSAN,MICRA INITIA
NISSAN,MICRA,NISSAN,MICRA KIIRO IG-T
NISSAN,MICRA,NISSAN,MICRA KIIRO IG-T CVT
NISSAN,MICRA,NISSAN,MICRA N-TEC DIG-T
NISSAN,MICRA,NISSAN,MICRA N-TEC IG-T
NISSAN,MICRA,NISSAN,MICRA N-TEC IG-T CVT
NISSAN,MICRA,NISSAN,MICRA RALLY CAR
NISSAN,MICRA,NISSAN,MICRA S
NISSAN,MICRA,NISSAN,MICRA SE
NISSAN,MICRA,NISSAN,MICRA SPIRITA
NISSAN,MICRA,NISSAN,MICRA VISIA
NISSAN,MICRA,NISSAN,MICRA VISIA + IG-T CVT
NISSAN,MICRA,NISSAN,MICRA VISIA IG-T
FIAT,PANDA,FIAT,PANDA
FIAT,PANDA,FIAT,PANDA 4+4
FIAT,PANDA,FIAT,PANDA 4X4
FIAT,PANDA,FIAT,PANDA ACTIVE
FIAT,PANDA,FIAT,PANDA ACTIVE ECO
FIAT,PANDA,FIAT,PANDA CITY CROSS MHEV
FIAT,PANDA,FIAT,PANDA CITY CROSS TWINAIR
FIAT,PANDA,FIAT,PANDA CITY LIFE MHEV
FIAT,PANDA,FIAT,PANDA CROSS TWINAIR 4X4
FIAT,PANDA,FIAT,PANDA DYNAMIC
FIAT,PANDA,FIAT,PANDA EASY MHEV
FIAT,PANDA,FIAT,PANDA GARMIN TWINAIR 4X4
FIAT,PANDA,FIAT,PANDA LOUNGE TWINAIR
FIAT,PANDA,FIAT,PANDA MHEV
FIAT,PANDA,FIAT,PANDA MUTIJET
FIAT,PANDA,FIAT,PANDA ONE
FIAT,PANDA,FIAT,PANDA RED MHEV
FIAT,PANDA,FIAT,PANDA SPORT MHEV
FIAT,PANDA,FIAT,PANDA TRUSSARDI
FIAT,PANDA,FIAT,PANDA TRUSSARDI MHEV
FIAT,PANDA,FIAT,PANDA WAZE EDITION MHEV
FIAT,PANDA,FIAT,PANDA WAZE EDITION TWINAIR
FIAT,PANDA,FIAT,PANDA WILD TWINAIR 4X4
MAZDA,MAZDA2,MAZDA,2
MAZDA,MAZDA2,MAZDA,2  TS
MAZDA,MAZDA2,MAZDA,2  TS2
MAZDA,MAZDA2,MAZDA,2 100TH ANNIVERSARY ED MHEV
MAZDA,MAZDA2,MAZDA,2 ANTARES
MAZDA,MAZDA2,MAZDA,2 CENTRE-LINE
MAZDA,MAZDA2,MAZDA,2 DOOR
MAZDA,MAZDA2,MAZDA,2 DOOR SALLON
MAZDA,MAZDA2,MAZDA,2 EXCLUSIVE-LINE AUTO
MAZDA,MAZDA2,MAZDA,2 GT SPORT AUTO
MAZDA,MAZDA2,MAZDA,2 GT SPORT MHEV
MAZDA,MAZDA2,MAZDA,2 GT SPORT NAV MHEV
MAZDA,MAZDA2,MAZDA,2 GT SPORT TECH MHEV
MAZDA,MAZDA2,MAZDA,2 HOMURA AKA AUTO
MAZDA,MAZDA2,MAZDA,2 HOMURA AKA MHEV
MAZDA,MAZDA2,MAZDA,2 HOMURA MHEV
MAZDA,MAZDA2,MAZDA,2 SE-L
MAZDA,MAZDA2,MAZDA,2 SE-L MHEV
MAZDA,MAZDA2,MAZDA,2 SE-L NAV MHEV
MAZDA,MAZDA2,MAZDA,2 SPORT
MAZDA,MAZDA2,MAZDA,2 SPORT AUTO
MAZDA,MAZDA2,MAZDA,2 SPORT MHEV
MAZDA,MAZDA2,MAZDA,2 SPORT NAV
MAZDA,MAZDA2,MAZDA,2 SPORT NAV AUTO
MAZDA,MAZDA2,MAZDA,2 SPORT NAV MHEV
MAZDA,MAZDA2,MAZDA,2 SPORT VENTURE EDITION
MAZDA,MAZDA2,MAZDA,2 TAMURA
MAZDA,MAZDA2,MAZDA,2 TS
MAZDA,MAZDA2,MAZDA,2 TS2
MAZDA,MAZDA2,MAZDA,2 VENTURE EDITION
RENAULT,TWINGO,RENAULT,TWINGO
RENAULT,TWINGO,RENAULT,TWINGO ENERGY
RENAULT,TWINGO,RENAULT,TWINGO I-MUSIC
RENAULT,TWINGO,RENAULT,TWINGO TCE
BMW,3-Serie,BMW,3 SERIES
BMW,3-Serie,BMW,316
BMW,3-Serie,BMW,316 D
BMW,3-Serie,BMW,316 I A
BMW,3-Serie,BMW,318
BMW,3-Serie,BMW,318 CI
BMW,3-Serie,BMW,318 D
BMW,3-Serie,BMW,318 I
BMW,3-Serie,BMW,318 IS
BMW,3-Serie,BMW,318 TI
BMW,3-Serie,BMW,318D
BMW,3-Serie,BMW,318D M SPORT MHEV AUTO
BMW,3-Serie,BMW,318D SE MHEV AUTO
BMW,3-Serie,BMW,318D SE PRO
BMW,3-Serie,BMW,318D SE PRO MHEV AUTO
BMW,3-Serie,BMW,318D SPORT MHEV AUTO
BMW,3-Serie,BMW,318I
BMW,3-Serie,BMW,318I M SPORT AUTO
BMW,3-Serie,BMW,318I SE AUTO
BMW,3-Serie,BMW,318I SE PRO AUTO
BMW,3-Serie,BMW,318I SPORT AUTO
BMW,3-Serie,BMW,320
BMW,3-Serie,BMW,320 D
BMW,3-Serie,BMW,320 D M SPORT AUTO
BMW,3-Serie,BMW,320 GT
BMW,3-Serie,BMW,320 I
BMW,3-Serie,BMW,320 SPORT GT
BMW,3-Serie,BMW,320 TD
BMW,3-Serie,BMW,320CI
BMW,3-Serie,BMW,320D
BMW,3-Serie,BMW,320D  M SPORT GT
BMW,3-Serie,BMW,320D ED
BMW,3-Serie,BMW,320D EFFICIENTDYNAMICS
BMW,3-Serie,BMW,320D GRAN TURISMO
BMW,3-Serie,BMW,320D GRAND TURISMO
BMW,3-Serie,BMW,320D GT
BMW,3-Serie,BMW,320D LUXURY
BMW,3-Serie,BMW,320D M SPORT
BMW,3-Serie,BMW,320D M SPORT + EDITION
BMW,3-Serie,BMW,320D M SPORT + EDITION AUTO
BMW,3-Serie,BMW,320D M SPORT + EDITION MHEV A
BMW,3-Serie,BMW,320D M SPORT MHEV AUTO
BMW,3-Serie,BMW,320D M SPORT PRO ED MHEV AUTO
BMW,3-Serie,BMW,320D M SPORT TOURING
BMW,3-Serie,BMW,320D M SPORT X DRIVE
BMW,3-Serie,BMW,320D M-SPORT X-DRIVE
BMW,3-Serie,BMW,320D M-SPORTS
BMW,3-Serie,BMW,320D SE MHEV AUTO
BMW,3-Serie,BMW,320D SE PRO MHEV AUTO
BMW,3-Serie,BMW,320D SPORT AUTO
BMW,3-Serie,BMW,320D SPORT MHEV AUTO
BMW,3-Serie,BMW,320D TOURING M SPORT AUTO
BMW,3-Serie,BMW,320D X-DRIVE
BMW,3-Serie,BMW,320D XDRIVE
BMW,3-Serie,BMW,320D XDRIVE M SPORT + ED AUTO
BMW,3-Serie,BMW,320D XDRIVE M SPORT MHEV AUTO
BMW,3-Serie,BMW,320D XDRIVE M SPORT+ ED MHEV A
BMW,3-Serie,BMW,320D XDRIVE SE MHEV AUTO
BMW,3-Serie,BMW,320D XDRIVE SE PRO MHEV AUTO
BMW,3-Serie,BMW,320D XDRIVE SPORT MHEV AUTO
BMW,3-Serie,BMW,320D XDRVE MSPRT PRO ED MHEV A
BMW,3-Serie,BMW,320GT
BMW,3-Serie,BMW,320I
BMW,3-Serie,BMW,320I AUTO
BMW,3-Serie,BMW,320I GRAND TURISMO EXECUTIVE
BMW,3-Serie,BMW,320I GRANTURISMO
BMW,3-Serie,BMW,320I GT
BMW,3-Serie,BMW,320I GT LUXURY AUTO
BMW,3-Serie,BMW,320I GT M SPORT AUTO
BMW,3-Serie,BMW,320I M SPORT
BMW,3-Serie,BMW,320I M SPORT + EDITION AUTO
BMW,3-Serie,BMW,320I M SPORT AUTO
BMW,3-Serie,BMW,320I M SPORT PRO EDITION AUTO
BMW,3-Serie,BMW,320I M SPORTS TOURING
BMW,3-Serie,BMW,320I M-SPORT
BMW,3-Serie,BMW,320I MSPORTS TOURING AUTO
BMW,3-Serie,BMW,320I SE AUTO
BMW,3-Serie,BMW,320I SE HIGHLINE
BMW,3-Serie,BMW,320I SE PRO AUTO
BMW,3-Serie,BMW,320I SPORT AUTO
BMW,3-Serie,BMW,320I SPORTS AUTO SALOON
BMW,3-Serie,BMW,320I TOURING
BMW,3-Serie,BMW,320I X-DRIVE
BMW,3-Serie,BMW,320I XDRIVE M SPORT + ED A
BMW,3-Serie,BMW,320I XDRIVE M SPORT AUTO
BMW,3-Serie,BMW,320I XDRIVE SE AUTO
BMW,3-Serie,BMW,320I XDRIVE SE PRO AUTO
BMW,3-Serie,BMW,320I XDRIVE SPORT AUTO
BMW,3-Serie,BMW,320IA GT
BMW,3-Serie,BMW,330
BMW,3-Serie,BMW,330 CI
BMW,3-Serie,BMW,330 D
BMW,3-Serie,BMW,330 D X-DRIVE
BMW,3-Serie,BMW,330 E
BMW,3-Serie,BMW,330CI INDIVIDUAL
BMW,3-Serie,BMW,330D
BMW,3-Serie,BMW,330D M SPORT
BMW,3-Serie,BMW,330D M SPORT + EDITION AUTO
BMW,3-Serie,BMW,330D M SPORT GT
BMW,3-Serie,BMW,330D M SPORT MHEV AUTO
BMW,3-Serie,BMW,330D M SPORT PRO ED MHEV AUTO
BMW,3-Serie,BMW,330D M SPORT PRO EDITION AUTO
BMW,3-Serie,BMW,330D SPORT MHEV AUTO
BMW,3-Serie,BMW,330D SPORT PRO MHEV AUTO
BMW,3-Serie,BMW,330D XDRIVE
BMW,3-Serie,BMW,330D XDRIVE M SPORT + ED AUTO
BMW,3-Serie,BMW,330D XDRIVE M SPORT MHEV AUTO
BMW,3-Serie,BMW,330D XDRIVE M SPORT PRO ED A
BMW,3-Serie,BMW,330D XDRIVE SPORT AUTO
BMW,3-Serie,BMW,330D XDRIVE SPORT MHEV AUTO
BMW,3-Serie,BMW,330D XDRIVE SPORT PRO MHEV A
BMW,3-Serie,BMW,330D XDRVE MSPRT PRO ED MHEV A
BMW,3-Serie,BMW,330E
BMW,3-Serie,BMW,330E HYBRID
BMW,3-Serie,BMW,330E M SPORT + EDITION AUTO
BMW,3-Serie,BMW,330E M SPORT AUTO
BMW,3-Serie,BMW,330E M SPORT PRO EDITION AUTO
BMW,3-Serie,BMW,330E MHEV M SPORT
BMW,3-Serie,BMW,330E SE PRO AUTO
BMW,3-Serie,BMW,330E SPORT AUTO
BMW,3-Serie,BMW,330E SPORT PRO AUTO
BMW,3-Serie,BMW,330E XDRIVE M SPORT AUTO
BMW,3-Serie,BMW,330E XDRIVE M SPORT PRO ED A
BMW,3-Serie,BMW,330E XDRIVE SE PRO AUTO
BMW,3-Serie,BMW,330E XDRIVE SPORT AUTO
BMW,3-Serie,BMW,330E XDRIVE SPORT PRO AUTO
BMW,3-Serie,BMW,330I
BMW,3-Serie,BMW,330I M SPORT
BMW,3-Serie,BMW,330I M SPORT + EDITION AUTO
BMW,3-Serie,BMW,330I M SPORT AUTO
BMW,3-Serie,BMW,330I M SPORT PRO EDITION AUTO
BMW,3-Serie,BMW,330I SPORT AUTO
BMW,3-Serie,BMW,330I SPORT PRO AUTO
BMW,3-Serie,BMW,335
BMW,3-Serie,BMW,335 ACTIVE HYBRID
BMW,3-Serie,BMW,335 D
BMW,3-Serie,BMW,335 I
BMW,3-Serie,BMW,335D
BMW,3-Serie,BMW,335D X-DRIVE
BMW,3-Serie,BMW,335D XDRIVE M SPORT
BMW,3-Serie,BMW,335I
BMW,3-Serie,BMW,335I ACTIVE HYBRID
BMW,3-Serie,BMW,335I COUPE
BMW,3-Serie,BMW,335I GT
BMW,3-Serie,BMW,335I M SPORT
BMW,3-Serie,BMW,335I M SPORT COUPE
BMW,3-Serie,BMW,335I MSPORT AUTO
BMW,3-Serie,BMW,340
BMW,3-Serie,BMW,340I
SUZUKI,IGNIS,SUZUKI,IGNIS
SUZUKI,IGNIS,SUZUKI,IGNIS SPORT
SUZUKI,IGNIS,SUZUKI,IGNIS SZ-T DUALJET MHEV
SUZUKI,IGNIS,SUZUKI,IGNIS SZ-T DUALJET MHEV CVT
SUZUKI,IGNIS,SUZUKI,IGNIS SZ-T DUALJET SHVS
SUZUKI,IGNIS,SUZUKI,IGNIS SZ3 DUALJET MHEV
SUZUKI,IGNIS,SUZUKI,IGNIS SZ3 DUALJET SHVS
SUZUKI,IGNIS,SUZUKI,IGNIS SZ5 DUALJET MHEV
SUZUKI,IGNIS,SUZUKI,IGNIS SZ5 DUALJET MHEV ALLGRIP
SUZUKI,IGNIS,SUZUKI,IGNIS SZ5 DUALJET MHEV CVT
SUZUKI,IGNIS,SUZUKI,IGNIS SZ5 DUALJET SHVS
SUZUKI,IGNIS,SUZUKI,IGNIS SZ5 DUALJET SHVS ALLGRIP
AUDI,A3 Sportback,AUDI,A3
AUDI,A3 Sportback,AUDI,A3  S-LINE
AUDI,A3 Sportback,AUDI,A3 'S' LINE
AUDI,A3 Sportback,AUDI,A3 1.4 TFSI SE SPORTBACK S TRONIC 7G
AUDI,A3 Sportback,AUDI,A3 30 TFSI
AUDI,A3 Sportback,AUDI,A3 35 TFSI
AUDI,A3 Sportback,AUDI,A3 35 TFSI S-LINE
AUDI,A3 Sportback,AUDI,A3 AUTO
AUDI,A3 Sportback,AUDI,A3 CABRIOLET
AUDI,A3 Sportback,AUDI,A3 CONVERTIBLE
AUDI,A3 Sportback,AUDI,A3 E-TRON
AUDI,A3 Sportback,AUDI,A3 E-TRON 40 S-A
AUDI,A3 Sportback,AUDI,A3 FSI
AUDI,A3 Sportback,AUDI,A3 QUATTRO
AUDI,A3 Sportback,AUDI,A3 QUATTRO SPORTLUXURY
AUDI,A3 Sportback,AUDI,A3 RS3
AUDI,A3 Sportback,AUDI,A3 S LINE
AUDI,A3 Sportback,AUDI,A3 S LINE 30 TDI
AUDI,A3 Sportback,AUDI,A3 S LINE 30 TFSI
AUDI,A3 Sportback,AUDI,A3 S LINE 30 TFSI MHEV S-A
AUDI,A3 Sportback,AUDI,A3 S LINE 35 TDI
AUDI,A3 Sportback,AUDI,A3 S LINE 35 TDI S-A
AUDI,A3 Sportback,AUDI,A3 S LINE 35 TFSI
AUDI,A3 Sportback,AUDI,A3 S LINE 35 TFSI MHEV S-A
AUDI,A3 Sportback,AUDI,A3 S LINE 40 TDI QUATTRO S-A
AUDI,A3 Sportback,AUDI,A3 S LINE 40 TFSI E S-A
AUDI,A3 Sportback,AUDI,A3 S LINE 40 TFSI QUATTRO S-A
AUDI,A3 Sportback,AUDI,A3 S LINE BLACK ED 35 TDI SA
AUDI,A3 Sportback,AUDI,A3 S LINE BLACK ED 35 TFSI
AUDI,A3 Sportback,AUDI,A3 S LINE BLACK EDITION 35 TDI
AUDI,A3 Sportback,AUDI,A3 S LINE COMP 45 TFSI E SA
AUDI,A3 Sportback,AUDI,A3 S LINE ED 1 35 TFSI MHEV SA
AUDI,A3 Sportback,AUDI,A3 S LINE ED 1 40 TDI QUAT SA
AUDI,A3 Sportback,AUDI,A3 S LINE ED 1 40 TFSI QUAT SA
AUDI,A3 Sportback,AUDI,A3 S LINE EDITION 1 35 TDI
AUDI,A3 Sportback,AUDI,A3 S LINE EDITION 1 35 TDI S-A
AUDI,A3 Sportback,AUDI,A3 S LINE EDITION 1 35 TFSI
AUDI,A3 Sportback,AUDI,A3 S LINE TDI QUATTRO
AUDI,A3 Sportback,AUDI,A3 S LINE TDI S-A
AUDI,A3 Sportback,AUDI,A3 S LINE TFSI S-A
AUDI,A3 Sportback,AUDI,A3 S LINE VOR 40 TFSI QUAT S-A
AUDI,A3 Sportback,AUDI,A3 S LINE VORSPRUNG 35 TDI S-A
AUDI,A3 Sportback,AUDI,A3 S LN BLK ED 35 TFSI MHEV SA
AUDI,A3 Sportback,AUDI,A3 S LN VSPRNG 35 TFSI MHEV SA
AUDI,A3 Sportback,AUDI,A3 S LNE V-SPRNG 40TDI QUAT SA
AUDI,A3 Sportback,AUDI,A3 S-LINE  TDI
AUDI,A3 Sportback,AUDI,A3 S-LINE TDI
AUDI,A3 Sportback,AUDI,A3 S-LINE TDI QUATTRO
AUDI,A3 Sportback,AUDI,A3 S-LINE TFSI
AUDI,A3 Sportback,AUDI,A3 S-LINE TURBO
AUDI,A3 Sportback,AUDI,A3 S3
AUDI,A3 Sportback,AUDI,A3 S3 QUATTRO TFSI
AUDI,A3 Sportback,AUDI,A3 SE TDI
AUDI,A3 Sportback,AUDI,A3 SE TECHNIK 35 TDI
AUDI,A3 Sportback,AUDI,A3 SLINE
AUDI,A3 Sportback,AUDI,A3 SPORT 30 TDI
AUDI,A3 Sportback,AUDI,A3 SPORT 30 TFSI
AUDI,A3 Sportback,AUDI,A3 SPORT 30 TFSI MHEV S-A
AUDI,A3 Sportback,AUDI,A3 SPORT 35 TDI
AUDI,A3 Sportback,AUDI,A3 SPORT 35 TDI S-A
AUDI,A3 Sportback,AUDI,A3 SPORT 35 TFSI
AUDI,A3 Sportback,AUDI,A3 SPORT 35 TFSI MHEV S-A
AUDI,A3 Sportback,AUDI,A3 SPORT 40 TDI QUATTRO S-A
AUDI,A3 Sportback,AUDI,A3 SPORT 40 TFSI E S-A
AUDI,A3 Sportback,AUDI,A3 SPORT 40 TFSI QUATTRO S-A
AUDI,A3 Sportback,AUDI,A3 SPORT TDI
AUDI,A3 Sportback,AUDI,A3 SPORTBACK 1.8 TURBO FSI AUTO
AUDI,A3 Sportback,AUDI,A3 SPORTBACK TFSI AUTO LHD
AUDI,A3 Sportback,AUDI,A3 T
AUDI,A3 Sportback,AUDI,A3 TDI
AUDI,A3 Sportback,AUDI,A3 TDI S-LINE
AUDI,A3 Sportback,AUDI,A3 TDI ULTRA
AUDI,A3 Sportback,AUDI,A3 TECHNIK 30 TDI
AUDI,A3 Sportback,AUDI,A3 TECHNIK 30 TDI S-A
AUDI,A3 Sportback,AUDI,A3 TECHNIK 30 TFSI
AUDI,A3 Sportback,AUDI,A3 TECHNIK 30 TFSI MHEV S-A
AUDI,A3 Sportback,AUDI,A3 TECHNIK 35 TDI
AUDI,A3 Sportback,AUDI,A3 TECHNIK 35 TDI S-A
AUDI,A3 Sportback,AUDI,A3 TECHNIK 35 TFSI
AUDI,A3 Sportback,AUDI,A3 TECHNIK 35 TFSI MHEV S-A
AUDI,A3 Sportback,AUDI,A3 TFSI
AUDI,A3 Sportback,AUDI,A3 TFSI 35
AUDI,A3 Sportback,AUDI,A3 TFSI CABRIOLET
AUDI,A3 Sportback,AUDI,A3 TFSI QUATTRO S-LINE
AUDI,A3 Sportback,AUDI,A3 TFSI S-LINE CABRIOLET
AUDI,A3 Sportback,AUDI,A3 TURBO
SEAT,IBIZA,SEAT,IBIZA
SEAT,IBIZA,SEAT,IBIZA 1.4 SE
SEAT,IBIZA,SEAT,IBIZA ANNIVRSARY LTD ED ECOTSI
SEAT,IBIZA,SEAT,IBIZA CHILL
SEAT,IBIZA,SEAT,IBIZA COPA
SEAT,IBIZA,SEAT,IBIZA CR TDI FR
SEAT,IBIZA,SEAT,IBIZA CUPA
SEAT,IBIZA,SEAT,IBIZA ECOMOTIVE
SEAT,IBIZA,SEAT,IBIZA FR
SEAT,IBIZA,SEAT,IBIZA FR CR
SEAT,IBIZA,SEAT,IBIZA FR ECOTSI
SEAT,IBIZA,SEAT,IBIZA FR ECOTSI S-A
SEAT,IBIZA,SEAT,IBIZA FR EDITION TSI
SEAT,IBIZA,SEAT,IBIZA FR EDITION TSI S-A
SEAT,IBIZA,SEAT,IBIZA FR MPI
SEAT,IBIZA,SEAT,IBIZA FR SPORT ECOTSI
SEAT,IBIZA,SEAT,IBIZA FR SPORT ECOTSI S-A
SEAT,IBIZA,SEAT,IBIZA FR SPORT MPI
SEAT,IBIZA,SEAT,IBIZA FR TSI
SEAT,IBIZA,SEAT,IBIZA S CR TDI
SEAT,IBIZA,SEAT,IBIZA SE COPA
SEAT,IBIZA,SEAT,IBIZA SE EDITION TSI
SEAT,IBIZA,SEAT,IBIZA SPORT
SEAT,IBIZA,SEAT,IBIZA SPORT 16 V
SEAT,IBIZA,SEAT,IBIZA SPORT CR ECOMO TDI
SEAT,IBIZA,SEAT,IBIZA SPORTRIDER
SEAT,IBIZA,SEAT,IBIZA SPORTRIDER R TDI
SEAT,IBIZA,SEAT,IBIZA ST
SEAT,IBIZA,SEAT,IBIZA TDI
SEAT,IBIZA,SEAT,IBIZA TSI
SEAT,IBIZA,SEAT,IBIZA TSI SE
SEAT,IBIZA,SEAT,IBIZA VISTA
SEAT,IBIZA,SEAT,IBIZA XCELLENCE
SEAT,IBIZA,SEAT,IBIZA XCELLENCE ECOTSI
SEAT,IBIZA,SEAT,IBIZA XCELLENCE ECOTSI S-A
SEAT,IBIZA,SEAT,IBIZA XCELLENCE LUX ECOTSI
SEAT,IBIZA,SEAT,IBIZA XCELLENCE LUX ECOTSI S-A
SEAT,IBIZA,SEAT,IBIZA XCELLENCE TDI
MERCEDES-BENZ,E-Klasse,MERCEDES-BENZ,E
MERCEDES-BENZ,E-Klasse,MERCEDES-BENZ,E  LIMO
MERCEDES-BENZ,E-Klasse,MERCEDES-BENZ,E 200
MERCEDES-BENZ,E-Klasse,MERCEDES-BENZ,E 200 AMG LINE ED PREM + A
MERCEDES-BENZ,E-Klasse,MERCEDES-BENZ,E 200 AMG LINE EDITION
MERCEDES-BENZ,E-Klasse,MERCEDES-BENZ,E 200 AMG LINE MHEV AUTO
MERCEDES-BENZ,E-Klasse,MERCEDES-BENZ,E 200 AMG LINE NIGHT ED PREM A
MERCEDES-BENZ,E-Klasse,MERCEDES-BENZ,E 200 AMG LINE PREMIUM MHEV A
MERCEDES-BENZ,E-Klasse,MERCEDES-BENZ,E 200 AMG LNE NIGHT ED PREM +A
MERCEDES-BENZ,E-Klasse,MERCEDES-BENZ,E 200 AMG LNE PREMIUM + MHEV A
MERCEDES-BENZ,E-Klasse,MERCEDES-BENZ,E 200 SPORT MHEV AUTO
MERCEDES-BENZ,E-Klasse,MERCEDES-BENZ,E 200CDI
MERCEDES-BENZ,E-Klasse,MERCEDES-BENZ,E 220
MERCEDES-BENZ,E-Klasse,MERCEDES-BENZ,E 220 AMG LINE D MHEV AUTO
MERCEDES-BENZ,E-Klasse,MERCEDES-BENZ,E 220 AMG LINE ED PREM + D A
MERCEDES-BENZ,E-Klasse,MERCEDES-BENZ,E 220 AMG LINE ED PREM D 4M A
MERCEDES-BENZ,E-Klasse,MERCEDES-BENZ,E 220 AMG LINE ED PREM D A
MERCEDES-BENZ,E-Klasse,MERCEDES-BENZ,E 220 AMG LINE EDITION D 4M A
MERCEDES-BENZ,E-Klasse,MERCEDES-BENZ,E 220 AMG LINE EDITION D AUTO
MERCEDES-BENZ,E-Klasse,MERCEDES-BENZ,E 220 AMG LINE PREM + D MHEV A
MERCEDES-BENZ,E-Klasse,MERCEDES-BENZ,E 220 AMG LINE PREM D MHEV A
MERCEDES-BENZ,E-Klasse,MERCEDES-BENZ,E 220 AMG LINE PREMIUM D AUTO
MERCEDES-BENZ,E-Klasse,MERCEDES-BENZ,E 220 AMG LN NGT ED PRM D 4M A
MERCEDES-BENZ,E-Klasse,MERCEDES-BENZ,E 220 AMG LN NGT ED PRM+D 4M A
MERCEDES-BENZ,E-Klasse,MERCEDES-BENZ,E 220 AMG LNE ADVNCED D MHEV A
MERCEDES-BENZ,E-Klasse,MERCEDES-BENZ,E 220 AMG LNE ED PREM + D 4M A
MERCEDES-BENZ,E-Klasse,MERCEDES-BENZ,E 220 AMG LNE NGT ED PRM + D A
MERCEDES-BENZ,E-Klasse,MERCEDES-BENZ,E 220 AMG LNE NIGHT ED PRM D A
MERCEDES-BENZ,E-Klasse,MERCEDES-BENZ,E 220 AMG LNE PREMIUM D MHEV A
MERCEDES-BENZ,E-Klasse,MERCEDES-BENZ,E 220 CDI
MERCEDES-BENZ,E-Klasse,MERCEDES-BENZ,E 220 D
MERCEDES-BENZ,E-Klasse,MERCEDES-BENZ,E 220 D AMG LINE AUTO
MERCEDES-BENZ,E-Klasse,MERCEDES-BENZ,E 220 D AMG LINE PREMIUM
MERCEDES-BENZ,E-Klasse,MERCEDES-BENZ,E 220 D AMG LINE PREMIUM AUTO
MERCEDES-BENZ,E-Klasse,MERCEDES-BENZ,E 220 D AMG LINE PREMIUM+ AUTO
MERCEDES-BENZ,E-Klasse,MERCEDES-BENZ,E 220 D SE AUTO
MERCEDES-BENZ,E-Klasse,MERCEDES-BENZ,E 220 D SE ESTATE
MERCEDES-BENZ,E-Klasse,MERCEDES-BENZ,E 220 D SPORT
MERCEDES-BENZ,E-Klasse,MERCEDES-BENZ,E 220 EXCLUSIVE ED D MHEV AUTO
MERCEDES-BENZ,E-Klasse,MERCEDES-BENZ,E 220 EXCLUSIVE PREM D MHEV A
MERCEDES-BENZ,E-Klasse,MERCEDES-BENZ,E 220 EXCLUSIVE PRM + D MHEV A
MERCEDES-BENZ,E-Klasse,MERCEDES-BENZ,E 220 SPORT D 4MATIC AUTO
MERCEDES-BENZ,E-Klasse,MERCEDES-BENZ,E 220 SPORT D AUTO
MERCEDES-BENZ,E-Klasse,MERCEDES-BENZ,E 220 SPORT D MHEV AUTO
MERCEDES-BENZ,E-Klasse,MERCEDES-BENZ,E 220D
MERCEDES-BENZ,E-Klasse,MERCEDES-BENZ,E 240
MERCEDES-BENZ,E-Klasse,MERCEDES-BENZ,E 250
MERCEDES-BENZ,E-Klasse,MERCEDES-BENZ,E 250 AUTO
MERCEDES-BENZ,E-Klasse,MERCEDES-BENZ,E 250 CGI
MERCEDES-BENZ,E-Klasse,MERCEDES-BENZ,E 250 LIMOUSINE
MERCEDES-BENZ,E-Klasse,MERCEDES-BENZ,E 300
MERCEDES-BENZ,E-Klasse,MERCEDES-BENZ,E 300 AMG LINE ADVANCED E AUTO
MERCEDES-BENZ,E-Klasse,MERCEDES-BENZ,E 300 AMG LINE D MHEV 4MATIC A
MERCEDES-BENZ,E-Klasse,MERCEDES-BENZ,E 300 AMG LINE ED PREMIUM D A
MERCEDES-BENZ,E-Klasse,MERCEDES-BENZ,E 300 AMG LINE EDITION D AUTO
MERCEDES-BENZ,E-Klasse,MERCEDES-BENZ,E 300 AMG LINE EDITION DE AUTO
MERCEDES-BENZ,E-Klasse,MERCEDES-BENZ,E 300 AMG LINE EDITION E AUTO
MERCEDES-BENZ,E-Klasse,MERCEDES-BENZ,E 300 AMG LINE EDITION MHEV A
MERCEDES-BENZ,E-Klasse,MERCEDES-BENZ,E 300 AMG LINE NGT ED PREM + A
MERCEDES-BENZ,E-Klasse,MERCEDES-BENZ,E 300 AMG LINE PREMIUM + DE A
MERCEDES-BENZ,E-Klasse,MERCEDES-BENZ,E 300 AMG LINE PREMIUM + E A
MERCEDES-BENZ,E-Klasse,MERCEDES-BENZ,E 300 AMG LINE PREMIUM D AUTO
MERCEDES-BENZ,E-Klasse,MERCEDES-BENZ,E 300 AMG LINE PREMIUM DE AUTO
MERCEDES-BENZ,E-Klasse,MERCEDES-BENZ,E 300 AMG LINE PREMIUM E AUTO
MERCEDES-BENZ,E-Klasse,MERCEDES-BENZ,E 300 AMG LINE PREMIUM MHEV A
MERCEDES-BENZ,E-Klasse,MERCEDES-BENZ,E 300 AMG LINE PREMIUM+ E 4M A
MERCEDES-BENZ,E-Klasse,MERCEDES-BENZ,E 300 AMG LN NGT ED PRM + DE A
MERCEDES-BENZ,E-Klasse,MERCEDES-BENZ,E 300 AMG LN NGT ED PRM+MHEV A
MERCEDES-BENZ,E-Klasse,MERCEDES-BENZ,E 300 AMG LN NIGHT ED PREM+D A
MERCEDES-BENZ,E-Klasse,MERCEDES-BENZ,E 300 AMG LNE NGT ED PREM+ E A
MERCEDES-BENZ,E-Klasse,MERCEDES-BENZ,E 300 AMG LNE PREM D MHEV 4M A
MERCEDES-BENZ,E-Klasse,MERCEDES-BENZ,E 300 EXCLUSIVE PREMIUM E AUTO
MERCEDES-BENZ,E-Klasse,MERCEDES-BENZ,E 300 SE DE AUTO
MERCEDES-BENZ,E-Klasse,MERCEDES-BENZ,E 300 SE PREMIUM DE AUTO
MERCEDES-BENZ,E-Klasse,MERCEDES-BENZ,E 300 URBAN EDITION E AUTO
MERCEDES-BENZ,E-Klasse,MERCEDES-BENZ,E 320
MERCEDES-BENZ,E-Klasse,MERCEDES-BENZ,E 320 CDI
MERCEDES-BENZ,E-Klasse,MERCEDES-BENZ,E 320CDI
MERCEDES-BENZ,E-Klasse,MERCEDES-BENZ,E 350
MERCEDES-BENZ,E-Klasse,MERCEDES-BENZ,E 350 AMG LINE ED PREM + D A
MERCEDES-BENZ,E-Klasse,MERCEDES-BENZ,E 350 AMG LINE ED PREMIUM D A
MERCEDES-BENZ,E-Klasse,MERCEDES-BENZ,E 350 AMG LINE EDITION D AUTO
MERCEDES-BENZ,E-Klasse,MERCEDES-BENZ,E 350 AMG LNE NGHT ED PREM D A
MERCEDES-BENZ,E-Klasse,MERCEDES-BENZ,E 350 AMG LNE NGT ED PREM+ D A
MERCEDES-BENZ,E-Klasse,MERCEDES-BENZ,E 350 AVANTGARDE ESTATE
MERCEDES-BENZ,E-Klasse,MERCEDES-BENZ,E 350 CDI
MERCEDES-BENZ,E-Klasse,MERCEDES-BENZ,E 350 D AMG LINE PREM + 4M A
MERCEDES-BENZ,E-Klasse,MERCEDES-BENZ,E 350 E  SE AUTO
MERCEDES-BENZ,E-Klasse,MERCEDES-BENZ,E 400
MERCEDES-BENZ,E-Klasse,MERCEDES-BENZ,E 400 AMG LINE ED PRM + D 4M A
MERCEDES-BENZ,E-Klasse,MERCEDES-BENZ,E 400 AMG LINE EDITION D 4M A
MERCEDES-BENZ,E-Klasse,MERCEDES-BENZ,E 400 AMG LN NGT ED PRM D 4M A
MERCEDES-BENZ,E-Klasse,MERCEDES-BENZ,E 400 AMG LN NGT ED PRM+D 4M A
MERCEDES-BENZ,E-Klasse,MERCEDES-BENZ,E 400 SPORT NGT ED PRM+ D 4M A
MERCEDES-BENZ,E-Klasse,MERCEDES-BENZ,E 450 AMG LINE ED PREM + 4M A
MERCEDES-BENZ,E-Klasse,MERCEDES-BENZ,E 450 AMG LINE EDITION 4M A
MERCEDES-BENZ,E-Klasse,MERCEDES-BENZ,E 450 AMG LN NGT ED PRM + 4M A
MERCEDES-BENZ,E-Klasse,MERCEDES-BENZ,E 450 AMG LNE NGHT ED PREM 4MA
MERCEDES-BENZ,E-Klasse,MERCEDES-BENZ,E 450 AMG LNE NGT ED PRM+ 4M A
MERCEDES-BENZ,E-Klasse,MERCEDES-BENZ,E 500
MERCEDES-BENZ,E-Klasse,MERCEDES-BENZ,E 53 AMG
MERCEDES-BENZ,E-Klasse,MERCEDES-BENZ,E 55 AMG
MERCEDES-BENZ,E-Klasse,MERCEDES-BENZ,E 63
MERCEDES-BENZ,E-Klasse,MERCEDES-BENZ,E 63 AMG
MERCEDES-BENZ,E-Klasse,MERCEDES-BENZ,E CLASS
MERCEDES-BENZ,E-Klasse,MERCEDES-BENZ,E CLASS AMG
MERCEDES-BENZ,E-Klasse,MERCEDES-BENZ,E CLASS ESTATE
MERCEDES-BENZ,E-Klasse,MERCEDES-BENZ,E CLASS HEARSE
MERCEDES-BENZ,E-Klasse,MERCEDES-BENZ,E CLASS LIMO
MERCEDES-BENZ,E-Klasse,MERCEDES-BENZ,E CLASS LIMOSINE
MERCEDES-BENZ,E-Klasse,MERCEDES-BENZ,E CLASS LIMOUSINE
MERCEDES-BENZ,E-Klasse,MERCEDES-BENZ,E- CLASS
MERCEDES-BENZ,E-Klasse,MERCEDES-BENZ,E-CLASS
MERCEDES-BENZ,E-Klasse,MERCEDES-BENZ,E-CLASS AMG E63
FORD,S-MAX,FORD,S MAX
FORD,S-MAX,FORD,S MAX TITANIUM X SPORT TDCI
FORD,S-MAX,FORD,S-MAX
FORD,S-MAX,FORD,S-MAX ST-LINE HEV CVT
FORD,S-MAX,FORD,S-MAX TDCI
FORD,S-MAX,FORD,S-MAX TITANIUM HEV CVT
FORD,S-MAX,FORD,S-MAX TITANIUM SPORT TDCI
FORD,S-MAX,FORD,S-MAX TITANIUM TDCI
FORD,S-MAX,FORD,S-MAX TITANIUM TDCI 6G
FORD,S-MAX,FORD,S-MAX VIGNALE
FORD,S-MAX,FORD,S-MAX VIGNALE HEV CVT
MITSUBISHI,SPACE STAR,MITSUBISHI,MIRAGE
MITSUBISHI,SPACE STAR,MITSUBISHI,MIRAGE DESIGN
MITSUBISHI,SPACE STAR,MITSUBISHI,MIRAGE DESIGN CVT
MITSUBISHI,SPACE STAR,MITSUBISHI,MIRAGE DESIGN PRO
MITSUBISHI,SPACE STAR,MITSUBISHI,MIRAGE DESIGN PRO CVT
MITSUBISHI,SPACE STAR,MITSUBISHI,MIRAGE FIRST EDITION
MITSUBISHI,SPACE STAR,MITSUBISHI,MIRAGE FIRST EDITION CVT
MITSUBISHI,SPACE STAR,MITSUBISHI,MIRAGE VERVE
SUZUKI,ALTO,SUZUKI,ALTO
SUZUKI,ALTO,SUZUKI,ALTO LAPIN
SUZUKI,ALTO,SUZUKI,ALTO PLAY
SUZUKI,ALTO,SUZUKI,ALTO SZ2
SUZUKI,ALTO,SUZUKI,ALTO SZ3
SUZUKI,ALTO,SUZUKI,ALTO SZ4
SUZUKI,ALTO,SUZUKI,ALTO TURBO RS
SUZUKI,ALTO,SUZUKI,ALTO TURBO RS WORKS
SUZUKI,ALTO,SUZUKI,ALTO WORKS
CITROËN,C 1,CITROEN,C1
CITROËN,C 1,CITROEN,C1 AIR FEEL EDITION
CITROËN,C 1,CITROEN,C1 AIRSCAPE SHINE
CITROËN,C 1,CITROEN,C1 JCC +
CITROËN,C 1,CITROEN,C1 LIVE
CITROËN,C 1,CITROEN,C1 ORIGINS
CITROËN,C 1,CITROEN,C1 RHYYHM
CITROËN,C 1,CITROEN,C1 SENSE
CITROËN,C 1,CITROEN,C1 SHINE
CITROËN,C 1,CITROEN,C1 VIBE
CITROËN,C 1,CITROEN,C1 VT
CITROËN,C 1,CITROEN,C1 VTR
CITROËN,C 1,CITROEN,C1 VTR+
VOLKSWAGEN,T-Cross,VOLKSWAGEN,T-CROSS
VOLKSWAGEN,T-Cross,VOLKSWAGEN,T-CROSS ACTIVE TSI
VOLKSWAGEN,T-Cross,VOLKSWAGEN,T-CROSS ACTIVE TSI S-A
VOLKSWAGEN,T-Cross,VOLKSWAGEN,T-CROSS BLACK EDITION TSI
VOLKSWAGEN,T-Cross,VOLKSWAGEN,T-CROSS BLACK EDITION TSI S-A
VOLKSWAGEN,T-Cross,VOLKSWAGEN,T-CROSS MOVE TSI
VOLKSWAGEN,T-Cross,VOLKSWAGEN,T-CROSS R-LINE TDI
VOLKSWAGEN,T-Cross,VOLKSWAGEN,T-CROSS R-LINE TDI S-A
VOLKSWAGEN,T-Cross,VOLKSWAGEN,T-CROSS R-LINE TSI
VOLKSWAGEN,T-Cross,VOLKSWAGEN,T-CROSS R-LINE TSI EVO S-A
VOLKSWAGEN,T-Cross,VOLKSWAGEN,T-CROSS S TSI
VOLKSWAGEN,T-Cross,VOLKSWAGEN,T-CROSS SE EDITION TSI
VOLKSWAGEN,T-Cross,VOLKSWAGEN,T-CROSS SE EDITION TSI S-A
VOLKSWAGEN,T-Cross,VOLKSWAGEN,T-CROSS SE TDI
VOLKSWAGEN,T-Cross,VOLKSWAGEN,T-CROSS SE TDI S-A
VOLKSWAGEN,T-Cross,VOLKSWAGEN,T-CROSS SEL TDI
VOLKSWAGEN,T-Cross,VOLKSWAGEN,T-CROSS SEL TDI S-A
VOLKSWAGEN,T-Cross,VOLKSWAGEN,T-CROSS SEL TSI EVO S-A
VOLKSWAGEN,T-Cross,VOLKSWAGEN,T-CROSS UNITED TSI
VOLKSWAGEN,T-Cross,VOLKSWAGEN,T-CROSS UNITED TSI S-A
VOLKSWAGEN,TIGUAN,VOLKSWAGEN,TIGUAN
VOLKSWAGEN,TIGUAN,VOLKSWAGEN,TIGUAN  TDI
VOLKSWAGEN,TIGUAN,VOLKSWAGEN,TIGUAN 4-MOTION
VOLKSWAGEN,TIGUAN,VOLKSWAGEN,TIGUAN 4MOTION AUTO
VOLKSWAGEN,TIGUAN,VOLKSWAGEN,TIGUAN ACTIVE TDI
VOLKSWAGEN,TIGUAN,VOLKSWAGEN,TIGUAN ACTIVE TDI S-A
VOLKSWAGEN,TIGUAN,VOLKSWAGEN,TIGUAN ACTIVE TSI
VOLKSWAGEN,TIGUAN,VOLKSWAGEN,TIGUAN ACTIVE TSI S-A
VOLKSWAGEN,TIGUAN,VOLKSWAGEN,TIGUAN ALLSPACE 4 MOTION
VOLKSWAGEN,TIGUAN,VOLKSWAGEN,TIGUAN ALLSPACE LIFE TDI
VOLKSWAGEN,TIGUAN,VOLKSWAGEN,TIGUAN ALLSPACE LIFE TDI 4M SA
VOLKSWAGEN,TIGUAN,VOLKSWAGEN,TIGUAN ALLSPACE LIFE TDI S-A
VOLKSWAGEN,TIGUAN,VOLKSWAGEN,TIGUAN ALLSPACE LIFE TSI
VOLKSWAGEN,TIGUAN,VOLKSWAGEN,TIGUAN ALLSPACE LIFE TSI S-A
VOLKSWAGEN,TIGUAN,VOLKSWAGEN,TIGUAN ALLSPACE R-LINE TDI
VOLKSWAGEN,TIGUAN,VOLKSWAGEN,TIGUAN ALLSPACE R-LINE TDI S-A
VOLKSWAGEN,TIGUAN,VOLKSWAGEN,TIGUAN ALLSPACE SE NAV TDI
VOLKSWAGEN,TIGUAN,VOLKSWAGEN,TIGUAN ALLSPACE SE NAV TDI S-A
VOLKSWAGEN,TIGUAN,VOLKSWAGEN,TIGUAN ALLSPACE SEL TDI
VOLKSWAGEN,TIGUAN,VOLKSWAGEN,TIGUAN ALLSPACE SEL TDI 4M S-A
VOLKSWAGEN,TIGUAN,VOLKSWAGEN,TIGUAN ALLSPACE SEL TDI S-A
VOLKSWAGEN,TIGUAN,VOLKSWAGEN,TIGUAN ALLSPACE TDI
VOLKSWAGEN,TIGUAN,VOLKSWAGEN,TIGUAN ASPACE ELEGANCE TDI S-A
VOLKSWAGEN,TIGUAN,VOLKSWAGEN,TIGUAN ASPACE ELEGANCE TSI S-A
VOLKSWAGEN,TIGUAN,VOLKSWAGEN,TIGUAN ASPACE ELEGNCE TDI4M SA
VOLKSWAGEN,TIGUAN,VOLKSWAGEN,TIGUAN ASPACE ELEGNCE TSI4M SA
VOLKSWAGEN,TIGUAN,VOLKSWAGEN,TIGUAN ASPACE MATCH
VOLKSWAGEN,TIGUAN,VOLKSWAGEN,TIGUAN ASPACE R-LINE TDI 4M SA
VOLKSWAGEN,TIGUAN,VOLKSWAGEN,TIGUAN ASPACE SE NAV TDI 4M SA
VOLKSWAGEN,TIGUAN,VOLKSWAGEN,TIGUAN BLACK ED TSI PHEV S-A
VOLKSWAGEN,TIGUAN,VOLKSWAGEN,TIGUAN BLACK EDITION TSI S-A
VOLKSWAGEN,TIGUAN,VOLKSWAGEN,TIGUAN ELEGANCE TDI 4MOTION SA
VOLKSWAGEN,TIGUAN,VOLKSWAGEN,TIGUAN ELEGANCE TDI S-A
VOLKSWAGEN,TIGUAN,VOLKSWAGEN,TIGUAN ELEGANCE TSI 4MOTION SA
VOLKSWAGEN,TIGUAN,VOLKSWAGEN,TIGUAN ELEGANCE TSI PHEV S-A
VOLKSWAGEN,TIGUAN,VOLKSWAGEN,TIGUAN ELEGANCE TSI S-A
VOLKSWAGEN,TIGUAN,VOLKSWAGEN,TIGUAN LIFE TDI
VOLKSWAGEN,TIGUAN,VOLKSWAGEN,TIGUAN LIFE TDI S-A
VOLKSWAGEN,TIGUAN,VOLKSWAGEN,TIGUAN LIFE TSI
VOLKSWAGEN,TIGUAN,VOLKSWAGEN,TIGUAN LIFE TSI PHEV S-A
VOLKSWAGEN,TIGUAN,VOLKSWAGEN,TIGUAN LIFE TSI S-A
VOLKSWAGEN,TIGUAN,VOLKSWAGEN,TIGUAN MATCH ETSI S-A
VOLKSWAGEN,TIGUAN,VOLKSWAGEN,TIGUAN MATCH TDI
VOLKSWAGEN,TIGUAN,VOLKSWAGEN,TIGUAN MATCH TDI 4MOTION
VOLKSWAGEN,TIGUAN,VOLKSWAGEN,TIGUAN MATCH TDI 4MOTION S-A
VOLKSWAGEN,TIGUAN,VOLKSWAGEN,TIGUAN MATCH TDI S-A
VOLKSWAGEN,TIGUAN,VOLKSWAGEN,TIGUAN MATCH TSI EVO
VOLKSWAGEN,TIGUAN,VOLKSWAGEN,TIGUAN MATCH TSI EVO S-A
VOLKSWAGEN,TIGUAN,VOLKSWAGEN,TIGUAN MATCH TSI PHEV S-A
VOLKSWAGEN,TIGUAN,VOLKSWAGEN,TIGUAN R LINE
VOLKSWAGEN,TIGUAN,VOLKSWAGEN,TIGUAN R TSI 4MOTION S-A
VOLKSWAGEN,TIGUAN,VOLKSWAGEN,TIGUAN R-LINE
VOLKSWAGEN,TIGUAN,VOLKSWAGEN,TIGUAN R-LINE ED TDI 4M SA
VOLKSWAGEN,TIGUAN,VOLKSWAGEN,TIGUAN R-LINE EDITION TDI S-A
VOLKSWAGEN,TIGUAN,VOLKSWAGEN,TIGUAN R-LINE EDITION TSI S-A
VOLKSWAGEN,TIGUAN,VOLKSWAGEN,TIGUAN R-LINE ETSI S-A
VOLKSWAGEN,TIGUAN,VOLKSWAGEN,TIGUAN R-LINE TECH TDI
VOLKSWAGEN,TIGUAN,VOLKSWAGEN,TIGUAN R-LINE TECH TDI 4M SA
VOLKSWAGEN,TIGUAN,VOLKSWAGEN,TIGUAN R-LINE TECH TDI 4MOTION
VOLKSWAGEN,TIGUAN,VOLKSWAGEN,TIGUAN R-LINE TECH TDI S-A
VOLKSWAGEN,TIGUAN,VOLKSWAGEN,TIGUAN R-LINE TECH TSI 4M SA
VOLKSWAGEN,TIGUAN,VOLKSWAGEN,TIGUAN R-LINE TSI
VOLKSWAGEN,TIGUAN,VOLKSWAGEN,TIGUAN R-LINE TSI 4MOTION S-A
VOLKSWAGEN,TIGUAN,VOLKSWAGEN,TIGUAN R-LINE TSI PHEV S-A
VOLKSWAGEN,TIGUAN,VOLKSWAGEN,TIGUAN R-LINE TSI S-A
VOLKSWAGEN,TIGUAN,VOLKSWAGEN,TIGUAN S TSI EVO
VOLKSWAGEN,TIGUAN,VOLKSWAGEN,TIGUAN SE NAV TSI EVO S-A
VOLKSWAGEN,TIGUAN,VOLKSWAGEN,TIGUAN SE NAVIGATION TSI EVO
VOLKSWAGEN,TIGUAN,VOLKSWAGEN,TIGUAN SE TSI EVO
VOLKSWAGEN,TIGUAN,VOLKSWAGEN,TIGUAN SE TSI EVO S-A
VOLKSWAGEN,TIGUAN,VOLKSWAGEN,TIGUAN SEL 1.4 TSI DSG BLUEMOTION
VOLKSWAGEN,TIGUAN,VOLKSWAGEN,TIGUAN TDI
VOLKSWAGEN,TIGUAN,VOLKSWAGEN,TIGUAN TDI 4 MOTION
VOLKSWAGEN,TIGUAN,VOLKSWAGEN,TIGUAN TDI 4MOTION
VOLKSWAGEN,TIGUAN,VOLKSWAGEN,TIGUAN TSI
CITROËN,GRAND C4 PICASSO,CITROEN,GRAND C4 PICASSO
KIA,Niro,KIA,NIRO
KIA,Niro,KIA,NIRO 2
KIA,Niro,KIA,NIRO 2 EV
KIA,Niro,KIA,NIRO 2 HEV S-A
KIA,Niro,KIA,NIRO 2 PHEV S-A
KIA,Niro,KIA,NIRO 2 S-A
KIA,Niro,KIA,NIRO 3
KIA,Niro,KIA,NIRO 3 EV
KIA,Niro,KIA,NIRO 3 HEV S-A
KIA,Niro,KIA,NIRO 3 PHEV S- A
KIA,Niro,KIA,NIRO 3 PHEV S-A
KIA,Niro,KIA,NIRO 4 + EV
KIA,Niro,KIA,NIRO 4 EV
KIA,Niro,KIA,NIRO 4 HEV S-A
KIA,Niro,KIA,NIRO 4 PHEV S-A
KIA,Niro,KIA,NIRO CONNECT HEV S-A
KIA,Niro,KIA,NIRO CONNECT PHEV S-A
KIA,Niro,KIA,NIRO EV
KIA,Niro,KIA,NIRO EV 2
KIA,Niro,KIA,NIRO FIRST EDITION EV
KIA,Niro,KIA,NIRO HORIZON EV
KIA,Niro,KIA,NIRO HYBRID
KIA,Niro,KIA,NIRO HYBRID AUTO
KIA,Niro,KIA,NIRO PURE HEV S-A
VOLKSWAGEN,PASSAT VARIANT,VOLKSWAGEN,PASSAT
VOLKSWAGEN,PASSAT VARIANT,VOLKSWAGEN,PASSAT 1.4 TSI DSG HIGH LINE BLUEMOTION
VOLKSWAGEN,PASSAT VARIANT,VOLKSWAGEN,PASSAT ALLTRACK
VOLKSWAGEN,PASSAT VARIANT,VOLKSWAGEN,PASSAT ALLTRACK TSI S-A
VOLKSWAGEN,PASSAT VARIANT,VOLKSWAGEN,PASSAT CC
VOLKSWAGEN,PASSAT VARIANT,VOLKSWAGEN,PASSAT CC TDI
VOLKSWAGEN,PASSAT VARIANT,VOLKSWAGEN,PASSAT ELEGANCE ETSI S-A
VOLKSWAGEN,PASSAT VARIANT,VOLKSWAGEN,PASSAT ELEGANCE PHEV S-A
VOLKSWAGEN,PASSAT VARIANT,VOLKSWAGEN,PASSAT GT CC TDI 170 S-A
VOLKSWAGEN,PASSAT VARIANT,VOLKSWAGEN,PASSAT GTE
VOLKSWAGEN,PASSAT VARIANT,VOLKSWAGEN,PASSAT LIFE ETSI S-A
VOLKSWAGEN,PASSAT VARIANT,VOLKSWAGEN,PASSAT LIFE PHEV S-A
VOLKSWAGEN,PASSAT VARIANT,VOLKSWAGEN,PASSAT R LINE AUTO
VOLKSWAGEN,PASSAT VARIANT,VOLKSWAGEN,PASSAT R LINE TDI BMT S-A
VOLKSWAGEN,PASSAT VARIANT,VOLKSWAGEN,PASSAT R-LINE ED TDI 4MOT S-A
VOLKSWAGEN,PASSAT VARIANT,VOLKSWAGEN,PASSAT R-LINE ED TSI 4MOT S-A
VOLKSWAGEN,PASSAT VARIANT,VOLKSWAGEN,PASSAT R-LINE ETSI S-A
VOLKSWAGEN,PASSAT VARIANT,VOLKSWAGEN,PASSAT R-LINE PHEV S-A
VOLKSWAGEN,PASSAT VARIANT,VOLKSWAGEN,PASSAT R-LINE TDI
VOLKSWAGEN,PASSAT VARIANT,VOLKSWAGEN,PASSAT R-LINE TDI 4MOTION S-A
VOLKSWAGEN,PASSAT VARIANT,VOLKSWAGEN,PASSAT R-LINE TDI S-A
VOLKSWAGEN,PASSAT VARIANT,VOLKSWAGEN,PASSAT R-LINE TSI 4MOTION S-A
VOLKSWAGEN,PASSAT VARIANT,VOLKSWAGEN,PASSAT R-LINE TSI S-A
VOLKSWAGEN,PASSAT VARIANT,VOLKSWAGEN,PASSAT R36
VOLKSWAGEN,PASSAT VARIANT,VOLKSWAGEN,PASSAT S TSI EVO
VOLKSWAGEN,PASSAT VARIANT,VOLKSWAGEN,PASSAT SALOON R-LINE
VOLKSWAGEN,PASSAT VARIANT,VOLKSWAGEN,PASSAT SE NAV TDI
VOLKSWAGEN,PASSAT VARIANT,VOLKSWAGEN,PASSAT SE NAV TDI S-A
VOLKSWAGEN,PASSAT VARIANT,VOLKSWAGEN,PASSAT SE NAV TSI EVO
VOLKSWAGEN,PASSAT VARIANT,VOLKSWAGEN,PASSAT SE NAV TSI EVO S-A
VOLKSWAGEN,PASSAT VARIANT,VOLKSWAGEN,PASSAT SE TDI
VOLKSWAGEN,PASSAT VARIANT,VOLKSWAGEN,PASSAT SE TDI S-A
VOLKSWAGEN,PASSAT VARIANT,VOLKSWAGEN,PASSAT SE TSI EVO
VOLKSWAGEN,PASSAT VARIANT,VOLKSWAGEN,PASSAT SE TSI EVO S-A
VOLKSWAGEN,PASSAT VARIANT,VOLKSWAGEN,PASSAT SEL TDI
VOLKSWAGEN,PASSAT VARIANT,VOLKSWAGEN,PASSAT SEL TDI S-A
VOLKSWAGEN,PASSAT VARIANT,VOLKSWAGEN,PASSAT SEL TSI EVO
VOLKSWAGEN,PASSAT VARIANT,VOLKSWAGEN,PASSAT SEL TSI EVO S-A
VOLKSWAGEN,PASSAT VARIANT,VOLKSWAGEN,PASSAT SEL TSI S-A
VOLKSWAGEN,PASSAT VARIANT,VOLKSWAGEN,PASSAT TDI
VOLKSWAGEN,PASSAT VARIANT,VOLKSWAGEN,PASSAT VARIANT R36
VOLKSWAGEN,PASSAT VARIANT,VOLKSWAGEN,PASSAT W8
FORD,FIESTA 5 DØRS,FORD,FIESTA
FORD,FIESTA 5 DØRS,FORD,FIESTA  TDCI
FORD,FIESTA 5 DØRS,FORD,FIESTA ACTIVE
FORD,FIESTA 5 DØRS,FORD,FIESTA ACTIVE 3
FORD,FIESTA 5 DØRS,FORD,FIESTA ACTIVE EDITION T MHEV
FORD,FIESTA 5 DØRS,FORD,FIESTA ACTIVE EDITION T MHEV A
FORD,FIESTA 5 DØRS,FORD,FIESTA ACTIVE EDITION TDCI
FORD,FIESTA 5 DØRS,FORD,FIESTA ACTIVE EDITION TURBO
FORD,FIESTA 5 DØRS,FORD,FIESTA ACTIVE EDITION TURBO A
FORD,FIESTA 5 DØRS,FORD,FIESTA ACTIVE TURBO
FORD,FIESTA 5 DØRS,FORD,FIESTA ACTIVE TURBO MHEV
FORD,FIESTA 5 DØRS,FORD,FIESTA ACTIVE TURBO MHEV AUTO
FORD,FIESTA 5 DØRS,FORD,FIESTA ACTIVE VIGNALE T MHEV
FORD,FIESTA 5 DØRS,FORD,FIESTA ACTIVE VIGNALE T MHEV A
FORD,FIESTA 5 DØRS,FORD,FIESTA ACTIVE VIGNALE TURBO
FORD,FIESTA 5 DØRS,FORD,FIESTA ACTIVE X ED TRBO MHEV A
FORD,FIESTA 5 DØRS,FORD,FIESTA ACTIVE X ED TURBO AUTO
FORD,FIESTA 5 DØRS,FORD,FIESTA ACTIVE X EDITION T MHEV
FORD,FIESTA 5 DØRS,FORD,FIESTA ACTIVE X EDITION TDCI
FORD,FIESTA 5 DØRS,FORD,FIESTA ACTIVE X EDITION TURBO
FORD,FIESTA 5 DØRS,FORD,FIESTA ACTIVE X TURBO MHEV A
FORD,FIESTA 5 DØRS,FORD,FIESTA BE256
FORD,FIESTA 5 DØRS,FORD,FIESTA BLACK EDITION
FORD,FIESTA 5 DØRS,FORD,FIESTA CENTURA
FORD,FIESTA 5 DØRS,FORD,FIESTA COURIER
FORD,FIESTA 5 DØRS,FORD,FIESTA EDGE
FORD,FIESTA 5 DØRS,FORD,FIESTA FINESSE TDCI
FORD,FIESTA 5 DØRS,FORD,FIESTA GHIA
FORD,FIESTA 5 DØRS,FORD,FIESTA LX
FORD,FIESTA 5 DØRS,FORD,FIESTA SPORT TURBO
FORD,FIESTA 5 DØRS,FORD,FIESTA SPORT TURBO MHEV
FORD,FIESTA 5 DØRS,FORD,FIESTA SPORT VAN
FORD,FIESTA 5 DØRS,FORD,FIESTA ST
FORD,FIESTA 5 DØRS,FORD,FIESTA ST 150
FORD,FIESTA 5 DØRS,FORD,FIESTA ST EDITION TURBO
FORD,FIESTA 5 DØRS,FORD,FIESTA ST PERFORMANCE ED TURBO
FORD,FIESTA 5 DØRS,FORD,FIESTA ST-2
FORD,FIESTA 5 DØRS,FORD,FIESTA ST-2 TURBO
FORD,FIESTA 5 DØRS,FORD,FIESTA ST-3
FORD,FIESTA 5 DØRS,FORD,FIESTA ST-3 TURBO
FORD,FIESTA 5 DØRS,FORD,FIESTA ST-LINE
FORD,FIESTA 5 DØRS,FORD,FIESTA ST-LINE ED TRBO MHEV A
FORD,FIESTA 5 DØRS,FORD,FIESTA ST-LINE EDITION T MHEV
FORD,FIESTA 5 DØRS,FORD,FIESTA ST-LINE EDITION TDCI
FORD,FIESTA 5 DØRS,FORD,FIESTA ST-LINE EDITION TURBO
FORD,FIESTA 5 DØRS,FORD,FIESTA ST-LINE EDITION TURBO A
FORD,FIESTA 5 DØRS,FORD,FIESTA ST-LINE TURBO
FORD,FIESTA 5 DØRS,FORD,FIESTA ST-LINE TURBO MHEV
FORD,FIESTA 5 DØRS,FORD,FIESTA ST-LINE TURBO MHEV AUTO
FORD,FIESTA 5 DØRS,FORD,FIESTA ST-LINE VIGNALE T MHEV
FORD,FIESTA 5 DØRS,FORD,FIESTA ST-LINE VIGNALE TURBO
FORD,FIESTA 5 DØRS,FORD,FIESTA ST-LINE X ED T MHEV A
FORD,FIESTA 5 DØRS,FORD,FIESTA ST-LINE X ED TURBO AUTO
FORD,FIESTA 5 DØRS,FORD,FIESTA ST-LINE X EDITION TDCI
FORD,FIESTA 5 DØRS,FORD,FIESTA ST-LINE X EDITION TURBO
FORD,FIESTA 5 DØRS,FORD,FIESTA ST-LINE X TURBO MHEV A
FORD,FIESTA 5 DØRS,FORD,FIESTA ST-LNE VIGNALE T MHEV A
FORD,FIESTA 5 DØRS,FORD,FIESTA ST2
FORD,FIESTA 5 DØRS,FORD,FIESTA ST200 LIMITED EDITION
FORD,FIESTA 5 DØRS,FORD,FIESTA ST3
FORD,FIESTA 5 DØRS,FORD,FIESTA STLINE X EDITION T MHEV
FORD,FIESTA 5 DØRS,FORD,FIESTA STUDIO
FORD,FIESTA 5 DØRS,FORD,FIESTA STYLE
FORD,FIESTA 5 DØRS,FORD,FIESTA STYLE + TDCI
FORD,FIESTA 5 DØRS,FORD,FIESTA TDCI
FORD,FIESTA 5 DØRS,FORD,FIESTA TDCI S
FORD,FIESTA 5 DØRS,FORD,FIESTA TITANIUM
FORD,FIESTA 5 DØRS,FORD,FIESTA TITANIUM B&O MINT
FORD,FIESTA 5 DØRS,FORD,FIESTA TITANIUM TDCI
FORD,FIESTA 5 DØRS,FORD,FIESTA TITANIUM TURBO MHEV
FORD,FIESTA 5 DØRS,FORD,FIESTA TITANIUM TURBO MHEV A
FORD,FIESTA 5 DØRS,FORD,FIESTA TITANIUM VGNLE T MHEV A
FORD,FIESTA 5 DØRS,FORD,FIESTA TITANIUM VIGNALE T MHEV
FORD,FIESTA 5 DØRS,FORD,FIESTA TITANIUM VIGNALE TURBO
FORD,FIESTA 5 DØRS,FORD,FIESTA TITANIUM X
FORD,FIESTA 5 DØRS,FORD,FIESTA TITANIUM X TURBO MHEV
FORD,FIESTA 5 DØRS,FORD,FIESTA TITANIUM X TURBO MHEV A
FORD,FIESTA 5 DØRS,FORD,FIESTA TREND
FORD,FIESTA 5 DØRS,FORD,FIESTA TREND TDCI
FORD,FIESTA 5 DØRS,FORD,FIESTA TREND TURBO
FORD,FIESTA 5 DØRS,FORD,FIESTA TREND TURBO AUTO
FORD,FIESTA 5 DØRS,FORD,FIESTA TREND TURBO MHEV
FORD,FIESTA 5 DØRS,FORD,FIESTA TREND VAN
FORD,FIESTA 5 DØRS,FORD,FIESTA TURBO
FORD,FIESTA 5 DØRS,FORD,FIESTA VAN
FORD,FIESTA 5 DØRS,FORD,FIESTA VIGNALE
FORD,FIESTA 5 DØRS,FORD,FIESTA VIGNALE ED TRBO MHEV A
FORD,FIESTA 5 DØRS,FORD,FIESTA VIGNALE EDITION T MHEV
FORD,FIESTA 5 DØRS,FORD,FIESTA VIGNALE EDITION TDCI
FORD,FIESTA 5 DØRS,FORD,FIESTA VIGNALE EDITION TURBO
FORD,FIESTA 5 DØRS,FORD,FIESTA VIGNALE EDITION TURBO A
FORD,FIESTA 5 DØRS,FORD,FIESTA ZETEC
FORD,FIESTA 5 DØRS,FORD,FIESTA ZETEC S
FORD,FIESTA 5 DØRS,FORD,FIESTA ZETEC TURBO
TOYOTA,Toyota C-HR,TOYOTA,C-HR
TOYOTA,Toyota C-HR,TOYOTA,C-HR DESIGN HEV
TOYOTA,Toyota C-HR,TOYOTA,C-HR DESIGN HEV CVT
TOYOTA,Toyota C-HR,TOYOTA,C-HR DESIGN PHEV AUTO
TOYOTA,Toyota C-HR,TOYOTA,C-HR DYNAMIC 5DR 1.8 HY
TOYOTA,Toyota C-HR,TOYOTA,C-HR DYNAMIC HEV
TOYOTA,Toyota C-HR,TOYOTA,C-HR DYNAMIC HEV CVT
TOYOTA,Toyota C-HR,TOYOTA,C-HR EXCEL
TOYOTA,Toyota C-HR,TOYOTA,C-HR EXCEL HEV
TOYOTA,Toyota C-HR,TOYOTA,C-HR EXCEL HEV CVT
TOYOTA,Toyota C-HR,TOYOTA,C-HR EXCEL PHEV AUTO
TOYOTA,Toyota C-HR,TOYOTA,C-HR GR SPORT HEV CVT
TOYOTA,Toyota C-HR,TOYOTA,C-HR GR SPORT PHEV AUTO
TOYOTA,Toyota C-HR,TOYOTA,C-HR HYBRID
TOYOTA,Toyota C-HR,TOYOTA,C-HR HYBRID AUTO
TOYOTA,Toyota C-HR,TOYOTA,C-HR ICON HEV
TOYOTA,Toyota C-HR,TOYOTA,C-HR ICON HEV CVT
TOYOTA,Toyota C-HR,TOYOTA,C-HR LIME EDITION HEV CVT
TOYOTA,Toyota C-HR,TOYOTA,C-HR ORANGE EDITION HEV CVT
TOYOTA,AYGO 3/5-DØRS,TOYOTA,AYGO
TOYOTA,AYGO 3/5-DØRS,TOYOTA,AYGO BLACK
TOYOTA,AYGO 3/5-DØRS,TOYOTA,AYGO BLUE
TOYOTA,AYGO 3/5-DØRS,TOYOTA,AYGO FIRE
TOYOTA,AYGO 3/5-DØRS,TOYOTA,AYGO GO!
TOYOTA,AYGO 3/5-DØRS,TOYOTA,AYGO ICE
TOYOTA,AYGO 3/5-DØRS,TOYOTA,AYGO JBL EDITION TSS VVT-I
TOYOTA,AYGO 3/5-DØRS,TOYOTA,AYGO JBL EDITION TSS VVT-I CVT
TOYOTA,AYGO 3/5-DØRS,TOYOTA,AYGO X
TOYOTA,AYGO 3/5-DØRS,TOYOTA,AYGO X AIR EDITION VVT-I
TOYOTA,AYGO 3/5-DØRS,TOYOTA,AYGO X AIR EDITION VVT-I AUTO
TOYOTA,AYGO 3/5-DØRS,TOYOTA,AYGO X EDGE VVT-I
TOYOTA,AYGO 3/5-DØRS,TOYOTA,AYGO X EDGE VVT-I AUTO
TOYOTA,AYGO 3/5-DØRS,TOYOTA,AYGO X EXCLUSIVE VVT-I
TOYOTA,AYGO 3/5-DØRS,TOYOTA,AYGO X EXCLUSIVE VVT-I AUTO
TOYOTA,AYGO 3/5-DØRS,TOYOTA,AYGO X LIMITED EDITION VVT-I
TOYOTA,AYGO 3/5-DØRS,TOYOTA,AYGO X LIMITED EDITION VVT-I A
TOYOTA,AYGO 3/5-DØRS,TOYOTA,AYGO X PURE VVT-I
TOYOTA,AYGO 3/5-DØRS,TOYOTA,AYGO X PURE VVT-I AUTO
TOYOTA,AYGO 3/5-DØRS,TOYOTA,AYGO X UNDERCOVER VVT-I
TOYOTA,AYGO 3/5-DØRS,TOYOTA,AYGO X UNDERCOVER VVT-I AUTO
TOYOTA,AYGO 3/5-DØRS,TOYOTA,AYGO X-CITE
TOYOTA,AYGO 3/5-DØRS,TOYOTA,AYGO X-CITE VVT-I CVT
TOYOTA,AYGO 3/5-DØRS,TOYOTA,AYGO X-CLUSIVE
TOYOTA,AYGO 3/5-DØRS,TOYOTA,AYGO X-TREND
NISSAN,NOTE,NISSAN,NOTE
NISSAN,NOTE,NISSAN,NOTE ACENTA
NISSAN,NOTE,NISSAN,NOTE ACENTA PREMIUM
NISSAN,NOTE,NISSAN,NOTE DCI
NISSAN,NOTE,NISSAN,NOTE DIG-S ACENTA PREMIUM AUTO
NISSAN,NOTE,NISSAN,NOTE DIG-S GREEN
NISSAN,NOTE,NISSAN,NOTE LIMITED EDITION
NISSAN,NOTE,NISSAN,NOTE N-TECT+
NISSAN,NOTE,NISSAN,NOTE NISMO
NISSAN,NOTE,NISSAN,NOTE NISMO S
NISSAN,NOTE,NISSAN,NOTE RIDER
NISSAN,NOTE,NISSAN,NOTE VISIA
VOLVO,V60,VOLVO,V60
VOLVO,V60,VOLVO,V60 + B3 MHEV AUTO
VOLVO,V60,VOLVO,V60 + B4 MHEV AUTO
VOLVO,V60,VOLVO,V60 + T6 PHEV AWD AUTO
VOLVO,V60,VOLVO,V60 + T6 RECHARGE AWD AUTO
VOLVO,V60,VOLVO,V60 B3 MOMENTUM HYBRID
VOLVO,V60,VOLVO,V60 B5 MHEV AUTO
VOLVO,V60,VOLVO,V60 B6 MHEV AWD AUTO
VOLVO,V60,VOLVO,V60 C-COUNTRY + B5 MHEV AWD A
VOLVO,V60,VOLVO,V60 C-COUNTRY B4 MHEV AWD AUTO
VOLVO,V60,VOLVO,V60 C-COUNTRY B5 MHEV AWD AUTO
VOLVO,V60,VOLVO,V60 C-COUNTRY CRE B4MHEV AWD A
VOLVO,V60,VOLVO,V60 C-COUNTRY CRE B5MHEV AWD A
VOLVO,V60,VOLVO,V60 C-COUNTRY ULT B5MHEV AWD A
VOLVO,V60,VOLVO,V60 CORE B3 MHEV AUTO
VOLVO,V60,VOLVO,V60 CORE B6 MHEV AWD AUTO
VOLVO,V60,VOLVO,V60 CROSS COUNTRY + D4 AWD A
VOLVO,V60,VOLVO,V60 CROSS COUNTRY + T5 AWD A
VOLVO,V60,VOLVO,V60 CROSS COUNTRY D4 AWD AUTO
VOLVO,V60,VOLVO,V60 D3
VOLVO,V60,VOLVO,V60 D4
VOLVO,V60,VOLVO,V60 D4 AWD
VOLVO,V60,VOLVO,V60 INSCRIPTION + D3
VOLVO,V60,VOLVO,V60 INSCRIPTION + D3 AUTO
VOLVO,V60,VOLVO,V60 INSCRIPTION + D4
VOLVO,V60,VOLVO,V60 INSCRIPTION + D4 AUTO
VOLVO,V60,VOLVO,V60 INSCRIPTION + T4 AUTO
VOLVO,V60,VOLVO,V60 INSCRIPTION + T5 AUTO
VOLVO,V60,VOLVO,V60 INSCRIPTION B3 MHEV AUTO
VOLVO,V60,VOLVO,V60 INSCRIPTION B4 MHEV AUTO
VOLVO,V60,VOLVO,V60 INSCRIPTION B5 MHEV AUTO
VOLVO,V60,VOLVO,V60 INSCRIPTION T6 RCHRG AWD A
VOLVO,V60,VOLVO,V60 MOMENTUM + D3
VOLVO,V60,VOLVO,V60 MOMENTUM + D3 AUTO
VOLVO,V60,VOLVO,V60 MOMENTUM + D4
VOLVO,V60,VOLVO,V60 MOMENTUM + D4 AUTO
VOLVO,V60,VOLVO,V60 MOMENTUM + T4 AUTO
VOLVO,V60,VOLVO,V60 MOMENTUM + T5 AUTO
VOLVO,V60,VOLVO,V60 MOMENTUM B3 MHEV AUTO
VOLVO,V60,VOLVO,V60 MOMENTUM B4 MHEV AUTO
VOLVO,V60,VOLVO,V60 MOMENTUM B5 MHEV AUTO
VOLVO,V60,VOLVO,V60 P-STAR ENGRD T8 PHEV AWD A
VOLVO,V60,VOLVO,V60 P-STAR ENGRD T8RCHRG AWD A
VOLVO,V60,VOLVO,V60 R-DESIGN
VOLVO,V60,VOLVO,V60 R-DESIGN + D3
VOLVO,V60,VOLVO,V60 R-DESIGN + D3 AUTO
VOLVO,V60,VOLVO,V60 R-DESIGN + D4
VOLVO,V60,VOLVO,V60 R-DESIGN + D4 AUTO
VOLVO,V60,VOLVO,V60 R-DESIGN + T4 AUTO
VOLVO,V60,VOLVO,V60 R-DESIGN + T5 AUTO
VOLVO,V60,VOLVO,V60 R-DESIGN + T8 PHEV AWD A
VOLVO,V60,VOLVO,V60 R-DESIGN B3 MHEV AUTO
VOLVO,V60,VOLVO,V60 R-DESIGN B4 MHEV AUTO
VOLVO,V60,VOLVO,V60 R-DESIGN B5 MHEV AUTO
VOLVO,V60,VOLVO,V60 R-DESIGN B6 MHEV AWD AUTO
VOLVO,V60,VOLVO,V60 R-DESIGN T6 RECHARGE AWD A
VOLVO,V60,VOLVO,V60 T4
VOLVO,V60,VOLVO,V60 T5 R DESIGN
VOLVO,V60,VOLVO,V60 ULTIMATE B4 MHEV AUTO
VOLVO,V60,VOLVO,V60 ULTIMATE T6 RECHARGE AWD A
FORD,MONDEO,FORD,MONDEO
FORD,MONDEO,FORD,MONDEO GHIA
FORD,MONDEO,FORD,MONDEO GHIA X
FORD,MONDEO,FORD,MONDEO LX
FORD,MONDEO,FORD,MONDEO ST 220
FORD,MONDEO,FORD,MONDEO ST-LINE HEV AUTO
FORD,MONDEO,FORD,MONDEO ST-LINE TDCI
FORD,MONDEO,FORD,MONDEO ST220
FORD,MONDEO,FORD,MONDEO TDCI
FORD,MONDEO,FORD,MONDEO TITANIUM
FORD,MONDEO,FORD,MONDEO TITANIUM EDITION
FORD,MONDEO,FORD,MONDEO TITANIUM TDCI
FORD,MONDEO,FORD,MONDEO TITANIUM X
FORD,MONDEO,FORD,MONDEO TITANIUM X TDCI
FORD,MONDEO,FORD,MONDEO VIGNALE TDCI
FORD,MONDEO,FORD,MONDEO ZETEC HEV AUTO
TOYOTA,COROLLA,TOYOTA,COROLLA
TOYOTA,COROLLA,TOYOTA,COROLLA  ICON HEV CVT
TOYOTA,COROLLA,TOYOTA,COROLLA  RUMION
TOYOTA,COROLLA,TOYOTA,COROLLA  VERSO
TOYOTA,COROLLA,TOYOTA,COROLLA ACTIVE HEV CVT
TOYOTA,COROLLA,TOYOTA,COROLLA COMMERCIAL HEV CVT
TOYOTA,COROLLA,TOYOTA,COROLLA CROSS
TOYOTA,COROLLA,TOYOTA,COROLLA DESIGN
TOYOTA,COROLLA,TOYOTA,COROLLA DESIGN HEV
TOYOTA,COROLLA,TOYOTA,COROLLA DESIGN HEV CVT
TOYOTA,COROLLA,TOYOTA,COROLLA ECON HEV CVT
TOYOTA,COROLLA,TOYOTA,COROLLA ESTATE
TOYOTA,COROLLA,TOYOTA,COROLLA EXCEL HEV
TOYOTA,COROLLA,TOYOTA,COROLLA EXCEL HEV AUTO
TOYOTA,COROLLA,TOYOTA,COROLLA EXCEL HEV CVT
TOYOTA,COROLLA,TOYOTA,COROLLA EXCEL VVT-I HEV CVT  START/STOP
TOYOTA,COROLLA,TOYOTA,COROLLA FIELDER
TOYOTA,COROLLA,TOYOTA,COROLLA FX GT LIMITED
TOYOTA,COROLLA,TOYOTA,COROLLA GR SPORT HEV AUTO
TOYOTA,COROLLA,TOYOTA,COROLLA GR SPORT HEV CVT
TOYOTA,COROLLA,TOYOTA,COROLLA GS
TOYOTA,COROLLA,TOYOTA,COROLLA GT
TOYOTA,COROLLA,TOYOTA,COROLLA GT RWD
TOYOTA,COROLLA,TOYOTA,COROLLA HYBRID
TOYOTA,COROLLA,TOYOTA,COROLLA ICON HEV AUTO
TOYOTA,COROLLA,TOYOTA,COROLLA ICON HEV CVT
TOYOTA,COROLLA,TOYOTA,COROLLA ICON TECH
TOYOTA,COROLLA,TOYOTA,COROLLA ICON TECH HEV
TOYOTA,COROLLA,TOYOTA,COROLLA ICON TECH HEV CVT
TOYOTA,COROLLA,TOYOTA,COROLLA ICON TECH VVTI HEV CVT
TOYOTA,COROLLA,TOYOTA,COROLLA ICON VVT-HEV CVT
TOYOTA,COROLLA,TOYOTA,COROLLA ICON VVT-I HEV CVT
TOYOTA,COROLLA,TOYOTA,COROLLA ICON VVT-IHEV
TOYOTA,COROLLA,TOYOTA,COROLLA LEVIN
TOYOTA,COROLLA,TOYOTA,COROLLA SALOON
TOYOTA,COROLLA,TOYOTA,COROLLA SPORT
TOYOTA,COROLLA,TOYOTA,COROLLA SR
TOYOTA,COROLLA,TOYOTA,COROLLA T-SPIRIT
TOYOTA,COROLLA,TOYOTA,COROLLA T3
TOYOTA,COROLLA,TOYOTA,COROLLA TOURING
TOYOTA,COROLLA,TOYOTA,COROLLA TREK HEV CVT
TOYOTA,COROLLA,TOYOTA,COROLLA VERSO
TOYOTA,COROLLA,TOYOTA,COROLLA VERSO SR
TOYOTA,COROLLA,TOYOTA,COROLLA VERSO T2
TOYOTA,COROLLA,TOYOTA,COROLLA VERSO VVT-I T3
RENAULT,GRAND SCENIC,RENAULT,GRAND SCENIC
RENAULT,GRAND SCENIC,RENAULT,GRAND SCENIC DCI
RENAULT,GRAND SCENIC,RENAULT,GRAND SCENIC DYNAMIQUE
RENAULT,GRAND SCENIC,RENAULT,GRAND SCENIC ICONIC BLUE DCI A
RENAULT,GRAND SCENIC,RENAULT,GRAND SCENIC PLAY BLUE DCI A
RENAULT,GRAND SCENIC,RENAULT,GRAND SCENIC SIGN BLUE DCI A
SUZUKI,SPLASH,SUZUKI,SPLASH
DACIA,Duster,DACIA,DUSTER
DACIA,Duster,DACIA,DUSTER ACCESS TCE 4X2
DACIA,Duster,DACIA,DUSTER COMFORT BLUE DCI 4X2
DACIA,Duster,DACIA,DUSTER COMFORT BLUE DCI 4X4
DACIA,Duster,DACIA,DUSTER COMFORT LPG TCE 4X2
DACIA,Duster,DACIA,DUSTER COMFORT SCE 4X2
DACIA,Duster,DACIA,DUSTER COMFORT SCE 4X4
DACIA,Duster,DACIA,DUSTER COMFORT TCE 4X2
DACIA,Duster,DACIA,DUSTER COMFORT TCE 4X2 AUTO
DACIA,Duster,DACIA,DUSTER COMFORT TCE 4X4
DACIA,Duster,DACIA,DUSTER DCI
DACIA,Duster,DACIA,DUSTER ESSENTIAL BLUE DCI 4X2
DACIA,Duster,DACIA,DUSTER ESSENTIAL BLUE DCI 4X4
DACIA,Duster,DACIA,DUSTER ESSENTIAL LPG TCE 4X2
DACIA,Duster,DACIA,DUSTER ESSENTIAL TCE 4X2
DACIA,Duster,DACIA,DUSTER EXPRESSION BLUE DCI 4X2
DACIA,Duster,DACIA,DUSTER EXPRESSION BLUE DCI 4X4
DACIA,Duster,DACIA,DUSTER EXPRESSION LPG TCE 4X2
DACIA,Duster,DACIA,DUSTER EXPRESSION TCE 4X2
DACIA,Duster,DACIA,DUSTER EXPRESSION TCE 4X2 AUTO
DACIA,Duster,DACIA,DUSTER EXTREME BLUE DCI 4X2
DACIA,Duster,DACIA,DUSTER EXTREME BLUE DCI 4X4
DACIA,Duster,DACIA,DUSTER EXTREME LPG TCE 4X2
DACIA,Duster,DACIA,DUSTER EXTREME SE BLUE DCI 4X2
DACIA,Duster,DACIA,DUSTER EXTREME SE BLUE DCI 4X4
DACIA,Duster,DACIA,DUSTER EXTREME SE LPG TCE 4X2
DACIA,Duster,DACIA,DUSTER EXTREME SE TCE 4X2
DACIA,Duster,DACIA,DUSTER EXTREME SE TCE 4X2 AUTO
DACIA,Duster,DACIA,DUSTER EXTREME TCE 4X2
DACIA,Duster,DACIA,DUSTER EXTREME TCE 4X2 AUTO
DACIA,Duster,DACIA,DUSTER EXTREME TCE HEV AUTO
DACIA,Duster,DACIA,DUSTER JOURNEY BLUE DCI 4X2
DACIA,Duster,DACIA,DUSTER JOURNEY BLUE DCI 4X4
DACIA,Duster,DACIA,DUSTER JOURNEY LPG TCE 4X2
DACIA,Duster,DACIA,DUSTER JOURNEY TCE 4X2
DACIA,Duster,DACIA,DUSTER JOURNEY TCE 4X2 AUTO
DACIA,Duster,DACIA,DUSTER JOURNEY TCE HEV AUTO
DACIA,Duster,DACIA,DUSTER NAV PLUS DCI 4X2 AUTO
DACIA,Duster,DACIA,DUSTER PRESTIGE LPG TCE 4X2
DACIA,Duster,DACIA,DUSTER PRESTIGE TCE 4X2 AUTO
DACIA,Duster,DACIA,DUSTER SE TWENTY BLUE DCI 4X2
DACIA,Duster,DACIA,DUSTER SE TWENTY BLUE DCI 4X4
DACIA,Duster,DACIA,DUSTER SE TWENTY LPG TCE 4X2
DACIA,Duster,DACIA,DUSTER SE TWENTY TCE 4X2
DACIA,Duster,DACIA,DUSTER TECHROAD TCE 4X4
TOYOTA,RAV4,TOYOTA,RAV4
TOYOTA,RAV4,TOYOTA,RAV4 ADVENTURE HEV CVT
TOYOTA,RAV4,TOYOTA,RAV4 BLACK EDITION HEV 4X2 CVT
TOYOTA,RAV4,TOYOTA,RAV4 BLACK EDITION HEV CVT
TOYOTA,RAV4,TOYOTA,RAV4 DESIGN HEV
TOYOTA,RAV4,TOYOTA,RAV4 DESIGN HEV AWD
TOYOTA,RAV4,TOYOTA,RAV4 DESIGN HEV CVT
TOYOTA,RAV4,TOYOTA,RAV4 DESIGN PHEV AUTO
TOYOTA,RAV4,TOYOTA,RAV4 DYNAMIC HEV
TOYOTA,RAV4,TOYOTA,RAV4 DYNAMIC HEV 4X2 CVT
TOYOTA,RAV4,TOYOTA,RAV4 DYNAMIC HEV CVT
TOYOTA,RAV4,TOYOTA,RAV4 DYNAMIC HEV CVT AWD
TOYOTA,RAV4,TOYOTA,RAV4 DYNAMIC PHEV AUTO
TOYOTA,RAV4,TOYOTA,RAV4 DYNAMIC PREMIUM PHEV AUTO
TOYOTA,RAV4,TOYOTA,RAV4 EXCEL HEV
TOYOTA,RAV4,TOYOTA,RAV4 EXCEL HEV AWD
TOYOTA,RAV4,TOYOTA,RAV4 GR SPORT HEV CVT
TOYOTA,RAV4,TOYOTA,RAV4 GR SPORT PHEV AUTO
TOYOTA,RAV4,TOYOTA,RAV4 HYBRID TRD EDITION AUTO
TOYOTA,RAV4,TOYOTA,RAV4 ICON HEV
TOYOTA,RAV4,TOYOTA,RAV4 SR D-CAT
TOYOTA,RAV4,TOYOTA,RAV4 VX
TOYOTA,AVENSIS,TOYOTA,AVENSIS
TOYOTA,AVENSIS,TOYOTA,AVENSIS  VERSO
TOYOTA,AVENSIS,TOYOTA,AVENSIS D<4D T2
TOYOTA,AVENSIS,TOYOTA,AVENSIS D<4D TR
TOYOTA,AVENSIS,TOYOTA,AVENSIS GS
TOYOTA,AVENSIS,TOYOTA,AVENSIS SI
TOYOTA,AVENSIS,TOYOTA,AVENSIS T3-S
TOYOTA,AVENSIS,TOYOTA,AVENSIS TR
TOYOTA,AVENSIS,TOYOTA,AVENSIS WAGON
VOLKSWAGEN,Golf Sportsvan,VOLKSWAGEN,GOLF
VOLKSWAGEN,Golf Sportsvan,VOLKSWAGEN,GOLF   R
VOLKSWAGEN,Golf Sportsvan,VOLKSWAGEN,GOLF  R
VOLKSWAGEN,Golf Sportsvan,VOLKSWAGEN,GOLF  TSI BLUE MOTION DSG AUTO
VOLKSWAGEN,Golf Sportsvan,VOLKSWAGEN,GOLF 1.4 TSI BLUEMOTION TECH MATCH DSG
VOLKSWAGEN,Golf Sportsvan,VOLKSWAGEN,GOLF 1.4 TSI HIGHLINE 7G AUTO
VOLKSWAGEN,Golf Sportsvan,VOLKSWAGEN,GOLF 1.4TSI BLUEMOTION TECH  DSG 140BHP
VOLKSWAGEN,Golf Sportsvan,VOLKSWAGEN,GOLF 2.0 GT TDI DSG BM ESTATE
VOLKSWAGEN,Golf Sportsvan,VOLKSWAGEN,GOLF 2.0 TDI DSG BM COMFORT
VOLKSWAGEN,Golf Sportsvan,VOLKSWAGEN,GOLF 2.0 TSI GTI DSG
VOLKSWAGEN,Golf Sportsvan,VOLKSWAGEN,GOLF ACTIVE ETSI S-A
VOLKSWAGEN,Golf Sportsvan,VOLKSWAGEN,GOLF ACTIVE TDI
VOLKSWAGEN,Golf Sportsvan,VOLKSWAGEN,GOLF ACTIVE TDI S-A
VOLKSWAGEN,Golf Sportsvan,VOLKSWAGEN,GOLF ACTIVE TSI
VOLKSWAGEN,Golf Sportsvan,VOLKSWAGEN,GOLF ALLTRACK
VOLKSWAGEN,Golf Sportsvan,VOLKSWAGEN,GOLF ALLTRACK TDI 4MOTION S-A
VOLKSWAGEN,Golf Sportsvan,VOLKSWAGEN,GOLF BLUEMOTION TECH
VOLKSWAGEN,Golf Sportsvan,VOLKSWAGEN,GOLF CABRIOLET
VOLKSWAGEN,Golf Sportsvan,VOLKSWAGEN,GOLF CADDY
VOLKSWAGEN,Golf Sportsvan,VOLKSWAGEN,GOLF CLUBSPORT GTI TSI S-A
VOLKSWAGEN,Golf Sportsvan,VOLKSWAGEN,GOLF CONVERTIBLE
VOLKSWAGEN,Golf Sportsvan,VOLKSWAGEN,GOLF ESTATE
VOLKSWAGEN,Golf Sportsvan,VOLKSWAGEN,GOLF FR
VOLKSWAGEN,Golf Sportsvan,VOLKSWAGEN,GOLF FSI
VOLKSWAGEN,Golf Sportsvan,VOLKSWAGEN,GOLF GT
VOLKSWAGEN,Golf Sportsvan,VOLKSWAGEN,GOLF GT EDITION
VOLKSWAGEN,Golf Sportsvan,VOLKSWAGEN,GOLF GT EDITION TDI
VOLKSWAGEN,Golf Sportsvan,VOLKSWAGEN,GOLF GT EDITION TDI S-A
VOLKSWAGEN,Golf Sportsvan,VOLKSWAGEN,GOLF GT EDITION TSI EVO
VOLKSWAGEN,Golf Sportsvan,VOLKSWAGEN,GOLF GT EDITION TSI EVO S-A
VOLKSWAGEN,Golf Sportsvan,VOLKSWAGEN,GOLF GT TDI
VOLKSWAGEN,Golf Sportsvan,VOLKSWAGEN,GOLF GTD
VOLKSWAGEN,Golf Sportsvan,VOLKSWAGEN,GOLF GTD TDI S-A
VOLKSWAGEN,Golf Sportsvan,VOLKSWAGEN,GOLF GTE
VOLKSWAGEN,Golf Sportsvan,VOLKSWAGEN,GOLF GTE HYBRID
VOLKSWAGEN,Golf Sportsvan,VOLKSWAGEN,GOLF GTE S-A
VOLKSWAGEN,Golf Sportsvan,VOLKSWAGEN,GOLF GTI
VOLKSWAGEN,Golf Sportsvan,VOLKSWAGEN,GOLF GTI ADIDAS
VOLKSWAGEN,Golf Sportsvan,VOLKSWAGEN,GOLF GTI AUTO
VOLKSWAGEN,Golf Sportsvan,VOLKSWAGEN,GOLF GTI CLUB SPORT
VOLKSWAGEN,Golf Sportsvan,VOLKSWAGEN,GOLF GTI CLUBSPORT
VOLKSWAGEN,Golf Sportsvan,VOLKSWAGEN,GOLF GTI CLUBSPORT 45 TSI S-A
VOLKSWAGEN,Golf Sportsvan,VOLKSWAGEN,GOLF GTI CLUBSPORT S
VOLKSWAGEN,Golf Sportsvan,VOLKSWAGEN,GOLF GTI EDITION 30
VOLKSWAGEN,Golf Sportsvan,VOLKSWAGEN,GOLF GTI EDITION 35 DSG
VOLKSWAGEN,Golf Sportsvan,VOLKSWAGEN,GOLF GTI PERFORMANCE
VOLKSWAGEN,Golf Sportsvan,VOLKSWAGEN,GOLF GTI PERFORMANCE AUTO
VOLKSWAGEN,Golf Sportsvan,VOLKSWAGEN,GOLF GTI PERFORMANCE PACK
VOLKSWAGEN,Golf Sportsvan,VOLKSWAGEN,GOLF GTI PIRELLI
VOLKSWAGEN,Golf Sportsvan,VOLKSWAGEN,GOLF GTI PIRELLI EDITION
VOLKSWAGEN,Golf Sportsvan,VOLKSWAGEN,GOLF GTI PIRRELI
VOLKSWAGEN,Golf Sportsvan,VOLKSWAGEN,GOLF GTI TCR
VOLKSWAGEN,Golf Sportsvan,VOLKSWAGEN,GOLF GTI TSI
VOLKSWAGEN,Golf Sportsvan,VOLKSWAGEN,GOLF GTI TSI S-A
VOLKSWAGEN,Golf Sportsvan,VOLKSWAGEN,GOLF HATCHBACK
VOLKSWAGEN,Golf Sportsvan,VOLKSWAGEN,GOLF LIFE ETSI S-A
VOLKSWAGEN,Golf Sportsvan,VOLKSWAGEN,GOLF LIFE TDI
VOLKSWAGEN,Golf Sportsvan,VOLKSWAGEN,GOLF LIFE TDI S-A
VOLKSWAGEN,Golf Sportsvan,VOLKSWAGEN,GOLF LIFE TSI
VOLKSWAGEN,Golf Sportsvan,VOLKSWAGEN,GOLF MATCH
VOLKSWAGEN,Golf Sportsvan,VOLKSWAGEN,GOLF MATCH EDITION TDI
VOLKSWAGEN,Golf Sportsvan,VOLKSWAGEN,GOLF MATCH EDITION TDI S-A
VOLKSWAGEN,Golf Sportsvan,VOLKSWAGEN,GOLF MATCH EDITION TSI
VOLKSWAGEN,Golf Sportsvan,VOLKSWAGEN,GOLF MATCH EDITION TSI EVO
VOLKSWAGEN,Golf Sportsvan,VOLKSWAGEN,GOLF MATCH EDITION TSI EVO S-A
VOLKSWAGEN,Golf Sportsvan,VOLKSWAGEN,GOLF MATCH TDI
VOLKSWAGEN,Golf Sportsvan,VOLKSWAGEN,GOLF MATCH TSI
VOLKSWAGEN,Golf Sportsvan,VOLKSWAGEN,GOLF PLUS
VOLKSWAGEN,Golf Sportsvan,VOLKSWAGEN,GOLF PLUS DUNE
VOLKSWAGEN,Golf Sportsvan,VOLKSWAGEN,GOLF PLUS LUNA TDI 105
VOLKSWAGEN,Golf Sportsvan,VOLKSWAGEN,GOLF PLUS SE TDI 106 SE
VOLKSWAGEN,Golf Sportsvan,VOLKSWAGEN,GOLF PLUS TDI
VOLKSWAGEN,Golf Sportsvan,VOLKSWAGEN,GOLF PLUS TSI
VOLKSWAGEN,Golf Sportsvan,VOLKSWAGEN,GOLF R
VOLKSWAGEN,Golf Sportsvan,VOLKSWAGEN,GOLF R 20 YEARS TSI 4MOTION SA
VOLKSWAGEN,Golf Sportsvan,VOLKSWAGEN,GOLF R DSG
VOLKSWAGEN,Golf Sportsvan,VOLKSWAGEN,GOLF R DSG S-A 4MOTION
VOLKSWAGEN,Golf Sportsvan,VOLKSWAGEN,GOLF R ESTATE
VOLKSWAGEN,Golf Sportsvan,VOLKSWAGEN,GOLF R LINE
VOLKSWAGEN,Golf Sportsvan,VOLKSWAGEN,GOLF R TSI
VOLKSWAGEN,Golf Sportsvan,VOLKSWAGEN,GOLF R TSI 4MOTION S-A
VOLKSWAGEN,Golf Sportsvan,VOLKSWAGEN,GOLF R-32
VOLKSWAGEN,Golf Sportsvan,VOLKSWAGEN,GOLF R-LINE EDITION TDI
VOLKSWAGEN,Golf Sportsvan,VOLKSWAGEN,GOLF R-LINE EDITION TDI S-A
VOLKSWAGEN,Golf Sportsvan,VOLKSWAGEN,GOLF R-LINE EDITION TSI EVO
VOLKSWAGEN,Golf Sportsvan,VOLKSWAGEN,GOLF R-LINE EDITION TSI EVO SA
VOLKSWAGEN,Golf Sportsvan,VOLKSWAGEN,GOLF R-LINE ETSI S-A
VOLKSWAGEN,Golf Sportsvan,VOLKSWAGEN,GOLF R-LINE TDI
VOLKSWAGEN,Golf Sportsvan,VOLKSWAGEN,GOLF R-LINE TDI S-A
VOLKSWAGEN,Golf Sportsvan,VOLKSWAGEN,GOLF R-LINE TSI
VOLKSWAGEN,Golf Sportsvan,VOLKSWAGEN,GOLF R20
VOLKSWAGEN,Golf Sportsvan,VOLKSWAGEN,GOLF R32
VOLKSWAGEN,Golf Sportsvan,VOLKSWAGEN,GOLF R32 IMPORT
VOLKSWAGEN,Golf Sportsvan,VOLKSWAGEN,GOLF S TSI
VOLKSWAGEN,Golf Sportsvan,VOLKSWAGEN,GOLF S TSI S-A
VOLKSWAGEN,Golf Sportsvan,VOLKSWAGEN,GOLF SE BLUEMOTION TDI
VOLKSWAGEN,Golf Sportsvan,VOLKSWAGEN,GOLF SE TDI BMT
VOLKSWAGEN,Golf Sportsvan,VOLKSWAGEN,GOLF SPORTLINE TSI S-A
VOLKSWAGEN,Golf Sportsvan,VOLKSWAGEN,GOLF SPORTSVAN
VOLKSWAGEN,Golf Sportsvan,VOLKSWAGEN,GOLF SR
VOLKSWAGEN,Golf Sportsvan,VOLKSWAGEN,GOLF STYLE EDITION TSI
VOLKSWAGEN,Golf Sportsvan,VOLKSWAGEN,GOLF STYLE ETSI S-A
VOLKSWAGEN,Golf Sportsvan,VOLKSWAGEN,GOLF STYLE TDI
VOLKSWAGEN,Golf Sportsvan,VOLKSWAGEN,GOLF STYLE TDI S-A
VOLKSWAGEN,Golf Sportsvan,VOLKSWAGEN,GOLF STYLE TSI
VOLKSWAGEN,Golf Sportsvan,VOLKSWAGEN,GOLF STYLE TSI E-HYBRID S-A
VOLKSWAGEN,Golf Sportsvan,VOLKSWAGEN,GOLF SV
VOLKSWAGEN,Golf Sportsvan,VOLKSWAGEN,GOLF SV GT TDI S-A
VOLKSWAGEN,Golf Sportsvan,VOLKSWAGEN,GOLF SV MATCH ED TSI EVO S-A
VOLKSWAGEN,Golf Sportsvan,VOLKSWAGEN,GOLF SV MATCH EDITION TDI
VOLKSWAGEN,Golf Sportsvan,VOLKSWAGEN,GOLF SV MATCH EDITION TDI S-A
VOLKSWAGEN,Golf Sportsvan,VOLKSWAGEN,GOLF SV MATCH EDITION TSI EVO
VOLKSWAGEN,Golf Sportsvan,VOLKSWAGEN,GOLF SV S TSI
VOLKSWAGEN,Golf Sportsvan,VOLKSWAGEN,GOLF SV SE NAVIGATION TSI
VOLKSWAGEN,Golf Sportsvan,VOLKSWAGEN,GOLF SV SE TSI
VOLKSWAGEN,Golf Sportsvan,VOLKSWAGEN,GOLF TDI
VOLKSWAGEN,Golf Sportsvan,VOLKSWAGEN,GOLF TDI CABRIOLET
VOLKSWAGEN,Golf Sportsvan,VOLKSWAGEN,GOLF TSI
VOLKSWAGEN,Golf Sportsvan,VOLKSWAGEN,GOLF TSI 150 DSG BMT S-A
VOLKSWAGEN,Golf Sportsvan,VOLKSWAGEN,GOLF TSI AUTO
VOLKSWAGEN,Golf Sportsvan,VOLKSWAGEN,GOLF TSI BLUE MOTION AUTO
VOLKSWAGEN,Golf Sportsvan,VOLKSWAGEN,GOLF TSI BLUEMOTION
VOLKSWAGEN,Golf Sportsvan,VOLKSWAGEN,GOLF TSI BLUEMOTION TECH
VOLKSWAGEN,Golf Sportsvan,VOLKSWAGEN,GOLF TSI BLUEMOTION TECH R DSG 4MOTION
VOLKSWAGEN,Golf Sportsvan,VOLKSWAGEN,GOLF V5
VOLKSWAGEN,Golf Sportsvan,VOLKSWAGEN,GOLF V6 4MOTION
VOLKSWAGEN,Golf Sportsvan,VOLKSWAGEN,GOLF VR6
VOLKSWAGEN,Golf Sportsvan,VOLKSWAGEN,GOLF-R
MAZDA,MAZDA6,MAZDA,6
MAZDA,MAZDA6,MAZDA,6 100TH ANNIVERSARY EDITION A
MAZDA,MAZDA6,MAZDA,6 ESTATE
MAZDA,MAZDA6,MAZDA,6 GT SPORT AUTO
MAZDA,MAZDA6,MAZDA,6 KURO EDITION
MAZDA,MAZDA6,MAZDA,6 SE
MAZDA,MAZDA6,MAZDA,6 SE-L
MAZDA,MAZDA6,MAZDA,6 SE-L AUTO
MAZDA,MAZDA6,MAZDA,6 SL
MAZDA,MAZDA6,MAZDA,6 SPORT
MAZDA,MAZDA6,MAZDA,6 SPORT NAV
MAZDA,MAZDA6,MAZDA,6 TS
MAZDA,MAZDA6,MAZDA,6 TS2
TOYOTA,YARIS 5-DØRS,TOYOTA,YARIS
TOYOTA,YARIS 5-DØRS,TOYOTA,YARIS 1.0 VVT-I ACTIVE AUTO
TOYOTA,YARIS 5-DØRS,TOYOTA,YARIS 1.5 VVT-I ACTIVE HYBRID VVT-I CVT
TOYOTA,YARIS 5-DØRS,TOYOTA,YARIS AUTO
TOYOTA,YARIS 5-DØRS,TOYOTA,YARIS CDX
TOYOTA,YARIS 5-DØRS,TOYOTA,YARIS CROSS
TOYOTA,YARIS 5-DØRS,TOYOTA,YARIS CROSS 1.5 VVT-H PETROL HYBRID
TOYOTA,YARIS 5-DØRS,TOYOTA,YARIS CROSS DESIGN HEV AUTO
TOYOTA,YARIS 5-DØRS,TOYOTA,YARIS CROSS DYNAMIC HEV 4X4 A
TOYOTA,YARIS 5-DØRS,TOYOTA,YARIS CROSS DYNAMIC HEV AUTO
TOYOTA,YARIS 5-DØRS,TOYOTA,YARIS CROSS EXCEL HEV 4X4 AUTO
TOYOTA,YARIS 5-DØRS,TOYOTA,YARIS CROSS EXCEL HEV AUT
TOYOTA,YARIS 5-DØRS,TOYOTA,YARIS CROSS EXCEL HEV AUTO
TOYOTA,YARIS 5-DØRS,TOYOTA,YARIS CROSS GR SPORT HEV AUTO
TOYOTA,YARIS 5-DØRS,TOYOTA,YARIS CROSS ICON HEV AUTO
TOYOTA,YARIS 5-DØRS,TOYOTA,YARIS CROSS PREM ED HEV 4X4 A
TOYOTA,YARIS 5-DØRS,TOYOTA,YARIS CROSS PREM ED HEV CVT
TOYOTA,YARIS 5-DØRS,TOYOTA,YARIS CROSS PREMIERE ED HEV A
TOYOTA,YARIS 5-DØRS,TOYOTA,YARIS D<4D
TOYOTA,YARIS 5-DØRS,TOYOTA,YARIS DESIGN HEV
TOYOTA,YARIS 5-DØRS,TOYOTA,YARIS DESIGN HEV CVT
TOYOTA,YARIS 5-DØRS,TOYOTA,YARIS DYNAMIC HEV CVT
TOYOTA,YARIS 5-DØRS,TOYOTA,YARIS E-FOUR AUTO
TOYOTA,YARIS 5-DØRS,TOYOTA,YARIS EXCEL HEV
TOYOTA,YARIS 5-DØRS,TOYOTA,YARIS EXCEL HEV CVT
TOYOTA,YARIS 5-DØRS,TOYOTA,YARIS GR SPORT HEV CVT
TOYOTA,YARIS 5-DØRS,TOYOTA,YARIS GS
TOYOTA,YARIS 5-DØRS,TOYOTA,YARIS HEV
TOYOTA,YARIS 5-DØRS,TOYOTA,YARIS HYBRID
TOYOTA,YARIS 5-DØRS,TOYOTA,YARIS HYBRID AUTO
TOYOTA,YARIS 5-DØRS,TOYOTA,YARIS HYBRID ICON CVT
TOYOTA,YARIS 5-DØRS,TOYOTA,YARIS HYBRID VVT-I CVT AUTO
TOYOTA,YARIS 5-DØRS,TOYOTA,YARIS ICON +
TOYOTA,YARIS 5-DØRS,TOYOTA,YARIS ICON + HEV
TOYOTA,YARIS 5-DØRS,TOYOTA,YARIS ICON HEV
TOYOTA,YARIS 5-DØRS,TOYOTA,YARIS ICON HEV CVT
TOYOTA,YARIS 5-DØRS,TOYOTA,YARIS ICON TECH HEV
TOYOTA,YARIS 5-DØRS,TOYOTA,YARIS LAUNCH EDITION HEV CVT
TOYOTA,YARIS 5-DØRS,TOYOTA,YARIS PREMIERE EDITION HEV A
TOYOTA,YARIS 5-DØRS,TOYOTA,YARIS SPORT
TOYOTA,YARIS 5-DØRS,TOYOTA,YARIS SR
TOYOTA,YARIS 5-DØRS,TOYOTA,YARIS T SPIRIT HEV
TOYOTA,YARIS 5-DØRS,TOYOTA,YARIS T-SPIRIT
TOYOTA,YARIS 5-DØRS,TOYOTA,YARIS T-SPORT
TOYOTA,YARIS 5-DØRS,TOYOTA,YARIS T2
TOYOTA,YARIS 5-DØRS,TOYOTA,YARIS T3
TOYOTA,YARIS 5-DØRS,TOYOTA,YARIS T3 D<4D
TOYOTA,YARIS 5-DØRS,TOYOTA,YARIS T4 HEV
TOYOTA,YARIS 5-DØRS,TOYOTA,YARIS TR
TOYOTA,YARIS 5-DØRS,TOYOTA,YARIS TR TRD
TOYOTA,YARIS 5-DØRS,TOYOTA,YARIS TREND HEV
TOYOTA,YARIS 5-DØRS,TOYOTA,YARIS VERSO
TOYOTA,YARIS 5-DØRS,TOYOTA,YARIS VERSO T SPIRIT AUTO
TOYOTA,YARIS 5-DØRS,TOYOTA,YARIS VITZ
TOYOTA,YARIS 5-DØRS,TOYOTA,YARIS VVT-I AUTO
TOYOTA,YARIS 5-DØRS,TOYOTA,YARIS VVTI
TOYOTA,YARIS 5-DØRS,TOYOTA,YARIS Y20
TOYOTA,YARIS 5-DØRS,TOYOTA,YARIS Y20 HEV
TOYOTA,YARIS 5-DØRS,TOYOTA,YARIS ZINC D<4D
HONDA,JAZZ,HONDA,JAZZ
HONDA,JAZZ,HONDA,JAZZ 1.5 H I-MMD EX STYLE HYBRID ECVT
HONDA,JAZZ,HONDA,JAZZ ADVANCE I-MMD CVT
HONDA,JAZZ,HONDA,JAZZ ADVANCE SPORT I-MMD CVT
HONDA,JAZZ,HONDA,JAZZ CROSSTAR
HONDA,JAZZ,HONDA,JAZZ CROSSTAR ADVANCE IMMD CVT
HONDA,JAZZ,HONDA,JAZZ CROSSTAR EX I-MMD CVT
HONDA,JAZZ,HONDA,JAZZ ELEGANCE I-MMD CVT
HONDA,JAZZ,HONDA,JAZZ ES
HONDA,JAZZ,HONDA,JAZZ EX I-MMD CVT
HONDA,JAZZ,HONDA,JAZZ FIT
HONDA,JAZZ,HONDA,JAZZ H I-MMD SE ECVT EURO 6
HONDA,JAZZ,HONDA,JAZZ HYBRID
HONDA,JAZZ,HONDA,JAZZ HYBRID AUTO KEYLESS
HONDA,JAZZ,HONDA,JAZZ RS
HONDA,JAZZ,HONDA,JAZZ SE I-MMD CVT
HONDA,JAZZ,HONDA,JAZZ SHUTTLE
HONDA,JAZZ,HONDA,JAZZ SI
HONDA,JAZZ,HONDA,JAZZ SPORT
HONDA,JAZZ,HONDA,JAZZ SR I-MMD CVT
HONDA,JAZZ,HONDA,JAZZ VTEC S
HYUNDAI,I30CW,HYUNDAI,I30
HYUNDAI,I30CW,HYUNDAI,I30 ACTIVE
HYUNDAI,I30CW,HYUNDAI,I30 ACTIVE CRDI
HYUNDAI,I30CW,HYUNDAI,I30 ACTIVE CRDI BLUE
HYUNDAI,I30CW,HYUNDAI,I30 COMFORT CRDI
HYUNDAI,I30CW,HYUNDAI,I30 COMFORT CRDI AUTO
HYUNDAI,I30CW,HYUNDAI,I30 CW
HYUNDAI,I30CW,HYUNDAI,I30 FASTBACK
HYUNDAI,I30CW,HYUNDAI,I30 N DRIVE-N LIMITD ED TGDI A
HYUNDAI,I30CW,HYUNDAI,I30 N LINE MHEV T-GDI
HYUNDAI,I30CW,HYUNDAI,I30 N LINE MHEV T-GDI AUTO
HYUNDAI,I30CW,HYUNDAI,I30 N T-GDI
HYUNDAI,I30CW,HYUNDAI,I30 N T-GDI AUTO
HYUNDAI,I30CW,HYUNDAI,I30 PREMIUM
HYUNDAI,I30CW,HYUNDAI,I30 PREMIUM MHEV CRDI
HYUNDAI,I30CW,HYUNDAI,I30 PREMIUM MHEV CRDI AUTO
HYUNDAI,I30CW,HYUNDAI,I30 PREMIUM MHEV T-GDI
HYUNDAI,I30CW,HYUNDAI,I30 PREMIUM MHEV T-GDI AUTO
HYUNDAI,I30CW,HYUNDAI,I30 PREMIUM SE
HYUNDAI,I30CW,HYUNDAI,I30 SE
HYUNDAI,I30CW,HYUNDAI,I30 SE CONNECT MHEV CRDI
HYUNDAI,I30CW,HYUNDAI,I30 SE CONNECT MHEV CRDI AUTO
HYUNDAI,I30CW,HYUNDAI,I30 SE CONNECT MHEV T-GDI
HYUNDAI,I30CW,HYUNDAI,I30 SE CONNECT MHEV T-GDI AUTO
HYUNDAI,I30CW,HYUNDAI,I30 SE CRDI
HYUNDAI,I30CW,HYUNDAI,I30N
TOYOTA,VERSO,TOYOTA,VERSO
TOYOTA,VERSO,TOYOTA,VERSO S
TOYOTA,VERSO,TOYOTA,VERSO TR VALVEMATIC
TOYOTA,VERSO,TOYOTA,VERSO-S
OPEL,INSIGNIA,VAUXHALL,INSIGNIA
OPEL,INSIGNIA,VAUXHALL,INSIGNIA CDTI
OPEL,INSIGNIA,VAUXHALL,INSIGNIA DESIGN TURBO D
OPEL,INSIGNIA,VAUXHALL,INSIGNIA DESIGN TURBO D AUTO
OPEL,INSIGNIA,VAUXHALL,INSIGNIA ELITE
OPEL,INSIGNIA,VAUXHALL,INSIGNIA ELITE CDTI
OPEL,INSIGNIA,VAUXHALL,INSIGNIA ELITE NAV ECOTEC D
OPEL,INSIGNIA,VAUXHALL,INSIGNIA GS LINE TURBO AUTO
OPEL,INSIGNIA,VAUXHALL,INSIGNIA GS LINE TURBO D
OPEL,INSIGNIA,VAUXHALL,INSIGNIA GS LINE TURBO D AUTO
OPEL,INSIGNIA,VAUXHALL,INSIGNIA GSI TURBO 4X4 AUTO
OPEL,INSIGNIA,VAUXHALL,INSIGNIA PURPLE EDITION
OPEL,INSIGNIA,VAUXHALL,INSIGNIA SE CDTI
OPEL,INSIGNIA,VAUXHALL,INSIGNIA SE EDITION TURBO D
OPEL,INSIGNIA,VAUXHALL,INSIGNIA SE EDITION TURBO D A
OPEL,INSIGNIA,VAUXHALL,INSIGNIA SE NAV 160 CDTI
OPEL,INSIGNIA,VAUXHALL,INSIGNIA SE NAV TURBO D
OPEL,INSIGNIA,VAUXHALL,INSIGNIA SE NAV TURBO D AUTO
OPEL,INSIGNIA,VAUXHALL,INSIGNIA SRI
OPEL,INSIGNIA,VAUXHALL,INSIGNIA SRI CDTI
OPEL,INSIGNIA,VAUXHALL,INSIGNIA SRI PREMIUM TURBO A
OPEL,INSIGNIA,VAUXHALL,INSIGNIA SRI PREMIUM TURBO D
OPEL,INSIGNIA,VAUXHALL,INSIGNIA SRI PREMIUM TURBO D A
OPEL,INSIGNIA,VAUXHALL,INSIGNIA SRI TURBO
OPEL,INSIGNIA,VAUXHALL,INSIGNIA STRETCHED LIMO
OPEL,INSIGNIA,VAUXHALL,INSIGNIA TURBO D SRI
OPEL,INSIGNIA,VAUXHALL,INSIGNIA TURBO ELITE
OPEL,INSIGNIA,VAUXHALL,INSIGNIA ULTIMATE NAV TUR D A
OPEL,INSIGNIA,VAUXHALL,INSIGNIA ULTIMATE NAV TURBO A
OPEL,INSIGNIA,VAUXHALL,INSIGNIA ULTIMATE NAV TURBO D
OPEL,INSIGNIA,VAUXHALL,INSIGNIA VXR
RENAULT,Kadjar,RENAULT,KADJAR
RENAULT,Kadjar,RENAULT,KADJAR DCI
RENAULT,Kadjar,RENAULT,KADJAR DYNAMIQUE
RENAULT,Kadjar,RENAULT,KADJAR DYNAMIQUE TCE
RENAULT,Kadjar,RENAULT,KADJAR EQUILIBRE TCE
RENAULT,Kadjar,RENAULT,KADJAR EQUILIBRE TCE AUTO
RENAULT,Kadjar,RENAULT,KADJAR GT LINE BLUE DCI 4X4
RENAULT,Kadjar,RENAULT,KADJAR GT LINE TCE
RENAULT,Kadjar,RENAULT,KADJAR TECHNO TCE
RENAULT,Kadjar,RENAULT,KADJAR TECHNO TCE AUTO
PEUGEOT,207,PEUGEOT,207
PEUGEOT,207,PEUGEOT,207 ACTIVE SW HDI
PEUGEOT,207,PEUGEOT,207 CC
PEUGEOT,207,PEUGEOT,207 MILLESIM 200
PEUGEOT,207,PEUGEOT,207 MILLISIM 200
PEUGEOT,207,PEUGEOT,207 S
PEUGEOT,207,PEUGEOT,207 SE
PEUGEOT,207,PEUGEOT,207 SPORT
PEUGEOT,207,PEUGEOT,207 SPORT HDI
PEUGEOT,207,PEUGEOT,207 SPORTIUM
PEUGEOT,207,PEUGEOT,207 SW
PEUGEOT,207,PEUGEOT,207 VERVE
DACIA,Logan MCV,DACIA,LOGAN
DACIA,Logan MCV,DACIA,LOGAN MCV
DACIA,Logan MCV,DACIA,LOGAN MCV AMBIANCE SCE
DACIA,Logan MCV,DACIA,LOGAN MCV COMFORT BLUE DCI
DACIA,Logan MCV,DACIA,LOGAN MCV COMFORT LPG TCE
DACIA,Logan MCV,DACIA,LOGAN MCV COMFORT TCE
DACIA,Logan MCV,DACIA,LOGAN MCV ESSENTIAL LPG TCE
DACIA,Logan MCV,DACIA,LOGAN MCV ESSENTIAL SCE
DACIA,Logan MCV,DACIA,LOGAN MCV ESSENTIAL TCE
DACIA,Logan MCV,DACIA,LOGAN MCV STEPWAY COMFORT TCE
DACIA,Logan MCV,DACIA,LOGAN MCV STEPWAY COMFRT B-DCI
DACIA,Logan MCV,DACIA,LOGAN MCV STPWAY SE TWENTY TCE
DACIA,Logan MCV,DACIA,LOGAN MCV SWAY COMFORT LPG TCE
DACIA,Logan MCV,DACIA,LOGAN MCV SWAY SE TWENTY B-DCI
DACIA,Logan MCV,DACIA,LOGAN MCV SWAY SE TWNTY LPGTCE
CITROËN,C3 PICASSO,CITROEN,C3 PICASSO
CITROËN,C3 PICASSO,CITROEN,C3 PICASSO EXCLUSIVE
MAZDA,CX-5,MAZDA,CX 5
MAZDA,CX-5,MAZDA,CX 5 SPORT NAV
MAZDA,CX-5,MAZDA,CX-5
MAZDA,CX-5,MAZDA,CX-5 100TH ANNIVERSARY EDITION
MAZDA,CX-5,MAZDA,CX-5 2.2D SPORT NAV 5DR
MAZDA,CX-5,MAZDA,CX-5 AUTO
MAZDA,CX-5,MAZDA,CX-5 AWD
MAZDA,CX-5,MAZDA,CX-5 CENTRE-LINE D AUTO
MAZDA,CX-5,MAZDA,CX-5 CENTRE-LINE MHEV
MAZDA,CX-5,MAZDA,CX-5 CENTRE-LINE MHEV AUTO
MAZDA,CX-5,MAZDA,CX-5 EXCLUSIVE-LINE D AUTO
MAZDA,CX-5,MAZDA,CX-5 EXCLUSIVE-LINE MHEV
MAZDA,CX-5,MAZDA,CX-5 EXCLUSIVE-LINE MHEV AUTO
MAZDA,CX-5,MAZDA,CX-5 GT SPORT
MAZDA,CX-5,MAZDA,CX-5 GT SPORT AUTO
MAZDA,CX-5,MAZDA,CX-5 GT SPORT AWD AUTO
MAZDA,CX-5,MAZDA,CX-5 GT SPORT D 4X4
MAZDA,CX-5,MAZDA,CX-5 GT SPORT D 4X4 AUTO
MAZDA,CX-5,MAZDA,CX-5 HOMURA MHEV
MAZDA,CX-5,MAZDA,CX-5 HOMURA MHEV AUTO
MAZDA,CX-5,MAZDA,CX-5 KURO EDITION
MAZDA,CX-5,MAZDA,CX-5 KURO EDITION AUTO
MAZDA,CX-5,MAZDA,CX-5 NEWGROUND
MAZDA,CX-5,MAZDA,CX-5 NEWGROUND AUTO
MAZDA,CX-5,MAZDA,CX-5 NEWGROUND MHEV
MAZDA,CX-5,MAZDA,CX-5 NEWGROUND MHEV AUTO
MAZDA,CX-5,MAZDA,CX-5 SE-L
MAZDA,CX-5,MAZDA,CX-5 SE-L AUTO
MAZDA,CX-5,MAZDA,CX-5 SE-L D
MAZDA,CX-5,MAZDA,CX-5 SE-L D AUTO
MAZDA,CX-5,MAZDA,CX-5 SPORT
MAZDA,CX-5,MAZDA,CX-5 SPORT AUTO
MAZDA,CX-5,MAZDA,CX-5 SPORT AWD
MAZDA,CX-5,MAZDA,CX-5 SPORT BLACK
MAZDA,CX-5,MAZDA,CX-5 SPORT BLACK AUTO
MAZDA,CX-5,MAZDA,CX-5 SPORT BLACK EDITION
MAZDA,CX-5,MAZDA,CX-5 SPORT BLACK EDITION AUTO
MAZDA,CX-5,MAZDA,CX-5 SPORT D
MAZDA,CX-5,MAZDA,CX-5 SPORT D 4X4
MAZDA,CX-5,MAZDA,CX-5 SPORT D 4X4 AUTO
MAZDA,CX-5,MAZDA,CX-5 SPORT D AUTO
MAZDA,CX-5,MAZDA,CX-5 SPORT EDITION
MAZDA,CX-5,MAZDA,CX-5 SPORT EDITION AUTO
MAZDA,CX-5,MAZDA,CX-5 SPORT EDITION D
MAZDA,CX-5,MAZDA,CX-5 SPORT EDITION D AUTO
MAZDA,CX-5,MAZDA,CX-5 SPORT EDITION D AWD AUTO
MAZDA,CX-5,MAZDA,CX-5 SPORT NAV D
MAZDA,CX-5,MAZDA,CX-5 TAKUMI D AWD
MAZDA,CX-5,MAZDA,CX-5 TAKUMI D AWD AUTO
MAZDA,CX-5,MAZDA,CX-5 TAKUMI MHEV
MAZDA,CX-5,MAZDA,CX-5 TAKUMI MHEV AUTO
MAZDA,CX-5,MAZDA,CX-5 TAKUMI MHEV AWD AUTO
OPEL,Crossland X,VAUXHALL,CROSSLAND X
OPEL,Crossland X,VAUXHALL,CROSSLAND X B-NESS ED NAV T A
OPEL,Crossland X,VAUXHALL,CROSSLAND X B-NESS ED NAV TD A
OPEL,Crossland X,VAUXHALL,CROSSLAND X BUSINESS ED NAV
OPEL,Crossland X,VAUXHALL,CROSSLAND X BUSINESS ED NAV T
OPEL,Crossland X,VAUXHALL,CROSSLAND X BUSINESS ED NAV TD
OPEL,Crossland X,VAUXHALL,CROSSLAND X ELITE
OPEL,Crossland X,VAUXHALL,CROSSLAND X ELITE NAV TD AUTO
OPEL,Crossland X,VAUXHALL,CROSSLAND X ELITE NAV TURBO A
OPEL,Crossland X,VAUXHALL,CROSSLAND X ELITE NAV TURBO D
OPEL,Crossland X,VAUXHALL,CROSSLAND X ELITE TURBO AUTO
OPEL,Crossland X,VAUXHALL,CROSSLAND X ELITE TURBO D
OPEL,Crossland X,VAUXHALL,CROSSLAND X ELITE TURBO D AUTO
OPEL,Crossland X,VAUXHALL,CROSSLAND X GRIFFIN
OPEL,Crossland X,VAUXHALL,CROSSLAND X GRIFFIN TURBO
OPEL,Crossland X,VAUXHALL,CROSSLAND X GRIFFIN TURBO AUTO
OPEL,Crossland X,VAUXHALL,CROSSLAND X GRIFFIN TURBO D
OPEL,Crossland X,VAUXHALL,CROSSLAND X GRIFFIN TURBO D A
OPEL,Crossland X,VAUXHALL,CROSSLAND X SPORT
OPEL,Crossland X,VAUXHALL,CROSSLAND X SPORT NAV PREM T
OPEL,Crossland X,VAUXHALL,CROSSLAND X SPORT NAV PREM T A
OPEL,Crossland X,VAUXHALL,CROSSLAND X SPORT NAV PREM TD
OPEL,Crossland X,VAUXHALL,CROSSLAND X SPORT NAV PREMIUM
OPEL,Crossland X,VAUXHALL,CROSSLAND X SPORT TURBO
OPEL,Crossland X,VAUXHALL,CROSSLAND X SPORT TURBO AUTO
OPEL,Crossland X,VAUXHALL,CROSSLAND X SPORT TURBO D
OPEL,Crossland X,VAUXHALL,CROSSLAND X SPORT TURBO D AUTO
OPEL,Crossland X,VAUXHALL,CROSSLAND X SPT NAV PREM TD A
OPEL,Crossland X,VAUXHALL,CROSSLAND X SRI NAV
OPEL,Crossland X,VAUXHALL,CROSSLAND X SRI NAV TURBO
OPEL,Crossland X,VAUXHALL,CROSSLAND X SRI NAV TURBO AUTO
OPEL,Crossland X,VAUXHALL,CROSSLAND X SRI NAV TURBO D
FIAT,500C,FIAT,500C
FIAT,500C,FIAT,500C CONVERTIBLE
FIAT,500C,FIAT,500C CULT TWINAIR 105 START/STOP AUTO
FIAT,500C,FIAT,500C GUCCI
MAZDA,MAZDA3,MAZDA,3
MAZDA,MAZDA3,MAZDA,3 100TH ANNIVERSARY ED MHEV
MAZDA,MAZDA3,MAZDA,3 CENTRE-LINE MHEV
MAZDA,MAZDA3,MAZDA,3 EXCLUSIVE-LINE MHEV AUTO
MAZDA,MAZDA3,MAZDA,3 FASTBACK
MAZDA,MAZDA3,MAZDA,3 FASTBACK SPORT NAV
MAZDA,MAZDA3,MAZDA,3 GT SPORT EDITION MHEV
MAZDA,MAZDA3,MAZDA,3 GT SPORT EDITION MHEV AUTO
MAZDA,MAZDA3,MAZDA,3 GT SPORT TECH EDITION MHEV
MAZDA,MAZDA3,MAZDA,3 GT SPORT TECH MHEV 4X4
MAZDA,MAZDA3,MAZDA,3 GT SPORT TECH MHEV 4X4 AUTO
MAZDA,MAZDA3,MAZDA,3 HOMURA MHEV AUTO
MAZDA,MAZDA3,MAZDA,3 MHEV
MAZDA,MAZDA3,MAZDA,3 NEO
MAZDA,MAZDA3,MAZDA,3 PRIME-LINE MHEV
MAZDA,MAZDA3,MAZDA,3 SPORT
MAZDA,MAZDA3,MAZDA,3 SPORT MHEV
MAZDA,MAZDA3,MAZDA,3 SPORT MHEV AUTO
MAZDA,MAZDA3,MAZDA,3 SPORT NAV
MAZDA,MAZDA3,MAZDA,3 TAKARA
MAZDA,MAZDA3,MAZDA,3 TAKARA AUTO
MAZDA,MAZDA3,MAZDA,3 TAKUMI MHEV
MAZDA,MAZDA3,MAZDA,3 TAKUMI MHEV AUTO
MAZDA,MAZDA3,MAZDA,3 TAKUYA
MAZDA,MAZDA3,MAZDA,3 TAMURA
MAZDA,MAZDA3,MAZDA,3 TS
MAZDA,MAZDA3,MAZDA,3 TS2
MAZDA,MAZDA3,MAZDA,3 VENTURE
DACIA,SANDERO,DACIA,SANDERO
DACIA,SANDERO,DACIA,SANDERO ACCESS SCE
DACIA,SANDERO,DACIA,SANDERO COMFORT LPG TCE
DACIA,SANDERO,DACIA,SANDERO COMFORT SCE
DACIA,SANDERO,DACIA,SANDERO COMFORT TCE
DACIA,SANDERO,DACIA,SANDERO COMFORT TCE CVT
DACIA,SANDERO,DACIA,SANDERO ESSENTIAL LPG TCE
DACIA,SANDERO,DACIA,SANDERO ESSENTIAL SCE
DACIA,SANDERO,DACIA,SANDERO ESSENTIAL TCE
DACIA,SANDERO,DACIA,SANDERO EXPRESSION LPG TCE
DACIA,SANDERO,DACIA,SANDERO EXPRESSION TCE
DACIA,SANDERO,DACIA,SANDERO EXPRESSION TCE AUTO
DACIA,SANDERO,DACIA,SANDERO JOURNEY TCE
DACIA,SANDERO,DACIA,SANDERO JOURNEY TCE AUTO
DACIA,SANDERO,DACIA,SANDERO STEPWAY
DACIA,SANDERO,DACIA,SANDERO STEPWAY AMBIANCE TCE
DACIA,SANDERO,DACIA,SANDERO STEPWAY COMFORT TCE
DACIA,SANDERO,DACIA,SANDERO STEPWAY ESSENTIAL TCE
DACIA,SANDERO,DACIA,SANDERO STEPWAY EXPRESSION TCE
DACIA,SANDERO,DACIA,SANDERO STEPWAY EXTREME TCE
DACIA,SANDERO,DACIA,SANDERO STEPWAY EXTREME TCE A
DACIA,SANDERO,DACIA,SANDERO STEPWAY EXTRME LPG TCE
DACIA,SANDERO,DACIA,SANDERO STEPWAY JOURNEY TCE
DACIA,SANDERO,DACIA,SANDERO STEPWAY JOURNEY TCE A
DACIA,SANDERO,DACIA,SANDERO STEPWAY PRESTIGE TCE
DACIA,SANDERO,DACIA,SANDERO STEPWAY SE TWENTY TCE
DACIA,SANDERO,DACIA,SANDERO STPWAY COMFORT LPG TCE
DACIA,SANDERO,DACIA,SANDERO STPWAY EXPRSSION TCE A
DACIA,SANDERO,DACIA,SANDERO STPWAY EXPRSSN LPG TCE
DACIA,SANDERO,DACIA,SANDERO STPWAY JOURNEY LPG TCE
DACIA,SANDERO,DACIA,SANDERO SWAY COMFORT TCE CVT
DACIA,SANDERO,DACIA,SANDERO SWAY ESSENTIAL LPG TCE
DACIA,SANDERO,DACIA,SANDERO SWAY PRESTIGE LPG TCE
DACIA,SANDERO,DACIA,SANDERO SWAY PRESTIGE TCE CVT
DACIA,SANDERO,DACIA,SANDERO SWAY SE TWENTY LPG TCE
AUDI,A4 AVANT,AUDI,A4
AUDI,A4 AVANT,AUDI,A4 'S' AVANT QUATTRO TDI V6
AUDI,A4 AVANT,AUDI,A4 2.0 TFSI S TRONIC QUATTRO
AUDI,A4 AVANT,AUDI,A4 2.0T S-LINE
AUDI,A4 AVANT,AUDI,A4 35 TDI MHEV
AUDI,A4 AVANT,AUDI,A4 35 TDI S-LINE
AUDI,A4 AVANT,AUDI,A4 35 TFSI
AUDI,A4 AVANT,AUDI,A4 35 TFSI S-LINE
AUDI,A4 AVANT,AUDI,A4 4WD
AUDI,A4 AVANT,AUDI,A4 A-ROAD SPT 40TDI MHEV QT SA
AUDI,A4 AVANT,AUDI,A4 A-ROAD VOR 45TFSI MHEV Q SA
AUDI,A4 AVANT,AUDI,A4 ALL ROAD
AUDI,A4 AVANT,AUDI,A4 ALLROAD
AUDI,A4 AVANT,AUDI,A4 ALLROAD QUATTRO
AUDI,A4 AVANT,AUDI,A4 ALLROAD QUATTRO 4WD AUTO LEATHER
AUDI,A4 AVANT,AUDI,A4 ALLROAD SPORT 40TDI QUAT SA
AUDI,A4 AVANT,AUDI,A4 ALLROAD SPORT 50 TDI QUAT A
AUDI,A4 AVANT,AUDI,A4 ALLROAD TFSI
AUDI,A4 AVANT,AUDI,A4 ALLROAD VOR 40 TDI QUAT SA
AUDI,A4 AVANT,AUDI,A4 ALLROAD VOR 40TDI MHEV Q SA
AUDI,A4 AVANT,AUDI,A4 ALLROAD VOR 50 TDI QUAT A
AUDI,A4 AVANT,AUDI,A4 AROAD SPT 45TFSI MHEV QT SA
AUDI,A4 AVANT,AUDI,A4 AUTO
AUDI,A4 AVANT,AUDI,A4 AVAN
AUDI,A4 AVANT,AUDI,A4 AVANT
AUDI,A4 AVANT,AUDI,A4 AVANT 30 TFSI
AUDI,A4 AVANT,AUDI,A4 AVANT QUATTRO
AUDI,A4 AVANT,AUDI,A4 AVANT S-LINE
AUDI,A4 AVANT,AUDI,A4 AVANTE
AUDI,A4 AVANT,AUDI,A4 CABRIOLET
AUDI,A4 AVANT,AUDI,A4 DTM
AUDI,A4 AVANT,AUDI,A4 QUATTRO
AUDI,A4 AVANT,AUDI,A4 QUATTRO S-LINE
AUDI,A4 AVANT,AUDI,A4 RS4
AUDI,A4 AVANT,AUDI,A4 S LINE
AUDI,A4 AVANT,AUDI,A4 S LINE 30 TDI MHEV S-A
AUDI,A4 AVANT,AUDI,A4 S LINE 30 TDI S-A
AUDI,A4 AVANT,AUDI,A4 S LINE 35 TDI MHEV S-A
AUDI,A4 AVANT,AUDI,A4 S LINE 35 TFSI MHEV
AUDI,A4 AVANT,AUDI,A4 S LINE 35 TFSI MHEV S-A
AUDI,A4 AVANT,AUDI,A4 S LINE 40 TDI MHEV QUAT SA
AUDI,A4 AVANT,AUDI,A4 S LINE 40 TFSI MHEV S-A
AUDI,A4 AVANT,AUDI,A4 S LINE 45 TFSI MHEV QUAT SA
AUDI,A4 AVANT,AUDI,A4 S LINE BLACK ED 30 TDI S-A
AUDI,A4 AVANT,AUDI,A4 S LINE BLACK EDITION TDICVT
AUDI,A4 AVANT,AUDI,A4 S LINE BLK ED 35 TFSI MHEV
AUDI,A4 AVANT,AUDI,A4 S LINE TDI QUATTRO S-A
AUDI,A4 AVANT,AUDI,A4 S LINE TFSI 225 QUATTRO S TRONIC
AUDI,A4 AVANT,AUDI,A4 S LINE VORSPRUNG 35 TDI S-A
AUDI,A4 AVANT,AUDI,A4 S LINE VORSPRUNG 40 TFSI SA
AUDI,A4 AVANT,AUDI,A4 S LN BLACK ED 30TDI MHEV SA
AUDI,A4 AVANT,AUDI,A4 S LN BLACK ED 35TDI MHEV SA
AUDI,A4 AVANT,AUDI,A4 S LN BLK ED 35 TFSI MHEV SA
AUDI,A4 AVANT,AUDI,A4 S LN BLK ED 40 TFSI MHEV SA
AUDI,A4 AVANT,AUDI,A4 S LN BLK ED 40TDI MHEV Q SA
AUDI,A4 AVANT,AUDI,A4 S LN VSPRNG 35 TFSI MHEV SA
AUDI,A4 AVANT,AUDI,A4 S LN VSPRNG 40 TFSI MHEV SA
AUDI,A4 AVANT,AUDI,A4 S LN VSPRNG 40TDI MHEV Q SA
AUDI,A4 AVANT,AUDI,A4 S LN VSPRUNG 30 TDI MHEV SA
AUDI,A4 AVANT,AUDI,A4 S LN VSPRUNG 35 TDI MHEV SA
AUDI,A4 AVANT,AUDI,A4 S LN VSPRUNG 40 TDI QUAT SA
AUDI,A4 AVANT,AUDI,A4 S-LINE
AUDI,A4 AVANT,AUDI,A4 S-LINE 2.0T QUATTRO
AUDI,A4 AVANT,AUDI,A4 S-LINE 35 TFSI
AUDI,A4 AVANT,AUDI,A4 S-LINE TDI
AUDI,A4 AVANT,AUDI,A4 S-LINE TDI QUATTRO
AUDI,A4 AVANT,AUDI,A4 S-LINE TDI ULTRA
AUDI,A4 AVANT,AUDI,A4 S-LINE TFSI
AUDI,A4 AVANT,AUDI,A4 S4
AUDI,A4 AVANT,AUDI,A4 SE TDI
AUDI,A4 AVANT,AUDI,A4 SE TECHNIK TDI CVT
AUDI,A4 AVANT,AUDI,A4 SLINE 35 TFSI S-A
AUDI,A4 AVANT,AUDI,A4 SLN BLK ED 45TFSI MHEV Q SA
AUDI,A4 AVANT,AUDI,A4 SLN VSPRNG 45TFSI MHEV Q SA
AUDI,A4 AVANT,AUDI,A4 SPORT 30 TDI MHEV S-A
AUDI,A4 AVANT,AUDI,A4 SPORT 30 TDI S-A
AUDI,A4 AVANT,AUDI,A4 SPORT 35 TDI MHEV S-A
AUDI,A4 AVANT,AUDI,A4 SPORT 35 TFSI MHEV
AUDI,A4 AVANT,AUDI,A4 SPORT 35 TFSI MHEV S-A
AUDI,A4 AVANT,AUDI,A4 SPORT 40 TDI MHEV QUAT SA
AUDI,A4 AVANT,AUDI,A4 SPORT 40 TFSI MHEV S-A
AUDI,A4 AVANT,AUDI,A4 SPORT ED 35 TFSI MHEV S-A
AUDI,A4 AVANT,AUDI,A4 SPORT ED 40 TFSI MHEV S-A
AUDI,A4 AVANT,AUDI,A4 SPORT ED 40TDI MHEV QUAT SA
AUDI,A4 AVANT,AUDI,A4 SPORT EDITION 30TDI MHEV SA
AUDI,A4 AVANT,AUDI,A4 SPORT EDITION 35 TFSI MHEV
AUDI,A4 AVANT,AUDI,A4 SPORT EDITION 35TDI MHEV SA
AUDI,A4 AVANT,AUDI,A4 TDI
AUDI,A4 AVANT,AUDI,A4 TDI CABRIOLET
AUDI,A4 AVANT,AUDI,A4 TDI QUATTRO
AUDI,A4 AVANT,AUDI,A4 TDI ULTRA
AUDI,A4 AVANT,AUDI,A4 TDI ULTRA SPORT
AUDI,A4 AVANT,AUDI,A4 TECHNIK 30 TDI MHEV S-A
AUDI,A4 AVANT,AUDI,A4 TECHNIK 30 TDI S-A
AUDI,A4 AVANT,AUDI,A4 TECHNIK 35 TDI MHEV S-A
AUDI,A4 AVANT,AUDI,A4 TECHNIK 35 TDI S-A
AUDI,A4 AVANT,AUDI,A4 TECHNIK 35 TFSI
AUDI,A4 AVANT,AUDI,A4 TECHNIK 35 TFSI MHEV
AUDI,A4 AVANT,AUDI,A4 TECHNIK 35 TFSI MHEV S-A
AUDI,A4 AVANT,AUDI,A4 TECHNIK 35 TFSI S-A
AUDI,A4 AVANT,AUDI,A4 TECHNIK 50 TDI QUATTRO AUTO
AUDI,A4 AVANT,AUDI,A4 TECHNIK TDI
AUDI,A4 AVANT,AUDI,A4 TFSI
AUDI,A4 AVANT,AUDI,A4 ULTRA
AUDI,A4 AVANT,AUDI,A4 VSPRUNG AROAD 45TFSI QTO SA
PEUGEOT,206 +,PEUGEOT,206
PEUGEOT,206 +,PEUGEOT,206 CC
PEUGEOT,206 +,PEUGEOT,206 LOOK
PEUGEOT,206 +,PEUGEOT,206 LX HDI
PEUGEOT,206 +,PEUGEOT,206 S
PEUGEOT,206 +,PEUGEOT,206 VERVE
CHEVROLET,AVEO,CHEVROLET,AVEO
BMW,1-Serie,BMW,1 SERIES
BMW,1-Serie,BMW,114
BMW,1-Serie,BMW,114 D
BMW,1-Serie,BMW,116
BMW,1-Serie,BMW,116 D
BMW,1-Serie,BMW,116 I
BMW,1-Serie,BMW,116 I M SPORT
BMW,1-Serie,BMW,116 I SPORT
BMW,1-Serie,BMW,116D
BMW,1-Serie,BMW,116D M SPORT
BMW,1-Serie,BMW,116I
BMW,1-Serie,BMW,116I  AUTO
BMW,1-Serie,BMW,116I AUTO
BMW,1-Serie,BMW,116I M SPORT
BMW,1-Serie,BMW,116I M SPORT  AUTO
BMW,1-Serie,BMW,116I M SPORT AUTO
BMW,1-Serie,BMW,116I M SPORTS AUTO
BMW,1-Serie,BMW,116I M-SPORT
BMW,1-Serie,BMW,116I M-SPORT AUTO
BMW,1-Serie,BMW,116I M-SPORT STEP AUTO START/STOP
BMW,1-Serie,BMW,116I M-SPORT TURBO STSRT/STOP
BMW,1-Serie,BMW,116I SE
BMW,1-Serie,BMW,116I SPORT
BMW,1-Serie,BMW,116I SPORT AUTO
BMW,1-Serie,BMW,118
BMW,1-Serie,BMW,118 D
BMW,1-Serie,BMW,118 D M SPORT
BMW,1-Serie,BMW,118 I
BMW,1-Serie,BMW,118 M SPORT
BMW,1-Serie,BMW,118D
BMW,1-Serie,BMW,118D M SPORT
BMW,1-Serie,BMW,118I
BMW,1-Serie,BMW,118I AUTO
BMW,1-Serie,BMW,118I SPORT
BMW,1-Serie,BMW,118I SPORT AUTO
BMW,1-Serie,BMW,118I SPORTS
BMW,1-Serie,BMW,120
BMW,1-Serie,BMW,120 D
BMW,1-Serie,BMW,120 IA M SPORT EDITION
BMW,1-Serie,BMW,120 M SPORT MHEV AUTO
BMW,1-Serie,BMW,120 SPORT MHEV AUTO
BMW,1-Serie,BMW,120D
BMW,1-Serie,BMW,120D M SPORT AUTO
BMW,1-Serie,BMW,120D SPORT AUTO
BMW,1-Serie,BMW,120I
BMW,1-Serie,BMW,120I  AUTO
BMW,1-Serie,BMW,120I M-SPORT STEP AUTO LCI START/STOP
BMW,1-Serie,BMW,120I SPORT AUTO
BMW,1-Serie,BMW,123
BMW,1-Serie,BMW,123D
BMW,1-Serie,BMW,125
BMW,1-Serie,BMW,125 CABRIOLET
BMW,1-Serie,BMW,128I
BMW,1-Serie,BMW,128TI
BMW,1-Serie,BMW,128TI AUTO
BMW,1-Serie,BMW,130
BMW,1-Serie,BMW,130I
BMW,1-Serie,BMW,130I M SPORT
BMW,1-Serie,BMW,135
BMW,1-Serie,BMW,135I
PEUGEOT,5008,PEUGEOT,5008
PEUGEOT,5008,PEUGEOT,5008 ACTIVE PREM + PTECH S/S A
PEUGEOT,5008,PEUGEOT,5008 ACTIVE PREMIUM + B-HDI SS
PEUGEOT,5008,PEUGEOT,5008 ACTIVE PREMIUM + PTECH SS
PEUGEOT,5008,PEUGEOT,5008 ACTIVE PREMIUM BLUEHDI SS
PEUGEOT,5008,PEUGEOT,5008 ACTIVE PREMIUM P-TECH SS
PEUGEOT,5008,PEUGEOT,5008 ACTIVE PREMIUM PTECH SS A
PEUGEOT,5008,PEUGEOT,5008 ACTIVE PURETECH S/S
PEUGEOT,5008,PEUGEOT,5008 ACTVE PREMIUM + BHDI SS A
PEUGEOT,5008,PEUGEOT,5008 ALLURE MHEV AUTO
PEUGEOT,5008,PEUGEOT,5008 ALLURE PREMIUM + B-HDI SS
PEUGEOT,5008,PEUGEOT,5008 ALLURE PREMIUM + MHEV A
PEUGEOT,5008,PEUGEOT,5008 ALLURE PREMIUM + PTECH SS
PEUGEOT,5008,PEUGEOT,5008 ALLURE PREMIUM B-HDI SS A
PEUGEOT,5008,PEUGEOT,5008 ALLURE PREMIUM BLUEHDI SS
PEUGEOT,5008,PEUGEOT,5008 ALLURE PREMIUM P-TECH S/S
PEUGEOT,5008,PEUGEOT,5008 ALLURE PREMIUM PTECH SS A
PEUGEOT,5008,PEUGEOT,5008 ALLURE PREMIUM+ BHDI SS A
PEUGEOT,5008,PEUGEOT,5008 ALLURE PREMIUM+ PTCH SS A
PEUGEOT,5008,PEUGEOT,5008 ALLURE PURETECH S/S
PEUGEOT,5008,PEUGEOT,5008 GT BLUEHDI S/S
PEUGEOT,5008,PEUGEOT,5008 GT LINE PREMIUM P-TECH SS
PEUGEOT,5008,PEUGEOT,5008 GT LINE PURETECH S/S
PEUGEOT,5008,PEUGEOT,5008 GT MHEV AUTO
PEUGEOT,5008,PEUGEOT,5008 GT PREM P-TECH S/S AUTO
PEUGEOT,5008,PEUGEOT,5008 GT PREMIUM BLUEHDI S/S A
PEUGEOT,5008,PEUGEOT,5008 GT PURETECH S/S
PEUGEOT,5008,PEUGEOT,5008 GT PURETECH S/S AUTO
PEUGEOT,5008,PEUGEOT,5008 GT-LINE
BMW,5-Serie,BMW,5 SERIES
BMW,5-Serie,BMW,518
BMW,5-Serie,BMW,520
BMW,5-Serie,BMW,520 D
BMW,5-Serie,BMW,520 D M SPORT AUTO
BMW,5-Serie,BMW,520 I TOURING
BMW,5-Serie,BMW,520 IA  SALOON
BMW,5-Serie,BMW,520D
BMW,5-Serie,BMW,520D M SPORT
BMW,5-Serie,BMW,520D M SPORT AUTO
BMW,5-Serie,BMW,520D M SPORT EDITION MHEV AUTO
BMW,5-Serie,BMW,520D M SPORT MHEV AUTO
BMW,5-Serie,BMW,520D SE AUTO
BMW,5-Serie,BMW,520D SE MHEV AUTO
BMW,5-Serie,BMW,520D XDRIVE M SPORT AUTO
BMW,5-Serie,BMW,520D XDRIVE M SPORT ED MHEV A
BMW,5-Serie,BMW,520D XDRIVE M SPORT MHEV AUTO
BMW,5-Serie,BMW,520D XDRIVE SE MHEV AUTO
BMW,5-Serie,BMW,520I
BMW,5-Serie,BMW,520I AUTO
BMW,5-Serie,BMW,520I M SPORT AUTO
BMW,5-Serie,BMW,520I M SPORT EDITION MHEV AUTO
BMW,5-Serie,BMW,520I M SPORT MHEV AUTO
BMW,5-Serie,BMW,520I M SPORT PRO AUTO
BMW,5-Serie,BMW,520I M SPORT TOURING
BMW,5-Serie,BMW,520I SE MHEV AUTO
BMW,5-Serie,BMW,523
BMW,5-Serie,BMW,523 I
BMW,5-Serie,BMW,523D
BMW,5-Serie,BMW,523I
BMW,5-Serie,BMW,523I AUTO
BMW,5-Serie,BMW,523I M-SPORT AUTO
BMW,5-Serie,BMW,523I TOURING
BMW,5-Serie,BMW,525
BMW,5-Serie,BMW,525 D
BMW,5-Serie,BMW,525D
BMW,5-Serie,BMW,525I
BMW,5-Serie,BMW,528
BMW,5-Serie,BMW,528I M SPORT TOURING AUTO
BMW,5-Serie,BMW,530
BMW,5-Serie,BMW,530 D
BMW,5-Serie,BMW,530 E
BMW,5-Serie,BMW,530 GT
BMW,5-Serie,BMW,530 I
BMW,5-Serie,BMW,530D
BMW,5-Serie,BMW,530D GT
BMW,5-Serie,BMW,530D M-SPORT
BMW,5-Serie,BMW,530D XDRIVE M SPORT AUTO
BMW,5-Serie,BMW,530D XDRIVE M SPORT ED MHEV A
BMW,5-Serie,BMW,530D XDRIVE M SPORT MHEV AUTO
BMW,5-Serie,BMW,530D XDRIVE SE MHEV AUTO
BMW,5-Serie,BMW,530E
BMW,5-Serie,BMW,530E M SPORT AUTO
BMW,5-Serie,BMW,530E M SPORT EDITION AUTO
BMW,5-Serie,BMW,530E M SPORT PRO AUTO
BMW,5-Serie,BMW,530E XDRIVE M SPORT AUTO
BMW,5-Serie,BMW,530E XDRIVE M SPORT EDITION A
BMW,5-Serie,BMW,530E XDRIVE SE AUTO
BMW,5-Serie,BMW,530I
BMW,5-Serie,BMW,535
BMW,5-Serie,BMW,535D
BMW,5-Serie,BMW,535I
BMW,5-Serie,BMW,535I ACTIVE HYBRID 5
BMW,5-Serie,BMW,535I GT
BMW,5-Serie,BMW,535I M SPORTS TOURING
HYUNDAI,KONA,HYUNDAI,KONA
HYUNDAI,KONA,HYUNDAI,KONA ADVANCE
HYUNDAI,KONA,HYUNDAI,KONA ADVANCE AUTO
HYUNDAI,KONA,HYUNDAI,KONA ADVANCE EV
HYUNDAI,KONA,HYUNDAI,KONA ADVANCE HEV S-A
HYUNDAI,KONA,HYUNDAI,KONA N LINE EV
HYUNDAI,KONA,HYUNDAI,KONA N LINE HEV S-A
HYUNDAI,KONA,HYUNDAI,KONA N LINE S EV
HYUNDAI,KONA,HYUNDAI,KONA N LINE S HEV S-A
HYUNDAI,KONA,HYUNDAI,KONA N LINE S T-GDI AUTO
HYUNDAI,KONA,HYUNDAI,KONA N LINE T-GDI
HYUNDAI,KONA,HYUNDAI,KONA N LINE T-GDI HEV S-A
HYUNDAI,KONA,HYUNDAI,KONA N LINE T-GDI MHEV
HYUNDAI,KONA,HYUNDAI,KONA N T-GDI S-A
HYUNDAI,KONA,HYUNDAI,KONA PLAY T-GDI
HYUNDAI,KONA,HYUNDAI,KONA PREMIUM
HYUNDAI,KONA,HYUNDAI,KONA PREMIUM GDI HEV S-A
HYUNDAI,KONA,HYUNDAI,KONA PREMIUM GT 4X4 S-A
HYUNDAI,KONA,HYUNDAI,KONA PREMIUM SE
HYUNDAI,KONA,HYUNDAI,KONA PREMIUM SE GDI HEV S-A
HYUNDAI,KONA,HYUNDAI,KONA PREMIUM T-GDI MHEV
HYUNDAI,KONA,HYUNDAI,KONA SE CONNECT EV
HYUNDAI,KONA,HYUNDAI,KONA SE CONNECT GDI HEV S-A
HYUNDAI,KONA,HYUNDAI,KONA SE CONNECT T-GDI MHEV
HYUNDAI,KONA,HYUNDAI,KONA SE GDI HEV S-A
HYUNDAI,KONA,HYUNDAI,KONA ULTIMATE EV
HYUNDAI,KONA,HYUNDAI,KONA ULTIMATE GDI HEV S-A
HYUNDAI,KONA,HYUNDAI,KONA ULTIMATE HEV S-A
HYUNDAI,KONA,HYUNDAI,KONA ULTIMATE T-GDI MHEV
AUDI,Q3,AUDI,Q3
AUDI,Q3,AUDI,Q3  TFSI  S-LINE QUATTRO
AUDI,Q3,AUDI,Q3 2.0 TFSI S LINE S TRONIC QUATTRO
AUDI,Q3,AUDI,Q3 QUATTRO
AUDI,Q3,AUDI,Q3 QUATTRO T 2.0 AUTO
AUDI,Q3,AUDI,Q3 RS
AUDI,Q3,AUDI,Q3 S LINE 35 TDI
AUDI,Q3,AUDI,Q3 S LINE 35 TDI QUATTRO
AUDI,Q3,AUDI,Q3 S LINE 35 TDI QUATTRO S-A
AUDI,Q3,AUDI,Q3 S LINE 35 TDI S-A
AUDI,Q3,AUDI,Q3 S LINE 35 TFSI
AUDI,Q3,AUDI,Q3 S LINE 35 TFSI MHEV S-A
AUDI,Q3,AUDI,Q3 S LINE 35 TFSI S-A
AUDI,Q3,AUDI,Q3 S LINE 40 TDI QUATTRO S-A
AUDI,Q3,AUDI,Q3 S LINE 40 TFSI QUATTRO S-A
AUDI,Q3,AUDI,Q3 S LINE 45 TFSI E S-A
AUDI,Q3,AUDI,Q3 S LINE 45 TFSI QUATTRO S-A
AUDI,Q3,AUDI,Q3 S LINE BLACK ED 35 TDI S-A
AUDI,Q3,AUDI,Q3 S LINE BLACK ED 35 TFS
AUDI,Q3,AUDI,Q3 S LINE BLACK ED 35 TFSI
AUDI,Q3,AUDI,Q3 S LINE BLACK ED 35 TFSI SA
AUDI,Q3,AUDI,Q3 S LINE BLACK EDITION 35 TDI
AUDI,Q3,AUDI,Q3 S LINE BLCK ED 45 TFSI E SA
AUDI,Q3,AUDI,Q3 S LINE BLK ED TFSI QUAT SA
AUDI,Q3,AUDI,Q3 S LINE ED 1 35 TDI QUAT S-A
AUDI,Q3,AUDI,Q3 S LINE ED 1 35 TDI QUATTRO
AUDI,Q3,AUDI,Q3 S LINE ED 1 35 TFSI MHEV SA
AUDI,Q3,AUDI,Q3 S LINE ED 1 40 TDI QUAT SA
AUDI,Q3,AUDI,Q3 S LINE ED 1 40 TFSI QUAT SA
AUDI,Q3,AUDI,Q3 S LINE ED 1 45 TFSI QUAT SA
AUDI,Q3,AUDI,Q3 S LINE EDITION 1 35 TDI S-A
AUDI,Q3,AUDI,Q3 S LINE EDITION 1 35 TFSI
AUDI,Q3,AUDI,Q3 S LINE TFSI QUATTRO
AUDI,Q3,AUDI,Q3 S LINE VOR 40 TFSI QUAT S-A
AUDI,Q3,AUDI,Q3 S LINE VOR 45 TFSI QUAT S-A
AUDI,Q3,AUDI,Q3 S LINE VORSPRUNG 35 TDI S-A
AUDI,Q3,AUDI,Q3 S LINE VSPRUNG 45 TFSI E SA
AUDI,Q3,AUDI,Q3 S LN BLK ED 35 TFSI MHEV SA
AUDI,Q3,AUDI,Q3 S LN BLK ED 40 TFSI QUAT SA
AUDI,Q3,AUDI,Q3 S LN BLK ED 45 TFSI QUAT SA
AUDI,Q3,AUDI,Q3 S LN VSPRUNG 35 TDI QUAT SA
AUDI,Q3,AUDI,Q3 S LN VSPRUNG 35TFSI MHEV SA
AUDI,Q3,AUDI,Q3 S LNE BLK ED 35 TDI QUAT SA
AUDI,Q3,AUDI,Q3 S LNE BLK ED 40 TDI QUAT SA
AUDI,Q3,AUDI,Q3 S-LINE
AUDI,Q3,AUDI,Q3 S-LINE QUATTRO
AUDI,Q3,AUDI,Q3 S-LINE QUATTRO TDI
AUDI,Q3,AUDI,Q3 S-LINE TDI
AUDI,Q3,AUDI,Q3 S-LINE TDI QUATTRO
AUDI,Q3,AUDI,Q3 S-LINE TFSI QUATTRO
AUDI,Q3,AUDI,Q3 S-LN V-SPRUNG 40TDI QUAT SA
AUDI,Q3,AUDI,Q3 SLINE QUATTRO 2.0 T AUTO
AUDI,Q3,AUDI,Q3 SPORT 35 TDI
AUDI,Q3,AUDI,Q3 SPORT 35 TDI QUATTRO
AUDI,Q3,AUDI,Q3 SPORT 35 TDI QUATTRO S-A
AUDI,Q3,AUDI,Q3 SPORT 35 TDI S-A
AUDI,Q3,AUDI,Q3 SPORT 35 TFSI
AUDI,Q3,AUDI,Q3 SPORT 35 TFSI MHEV S-A
AUDI,Q3,AUDI,Q3 SPORT 35 TFSI S-A
AUDI,Q3,AUDI,Q3 SPORT 40 TDI QUATTRO S-A
AUDI,Q3,AUDI,Q3 SPORT 40 TFSI QUATTRO S-A
AUDI,Q3,AUDI,Q3 TDI QUATTRO
AUDI,Q3,AUDI,Q3 TECHNIK 35 TDI
AUDI,Q3,AUDI,Q3 TECHNIK 35 TDI QUATTRO S-A
AUDI,Q3,AUDI,Q3 TECHNIK 35 TDI S-A
AUDI,Q3,AUDI,Q3 TECHNIK 35 TFSI
AUDI,Q3,AUDI,Q3 TECHNIK 35 TFSI MHEV S-A
AUDI,Q3,AUDI,Q3 TECHNIK 45 TFSI E S-A
AUDI,Q3,AUDI,Q3 TFSI
AUDI,Q3,AUDI,Q3 TFSI QUATTRO
AUDI,Q3,AUDI,Q3 TFSI S-LINE
AUDI,Q3,AUDI,Q3 TFSI S-LINE QUATTRO
SKODA,SUPERB,SKODA,SUPERB
SKODA,SUPERB,SKODA,SUPERB ELEGANCE
SKODA,SUPERB,SKODA,SUPERB ELEGANCE TSI S-A
SKODA,SUPERB,SKODA,SUPERB IV
SKODA,SUPERB,SKODA,SUPERB L AND K IV PHEV S-A
SKODA,SUPERB,SKODA,SUPERB L AND K TDI 4X4 SA
SKODA,SUPERB,SKODA,SUPERB S TDI
SKODA,SUPERB,SKODA,SUPERB SE L IV PHEV S-A
SKODA,SUPERB,SKODA,SUPERB SE L TDI
SKODA,SUPERB,SKODA,SUPERB SE L TDI 4X4 S-A
SKODA,SUPERB,SKODA,SUPERB SE L TDI S-A
SKODA,SUPERB,SKODA,SUPERB SE L TSI
SKODA,SUPERB,SKODA,SUPERB SE L TSI E-TEC MHEV S-A
SKODA,SUPERB,SKODA,SUPERB SE L TSI S-A
SKODA,SUPERB,SKODA,SUPERB SE TECH IV PHEV S-A
SKODA,SUPERB,SKODA,SUPERB SE TECH TSI ETC MHEV SA
SKODA,SUPERB,SKODA,SUPERB SE TECHNLOGY IV PHEV SA
SKODA,SUPERB,SKODA,SUPERB SE TECHNOLOGY TDI S-A
SKODA,SUPERB,SKODA,SUPERB SPORTLINE + IV PHEV S-A
SKODA,SUPERB,SKODA,SUPERB TDI
SKODA,SUPERB,SKODA,SUPERB TECHNOLGY TDI
SKODA,SUPERB,SKODA,SUPERB TSI
VOLVO,XC40,VOLVO,XC40
VOLVO,XC40,VOLVO,XC40 + B3 MHEV AUTO
VOLVO,XC40,VOLVO,XC40 + B4 MHEV AUTO
VOLVO,XC40,VOLVO,XC40 + B4 MHEV AWD AUTO
VOLVO,XC40,VOLVO,XC40 + BLACK EDITION B3 MHEV A
VOLVO,XC40,VOLVO,XC40 + BLACK EDITION B4 MHEV A
VOLVO,XC40,VOLVO,XC40 + T4 RECHARGE AUTO
VOLVO,XC40,VOLVO,XC40 CORE B3 MHEV AUTO
VOLVO,XC40,VOLVO,XC40 CORE B4 MHEV AWD AUTO
VOLVO,XC40,VOLVO,XC40 CORE RECHARGE EV
VOLVO,XC40,VOLVO,XC40 CORE T4 RECHARGE AUTO
VOLVO,XC40,VOLVO,XC40 FIRST EDITION P8 AWD
VOLVO,XC40,VOLVO,XC40 INSCRIPT PRO T5 RCHARGE A
VOLVO,XC40,VOLVO,XC40 INSCRIPTION B4 MHEV AUTO
VOLVO,XC40,VOLVO,XC40 INSCRIPTION B4 MHEV AWD A
VOLVO,XC40,VOLVO,XC40 INSCRIPTION B5 MHEV AWD A
VOLVO,XC40,VOLVO,XC40 INSCRIPTION EXP T4RCHRG A
VOLVO,XC40,VOLVO,XC40 INSCRIPTION PRO B4 M
VOLVO,XC40,VOLVO,XC40 INSCRIPTION PRO B4 MHEV A
VOLVO,XC40,VOLVO,XC40 INSCRIPTION PRO T5 PHEV A
VOLVO,XC40,VOLVO,XC40 INSCRIPTION T4 RECHARGE A
VOLVO,XC40,VOLVO,XC40 INSCRIPTION T5 PHEV AUTO
VOLVO,XC40,VOLVO,XC40 INSCRIPTION T5 RECHARGE A
VOLVO,XC40,VOLVO,XC40 INSCRPT PRO B4 MHEV AWD A
VOLVO,XC40,VOLVO,XC40 INSCRPT PRO B5 MHEV AWD A
VOLVO,XC40,VOLVO,XC40 MOMENTUM B4 MHEV AUTO
VOLVO,XC40,VOLVO,XC40 MOMENTUM B4 MHEV AWD AUTO
VOLVO,XC40,VOLVO,XC40 MOMENTUM CORE T2
VOLVO,XC40,VOLVO,XC40 PLUS PRO B4 MHEV AUTO
VOLVO,XC40,VOLVO,XC40 PLUS RECHARGE EV
VOLVO,XC40,VOLVO,XC40 PLUS RECHARGE TWIN EV AWD
VOLVO,XC40,VOLVO,XC40 PRO RECHARGE EV
VOLVO,XC40,VOLVO,XC40 PRO RECHARGE TWIN EV AWD
VOLVO,XC40,VOLVO,XC40 R-DESIGN B4 MHEV AUTO
VOLVO,XC40,VOLVO,XC40 R-DESIGN B4 MHEV AWD AUTO
VOLVO,XC40,VOLVO,XC40 R-DESIGN B5 MHEV AWD AUTO
VOLVO,XC40,VOLVO,XC40 R-DESIGN P8 AWD
VOLVO,XC40,VOLVO,XC40 R-DESIGN PRO B4 MHEV AUTO
VOLVO,XC40,VOLVO,XC40 R-DESIGN PRO T2
VOLVO,XC40,VOLVO,XC40 R-DESIGN PRO T5 PHEV AUTO
VOLVO,XC40,VOLVO,XC40 R-DESIGN T4 RECHARGE AUTO
VOLVO,XC40,VOLVO,XC40 R-DESIGN T5 PHEV AUTO
VOLVO,XC40,VOLVO,XC40 R-DESIGN T5 RECHARGE AUTO
VOLVO,XC40,VOLVO,XC40 RDESIGN PRO B4 MHEV AWD A
VOLVO,XC40,VOLVO,XC40 RDESIGN PRO B5 MHEV AWD A
VOLVO,XC40,VOLVO,XC40 RDESIGN PRO T5 RECHARGE A
VOLVO,XC40,VOLVO,XC40 RECHARGE TWIN EV AWD
VOLVO,XC40,VOLVO,XC40 START T2
VOLVO,XC40,VOLVO,XC40 T3
VOLVO,XC40,VOLVO,XC40 T4
VOLVO,XC40,VOLVO,XC40 T5
VOLVO,XC40,VOLVO,XC40 ULTIMATE B3 MHEV AUTO
VOLVO,XC40,VOLVO,XC40 ULTIMATE B4 MHEV AUTO
VOLVO,XC40,VOLVO,XC40 ULTIMATE RECHARGE EV
VOLVO,XC40,VOLVO,XC40 ULTIMATE T5 RECHARGE AUTO
VOLVO,XC40,VOLVO,XC40 ULTMTE RCHRGE TWIN EV AWD
VOLVO,XC40,VOLVO,XC40 ULTRA B3 MHEV AUTO
VOLVO,XC40,VOLVO,XC40 ULTRA B4 MHEV AUTO
SKODA,KAMIQ,SKODA,KAMIQ
SKODA,KAMIQ,SKODA,KAMIQ  SE L TSI
SKODA,KAMIQ,SKODA,KAMIQ MONTE CARLO
SKODA,KAMIQ,SKODA,KAMIQ MONTE CARLO ED TSI S-A
SKODA,KAMIQ,SKODA,KAMIQ MONTE CARLO EDITION TSI
SKODA,KAMIQ,SKODA,KAMIQ MONTE CARLO TSI
SKODA,KAMIQ,SKODA,KAMIQ MONTE CARLO TSI S-A
SKODA,KAMIQ,SKODA,KAMIQ S TSI
SKODA,KAMIQ,SKODA,KAMIQ SE DRIVE TSI
SKODA,KAMIQ,SKODA,KAMIQ SE DRIVE TSI S-A
SKODA,KAMIQ,SKODA,KAMIQ SE EDITION TSI S-A
SKODA,KAMIQ,SKODA,KAMIQ SE L EDITION TSI
SKODA,KAMIQ,SKODA,KAMIQ SE L EDITION TSI S-A
SKODA,KAMIQ,SKODA,KAMIQ SE L EXECUTIVE TSI
SKODA,KAMIQ,SKODA,KAMIQ SE L EXECUTIVE TSI S-A
SKODA,KAMIQ,SKODA,KAMIQ SE L TDI
SKODA,KAMIQ,SKODA,KAMIQ SE L TDI S-A
SKODA,KAMIQ,SKODA,KAMIQ SE L TSI
SKODA,KAMIQ,SKODA,KAMIQ SE L TSI DSG
SKODA,KAMIQ,SKODA,KAMIQ SE L TSI S-A
SKODA,KAMIQ,SKODA,KAMIQ SE LTSI
SKODA,KAMIQ,SKODA,KAMIQ SE TDI
SKODA,KAMIQ,SKODA,KAMIQ SE TDI S-A
SKODA,KAMIQ,SKODA,KAMIQ SE TSI
SKODA,KAMIQ,SKODA,KAMIQ SE TSI S-A
HYUNDAI,Tucson,HYUNDAI,TUCSON
HYUNDAI,Tucson,HYUNDAI,TUCSON ADVANCE MHEV S-A
HYUNDAI,Tucson,HYUNDAI,TUCSON ADVANCE PHEV AUTO
HYUNDAI,Tucson,HYUNDAI,TUCSON ADVANCE T-GDI HEV AUTO
HYUNDAI,Tucson,HYUNDAI,TUCSON CRDI
HYUNDAI,Tucson,HYUNDAI,TUCSON GDI
HYUNDAI,Tucson,HYUNDAI,TUCSON GO CRDI
HYUNDAI,Tucson,HYUNDAI,TUCSON N LINE
HYUNDAI,Tucson,HYUNDAI,TUCSON N LINE GDI 2WD
HYUNDAI,Tucson,HYUNDAI,TUCSON N LINE MHEV S-A
HYUNDAI,Tucson,HYUNDAI,TUCSON N LINE PHEV AUTO
HYUNDAI,Tucson,HYUNDAI,TUCSON N LINE S T-GDI
HYUNDAI,Tucson,HYUNDAI,TUCSON N LINE S T-GDI HEV AUTO
HYUNDAI,Tucson,HYUNDAI,TUCSON N LINE S T-GDI MHEV S-A
HYUNDAI,Tucson,HYUNDAI,TUCSON N LINE S TGDI PHEV 4X4A
HYUNDAI,Tucson,HYUNDAI,TUCSON N LINE T-GDI
HYUNDAI,Tucson,HYUNDAI,TUCSON N LINE T-GDI 2WD
HYUNDAI,Tucson,HYUNDAI,TUCSON N LINE T-GDI HEV AUTO
HYUNDAI,Tucson,HYUNDAI,TUCSON N LINE T-GDI MHEV S-A
HYUNDAI,Tucson,HYUNDAI,TUCSON N LINE T-GDI PHEV 4X4 A
HYUNDAI,Tucson,HYUNDAI,TUCSON N LN S TGDI MHEV 4X4 SA
HYUNDAI,Tucson,HYUNDAI,TUCSON N LN48V MHEV CRDI2WD SA
HYUNDAI,Tucson,HYUNDAI,TUCSON N LNE 48V MHEV CRDI 2WD
HYUNDAI,Tucson,HYUNDAI,TUCSON PREM 48V MHEV CRDI 2WD
HYUNDAI,Tucson,HYUNDAI,TUCSON PREM SE 48V MHEV CRDI A
HYUNDAI,Tucson,HYUNDAI,TUCSON PREMIUM
HYUNDAI,Tucson,HYUNDAI,TUCSON PREMIUM 48V
HYUNDAI,Tucson,HYUNDAI,TUCSON PREMIUM 48V MHEV CRDI A
HYUNDAI,Tucson,HYUNDAI,TUCSON PREMIUM MHEV S-A
HYUNDAI,Tucson,HYUNDAI,TUCSON PREMIUM PHEV AUTO
HYUNDAI,Tucson,HYUNDAI,TUCSON PREMIUM SE
HYUNDAI,Tucson,HYUNDAI,TUCSON PREMIUM T-GDI
HYUNDAI,Tucson,HYUNDAI,TUCSON PREMIUM T-GDI HEV AUTO
HYUNDAI,Tucson,HYUNDAI,TUCSON PREMIUM T-GDI MHEV
HYUNDAI,Tucson,HYUNDAI,TUCSON PREMIUM T-GDI MHEV S-A
HYUNDAI,Tucson,HYUNDAI,TUCSON PREMIUM TGDI PHEV 4X4 A
HYUNDAI,Tucson,HYUNDAI,TUCSON PRM SE48V MHEV CRDI 2WD
HYUNDAI,Tucson,HYUNDAI,TUCSON PRM SE48V MHEV CRDI2WDSA
HYUNDAI,Tucson,HYUNDAI,TUCSON PRM48V MHEV CRDI 2WD SA
HYUNDAI,Tucson,HYUNDAI,TUCSON SE
HYUNDAI,Tucson,HYUNDAI,TUCSON SE CONNECT T-GDI
HYUNDAI,Tucson,HYUNDAI,TUCSON SE CONNECT T-GDI HEV A
HYUNDAI,Tucson,HYUNDAI,TUCSON SE CONNECT T-GDI MHEV
HYUNDAI,Tucson,HYUNDAI,TUCSON SE CONNECT TGDI MHEV SA
HYUNDAI,Tucson,HYUNDAI,TUCSON SE CRDI
HYUNDAI,Tucson,HYUNDAI,TUCSON SE NAV48V MHEV CRDI 2WD
HYUNDAI,Tucson,HYUNDAI,TUCSON SE NV48V MHEV CRDI2WDSA
HYUNDAI,Tucson,HYUNDAI,TUCSON SPORT
HYUNDAI,Tucson,HYUNDAI,TUCSON T.GDI
HYUNDAI,Tucson,HYUNDAI,TUCSON ULT T-GDI MHEV 4X4 S-A
HYUNDAI,Tucson,HYUNDAI,TUCSON ULTIMATE PHEV AUTO
HYUNDAI,Tucson,HYUNDAI,TUCSON ULTIMATE T-GDI
HYUNDAI,Tucson,HYUNDAI,TUCSON ULTIMATE T-GDI HEV AUTO
HYUNDAI,Tucson,HYUNDAI,TUCSON ULTIMATE T-GDI MHEV
HYUNDAI,Tucson,HYUNDAI,TUCSON ULTIMATE T-GDI MHEV S-A
HYUNDAI,Tucson,HYUNDAI,TUCSON ULTIMATE TGDI PHEV 4X4A
HYUNDAI,Tucson,HYUNDAI,TUCSON ULTIMTE T-GDI HEV 4X4 A
HONDA,CIVIC,HONDA,CIVIC
HONDA,CIVIC,HONDA,CIVIC ADVANCE I-MMD CVT
HONDA,CIVIC,HONDA,CIVIC AERODECK
HONDA,CIVIC,HONDA,CIVIC CRX
HONDA,CIVIC,HONDA,CIVIC ELEGANCE I-MMD CVT
HONDA,CIVIC,HONDA,CIVIC EX SPORT LINE VTEC
HONDA,CIVIC,HONDA,CIVIC EX SPORT LINE VTEC CVT
HONDA,CIVIC,HONDA,CIVIC EX VTEC
HONDA,CIVIC,HONDA,CIVIC EX VTEC CVT
HONDA,CIVIC,HONDA,CIVIC HYBRID
HONDA,CIVIC,HONDA,CIVIC I-CTDI
HONDA,CIVIC,HONDA,CIVIC IMA 4 DOOR AUTO
HONDA,CIVIC,HONDA,CIVIC S I-DTEC
HONDA,CIVIC,HONDA,CIVIC SE 1-VTEC
HONDA,CIVIC,HONDA,CIVIC SE VTEC CVT
HONDA,CIVIC,HONDA,CIVIC SHUTTLE
HONDA,CIVIC,HONDA,CIVIC SPORT I-MMD CVT
HONDA,CIVIC,HONDA,CIVIC SPORT VTEC
HONDA,CIVIC,HONDA,CIVIC SPORT VTEC CVT
HONDA,CIVIC,HONDA,CIVIC SR I-DTEC
HONDA,CIVIC,HONDA,CIVIC SR VTEC
HONDA,CIVIC,HONDA,CIVIC SR VTEC CVT
HONDA,CIVIC,HONDA,CIVIC TYPE R
HONDA,CIVIC,HONDA,CIVIC TYPE R GT
HONDA,CIVIC,HONDA,CIVIC TYPE R LIMITED EDITION
HONDA,CIVIC,HONDA,CIVIC TYPE R SPORT LINE
HONDA,CIVIC,HONDA,CIVIC TYPE S
HONDA,CIVIC,HONDA,CIVIC TYPE-S
HONDA,CIVIC,HONDA,CIVIC VISION
MAZDA,CX-3,MAZDA,CX - 3
MAZDA,CX-3,MAZDA,CX-3 GT SPORT NAV +
MAZDA,CX-3,MAZDA,CX-3 GT SPORT NAV + AUTO
MAZDA,CX-3,MAZDA,CX-3 SPORT NAV
MAZDA,CX-3,MAZDA,cx-3
MERCEDES-BENZ,B-Klasse,MERCEDES-BENZ,B
MERCEDES-BENZ,B-Klasse,MERCEDES-BENZ,B 160
MERCEDES-BENZ,B-Klasse,MERCEDES-BENZ,B 160 SPORT CVT
MERCEDES-BENZ,B-Klasse,MERCEDES-BENZ,B 170
MERCEDES-BENZ,B-Klasse,MERCEDES-BENZ,B 180
MERCEDES-BENZ,B-Klasse,MERCEDES-BENZ,B 180 AMG LINE
MERCEDES-BENZ,B-Klasse,MERCEDES-BENZ,B 180 AMG LINE ED EXECUTIVE A
MERCEDES-BENZ,B-Klasse,MERCEDES-BENZ,B 180 AMG LINE ED EXECUTVE D A
MERCEDES-BENZ,B-Klasse,MERCEDES-BENZ,B 180 AMG LINE ED PREMIUM + A
MERCEDES-BENZ,B-Klasse,MERCEDES-BENZ,B 180 AMG LINE ED PREMIUM A
MERCEDES-BENZ,B-Klasse,MERCEDES-BENZ,B 180 AMG LINE ED PREMIUM+ D A
MERCEDES-BENZ,B-Klasse,MERCEDES-BENZ,B 180 AMG LINE EXECUTIVE
MERCEDES-BENZ,B-Klasse,MERCEDES-BENZ,B 180 AMG LINE PREMIUM
MERCEDES-BENZ,B-Klasse,MERCEDES-BENZ,B 180 AMG LINE PREMIUM +
MERCEDES-BENZ,B-Klasse,MERCEDES-BENZ,B 180 AUTO
MERCEDES-BENZ,B-Klasse,MERCEDES-BENZ,B 180 CDI
MERCEDES-BENZ,B-Klasse,MERCEDES-BENZ,B 180 SPORT
MERCEDES-BENZ,B-Klasse,MERCEDES-BENZ,B 180 SPORT EXECUTIVE
MERCEDES-BENZ,B-Klasse,MERCEDES-BENZ,B 180 SPORT EXECUTIVE ED A
MERCEDES-BENZ,B-Klasse,MERCEDES-BENZ,B 180 SPORT PREMIUM
MERCEDES-BENZ,B-Klasse,MERCEDES-BENZ,B 180 SPORT PREMIUM +
MERCEDES-BENZ,B-Klasse,MERCEDES-BENZ,B 180 SPORT PREMIUM D
MERCEDES-BENZ,B-Klasse,MERCEDES-BENZ,B 200
MERCEDES-BENZ,B-Klasse,MERCEDES-BENZ,B 200 AMG LINE
MERCEDES-BENZ,B-Klasse,MERCEDES-BENZ,B 200 AMG LINE ED EXECUTIVE A
MERCEDES-BENZ,B-Klasse,MERCEDES-BENZ,B 200 AMG LINE ED EXECUTVE D A
MERCEDES-BENZ,B-Klasse,MERCEDES-BENZ,B 200 AMG LINE ED PREMIUM + A
MERCEDES-BENZ,B-Klasse,MERCEDES-BENZ,B 200 AMG LINE ED PREMIUM A
MERCEDES-BENZ,B-Klasse,MERCEDES-BENZ,B 200 AMG LINE ED PREMIUM D A
MERCEDES-BENZ,B-Klasse,MERCEDES-BENZ,B 200 AMG LINE ED PREMIUM+ D A
MERCEDES-BENZ,B-Klasse,MERCEDES-BENZ,B 200 AMG LINE EXECUTIVE
MERCEDES-BENZ,B-Klasse,MERCEDES-BENZ,B 200 AMG LINE PREMIUM
MERCEDES-BENZ,B-Klasse,MERCEDES-BENZ,B 200 AMG LINE PREMIUM +
MERCEDES-BENZ,B-Klasse,MERCEDES-BENZ,B 200 AMG LINE PREMIUM MHEV A
MERCEDES-BENZ,B-Klasse,MERCEDES-BENZ,B 200 AMG LINE PREMIUM+ MHEV A
MERCEDES-BENZ,B-Klasse,MERCEDES-BENZ,B 200 AMG LN PREM + NIGHT ED A
MERCEDES-BENZ,B-Klasse,MERCEDES-BENZ,B 200 AMG LNE EXECUTIVE MHEV A
MERCEDES-BENZ,B-Klasse,MERCEDES-BENZ,B 200 CDI
MERCEDES-BENZ,B-Klasse,MERCEDES-BENZ,B 200 D
MERCEDES-BENZ,B-Klasse,MERCEDES-BENZ,B 200 SPORT EXECUTIVE
MERCEDES-BENZ,B-Klasse,MERCEDES-BENZ,B 200 SPORT EXECUTIVE ED A
MERCEDES-BENZ,B-Klasse,MERCEDES-BENZ,B 200 SPORT EXECUTIVE ED D A
MERCEDES-BENZ,B-Klasse,MERCEDES-BENZ,B 200 SPORT EXECUTIVE MHEV A
MERCEDES-BENZ,B-Klasse,MERCEDES-BENZ,B 200 SPORT PREMIUM +
MERCEDES-BENZ,B-Klasse,MERCEDES-BENZ,B 220 AMG LINE ED PREMIUM+ D A
MERCEDES-BENZ,B-Klasse,MERCEDES-BENZ,B 220 AMG LINE PREMIUM + AUTO
MERCEDES-BENZ,B-Klasse,MERCEDES-BENZ,B 220 AMG LINE PREMIUM AUTO
MERCEDES-BENZ,B-Klasse,MERCEDES-BENZ,B 250 AMG LINE ED EXECUTVE E A
MERCEDES-BENZ,B-Klasse,MERCEDES-BENZ,B 250 AMG LINE ED PREMIUM E A
MERCEDES-BENZ,B-Klasse,MERCEDES-BENZ,B 250 AMG LINE ED PREMIUM+ E A
MERCEDES-BENZ,B-Klasse,MERCEDES-BENZ,B 250 AMG LINE EXECUTIVE E A
MERCEDES-BENZ,B-Klasse,MERCEDES-BENZ,B 250 AMG LINE PREMIUM E AUTO
MERCEDES-BENZ,B-Klasse,MERCEDES-BENZ,B 250 AMG LINE PREMIUM+ E AUTO
MERCEDES-BENZ,B-Klasse,MERCEDES-BENZ,B CLASS
MERCEDES-BENZ,B-Klasse,MERCEDES-BENZ,B CLASS 580
MERCEDES-BENZ,B-Klasse,MERCEDES-BENZ,B CLASS B-180
MERCEDES-BENZ,B-Klasse,MERCEDES-BENZ,B CLASS B180
MERCEDES-BENZ,B-Klasse,MERCEDES-BENZ,B-CLASS
VOLKSWAGEN,GOLF VARIANT,VOLKSWAGEN,GOLF
VOLKSWAGEN,GOLF VARIANT,VOLKSWAGEN,GOLF   R
VOLKSWAGEN,GOLF VARIANT,VOLKSWAGEN,GOLF  R
VOLKSWAGEN,GOLF VARIANT,VOLKSWAGEN,GOLF  TSI BLUE MOTION DSG AUTO
VOLKSWAGEN,GOLF VARIANT,VOLKSWAGEN,GOLF 1.4 TSI BLUEMOTION TECH MATCH DSG
VOLKSWAGEN,GOLF VARIANT,VOLKSWAGEN,GOLF 1.4 TSI HIGHLINE 7G AUTO
VOLKSWAGEN,GOLF VARIANT,VOLKSWAGEN,GOLF 1.4TSI BLUEMOTION TECH  DSG 140BHP
VOLKSWAGEN,GOLF VARIANT,VOLKSWAGEN,GOLF 2.0 GT TDI DSG BM ESTATE
VOLKSWAGEN,GOLF VARIANT,VOLKSWAGEN,GOLF 2.0 TDI DSG BM COMFORT
VOLKSWAGEN,GOLF VARIANT,VOLKSWAGEN,GOLF 2.0 TSI GTI DSG
VOLKSWAGEN,GOLF VARIANT,VOLKSWAGEN,GOLF ACTIVE ETSI S-A
VOLKSWAGEN,GOLF VARIANT,VOLKSWAGEN,GOLF ACTIVE TDI
VOLKSWAGEN,GOLF VARIANT,VOLKSWAGEN,GOLF ACTIVE TDI S-A
VOLKSWAGEN,GOLF VARIANT,VOLKSWAGEN,GOLF ACTIVE TSI
VOLKSWAGEN,GOLF VARIANT,VOLKSWAGEN,GOLF ALLTRACK
VOLKSWAGEN,GOLF VARIANT,VOLKSWAGEN,GOLF ALLTRACK TDI 4MOTION S-A
VOLKSWAGEN,GOLF VARIANT,VOLKSWAGEN,GOLF BLUEMOTION TECH
VOLKSWAGEN,GOLF VARIANT,VOLKSWAGEN,GOLF CABRIOLET
VOLKSWAGEN,GOLF VARIANT,VOLKSWAGEN,GOLF CADDY
VOLKSWAGEN,GOLF VARIANT,VOLKSWAGEN,GOLF CLUBSPORT GTI TSI S-A
VOLKSWAGEN,GOLF VARIANT,VOLKSWAGEN,GOLF CONVERTIBLE
VOLKSWAGEN,GOLF VARIANT,VOLKSWAGEN,GOLF ESTATE
VOLKSWAGEN,GOLF VARIANT,VOLKSWAGEN,GOLF FR
VOLKSWAGEN,GOLF VARIANT,VOLKSWAGEN,GOLF FSI
VOLKSWAGEN,GOLF VARIANT,VOLKSWAGEN,GOLF GT
VOLKSWAGEN,GOLF VARIANT,VOLKSWAGEN,GOLF GT EDITION
VOLKSWAGEN,GOLF VARIANT,VOLKSWAGEN,GOLF GT EDITION TDI
VOLKSWAGEN,GOLF VARIANT,VOLKSWAGEN,GOLF GT EDITION TDI S-A
VOLKSWAGEN,GOLF VARIANT,VOLKSWAGEN,GOLF GT EDITION TSI EVO
VOLKSWAGEN,GOLF VARIANT,VOLKSWAGEN,GOLF GT EDITION TSI EVO S-A
VOLKSWAGEN,GOLF VARIANT,VOLKSWAGEN,GOLF GT TDI
VOLKSWAGEN,GOLF VARIANT,VOLKSWAGEN,GOLF GTD
VOLKSWAGEN,GOLF VARIANT,VOLKSWAGEN,GOLF GTD TDI S-A
VOLKSWAGEN,GOLF VARIANT,VOLKSWAGEN,GOLF GTE
VOLKSWAGEN,GOLF VARIANT,VOLKSWAGEN,GOLF GTE HYBRID
VOLKSWAGEN,GOLF VARIANT,VOLKSWAGEN,GOLF GTE S-A
VOLKSWAGEN,GOLF VARIANT,VOLKSWAGEN,GOLF GTI
VOLKSWAGEN,GOLF VARIANT,VOLKSWAGEN,GOLF GTI ADIDAS
VOLKSWAGEN,GOLF VARIANT,VOLKSWAGEN,GOLF GTI AUTO
VOLKSWAGEN,GOLF VARIANT,VOLKSWAGEN,GOLF GTI CLUB SPORT
VOLKSWAGEN,GOLF VARIANT,VOLKSWAGEN,GOLF GTI CLUBSPORT
VOLKSWAGEN,GOLF VARIANT,VOLKSWAGEN,GOLF GTI CLUBSPORT 45 TSI S-A
VOLKSWAGEN,GOLF VARIANT,VOLKSWAGEN,GOLF GTI CLUBSPORT S
VOLKSWAGEN,GOLF VARIANT,VOLKSWAGEN,GOLF GTI EDITION 30
VOLKSWAGEN,GOLF VARIANT,VOLKSWAGEN,GOLF GTI EDITION 35 DSG
VOLKSWAGEN,GOLF VARIANT,VOLKSWAGEN,GOLF GTI PERFORMANCE
VOLKSWAGEN,GOLF VARIANT,VOLKSWAGEN,GOLF GTI PERFORMANCE AUTO
VOLKSWAGEN,GOLF VARIANT,VOLKSWAGEN,GOLF GTI PERFORMANCE PACK
VOLKSWAGEN,GOLF VARIANT,VOLKSWAGEN,GOLF GTI PIRELLI
VOLKSWAGEN,GOLF VARIANT,VOLKSWAGEN,GOLF GTI PIRELLI EDITION
VOLKSWAGEN,GOLF VARIANT,VOLKSWAGEN,GOLF GTI PIRRELI
VOLKSWAGEN,GOLF VARIANT,VOLKSWAGEN,GOLF GTI TCR
VOLKSWAGEN,GOLF VARIANT,VOLKSWAGEN,GOLF GTI TSI
VOLKSWAGEN,GOLF VARIANT,VOLKSWAGEN,GOLF GTI TSI S-A
VOLKSWAGEN,GOLF VARIANT,VOLKSWAGEN,GOLF HATCHBACK
VOLKSWAGEN,GOLF VARIANT,VOLKSWAGEN,GOLF LIFE ETSI S-A
VOLKSWAGEN,GOLF VARIANT,VOLKSWAGEN,GOLF LIFE TDI
VOLKSWAGEN,GOLF VARIANT,VOLKSWAGEN,GOLF LIFE TDI S-A
VOLKSWAGEN,GOLF VARIANT,VOLKSWAGEN,GOLF LIFE TSI
VOLKSWAGEN,GOLF VARIANT,VOLKSWAGEN,GOLF MATCH
VOLKSWAGEN,GOLF VARIANT,VOLKSWAGEN,GOLF MATCH EDITION TDI
VOLKSWAGEN,GOLF VARIANT,VOLKSWAGEN,GOLF MATCH EDITION TDI S-A
VOLKSWAGEN,GOLF VARIANT,VOLKSWAGEN,GOLF MATCH EDITION TSI
VOLKSWAGEN,GOLF VARIANT,VOLKSWAGEN,GOLF MATCH EDITION TSI EVO
VOLKSWAGEN,GOLF VARIANT,VOLKSWAGEN,GOLF MATCH EDITION TSI EVO S-A
VOLKSWAGEN,GOLF VARIANT,VOLKSWAGEN,GOLF MATCH TDI
VOLKSWAGEN,GOLF VARIANT,VOLKSWAGEN,GOLF MATCH TSI
VOLKSWAGEN,GOLF VARIANT,VOLKSWAGEN,GOLF PLUS
VOLKSWAGEN,GOLF VARIANT,VOLKSWAGEN,GOLF PLUS DUNE
VOLKSWAGEN,GOLF VARIANT,VOLKSWAGEN,GOLF PLUS LUNA TDI 105
VOLKSWAGEN,GOLF VARIANT,VOLKSWAGEN,GOLF PLUS SE TDI 106 SE
VOLKSWAGEN,GOLF VARIANT,VOLKSWAGEN,GOLF PLUS TDI
VOLKSWAGEN,GOLF VARIANT,VOLKSWAGEN,GOLF PLUS TSI
VOLKSWAGEN,GOLF VARIANT,VOLKSWAGEN,GOLF R
VOLKSWAGEN,GOLF VARIANT,VOLKSWAGEN,GOLF R 20 YEARS TSI 4MOTION SA
VOLKSWAGEN,GOLF VARIANT,VOLKSWAGEN,GOLF R DSG
VOLKSWAGEN,GOLF VARIANT,VOLKSWAGEN,GOLF R DSG S-A 4MOTION
VOLKSWAGEN,GOLF VARIANT,VOLKSWAGEN,GOLF R ESTATE
VOLKSWAGEN,GOLF VARIANT,VOLKSWAGEN,GOLF R LINE
VOLKSWAGEN,GOLF VARIANT,VOLKSWAGEN,GOLF R TSI
VOLKSWAGEN,GOLF VARIANT,VOLKSWAGEN,GOLF R TSI 4MOTION S-A
VOLKSWAGEN,GOLF VARIANT,VOLKSWAGEN,GOLF R-32
VOLKSWAGEN,GOLF VARIANT,VOLKSWAGEN,GOLF R-LINE EDITION TDI
VOLKSWAGEN,GOLF VARIANT,VOLKSWAGEN,GOLF R-LINE EDITION TDI S-A
VOLKSWAGEN,GOLF VARIANT,VOLKSWAGEN,GOLF R-LINE EDITION TSI EVO
VOLKSWAGEN,GOLF VARIANT,VOLKSWAGEN,GOLF R-LINE EDITION TSI EVO SA
VOLKSWAGEN,GOLF VARIANT,VOLKSWAGEN,GOLF R-LINE ETSI S-A
VOLKSWAGEN,GOLF VARIANT,VOLKSWAGEN,GOLF R-LINE TDI
VOLKSWAGEN,GOLF VARIANT,VOLKSWAGEN,GOLF R-LINE TDI S-A
VOLKSWAGEN,GOLF VARIANT,VOLKSWAGEN,GOLF R-LINE TSI
VOLKSWAGEN,GOLF VARIANT,VOLKSWAGEN,GOLF R20
VOLKSWAGEN,GOLF VARIANT,VOLKSWAGEN,GOLF R32
VOLKSWAGEN,GOLF VARIANT,VOLKSWAGEN,GOLF R32 IMPORT
VOLKSWAGEN,GOLF VARIANT,VOLKSWAGEN,GOLF S TSI
VOLKSWAGEN,GOLF VARIANT,VOLKSWAGEN,GOLF S TSI S-A
VOLKSWAGEN,GOLF VARIANT,VOLKSWAGEN,GOLF SE BLUEMOTION TDI
VOLKSWAGEN,GOLF VARIANT,VOLKSWAGEN,GOLF SE TDI BMT
VOLKSWAGEN,GOLF VARIANT,VOLKSWAGEN,GOLF SPORTLINE TSI S-A
VOLKSWAGEN,GOLF VARIANT,VOLKSWAGEN,GOLF SPORTSVAN
VOLKSWAGEN,GOLF VARIANT,VOLKSWAGEN,GOLF SR
VOLKSWAGEN,GOLF VARIANT,VOLKSWAGEN,GOLF STYLE EDITION TSI
VOLKSWAGEN,GOLF VARIANT,VOLKSWAGEN,GOLF STYLE ETSI S-A
VOLKSWAGEN,GOLF VARIANT,VOLKSWAGEN,GOLF STYLE TDI
VOLKSWAGEN,GOLF VARIANT,VOLKSWAGEN,GOLF STYLE TDI S-A
VOLKSWAGEN,GOLF VARIANT,VOLKSWAGEN,GOLF STYLE TSI
VOLKSWAGEN,GOLF VARIANT,VOLKSWAGEN,GOLF STYLE TSI E-HYBRID S-A
VOLKSWAGEN,GOLF VARIANT,VOLKSWAGEN,GOLF SV
VOLKSWAGEN,GOLF VARIANT,VOLKSWAGEN,GOLF SV GT TDI S-A
VOLKSWAGEN,GOLF VARIANT,VOLKSWAGEN,GOLF SV MATCH ED TSI EVO S-A
VOLKSWAGEN,GOLF VARIANT,VOLKSWAGEN,GOLF SV MATCH EDITION TDI
VOLKSWAGEN,GOLF VARIANT,VOLKSWAGEN,GOLF SV MATCH EDITION TDI S-A
VOLKSWAGEN,GOLF VARIANT,VOLKSWAGEN,GOLF SV MATCH EDITION TSI EVO
VOLKSWAGEN,GOLF VARIANT,VOLKSWAGEN,GOLF SV S TSI
VOLKSWAGEN,GOLF VARIANT,VOLKSWAGEN,GOLF SV SE NAVIGATION TSI
VOLKSWAGEN,GOLF VARIANT,VOLKSWAGEN,GOLF SV SE TSI
VOLKSWAGEN,GOLF VARIANT,VOLKSWAGEN,GOLF TDI
VOLKSWAGEN,GOLF VARIANT,VOLKSWAGEN,GOLF TDI CABRIOLET
VOLKSWAGEN,GOLF VARIANT,VOLKSWAGEN,GOLF TSI
VOLKSWAGEN,GOLF VARIANT,VOLKSWAGEN,GOLF TSI 150 DSG BMT S-A
VOLKSWAGEN,GOLF VARIANT,VOLKSWAGEN,GOLF TSI AUTO
VOLKSWAGEN,GOLF VARIANT,VOLKSWAGEN,GOLF TSI BLUE MOTION AUTO
VOLKSWAGEN,GOLF VARIANT,VOLKSWAGEN,GOLF TSI BLUEMOTION
VOLKSWAGEN,GOLF VARIANT,VOLKSWAGEN,GOLF TSI BLUEMOTION TECH
VOLKSWAGEN,GOLF VARIANT,VOLKSWAGEN,GOLF TSI BLUEMOTION TECH R DSG 4MOTION
VOLKSWAGEN,GOLF VARIANT,VOLKSWAGEN,GOLF V5
VOLKSWAGEN,GOLF VARIANT,VOLKSWAGEN,GOLF V6 4MOTION
VOLKSWAGEN,GOLF VARIANT,VOLKSWAGEN,GOLF VR6
VOLKSWAGEN,GOLF VARIANT,VOLKSWAGEN,GOLF-R
VOLVO,XC60,VOLVO,XC60
VOLVO,XC60,VOLVO,XC60  D4
VOLVO,XC60,VOLVO,XC60  D5 AWD
VOLVO,XC60,VOLVO,XC60 + B4 MHEV AUTO
VOLVO,XC60,VOLVO,XC60 + B4 MHEV AWD AUTO
VOLVO,XC60,VOLVO,XC60 + B5 MHEV AWD AUTO
VOLVO,XC60,VOLVO,XC60 + T6 PHEV AWD AUTO
VOLVO,XC60,VOLVO,XC60 + T6 RECHARGE AWD AUTO
VOLVO,XC60,VOLVO,XC60 CORE B4 MHEV AWD AUTO
VOLVO,XC60,VOLVO,XC60 CORE B5 MHEV AWD AUTO
VOLVO,XC60,VOLVO,XC60 CORE B6 MHEV AWD AUTO
VOLVO,XC60,VOLVO,XC60 CORE T6 RECHARGE AWD AUTO
VOLVO,XC60,VOLVO,XC60 D3
VOLVO,XC60,VOLVO,XC60 D4
VOLVO,XC60,VOLVO,XC60 D4 AWD
VOLVO,XC60,VOLVO,XC60 D5
VOLVO,XC60,VOLVO,XC60 D5 AWD
VOLVO,XC60,VOLVO,XC60 D5 AWD SE
VOLVO,XC60,VOLVO,XC60 D5 AWD SE LUX
VOLVO,XC60,VOLVO,XC60 EDITION T4 AUTO
VOLVO,XC60,VOLVO,XC60 INSCRIPT T6 RCHARGE AWD A
VOLVO,XC60,VOLVO,XC60 INSCRIPTION B4 AWD AUTO
VOLVO,XC60,VOLVO,XC60 INSCRIPTION B4 MHEV AUTO
VOLVO,XC60,VOLVO,XC60 INSCRIPTION B4 MHEV AWD A
VOLVO,XC60,VOLVO,XC60 INSCRIPTION B5 AWD AUTO
VOLVO,XC60,VOLVO,XC60 INSCRIPTION B5 MHEV AUTO
VOLVO,XC60,VOLVO,XC60 INSCRIPTION B5 MHEV AWD A
VOLVO,XC60,VOLVO,XC60 INSCRIPTION D4 AUTO
VOLVO,XC60,VOLVO,XC60 INSCRIPTION PRO B4 AWD A
VOLVO,XC60,VOLVO,XC60 INSCRIPTION PRO B4 MHEV A
VOLVO,XC60,VOLVO,XC60 INSCRIPTION PRO B5 AWD A
VOLVO,XC60,VOLVO,XC60 INSCRIPTION PRO B5 MHEV A
VOLVO,XC60,VOLVO,XC60 INSCRIPTION PRO T5 AUTO
VOLVO,XC60,VOLVO,XC60 INSCRIPTION T5 AUTO
VOLVO,XC60,VOLVO,XC60 INSCRIPTION T8 PHEV AWD A
VOLVO,XC60,VOLVO,XC60 INSCRP PRO T8RECHRG AWD A
VOLVO,XC60,VOLVO,XC60 INSCRPT EXP T6RCHRG AWD A
VOLVO,XC60,VOLVO,XC60 INSCRPT PRO B4 MHEV AWD A
VOLVO,XC60,VOLVO,XC60 INSCRPT PRO B5 MHEV AWD A
VOLVO,XC60,VOLVO,XC60 INSCRPT PRO T8 PHEV AWD A
VOLVO,XC60,VOLVO,XC60 MOMENTUM B4 AWD AUTO
VOLVO,XC60,VOLVO,XC60 MOMENTUM B4 MHEV AUTO
VOLVO,XC60,VOLVO,XC60 MOMENTUM B4 MHEV AWD AUTO
VOLVO,XC60,VOLVO,XC60 MOMENTUM B5 MHEV AUTO
VOLVO,XC60,VOLVO,XC60 MOMENTUM B5 MHEV AWD AUTO
VOLVO,XC60,VOLVO,XC60 MOMENTUM D4 AUTO
VOLVO,XC60,VOLVO,XC60 MOMENTUM PRO B4 AWD AUTO
VOLVO,XC60,VOLVO,XC60 MOMENTUM PRO B5 MHEV AUTO
VOLVO,XC60,VOLVO,XC60 MOMENTUM PRO B5MHEV AWD A
VOLVO,XC60,VOLVO,XC60 MOMENTUM PRO D4 AUTO
VOLVO,XC60,VOLVO,XC60 MOMENTUM PRO T5 AUTO
VOLVO,XC60,VOLVO,XC60 MOMENTUM T5 AUTO
VOLVO,XC60,VOLVO,XC60 P-STR ENGRD T8RCHRG AWD A
VOLVO,XC60,VOLVO,XC60 PSTAR ENGRD T8 PHEV AWD A
VOLVO,XC60,VOLVO,XC60 R-DESIGN B4 AWD AUTO
VOLVO,XC60,VOLVO,XC60 R-DESIGN B4 MHEV AUTO
VOLVO,XC60,VOLVO,XC60 R-DESIGN B4 MHEV AWD AUTO
VOLVO,XC60,VOLVO,XC60 R-DESIGN B5 AWD AUTO
VOLVO,XC60,VOLVO,XC60 R-DESIGN B5 MHEV AUTO
VOLVO,XC60,VOLVO,XC60 R-DESIGN B5 MHEV AWD AUTO
VOLVO,XC60,VOLVO,XC60 R-DESIGN B6 MHEV AWD AUTO
VOLVO,XC60,VOLVO,XC60 R-DESIGN D4 AUTO
VOLVO,XC60,VOLVO,XC60 R-DESIGN PRO B4 AWD AUTO
VOLVO,XC60,VOLVO,XC60 R-DESIGN PRO B4 MHEV AUTO
VOLVO,XC60,VOLVO,XC60 R-DESIGN PRO B5 AWD AUTO
VOLVO,XC60,VOLVO,XC60 R-DESIGN PRO B5 MHEV AUTO
VOLVO,XC60,VOLVO,XC60 R-DESIGN PRO B6MHEV AWD A
VOLVO,XC60,VOLVO,XC60 R-DESIGN PRO T5 AUTO
VOLVO,XC60,VOLVO,XC60 R-DESIGN PRO T6 AWD AUTO
VOLVO,XC60,VOLVO,XC60 R-DESIGN T5 AUTO
VOLVO,XC60,VOLVO,XC60 R-DESIGN T6 AWD AUTO
VOLVO,XC60,VOLVO,XC60 R-DESIGN T6 RCHARG AWD A
VOLVO,XC60,VOLVO,XC60 R-DESIGN T8 PHEV AWD AUTO
VOLVO,XC60,VOLVO,XC60 RDESGN PRO T8 RCHRG AWD A
VOLVO,XC60,VOLVO,XC60 RDESIGN PRO B4 MHEV AWD A
VOLVO,XC60,VOLVO,XC60 RDESIGN PRO B5 MHEV AWD A
VOLVO,XC60,VOLVO,XC60 RDESIGN PRO T8 PHEV AWD A
VOLVO,XC60,VOLVO,XC60 SE
VOLVO,XC60,VOLVO,XC60 T5
VOLVO,XC60,VOLVO,XC60 T8 HYBRID AWD
VOLVO,XC60,VOLVO,XC60 ULTIMATE B5 MHEV AWD AUTO
VOLVO,XC60,VOLVO,XC60 ULTIMTE T8 RECHARGE AWD A
VOLVO,XC60,VOLVO,XC60 ULTMT BLK ED B5MHEV AWD A
VOLVO,XC60,VOLVO,XC60 ULTRA BLK ED T8PHEV AWD A
VOLVO,XC60,VOLVO,XC60 ULTRA MHEV AWD AUTO
VOLVO,XC60,VOLVO,XC60 ULTRA T8 PHEV AWD AUTO
VOLKSWAGEN,CADDY,VOLKSWAGEN,CADDY
VOLKSWAGEN,CADDY,VOLKSWAGEN,CADDY C20 75 TDI
VOLKSWAGEN,CADDY,VOLKSWAGEN,CADDY C20 COMMERCE + TDI
VOLKSWAGEN,CADDY,VOLKSWAGEN,CADDY C20 COMMERCE + TDI S-A
VOLKSWAGEN,CADDY,VOLKSWAGEN,CADDY C20 COMMERCE + TSI
VOLKSWAGEN,CADDY,VOLKSWAGEN,CADDY C20 COMMERCE 4MOTION TDI
VOLKSWAGEN,CADDY,VOLKSWAGEN,CADDY C20 COMMERCE PRO 4M TDI
VOLKSWAGEN,CADDY,VOLKSWAGEN,CADDY C20 COMMERCE PRO TDI
VOLKSWAGEN,CADDY,VOLKSWAGEN,CADDY C20 COMMERCE PRO TDI S-A
VOLKSWAGEN,CADDY,VOLKSWAGEN,CADDY C20 COMMERCE PRO TSI S-A
VOLKSWAGEN,CADDY,VOLKSWAGEN,CADDY C20 COMMERCE TDI
VOLKSWAGEN,CADDY,VOLKSWAGEN,CADDY C20 COMMERCE TSI
VOLKSWAGEN,CADDY,VOLKSWAGEN,CADDY C20 LIFE TDI
VOLKSWAGEN,CADDY,VOLKSWAGEN,CADDY C20 LIFE TDI S-A
VOLKSWAGEN,CADDY,VOLKSWAGEN,CADDY C20 LIFE TSI S-A
VOLKSWAGEN,CADDY,VOLKSWAGEN,CADDY C20 TDI
VOLKSWAGEN,CADDY,VOLKSWAGEN,CADDY C20 TDI S-A
VOLKSWAGEN,CADDY,VOLKSWAGEN,CADDY C20 TSI
VOLKSWAGEN,CADDY,VOLKSWAGEN,CADDY CALIFORNIA C20 TDI S-A
VOLKSWAGEN,CADDY,VOLKSWAGEN,CADDY CALIFORNIA C20 TSI
VOLKSWAGEN,CADDY,VOLKSWAGEN,CADDY CALIFORNIA MAX C20TDI SA
VOLKSWAGEN,CADDY,VOLKSWAGEN,CADDY CALIFORNIA MAX C20TSI SA
VOLKSWAGEN,CADDY,VOLKSWAGEN,CADDY CALIFORNIA MAXI C20 TDI
VOLKSWAGEN,CADDY,VOLKSWAGEN,CADDY CALIFORNIA MAXI C20 TSI
VOLKSWAGEN,CADDY,VOLKSWAGEN,CADDY CREW
VOLKSWAGEN,CADDY,VOLKSWAGEN,CADDY CREW VAN
VOLKSWAGEN,CADDY,VOLKSWAGEN,CADDY MAX
VOLKSWAGEN,CADDY,VOLKSWAGEN,CADDY MAXI
VOLKSWAGEN,CADDY,VOLKSWAGEN,CADDY MAXI C20 COMM PRO 4M TDI
VOLKSWAGEN,CADDY,VOLKSWAGEN,CADDY MAXI C20 COMM PRO TDI
VOLKSWAGEN,CADDY,VOLKSWAGEN,CADDY MAXI C20 COMM PRO TDI SA
VOLKSWAGEN,CADDY,VOLKSWAGEN,CADDY MAXI C20 COMM PRO TSI SA
VOLKSWAGEN,CADDY,VOLKSWAGEN,CADDY MAXI C20 COMMERCE + TDI
VOLKSWAGEN,CADDY,VOLKSWAGEN,CADDY MAXI C20 COMMERCE TDI
VOLKSWAGEN,CADDY,VOLKSWAGEN,CADDY MAXI C20 COMMERCE TSI
VOLKSWAGEN,CADDY,VOLKSWAGEN,CADDY MAXI C20 COMMRCE+ TDI SA
VOLKSWAGEN,CADDY,VOLKSWAGEN,CADDY MAXI C20 LIFE TDI
VOLKSWAGEN,CADDY,VOLKSWAGEN,CADDY MAXI C20 LIFE TDI S-A
VOLKSWAGEN,CADDY,VOLKSWAGEN,CADDY MAXI C20 LIFE TSI S-A
VOLKSWAGEN,CADDY,VOLKSWAGEN,CADDY MAXI C20 TDI
VOLKSWAGEN,CADDY,VOLKSWAGEN,CADDY MAXI C20 TDI S-A
VOLKSWAGEN,CADDY,VOLKSWAGEN,CADDY MAXI C20 TSI
VOLKSWAGEN,CADDY,VOLKSWAGEN,CADDY MAXI LIFE
VOLKSWAGEN,CADDY,VOLKSWAGEN,CADDY PICKUP
VOLKSWAGEN,CADDY,VOLKSWAGEN,CADDY TDI
VOLKSWAGEN,CADDY,VOLKSWAGEN,CADDY VISTA TDI
TOYOTA,AYGO 5-DØRS,TOYOTA,AYGO
TOYOTA,AYGO 5-DØRS,TOYOTA,AYGO BLACK
TOYOTA,AYGO 5-DØRS,TOYOTA,AYGO BLUE
TOYOTA,AYGO 5-DØRS,TOYOTA,AYGO FIRE
TOYOTA,AYGO 5-DØRS,TOYOTA,AYGO GO!
TOYOTA,AYGO 5-DØRS,TOYOTA,AYGO ICE
TOYOTA,AYGO 5-DØRS,TOYOTA,AYGO JBL EDITION TSS VVT-I
TOYOTA,AYGO 5-DØRS,TOYOTA,AYGO JBL EDITION TSS VVT-I CVT
TOYOTA,AYGO 5-DØRS,TOYOTA,AYGO X
TOYOTA,AYGO 5-DØRS,TOYOTA,AYGO X AIR EDITION VVT-I
TOYOTA,AYGO 5-DØRS,TOYOTA,AYGO X AIR EDITION VVT-I AUTO
TOYOTA,AYGO 5-DØRS,TOYOTA,AYGO X EDGE VVT-I
TOYOTA,AYGO 5-DØRS,TOYOTA,AYGO X EDGE VVT-I AUTO
TOYOTA,AYGO 5-DØRS,TOYOTA,AYGO X EXCLUSIVE VVT-I
TOYOTA,AYGO 5-DØRS,TOYOTA,AYGO X EXCLUSIVE VVT-I AUTO
TOYOTA,AYGO 5-DØRS,TOYOTA,AYGO X LIMITED EDITION VVT-I
TOYOTA,AYGO 5-DØRS,TOYOTA,AYGO X LIMITED EDITION VVT-I A
TOYOTA,AYGO 5-DØRS,TOYOTA,AYGO X PURE VVT-I
TOYOTA,AYGO 5-DØRS,TOYOTA,AYGO X PURE VVT-I AUTO
TOYOTA,AYGO 5-DØRS,TOYOTA,AYGO X UNDERCOVER VVT-I
TOYOTA,AYGO 5-DØRS,TOYOTA,AYGO X UNDERCOVER VVT-I AUTO
TOYOTA,AYGO 5-DØRS,TOYOTA,AYGO X-CITE
TOYOTA,AYGO 5-DØRS,TOYOTA,AYGO X-CITE VVT-I CVT
TOYOTA,AYGO 5-DØRS,TOYOTA,AYGO X-CLUSIVE
TOYOTA,AYGO 5-DØRS,TOYOTA,AYGO X-TREND
MAZDA,3,MAZDA,3
MAZDA,3,MAZDA,3 100TH ANNIVERSARY ED MHEV
MAZDA,3,MAZDA,3 CENTRE-LINE MHEV
MAZDA,3,MAZDA,3 EXCLUSIVE-LINE MHEV AUTO
MAZDA,3,MAZDA,3 FASTBACK
MAZDA,3,MAZDA,3 FASTBACK SPORT NAV
MAZDA,3,MAZDA,3 GT SPORT EDITION MHEV
MAZDA,3,MAZDA,3 GT SPORT EDITION MHEV AUTO
MAZDA,3,MAZDA,3 GT SPORT TECH EDITION MHEV
MAZDA,3,MAZDA,3 GT SPORT TECH MHEV 4X4
MAZDA,3,MAZDA,3 GT SPORT TECH MHEV 4X4 AUTO
MAZDA,3,MAZDA,3 HOMURA MHEV AUTO
MAZDA,3,MAZDA,3 MHEV
MAZDA,3,MAZDA,3 NEO
MAZDA,3,MAZDA,3 PRIME-LINE MHEV
MAZDA,3,MAZDA,3 SPORT
MAZDA,3,MAZDA,3 SPORT MHEV
MAZDA,3,MAZDA,3 SPORT MHEV AUTO
MAZDA,3,MAZDA,3 SPORT NAV
MAZDA,3,MAZDA,3 TAKARA
MAZDA,3,MAZDA,3 TAKARA AUTO
MAZDA,3,MAZDA,3 TAKUMI MHEV
MAZDA,3,MAZDA,3 TAKUMI MHEV AUTO
MAZDA,3,MAZDA,3 TAKUYA
MAZDA,3,MAZDA,3 TAMURA
MAZDA,3,MAZDA,3 TS
MAZDA,3,MAZDA,3 TS2
MAZDA,3,MAZDA,3 VENTURE
SEAT,Arona,SEAT,ARONA
SEAT,Arona,SEAT,ARONA FR
SEAT,Arona,SEAT,ARONA FR ECOTSI
SEAT,Arona,SEAT,ARONA FR ECOTSI S-A
SEAT,Arona,SEAT,ARONA FR EDITION TSI
SEAT,Arona,SEAT,ARONA FR EDITION TSI S-A
SEAT,Arona,SEAT,ARONA FR LIMITD EDITION ECOTSI
SEAT,Arona,SEAT,ARONA FR RED EDITION ECOTSI
SEAT,Arona,SEAT,ARONA FR RED EDITION ECOTSI SA
SEAT,Arona,SEAT,ARONA FR RED EDITION TSI S-A
SEAT,Arona,SEAT,ARONA FR SPORT ECOTSI
SEAT,Arona,SEAT,ARONA FR SPORT ECOTSI S-A
SEAT,Arona,SEAT,ARONA SE ECOTSI S-A
SEAT,Arona,SEAT,ARONA SE EDITION TSI
SEAT,Arona,SEAT,ARONA SE EDITION TSI S-A
SEAT,Arona,SEAT,ARONA SE TECHNOLOGY ECOTSI
SEAT,Arona,SEAT,ARONA SE TECHNOLOGY ECOTSI S-A
SEAT,Arona,SEAT,ARONA XCELLENCE ECOTSI
SEAT,Arona,SEAT,ARONA XCELLENCE ECOTSI S-A
SEAT,Arona,SEAT,ARONA XCELLENCE LUX ECOTSI
SEAT,Arona,SEAT,ARONA XCELLENCE LUX ECOTSI S-A
SEAT,Arona,SEAT,ARONA XPERIENCE ECOTSI
SEAT,Arona,SEAT,ARONA XPERIENCE ECOTSI S-A
SEAT,Arona,SEAT,ARONA XPERIENCE LUX ECOTSI
SEAT,Arona,SEAT,ARONA XPERIENCE LUX ECOTSI S-A
AUDI,A6 AVANT,AUDI,A6
AUDI,A6 AVANT,AUDI,A6 2.0 TFSI MU
AUDI,A6 AVANT,AUDI,A6 2.8 QUATTRO AUTO
AUDI,A6 AVANT,AUDI,A6 2.8 QUATTRO AVANT
AUDI,A6 AVANT,AUDI,A6 40 TDI
AUDI,A6 AVANT,AUDI,A6 40 TDI S-LINE
AUDI,A6 AVANT,AUDI,A6 ALLROAD
AUDI,A6 AVANT,AUDI,A6 ALLROAD AVANT QUATTRO
AUDI,A6 AVANT,AUDI,A6 ALLROAD QUATTRO
AUDI,A6 AVANT,AUDI,A6 ALLROAD TDI QUATTRO
AUDI,A6 AVANT,AUDI,A6 AROAD SPORT 55TFSI MHEV Q A
AUDI,A6 AVANT,AUDI,A6 AROAD SPT 45TDI MHEV QUAT A
AUDI,A6 AVANT,AUDI,A6 AROAD SPT 50TDI MHEV QUAT A
AUDI,A6 AVANT,AUDI,A6 AROAD VOR 45TDI MHEV QUAT A
AUDI,A6 AVANT,AUDI,A6 AROAD VOR 50TDI MHEV QUAT A
AUDI,A6 AVANT,AUDI,A6 AROAD VOR 55TFSI MHEV QTO A
AUDI,A6 AVANT,AUDI,A6 AVANT
AUDI,A6 AVANT,AUDI,A6 AVANT QUATTRO
AUDI,A6 AVANT,AUDI,A6 AVANTE
AUDI,A6 AVANT,AUDI,A6 COMP 55 TFSI E QUAT SA
AUDI,A6 AVANT,AUDI,A6 COMP VSPRUNG 55TFSI E QT SA
AUDI,A6 AVANT,AUDI,A6 HYBRID
AUDI,A6 AVANT,AUDI,A6 S LINE 40 TDI MHEV QUAT S-A
AUDI,A6 AVANT,AUDI,A6 S LINE 40 TDI MHEV S-A
AUDI,A6 AVANT,AUDI,A6 S LINE 40 TDI QUATTRO S-A
AUDI,A6 AVANT,AUDI,A6 S LINE 40 TDI S-A
AUDI,A6 AVANT,AUDI,A6 S LINE 40 TFSI MHEV S-A
AUDI,A6 AVANT,AUDI,A6 S LINE 45 TFSI MHEV QUAT SA
AUDI,A6 AVANT,AUDI,A6 S LINE 50 TDI MHEV QUAT A
AUDI,A6 AVANT,AUDI,A6 S LINE 50 TFSI E QUATTRO SA
AUDI,A6 AVANT,AUDI,A6 S LINE BLACK ED 40 TDI SA
AUDI,A6 AVANT,AUDI,A6 S LINE TDI
AUDI,A6 AVANT,AUDI,A6 S LINE TDI AUTO
AUDI,A6 AVANT,AUDI,A6 S LINE TDI MHEV QUATTRO S-A
AUDI,A6 AVANT,AUDI,A6 S LINE VOR 40 TDI MHEV SA
AUDI,A6 AVANT,AUDI,A6 S LINE VOR 40 TFSI MHEV SA
AUDI,A6 AVANT,AUDI,A6 S LN BLCK ED 40 TDI MHEV SA
AUDI,A6 AVANT,AUDI,A6 S LN BLK ED 40 TFSI MHEV SA
AUDI,A6 AVANT,AUDI,A6 S LN BLK ED 40TDI MHEV Q SA
AUDI,A6 AVANT,AUDI,A6 S LN BLK ED 45 TFSI QUAT SA
AUDI,A6 AVANT,AUDI,A6 S LN BLK ED 50 TDI MHEV Q A
AUDI,A6 AVANT,AUDI,A6 S LN BLK ED45TFSI MHEV Q SA
AUDI,A6 AVANT,AUDI,A6 S LN V-SPRNG 50 TDI QUAT SA
AUDI,A6 AVANT,AUDI,A6 S LN VOR 40TDI MHEV QUAT SA
AUDI,A6 AVANT,AUDI,A6 S LN VOR 50 TDI MHEV QUAT A
AUDI,A6 AVANT,AUDI,A6 S LN VOR 55TFSI MHEV QTO SA
AUDI,A6 AVANT,AUDI,A6 S LNE BLK ED 40 TDI QUAT SA
AUDI,A6 AVANT,AUDI,A6 S LNE BLK ED 50 TDI QUAT SA
AUDI,A6 AVANT,AUDI,A6 S-LINE TDI
AUDI,A6 AVANT,AUDI,A6 S-LINE TDI QUATTRO
AUDI,A6 AVANT,AUDI,A6 S-LINE TDI ULTRA
AUDI,A6 AVANT,AUDI,A6 S-LN VOR 50 TFSI E QUAT SA
AUDI,A6 AVANT,AUDI,A6 S6
AUDI,A6 AVANT,AUDI,A6 SLINE BLACK ED TDI ULTRA SA
AUDI,A6 AVANT,AUDI,A6 SLN BLK ED 50TFSI E QUAT SA
AUDI,A6 AVANT,AUDI,A6 SLN BLK ED 55TFSI MHEV Q SA
AUDI,A6 AVANT,AUDI,A6 SLN VOR 45TFSI MHEV QUAT SA
AUDI,A6 AVANT,AUDI,A6 SPORT 40 TDI MHEV QUAT S-A
AUDI,A6 AVANT,AUDI,A6 SPORT 40 TDI MHEV S-A
AUDI,A6 AVANT,AUDI,A6 SPORT 40 TFSI MHEV S-A
AUDI,A6 AVANT,AUDI,A6 SPORT 45 TFSI MHEV QUAT SA
AUDI,A6 AVANT,AUDI,A6 SPORT 50 TDI MHEV QUATTRO A
AUDI,A6 AVANT,AUDI,A6 SPORT 50 TFSI E QUATTRO S-A
AUDI,A6 AVANT,AUDI,A6 TDI
AUDI,A6 AVANT,AUDI,A6 TDI QUATTRO
AUDI,A6 AVANT,AUDI,A6 TDI S-LINE
AUDI,A6 AVANT,AUDI,A6 TDI ULTRA
AUDI,A6 AVANT,AUDI,A6 ULTRA
CITROËN,C3 Aircross,CITROEN,C3 AIRCROSS
CITROËN,C3 Aircross,CITROEN,C3 AIRCROSS C-SERIES PTECH S/S
CITROËN,C3 Aircross,CITROEN,C3 AIRCROSS CSERIES ED PTCH SS
CITROËN,C3 Aircross,CITROEN,C3 AIRCROSS MAX PURETECH S/S
CITROËN,C3 Aircross,CITROEN,C3 AIRCROSS MAX PURETECH S/S A
CITROËN,C3 Aircross,CITROEN,C3 AIRCROSS ORIGINS P-TECH S/S
CITROËN,C3 Aircross,CITROEN,C3 AIRCROSS PLUS PURETECH SS A
CITROËN,C3 Aircross,CITROEN,C3 AIRCROSS RIP CURL P-TECH SS
CITROËN,C3 Aircross,CITROEN,C3 AIRCROSS RIP CURL PTEC SS A
CITROËN,C3 Aircross,CITROEN,C3 AIRCROSS SHINE + BHDI S/S
CITROËN,C3 Aircross,CITROEN,C3 AIRCROSS SHINE + P-TECH S/S
CITROËN,C3 Aircross,CITROEN,C3 AIRCROSS SHINE + PTCH S/S A
CITROËN,C3 Aircross,CITROEN,C3 AIRCROSS SHINE BLUEHDI S/S
CITROËN,C3 Aircross,CITROEN,C3 AIRCROSS SHINE PTCH S/S A
CITROËN,C3 Aircross,CITROEN,C3 AIRCROSS SHINE PURETECH S/S
CITROËN,C3 Aircross,CITROEN,C3 AIRCROSS SPORTIF
CITROËN,C3 Aircross,CITROEN,C3 AIRCROSS YOU PURETECH S/S
CITROËN,C5 Aircross,CITROEN,C5 AIRCROSS
CITROËN,C5 Aircross,CITROEN,C5 AIRCROSS + BLUEHDI S/S AUTO
CITROËN,C5 Aircross,CITROEN,C5 AIRCROSS BLACK ED PHEV AUTO
CITROËN,C5 Aircross,CITROEN,C5 AIRCROSS C-SERIES ED PHEV A
CITROËN,C5 Aircross,CITROEN,C5 AIRCROSS C-SERIES ED PTC SS
CITROËN,C5 Aircross,CITROEN,C5 AIRCROSS C-SERIES PTECH S/S
CITROËN,C5 Aircross,CITROEN,C5 AIRCROSS CSERIES ED BHDI SS
CITROËN,C5 Aircross,CITROEN,C5 AIRCROSS CSERIES ED PTC SSA
CITROËN,C5 Aircross,CITROEN,C5 AIRCROSS E-SERIES PHEV AUTO
CITROËN,C5 Aircross,CITROEN,C5 AIRCROSS ESERIES PTC MHEV A
CITROËN,C5 Aircross,CITROEN,C5 AIRCROSS FLAIR PHEV AUTO
CITROËN,C5 Aircross,CITROEN,C5 AIRCROSS MAX BLUEHDI S/S A
CITROËN,C5 Aircross,CITROEN,C5 AIRCROSS MAX ED BHDI S/S A
CITROËN,C5 Aircross,CITROEN,C5 AIRCROSS MAX PURETECH S/S
CITROËN,C5 Aircross,CITROEN,C5 AIRCROSS SENSE + B-HDI SS A
CITROËN,C5 Aircross,CITROEN,C5 AIRCROSS SENSE + BLUEHDI SS
CITROËN,C5 Aircross,CITROEN,C5 AIRCROSS SENSE + P-TECH S/S
CITROËN,C5 Aircross,CITROEN,C5 AIRCROSS SENSE + PTECH SS A
CITROËN,C5 Aircross,CITROEN,C5 AIRCROSS SENSE BLUEHDI S/S
CITROËN,C5 Aircross,CITROEN,C5 AIRCROSS SENSE BLUEHDI SS A
CITROËN,C5 Aircross,CITROEN,C5 AIRCROSS SENSE PURETECH S/S
CITROËN,C5 Aircross,CITROEN,C5 AIRCROSS SHINE + B-HDI SS A
CITROËN,C5 Aircross,CITROEN,C5 AIRCROSS SHINE + BLUEHDI SS
CITROËN,C5 Aircross,CITROEN,C5 AIRCROSS SHINE + P-TECH S/S
CITROËN,C5 Aircross,CITROEN,C5 AIRCROSS SHINE + PHEV AUTO
CITROËN,C5 Aircross,CITROEN,C5 AIRCROSS SHINE + PTECH SS A
CITROËN,C5 Aircross,CITROEN,C5 AIRCROSS SHINE BLUEHDI
CITROËN,C5 Aircross,CITROEN,C5 AIRCROSS SHINE BLUEHDI S/S
CITROËN,C5 Aircross,CITROEN,C5 AIRCROSS SHINE BLUEHDI SS A
CITROËN,C5 Aircross,CITROEN,C5 AIRCROSS SHINE PHEV AUTO
CITROËN,C5 Aircross,CITROEN,C5 AIRCROSS SHINE PTECH MHEV A
CITROËN,C5 Aircross,CITROEN,C5 AIRCROSS SHINE PTECH S/S A
CITROËN,C5 Aircross,CITROEN,C5 AIRCROSS SHINE PURETECH S/S
AUDI,Q5,AUDI,Q5
AUDI,Q5,AUDI,Q5 45 TFSI QUATTRO
AUDI,Q5,AUDI,Q5 COMP 55 TFSI E QUATTRO S-A
AUDI,Q5,AUDI,Q5 COMP VOR 55 TFSI E QUAT S-A
AUDI,Q5,AUDI,Q5 QUATTRO
AUDI,Q5,AUDI,Q5 S LINE
AUDI,Q5,AUDI,Q5 S LINE + TFSI QUATTRO
AUDI,Q5,AUDI,Q5 S LINE 40 TDI MHEV QUAT S-A
AUDI,Q5,AUDI,Q5 S LINE 45 TFSI MHEV QUAT SA
AUDI,Q5,AUDI,Q5 S LINE 50 TFSI E QUATTRO SA
AUDI,Q5,AUDI,Q5 S LINE BLK ED40 TDI QUAT SA
AUDI,Q5,AUDI,Q5 S LN BLK ED 40TDI MHEV Q SA
AUDI,Q5,AUDI,Q5 S LN COMP 55 TFSI E QUAT SA
AUDI,Q5,AUDI,Q5 S LN ED 1 50 TFSI E QUAT SA
AUDI,Q5,AUDI,Q5 S LN ED1 40TDI MHEV QUAT SA
AUDI,Q5,AUDI,Q5 S LN VOR 40TDI MHEV QUAT SA
AUDI,Q5,AUDI,Q5 S LNE VOR 50 TFSI E QUAT SA
AUDI,Q5,AUDI,Q5 S-LINE 40 TDI QUATTRO
AUDI,Q5,AUDI,Q5 S-LINE QUATTRO TDI
AUDI,Q5,AUDI,Q5 S-LINE TDI QUATTRO
AUDI,Q5,AUDI,Q5 SLN BLK ED 45TFSI MHEV Q SA
AUDI,Q5,AUDI,Q5 SLN BLK ED 50TFSI E QUAT SA
AUDI,Q5,AUDI,Q5 SLN ED1 45TFSI MHEV QUAT SA
AUDI,Q5,AUDI,Q5 SLN VOR 45TFSI MHEV QUAT SA
AUDI,Q5,AUDI,Q5 SPORT 40 TDI MHEV QUAT S-A
AUDI,Q5,AUDI,Q5 SPORT 45 TFSI MHEV QUAT S-A
AUDI,Q5,AUDI,Q5 SPORT 50 TFSI E QUATTRO S-A
AUDI,Q5,AUDI,Q5 TDI QUATTRO
AUDI,Q5,AUDI,Q5 TFSI QUATTRO
AUDI,Q5,AUDI,Q5 TFSI S-LINE QUATTRO
AUDI,Q5,AUDI,Q5 VOR 45 TFSI MHEV QUAT S-A
AUDI,Q5,AUDI,Q5 VOR COMP 55 TFSI E QUAT S-A
TOYOTA,RAV4 Plug in,TOYOTA,RAV4
TOYOTA,RAV4 Plug in,TOYOTA,RAV4 ADVENTURE HEV CVT
TOYOTA,RAV4 Plug in,TOYOTA,RAV4 BLACK EDITION HEV 4X2 CVT
TOYOTA,RAV4 Plug in,TOYOTA,RAV4 BLACK EDITION HEV CVT
TOYOTA,RAV4 Plug in,TOYOTA,RAV4 DESIGN HEV
TOYOTA,RAV4 Plug in,TOYOTA,RAV4 DESIGN HEV AWD
TOYOTA,RAV4 Plug in,TOYOTA,RAV4 DESIGN HEV CVT
TOYOTA,RAV4 Plug in,TOYOTA,RAV4 DESIGN PHEV AUTO
TOYOTA,RAV4 Plug in,TOYOTA,RAV4 DYNAMIC HEV
TOYOTA,RAV4 Plug in,TOYOTA,RAV4 DYNAMIC HEV 4X2 CVT
TOYOTA,RAV4 Plug in,TOYOTA,RAV4 DYNAMIC HEV CVT
TOYOTA,RAV4 Plug in,TOYOTA,RAV4 DYNAMIC HEV CVT AWD
TOYOTA,RAV4 Plug in,TOYOTA,RAV4 DYNAMIC PHEV AUTO
TOYOTA,RAV4 Plug in,TOYOTA,RAV4 DYNAMIC PREMIUM PHEV AUTO
TOYOTA,RAV4 Plug in,TOYOTA,RAV4 EXCEL HEV
TOYOTA,RAV4 Plug in,TOYOTA,RAV4 EXCEL HEV AWD
TOYOTA,RAV4 Plug in,TOYOTA,RAV4 GR SPORT HEV CVT
TOYOTA,RAV4 Plug in,TOYOTA,RAV4 GR SPORT PHEV AUTO
TOYOTA,RAV4 Plug in,TOYOTA,RAV4 HYBRID TRD EDITION AUTO
TOYOTA,RAV4 Plug in,TOYOTA,RAV4 ICON HEV
TOYOTA,RAV4 Plug in,TOYOTA,RAV4 SR D-CAT
TOYOTA,RAV4 Plug in,TOYOTA,RAV4 VX
SKODA,KAROQ,SKODA,KAROQ
SKODA,KAROQ,SKODA,KAROQ -SE TSI 11
SKODA,KAROQ,SKODA,KAROQ 4X4
SKODA,KAROQ,SKODA,KAROQ EDITION TDI SCR
SKODA,KAROQ,SKODA,KAROQ SE DRIVE TDI
SKODA,KAROQ,SKODA,KAROQ SE DRIVE TDI S-A
SKODA,KAROQ,SKODA,KAROQ SE DRIVE TDI SCR
SKODA,KAROQ,SKODA,KAROQ SE DRIVE TDI SCR S-A
SKODA,KAROQ,SKODA,KAROQ SE DRIVE TSI
SKODA,KAROQ,SKODA,KAROQ SE DRIVE TSI S-A
SKODA,KAROQ,SKODA,KAROQ SE EDITION TSI S-A
SKODA,KAROQ,SKODA,KAROQ SE L EDITION TSI
SKODA,KAROQ,SKODA,KAROQ SE L EDITION TSI S-A
SKODA,KAROQ,SKODA,KAROQ SE L TDI SCR S-A
SKODA,KAROQ,SKODA,KAROQ SE TDI SCR S-A
SKODA,KAROQ,SKODA,KAROQ SE TECHNOLOGY TDI SCR SA
SKODA,KAROQ,SKODA,KAROQ SPORTLINE ED TSI 4X4 S-A
SKODA,KAROQ,SKODA,KAROQ SPORTLINE ED TSI S-A
SKODA,KAROQ,SKODA,KAROQ SPORTLINE EDITION TSI
SKODA,KAROQ,SKODA,KAROQ SPORTLINE TDI SCR
SKODA,KAROQ,SKODA,KAROQ SPORTLINE TSI
SKODA,KAROQ,SKODA,KAROQ SPORTLINE TSI S-A
SKODA,KAROQ,SKODA,KAROQ SPORTLNE TDI SCR 4X4 SA
SKODA,KAROQ,SKODA,KAROQ TDI
SKODA,KAROQ,SKODA,KAROQ TSI
MAZDA,2,MAZDA,2
MAZDA,2,MAZDA,2  TS
MAZDA,2,MAZDA,2  TS2
MAZDA,2,MAZDA,2 100TH ANNIVERSARY ED MHEV
MAZDA,2,MAZDA,2 ANTARES
MAZDA,2,MAZDA,2 CENTRE-LINE
MAZDA,2,MAZDA,2 DOOR
MAZDA,2,MAZDA,2 DOOR SALLON
MAZDA,2,MAZDA,2 EXCLUSIVE-LINE AUTO
MAZDA,2,MAZDA,2 GT SPORT AUTO
MAZDA,2,MAZDA,2 GT SPORT MHEV
MAZDA,2,MAZDA,2 GT SPORT NAV MHEV
MAZDA,2,MAZDA,2 GT SPORT TECH MHEV
MAZDA,2,MAZDA,2 HOMURA AKA AUTO
MAZDA,2,MAZDA,2 HOMURA AKA MHEV
MAZDA,2,MAZDA,2 HOMURA MHEV
MAZDA,2,MAZDA,2 SE-L
MAZDA,2,MAZDA,2 SE-L MHEV
MAZDA,2,MAZDA,2 SE-L NAV MHEV
MAZDA,2,MAZDA,2 SPORT
MAZDA,2,MAZDA,2 SPORT AUTO
MAZDA,2,MAZDA,2 SPORT MHEV
MAZDA,2,MAZDA,2 SPORT NAV
MAZDA,2,MAZDA,2 SPORT NAV AUTO
MAZDA,2,MAZDA,2 SPORT NAV MHEV
MAZDA,2,MAZDA,2 SPORT VENTURE EDITION
MAZDA,2,MAZDA,2 TAMURA
MAZDA,2,MAZDA,2 TS
MAZDA,2,MAZDA,2 TS2
MAZDA,2,MAZDA,2 VENTURE EDITION
SKODA,RAPID,SKODA,RAPID
SKODA,RAPID,SKODA,RAPID FASTBACK
SKODA,RAPID,SKODA,RAPID SPACEBACK
SKODA,RAPID,SKODA,RAPID TDI
SKODA,RAPID,SKODA,RAPID TSI
TOYOTA,Aygo X,TOYOTA,AYGO X
TOYOTA,Aygo X,TOYOTA,AYGO X AIR EDITION VVT-I
TOYOTA,Aygo X,TOYOTA,AYGO X AIR EDITION VVT-I AUTO
TOYOTA,Aygo X,TOYOTA,AYGO X EDGE VVT-I
TOYOTA,Aygo X,TOYOTA,AYGO X EDGE VVT-I AUTO
TOYOTA,Aygo X,TOYOTA,AYGO X EXCLUSIVE VVT-I
TOYOTA,Aygo X,TOYOTA,AYGO X EXCLUSIVE VVT-I AUTO
TOYOTA,Aygo X,TOYOTA,AYGO X LIMITED EDITION VVT-I
TOYOTA,Aygo X,TOYOTA,AYGO X LIMITED EDITION VVT-I A
TOYOTA,Aygo X,TOYOTA,AYGO X PURE VVT-I
TOYOTA,Aygo X,TOYOTA,AYGO X PURE VVT-I AUTO
TOYOTA,Aygo X,TOYOTA,AYGO X UNDERCOVER VVT-I
TOYOTA,Aygo X,TOYOTA,AYGO X UNDERCOVER VVT-I AUTO
TOYOTA,Aygo X,TOYOTA,AYGO X-CITE
TOYOTA,Aygo X,TOYOTA,AYGO X-CITE VVT-I CVT
TOYOTA,Aygo X,TOYOTA,AYGO X-CLUSIVE
TOYOTA,Aygo X,TOYOTA,AYGO X-TREND
BMW,X1,BMW,X1
BMW,X1,BMW,X1 M SPORT AUTO
BMW,X1,BMW,X1 S DRIVE
BMW,X1,BMW,X1 S DRIVE 20I AUTO
BMW,X1,BMW,X1 S-DRIVE
BMW,X1,BMW,X1 SDRIVE 18D
BMW,X1,BMW,X1 SDRIVE 18D M SPORT MHEV A
BMW,X1,BMW,X1 SDRIVE 18D SPORT MHEV AUTO
BMW,X1,BMW,X1 SDRIVE 18D SPRT PREM MHEV A
BMW,X1,BMW,X1 SDRIVE 18D XLINE MHEV AUTO
BMW,X1,BMW,X1 SDRIVE 18I
BMW,X1,BMW,X1 SDRIVE 18I AUTO
BMW,X1,BMW,X1 SDRIVE 18I X LINE AUTO
BMW,X1,BMW,X1 SDRIVE 20I AUTO
BMW,X1,BMW,X1 SDRIVE 20I M SPORT MHEV A
BMW,X1,BMW,X1 SDRIVE 20I SPORT MHEV AUTO
BMW,X1,BMW,X1 SDRIVE 20I XLINE MHEV AUTO
BMW,X1,BMW,X1 SDRIVE I18I X LINE AUTO
BMW,X1,BMW,X1 SDRV 18D XLN PRM PRO MHEV A
BMW,X1,BMW,X1 SDRV18D MSPT PRM PRO MHEV A
BMW,X1,BMW,X1 SDRVE 18D M SPT PREM MHEV A
BMW,X1,BMW,X1 SDRVE 18D XLINE PREM MHEV A
BMW,X1,BMW,X1 X-DRIVE
BMW,X1,BMW,X1 XDRIVE
BMW,X1,BMW,X1 XDRIVE 16D AUTO
BMW,X1,BMW,X1 XDRIVE 20I SPORT
BMW,X1,BMW,X1 XDRIVE 20I SPORT AUTO
BMW,X1,BMW,X1 XDRIVE 23D M SPORT MHEV A
BMW,X1,BMW,X1 XDRIVE 23D XLINE MHEV AUTO
BMW,X1,BMW,X1 XDRIVE 23I M SPORT MHEV A
BMW,X1,BMW,X1 XDRIVE 23I XLINE MHEV AUTO
BMW,X1,BMW,X1 XDRIVE25E M SPORT AUTO
BMW,X1,BMW,X1 XDRIVE25E SPORT AUTO
BMW,X1,BMW,X1 XDRIVE25E XLINE AUTO
BMW,X1,BMW,X1 XDRIVE30E M SPORT AUTO
BMW,X1,BMW,X1 XDRIVE30E XLINE AUTO
BMW,X1,BMW,X1 XDRV 23D XLN PRM PRO MHEV A
BMW,X1,BMW,X1 XDRV 23I XLN PRM PRO MHEV A
BMW,X1,BMW,X1 XDRV23D MSPT PRM PRO MHEV A
BMW,X1,BMW,X1 XDRV23I MSPT PRM PRO MHEV A
BMW,X1,BMW,X1 XDRVE 23D M SPT PREM MHEV A
BMW,X1,BMW,X1 XDRVE 23D XLINE PREM MHEV A
BMW,X1,BMW,X1 XDRVE 23I M SPT PREM MHEV A
BMW,X1,BMW,X1 XDRVE 23I XLINE PREM MHEV A
BMW,X1,BMW,X1-XDRIVE20D M SPO F48
VOLVO,V40,VOLVO,V40
VOLVO,V40,VOLVO,V40  D2
VOLVO,V40,VOLVO,V40 CROSS COUNTRY T4
VOLVO,V40,VOLVO,V40 CROSS COUNTRY T5 PRO AUTO AWD
VOLVO,V40,VOLVO,V40 D2
VOLVO,V40,VOLVO,V40 D2 R
VOLVO,V40,VOLVO,V40 D3
VOLVO,V40,VOLVO,V40 D4
VOLVO,V40,VOLVO,V40 SE LUX
VOLVO,V40,VOLVO,V40 T2
VOLVO,V40,VOLVO,V40 T3
VOLVO,V40,VOLVO,V40 T3 SE LUX
VOLVO,V40,VOLVO,V40 T4
VOLVO,V40,VOLVO,V40 T4 AUTO
TOYOTA,AVENSIS STW,TOYOTA,AVENSIS
TOYOTA,AVENSIS STW,TOYOTA,AVENSIS  VERSO
TOYOTA,AVENSIS STW,TOYOTA,AVENSIS D<4D T2
TOYOTA,AVENSIS STW,TOYOTA,AVENSIS D<4D TR
TOYOTA,AVENSIS STW,TOYOTA,AVENSIS GS
TOYOTA,AVENSIS STW,TOYOTA,AVENSIS SI
TOYOTA,AVENSIS STW,TOYOTA,AVENSIS T3-S
TOYOTA,AVENSIS STW,TOYOTA,AVENSIS TR
TOYOTA,AVENSIS STW,TOYOTA,AVENSIS WAGON
NISSAN,JUKE,NISSAN,JUKE
NISSAN,JUKE,NISSAN,JUKE ACENTA DIG-T
NISSAN,JUKE,NISSAN,JUKE ACENTA DIG-T S-A
NISSAN,JUKE,NISSAN,JUKE ACENTA PREMIUM DIG-T
NISSAN,JUKE,NISSAN,JUKE ACENTA SPORT
NISSAN,JUKE,NISSAN,JUKE DCI
NISSAN,JUKE,NISSAN,JUKE DIG-T
NISSAN,JUKE,NISSAN,JUKE ENIGMA DIG-T
NISSAN,JUKE,NISSAN,JUKE ENIGMA DIG-T S-A
NISSAN,JUKE,NISSAN,JUKE KIIRO DIG-T
NISSAN,JUKE,NISSAN,JUKE KIIRO DIG-T S-A
NISSAN,JUKE,NISSAN,JUKE N-CONNECTA DIG-T
NISSAN,JUKE,NISSAN,JUKE N-CONNECTA DIG-T S-A
NISSAN,JUKE,NISSAN,JUKE N-CONNECTA HEV CVT
NISSAN,JUKE,NISSAN,JUKE N-SPORT DIG-T S-A
NISSAN,JUKE,NISSAN,JUKE NISMO RS
NISSAN,JUKE,NISSAN,JUKE PREMIERE EDITION DIG-T
NISSAN,JUKE,NISSAN,JUKE PREMIERE EDITION DIG-T SA
NISSAN,JUKE,NISSAN,JUKE PREMIERE EDITION HEV CVT
NISSAN,JUKE,NISSAN,JUKE TEKNA + DIG-T
NISSAN,JUKE,NISSAN,JUKE TEKNA + DIG-T S-A
NISSAN,JUKE,NISSAN,JUKE TEKNA + HEV CVT
NISSAN,JUKE,NISSAN,JUKE TEKNA DIG-T
NISSAN,JUKE,NISSAN,JUKE TEKNA DIG-T S-A
NISSAN,JUKE,NISSAN,JUKE TEKNA HEV CVT
NISSAN,JUKE,NISSAN,JUKE VISIA DIG-T
OPEL,Grandland X,VAUXHALL,GRANDLAND X
OPEL,Grandland X,VAUXHALL,GRANDLAND X B-NESS ED NV T D A
OPEL,Grandland X,VAUXHALL,GRANDLAND X BNESS ED NAV HYB A
OPEL,Grandland X,VAUXHALL,GRANDLAND X BNESS ED NV HYB4 A
OPEL,Grandland X,VAUXHALL,GRANDLAND X BUSINESS ED NAV T
OPEL,Grandland X,VAUXHALL,GRANDLAND X BUSINSS ED NAV T A
OPEL,Grandland X,VAUXHALL,GRANDLAND X BUSINSS ED NAV T D
OPEL,Grandland X,VAUXHALL,GRANDLAND X ELITE NAV HYB4 A
OPEL,Grandland X,VAUXHALL,GRANDLAND X ELITE NAV HYBRID A
OPEL,Grandland X,VAUXHALL,GRANDLAND X ELITE NAV PREM T
OPEL,Grandland X,VAUXHALL,GRANDLAND X ELITE NAV PREM T A
OPEL,Grandland X,VAUXHALL,GRANDLAND X ELITE NAV PREM TD
OPEL,Grandland X,VAUXHALL,GRANDLAND X ELITE NAV T D A
OPEL,Grandland X,VAUXHALL,GRANDLAND X ELITE NAV TURBO
OPEL,Grandland X,VAUXHALL,GRANDLAND X ELITE NAV TURBO A
OPEL,Grandland X,VAUXHALL,GRANDLAND X ELITE NAV TURBO D
OPEL,Grandland X,VAUXHALL,GRANDLAND X ELITE NV PREM TD A
OPEL,Grandland X,VAUXHALL,GRANDLAND X GRIFFIN ED T A
OPEL,Grandland X,VAUXHALL,GRANDLAND X GRIFFIN ED T D
OPEL,Grandland X,VAUXHALL,GRANDLAND X GRIFFIN ED T D A
OPEL,Grandland X,VAUXHALL,GRANDLAND X GRIFFIN EDITION T
OPEL,Grandland X,VAUXHALL,GRANDLAND X GRIFFIN TURBO
OPEL,Grandland X,VAUXHALL,GRANDLAND X GRIFFIN TURBO AUTO
OPEL,Grandland X,VAUXHALL,GRANDLAND X GRIFFIN TURBO D
OPEL,Grandland X,VAUXHALL,GRANDLAND X GRIFFIN TURBO D A
OPEL,Grandland X,VAUXHALL,GRANDLAND X SE NAV HYBRID AUTO
OPEL,Grandland X,VAUXHALL,GRANDLAND X SE PREMIUM TD AUTO
OPEL,Grandland X,VAUXHALL,GRANDLAND X SE PREMIUM TURBO
OPEL,Grandland X,VAUXHALL,GRANDLAND X SE PREMIUM TURBO A
OPEL,Grandland X,VAUXHALL,GRANDLAND X SE PREMIUM TURBO D
OPEL,Grandland X,VAUXHALL,GRANDLAND X SE TURBO
OPEL,Grandland X,VAUXHALL,GRANDLAND X SE TURBO AUTO
OPEL,Grandland X,VAUXHALL,GRANDLAND X SE TURBO D
OPEL,Grandland X,VAUXHALL,GRANDLAND X SE TURBO D AUTO
OPEL,Grandland X,VAUXHALL,GRANDLAND X SRI NAV HYBRID A
OPEL,Grandland X,VAUXHALL,GRANDLAND X SRI NAV HYBRID4 A
OPEL,Grandland X,VAUXHALL,GRANDLAND X SRI NAV TURBO
OPEL,Grandland X,VAUXHALL,GRANDLAND X SRI NAV TURBO A
OPEL,Grandland X,VAUXHALL,GRANDLAND X SRI NAV TURBO D
OPEL,Grandland X,VAUXHALL,GRANDLAND X SRI NAV TURBO D A
OPEL,Grandland X,VAUXHALL,GRANDLAND X TURBO
OPEL,Grandland X,VAUXHALL,GRANDLAND X TURBO D
OPEL,Grandland X,VAUXHALL,GRANDLAND X ULTIMATE TURBO
OPEL,Grandland X,VAUXHALL,GRANDLAND X ULTIMATE TURBO A
OPEL,Grandland X,VAUXHALL,GRANDLAND X ULTIMATE TURBO D
OPEL,Grandland X,VAUXHALL,GRANDLAND X ULTIMATE TURBO D A
OPEL,Grandland X,VAUXHALL,GRANDLAND X ULTIMTE NAV HYB4 A
AUDI,Q2,AUDI,Q2
AUDI,Q2,AUDI,Q2 30 TFSI
AUDI,Q2,AUDI,Q2 30 TFSI S-LINE
AUDI,Q2,AUDI,Q2 35 TFSI
AUDI,Q2,AUDI,Q2 35 TFSI S-LINE
AUDI,Q2,AUDI,Q2 BLACK ED 35 TDI QUATTRO SA
AUDI,Q2,AUDI,Q2 BLACK EDITION 30 TFSI
AUDI,Q2,AUDI,Q2 S LINE VORSPRUNG 35 TFSI
AUDI,Q2,AUDI,Q2 S LINE VORSPRUNG 35 TFSI SA
AUDI,Q2,AUDI,Q2 S-LINE TFSI
AUDI,Q2,AUDI,Q2 S-LN VSPRUNG35 TDI QUAT S-A
AUDI,Q2,AUDI,Q2 S-LN VSPRUNG40 TFSI QUAT SA
AUDI,Q2,AUDI,Q2 TECHNIK 30 TDI
AUDI,Q2,AUDI,Q2 TECHNIK 30 TDI S-A
AUDI,Q2,AUDI,Q2 TECHNIK 30 TFSI
AUDI,Q2,AUDI,Q2 TECHNIK 35 TFSI
AUDI,Q2,AUDI,Q2 TECHNIK 35 TFSI S-A
AUDI,Q2,AUDI,Q2 TFSI
AUDI,Q2,AUDI,Q2 TFSI S-LINE
KIA,CEE'D SW,KIA,C'EED
KIA,CEE'D SW,KIA,CEE'D
KIA,CEE'D SW,KIA,CEE'D 2
KIA,CEE'D SW,KIA,CEED
KIA,CEE'D SW,KIA,CEED 1
KIA,CEE'D SW,KIA,CEED 1 ECODYNAMICS CRDI
KIA,CEE'D SW,KIA,CEED 1 ISG
KIA,CEE'D SW,KIA,CEED 2
KIA,CEE'D SW,KIA,CEED 2 CRDI
KIA,CEE'D SW,KIA,CEED 2 CRDI ISG MHEV
KIA,CEE'D SW,KIA,CEED 2 NAV CRDI ISG
KIA,CEE'D SW,KIA,CEED 2 NAV CRDI ISG MHEV
KIA,CEE'D SW,KIA,CEED 2 NAV ISG
KIA,CEE'D SW,KIA,CEED 3
KIA,CEE'D SW,KIA,CEED 3  CRDI
KIA,CEE'D SW,KIA,CEED 3 CRDI
KIA,CEE'D SW,KIA,CEED 3 CRDI ISG MHEV
KIA,CEE'D SW,KIA,CEED 3 CRDI ISG MHEV S-A
KIA,CEE'D SW,KIA,CEED 3 CRDI MHEV S-A
KIA,CEE'D SW,KIA,CEED 3 PHEV S-A
KIA,CEE'D SW,KIA,CEED 3 S-A
KIA,CEE'D SW,KIA,CEED CRDI
KIA,CEE'D SW,KIA,CEED CRDI 16V
KIA,CEE'D SW,KIA,CEED GS
KIA,CEE'D SW,KIA,CEED GT
KIA,CEE'D SW,KIA,CEED GT ISG
KIA,CEE'D SW,KIA,CEED GT ISG S-A
KIA,CEE'D SW,KIA,CEED GT-LINE
KIA,CEE'D SW,KIA,CEED GT-LINE CRDI
KIA,CEE'D SW,KIA,CEED GT-LINE CRDI ISG
KIA,CEE'D SW,KIA,CEED GT-LINE CRDI ISG MHEV
KIA,CEE'D SW,KIA,CEED GT-LINE CRDI ISG MHEV S-A
KIA,CEE'D SW,KIA,CEED GT-LINE CRDI ISG S-A
KIA,CEE'D SW,KIA,CEED GT-LINE CRDI MHEV S-A
KIA,CEE'D SW,KIA,CEED GT-LINE ISG
KIA,CEE'D SW,KIA,CEED GT-LINE ISG S-A
KIA,CEE'D SW,KIA,CEED GT-LINE LUNAR ED ISG SA
KIA,CEE'D SW,KIA,CEED GT-LINE LUNAR EDITION ISG
KIA,CEE'D SW,KIA,CEED GT-LINE S
KIA,CEE'D SW,KIA,CEED GT-LINE S ISG S-A
KIA,CEE'D SW,KIA,CEED GT-LINE S S-A
KIA,CEE'D SW,KIA,CEED GT-LINE S-A
KIA,CEE'D SW,KIA,CEED LS
KIA,CEE'D SW,KIA,CEED LS CRDI-16V
KIA,CEE'D SW,KIA,CEED S
KIA,CEE'D SW,KIA,CEED SR-7
KIA,CEE'D SW,KIA,CEED STRIKE
KIA,CEE'D SW,KIA,CEED SW-7 CRDI
KIA,CEE'D SW,KIA,CEED SW-7 ESTATE
KIA,CEE'D SW,KIA,CEED VR-7
KIA,CEE'D SW,KIA,CEED VR7
KIA,CEE'D SW,KIA,CEE`D
OPEL,MERIVA,VAUXHALL,MERIVA
OPEL,MERIVA,VAUXHALL,MERIVA BREEZE
OPEL,MERIVA,VAUXHALL,MERIVA DESIGN
OPEL,MERIVA,VAUXHALL,MERIVA LIFE
OPEL,MERIVA,VAUXHALL,MERIVA SE CDTI
OPEL,MERIVA,VAUXHALL,MERIVA TURBO
FORD,Focus,FORD,FOCUS
FORD,Focus,FORD,FOCUS ACTIVE
FORD,Focus,FORD,FOCUS ACTIVE EDITION
FORD,Focus,FORD,FOCUS ACTIVE EDITION MHEV
FORD,Focus,FORD,FOCUS ACTIVE MHEV
FORD,Focus,FORD,FOCUS ACTIVE MHEV AUTO
FORD,Focus,FORD,FOCUS ACTIVE STYLE
FORD,Focus,FORD,FOCUS ACTIVE STYLE MHEV
FORD,Focus,FORD,FOCUS ACTIVE STYLE MHEV AUTO
FORD,Focus,FORD,FOCUS ACTIVE VIGNALE
FORD,Focus,FORD,FOCUS ACTIVE VIGNALE MHEV
FORD,Focus,FORD,FOCUS ACTIVE VIGNALE MHEV AUTO
FORD,Focus,FORD,FOCUS ACTIVE X EDITION
FORD,Focus,FORD,FOCUS ACTIVE X EDITION AUTO
FORD,Focus,FORD,FOCUS ACTIVE X EDITION MHEV
FORD,Focus,FORD,FOCUS ACTIVE X MHEV AUTO
FORD,Focus,FORD,FOCUS ACTIVE X VIGNALE
FORD,Focus,FORD,FOCUS ACTIVE X VIGNALE AUTO
FORD,Focus,FORD,FOCUS ACTIVE X VIGNALE EBLUE A
FORD,Focus,FORD,FOCUS ACTIVE X VIGNALE ECOBLUE
FORD,Focus,FORD,FOCUS ACTIVE X VIGNALE ED MHEV
FORD,Focus,FORD,FOCUS C-MAX
FORD,Focus,FORD,FOCUS C-MAX LX
FORD,Focus,FORD,FOCUS CC
FORD,Focus,FORD,FOCUS ECOBLUE ST-LINE
FORD,Focus,FORD,FOCUS GHIA
FORD,Focus,FORD,FOCUS GHIA TDCI
FORD,Focus,FORD,FOCUS LX
FORD,Focus,FORD,FOCUS RS
FORD,Focus,FORD,FOCUS S TDCI
FORD,Focus,FORD,FOCUS SE
FORD,Focus,FORD,FOCUS ST
FORD,Focus,FORD,FOCUS ST 170
FORD,Focus,FORD,FOCUS ST 2
FORD,Focus,FORD,FOCUS ST AUTO
FORD,Focus,FORD,FOCUS ST ECOBLUE
FORD,Focus,FORD,FOCUS ST EDITION
FORD,Focus,FORD,FOCUS ST-3 TDCI AUTO
FORD,Focus,FORD,FOCUS ST-LINE
FORD,Focus,FORD,FOCUS ST-LINE EDITION
FORD,Focus,FORD,FOCUS ST-LINE EDITION MHEV
FORD,Focus,FORD,FOCUS ST-LINE MHEV
FORD,Focus,FORD,FOCUS ST-LINE MHEV AUTO
FORD,Focus,FORD,FOCUS ST-LINE STYLE
FORD,Focus,FORD,FOCUS ST-LINE STYLE ECOBLUE
FORD,Focus,FORD,FOCUS ST-LINE STYLE ECOBLUE A
FORD,Focus,FORD,FOCUS ST-LINE STYLE MHEV
FORD,Focus,FORD,FOCUS ST-LINE STYLE MHEV AUTO
FORD,Focus,FORD,FOCUS ST-LINE VIGNALE
FORD,Focus,FORD,FOCUS ST-LINE VIGNALE E-BLUE A
FORD,Focus,FORD,FOCUS ST-LINE VIGNALE MHEV
FORD,Focus,FORD,FOCUS ST-LINE VIGNALE MHEV A
FORD,Focus,FORD,FOCUS ST-LINE X
FORD,Focus,FORD,FOCUS ST-LINE X ED E-BLUE A
FORD,Focus,FORD,FOCUS ST-LINE X EDITION
FORD,Focus,FORD,FOCUS ST-LINE X EDITION MHEV
FORD,Focus,FORD,FOCUS ST-LINE X MHEV
FORD,Focus,FORD,FOCUS ST-LINE X MHEV AUTO
FORD,Focus,FORD,FOCUS ST-LINE X TDCI AUTO
FORD,Focus,FORD,FOCUS ST3
FORD,Focus,FORD,FOCUS TDCI
FORD,Focus,FORD,FOCUS TITANIUM
FORD,Focus,FORD,FOCUS TITANIUM EDITION
FORD,Focus,FORD,FOCUS TITANIUM EDITION MHEV
FORD,Focus,FORD,FOCUS TITANIUM MHEV
FORD,Focus,FORD,FOCUS TITANIUM MHEV AUTO
FORD,Focus,FORD,FOCUS TITANIUM NAV
FORD,Focus,FORD,FOCUS TITANIUM STYLE
FORD,Focus,FORD,FOCUS TITANIUM STYLE ECOBLUE
FORD,Focus,FORD,FOCUS TITANIUM STYLE MHEV
FORD,Focus,FORD,FOCUS TITANIUM TDCI
FORD,Focus,FORD,FOCUS TITANIUM VIGNALE
FORD,Focus,FORD,FOCUS TITANIUM VIGNALE EBLUE A
FORD,Focus,FORD,FOCUS TITANIUM VIGNALE MHEV
FORD,Focus,FORD,FOCUS TITANIUM VIGNALE MHEV A
FORD,Focus,FORD,FOCUS TITANIUM X
FORD,Focus,FORD,FOCUS TITANIUM X EDITION MHEV
FORD,Focus,FORD,FOCUS TITANIUM X MHEV AUTO
FORD,Focus,FORD,FOCUS TITANIUM X TDCI
FORD,Focus,FORD,FOCUS TREND
FORD,Focus,FORD,FOCUS TREND ECOBLUE
FORD,Focus,FORD,FOCUS TREND ECOBLUE AUTO
FORD,Focus,FORD,FOCUS TREND MHEV AUTO
FORD,Focus,FORD,FOCUS VIGNALE EDITION MHEV
FORD,Focus,FORD,FOCUS ZETEC EDITION
FORD,Focus,FORD,FOCUS ZETEC EDITION MHEV
FORD,Focus,FORD,FOCUS ZETEC TURBO
SEAT,TOLEDO,SEAT,TOLEDO
SEAT,TOLEDO,SEAT,TOLEDO TDI
SEAT,TOLEDO,SEAT,TOLEDO TSI
CITROËN,BERLINGO,CITROEN,BERLINGO
CITROËN,BERLINGO,CITROEN,BERLINGO 1000 DRIVER BLUEHDI
CITROËN,BERLINGO,CITROEN,BERLINGO 1000 DRIVER PRO B-HDI
CITROËN,BERLINGO,CITROEN,BERLINGO 1000 DRIVER PTECH SS
CITROËN,BERLINGO,CITROEN,BERLINGO 1000 DRVER ED BHDI SS
CITROËN,BERLINGO,CITROEN,BERLINGO 1000 DRVR PRO PTCH SS
CITROËN,BERLINGO,CITROEN,BERLINGO 1000 EN-PRISE BLUEHDI
CITROËN,BERLINGO,CITROEN,BERLINGO 1000 EN-PRISE ED BHDI
CITROËN,BERLINGO,CITROEN,BERLINGO 1000 EN-PRSE PTECH SS
CITROËN,BERLINGO,CITROEN,BERLINGO 1000 ENT ED BHDI SS A
CITROËN,BERLINGO,CITROEN,BERLINGO 1000 ENT ED PTECH S/S
CITROËN,BERLINGO,CITROEN,BERLINGO 1000 ENT PRO PTECH SS
CITROËN,BERLINGO,CITROEN,BERLINGO 1000 EPRISE PRO BHDI
CITROËN,BERLINGO,CITROEN,BERLINGO 1000 WORKER PRO B-HDI
CITROËN,BERLINGO,CITROEN,BERLINGO 1000 X PRO BLUEHDI
CITROËN,BERLINGO,CITROEN,BERLINGO 1000DRVR ED BHDI SS A
CITROËN,BERLINGO,CITROEN,BERLINGO 1000DVR PRO BHDI SS A
CITROËN,BERLINGO,CITROEN,BERLINGO 1000ENT PRO BHDI SS A
CITROËN,BERLINGO,CITROEN,BERLINGO 650 DRIVER ED BHDI SS
CITROËN,BERLINGO,CITROEN,BERLINGO 650 EN-PRISE PRO BHDI
CITROËN,BERLINGO,CITROEN,BERLINGO 650 ENTERPRSE ED BHDI
CITROËN,BERLINGO,CITROEN,BERLINGO 650 X BLUEHDI S/S
CITROËN,BERLINGO,CITROEN,BERLINGO 650 X PRO BLUEHDI
CITROËN,BERLINGO,CITROEN,BERLINGO 850 EN-PRISE BHDI SS
CITROËN,BERLINGO,CITROEN,BERLINGO 850 EN-PRISE BLUEHDI
CITROËN,BERLINGO,CITROEN,BERLINGO 850 EN-PRISE PRO BHDI
CITROËN,BERLINGO,CITROEN,BERLINGO 850 EN-PRISE PTECH SS
CITROËN,BERLINGO,CITROEN,BERLINGO 850 EN-PRSE BHDI SS A
CITROËN,BERLINGO,CITROEN,BERLINGO 850 ENTERPRSE ED BHDI
CITROËN,BERLINGO,CITROEN,BERLINGO 950 DRIVER BLUEHDI
CITROËN,BERLINGO,CITROEN,BERLINGO 950 DRIVER ED BLUEHDI
CITROËN,BERLINGO,CITROEN,BERLINGO 950 DRIVER PRO B-HDI
CITROËN,BERLINGO,CITROEN,BERLINGO 950 DRVR ED BHDI SS A
CITROËN,BERLINGO,CITROEN,BERLINGO 950 EN-PRISE BLUEHDI
CITROËN,BERLINGO,CITROEN,BERLINGO 950 EN-PRISE PRO BHDI
CITROËN,BERLINGO,CITROEN,BERLINGO 950 EN-PRSE PTECH S/S
CITROËN,BERLINGO,CITROEN,BERLINGO 950 ENT ED BHDI S/S A
CITROËN,BERLINGO,CITROEN,BERLINGO 950 ENTERPRSE ED BHDI
CITROËN,BERLINGO,CITROEN,BERLINGO 950 WORKER BLUEHDI
CITROËN,BERLINGO,CITROEN,BERLINGO 950 X BLUEHDI
CITROËN,BERLINGO,CITROEN,BERLINGO 950DRVR PRO BHDI SS A
CITROËN,BERLINGO,CITROEN,BERLINGO DRIVER BLUEHDI S/S
CITROËN,BERLINGO,CITROEN,BERLINGO ENTERPRISE
CITROËN,BERLINGO,CITROEN,BERLINGO ENTERPRISE B-HDI S/S
CITROËN,BERLINGO,CITROEN,BERLINGO FEEL PURETECH S/S
CITROËN,BERLINGO,CITROEN,BERLINGO FEEL PURETECH S/S A
CITROËN,BERLINGO,CITROEN,BERLINGO FIRST
CITROËN,BERLINGO,CITROEN,BERLINGO FLAIR
CITROËN,BERLINGO,CITROEN,BERLINGO FLAIR PURETECH S/S A
CITROËN,BERLINGO,CITROEN,BERLINGO FLAIR XTR B-HDI S/S A
CITROËN,BERLINGO,CITROEN,BERLINGO FLAIR XTR B-HDI SS A
CITROËN,BERLINGO,CITROEN,BERLINGO FLAIR XTR BLUEHDI
CITROËN,BERLINGO,CITROEN,BERLINGO FLAIR XTR BLUEHDI S/S
CITROËN,BERLINGO,CITROEN,BERLINGO FLAIR XTR P-TECH SS A
CITROËN,BERLINGO,CITROEN,BERLINGO FORTE
CITROËN,BERLINGO,CITROEN,BERLINGO HDI
CITROËN,BERLINGO,CITROEN,BERLINGO MULTISPACE
CITROËN,BERLINGO,CITROEN,BERLINGO MULTISPACE HDI
CITROËN,BERLINGO,CITROEN,BERLINGO PLUS BLUEHDI S/S
CITROËN,BERLINGO,CITROEN,BERLINGO PLUS BLUEHDI S/S AUTO
CITROËN,BERLINGO,CITROEN,BERLINGO RIP CURL BLUEHDI S/S
CITROËN,BERLINGO,CITROEN,BERLINGO RIP CURL P-TECH S/S A
MERCEDES-BENZ,C,MERCEDES-BENZ,C
MERCEDES-BENZ,C,MERCEDES-BENZ,C 180
MERCEDES-BENZ,C,MERCEDES-BENZ,C 180 AMG LINE ED PREMIUM A
MERCEDES-BENZ,C,MERCEDES-BENZ,C 180 AMG LINE EDITION AUTO
MERCEDES-BENZ,C,MERCEDES-BENZ,C 180 SPORT EDITION PREMIUM+ A
MERCEDES-BENZ,C,MERCEDES-BENZ,C 180K
MERCEDES-BENZ,C,MERCEDES-BENZ,C 200
MERCEDES-BENZ,C,MERCEDES-BENZ,C 200 AMG LINE ED PREM + A
MERCEDES-BENZ,C,MERCEDES-BENZ,C 200 AMG LINE ED PREM D A
MERCEDES-BENZ,C,MERCEDES-BENZ,C 200 AMG LINE ED PREM MHEV A
MERCEDES-BENZ,C,MERCEDES-BENZ,C 200 AMG LINE EDITION AUTO
MERCEDES-BENZ,C,MERCEDES-BENZ,C 200 AMG LINE EDITION MHEV A
MERCEDES-BENZ,C,MERCEDES-BENZ,C 200 AMG LINE MHEV AUTO
MERCEDES-BENZ,C,MERCEDES-BENZ,C 200 AMG LINE PREM + MHEV A
MERCEDES-BENZ,C,MERCEDES-BENZ,C 200 AMG LINE PREMIUM MHEV A
MERCEDES-BENZ,C,MERCEDES-BENZ,C 200 AUTO
MERCEDES-BENZ,C,MERCEDES-BENZ,C 200 AVANTGARD
MERCEDES-BENZ,C,MERCEDES-BENZ,C 200 CDI
MERCEDES-BENZ,C,MERCEDES-BENZ,C 200 EXCLUSIVE LUXURY MHEV A
MERCEDES-BENZ,C,MERCEDES-BENZ,C 200 SPORT EDITION AUTO
MERCEDES-BENZ,C,MERCEDES-BENZ,C 200 SPORT EDITION D AUTO
MERCEDES-BENZ,C,MERCEDES-BENZ,C 200 SPORT EDITION PREM D A
MERCEDES-BENZ,C,MERCEDES-BENZ,C 200 SPORT MHEV AUTO
MERCEDES-BENZ,C,MERCEDES-BENZ,C 200 SPORT PREMIUM MHEV AUTO
MERCEDES-BENZ,C,MERCEDES-BENZ,C 200K
MERCEDES-BENZ,C,MERCEDES-BENZ,C 220
MERCEDES-BENZ,C,MERCEDES-BENZ,C 220 AMG LINE D MHEV AUTO
MERCEDES-BENZ,C,MERCEDES-BENZ,C 220 AMG LINE ED PREM + D A
MERCEDES-BENZ,C,MERCEDES-BENZ,C 220 AMG LINE ED PREM D A
MERCEDES-BENZ,C,MERCEDES-BENZ,C 220 AMG LINE EDITION D 4M A
MERCEDES-BENZ,C,MERCEDES-BENZ,C 220 AMG LINE EDITION D AUTO
MERCEDES-BENZ,C,MERCEDES-BENZ,C 220 AMG LINE NGT ED PREM D A
MERCEDES-BENZ,C,MERCEDES-BENZ,C 220 AMG LINE PREM + D MHEV A
MERCEDES-BENZ,C,MERCEDES-BENZ,C 220 AMG LINE PREM D MHEV A
MERCEDES-BENZ,C,MERCEDES-BENZ,C 220 AMG LNE ED PREM + D 4M A
MERCEDES-BENZ,C,MERCEDES-BENZ,C 220 AMG LNE NGT ED PRM + D A
MERCEDES-BENZ,C,MERCEDES-BENZ,C 220 CDI
MERCEDES-BENZ,C,MERCEDES-BENZ,C 220 D
MERCEDES-BENZ,C,MERCEDES-BENZ,C 220 SPORT D MHEV AUTO
MERCEDES-BENZ,C,MERCEDES-BENZ,C 220 SPORT EDITION D AUTO
MERCEDES-BENZ,C,MERCEDES-BENZ,C 220 SPORT EDITION PREM + D A
MERCEDES-BENZ,C,MERCEDES-BENZ,C 220 SPORT EDITION PREM D A
MERCEDES-BENZ,C,MERCEDES-BENZ,C 220 SPORT PREMIUM D MHEV A
MERCEDES-BENZ,C,MERCEDES-BENZ,C 220D
MERCEDES-BENZ,C,MERCEDES-BENZ,C 230
MERCEDES-BENZ,C,MERCEDES-BENZ,C 230K
MERCEDES-BENZ,C,MERCEDES-BENZ,C 240
MERCEDES-BENZ,C,MERCEDES-BENZ,C 250
MERCEDES-BENZ,C,MERCEDES-BENZ,C 250 CDI
MERCEDES-BENZ,C,MERCEDES-BENZ,C 250 CGI
MERCEDES-BENZ,C,MERCEDES-BENZ,C 250D
MERCEDES-BENZ,C,MERCEDES-BENZ,C 300
MERCEDES-BENZ,C,MERCEDES-BENZ,C 300 AMG LINE D MHEV AUTO
MERCEDES-BENZ,C,MERCEDES-BENZ,C 300 AMG LINE ED PREM + A
MERCEDES-BENZ,C,MERCEDES-BENZ,C 300 AMG LINE ED PREM + D A
MERCEDES-BENZ,C,MERCEDES-BENZ,C 300 AMG LINE ED PREM + DE A
MERCEDES-BENZ,C,MERCEDES-BENZ,C 300 AMG LINE ED PREM + E A
MERCEDES-BENZ,C,MERCEDES-BENZ,C 300 AMG LINE ED PREM D 4M A
MERCEDES-BENZ,C,MERCEDES-BENZ,C 300 AMG LINE ED PREM D A
MERCEDES-BENZ,C,MERCEDES-BENZ,C 300 AMG LINE ED PREM MHEV A
MERCEDES-BENZ,C,MERCEDES-BENZ,C 300 AMG LINE ED PREMIUM DE A
MERCEDES-BENZ,C,MERCEDES-BENZ,C 300 AMG LINE ED PREMIUM E A
MERCEDES-BENZ,C,MERCEDES-BENZ,C 300 AMG LINE EDITION AUTO
MERCEDES-BENZ,C,MERCEDES-BENZ,C 300 AMG LINE EDITION D 4M A
MERCEDES-BENZ,C,MERCEDES-BENZ,C 300 AMG LINE EDITION D AUTO
MERCEDES-BENZ,C,MERCEDES-BENZ,C 300 AMG LINE EDITION DE AUTO
MERCEDES-BENZ,C,MERCEDES-BENZ,C 300 AMG LINE EDITION E AUTO
MERCEDES-BENZ,C,MERCEDES-BENZ,C 300 AMG LINE EDITION PREM A
MERCEDES-BENZ,C,MERCEDES-BENZ,C 300 AMG LINE EXEC MHEV 4M A
MERCEDES-BENZ,C,MERCEDES-BENZ,C 300 AMG LINE MHEV AUTO
MERCEDES-BENZ,C,MERCEDES-BENZ,C 300 AMG LINE NGT ED PREM + A
MERCEDES-BENZ,C,MERCEDES-BENZ,C 300 AMG LINE NGT ED PREM D A
MERCEDES-BENZ,C,MERCEDES-BENZ,C 300 AMG LINE NIGHT ED PREM A
MERCEDES-BENZ,C,MERCEDES-BENZ,C 300 AMG LINE PREM + D MHEV A
MERCEDES-BENZ,C,MERCEDES-BENZ,C 300 AMG LINE PREM + MHEV A
MERCEDES-BENZ,C,MERCEDES-BENZ,C 300 AMG LINE PREM D MHEV A
MERCEDES-BENZ,C,MERCEDES-BENZ,C 300 AMG LINE PREM MHEV 4M A
MERCEDES-BENZ,C,MERCEDES-BENZ,C 300 AMG LINE PREMIUM
MERCEDES-BENZ,C,MERCEDES-BENZ,C 300 AMG LINE PREMIUM E 4M A
MERCEDES-BENZ,C,MERCEDES-BENZ,C 300 AMG LINE PREMIUM MHEV A
MERCEDES-BENZ,C,MERCEDES-BENZ,C 300 AMG LN NGHT ED MHEV 4M A
MERCEDES-BENZ,C,MERCEDES-BENZ,C 300 AMG LN NGT ED PRM + DE A
MERCEDES-BENZ,C,MERCEDES-BENZ,C 300 AMG LN NGT ED PRM D 4M A
MERCEDES-BENZ,C,MERCEDES-BENZ,C 300 AMG LN NGT ED PRM+D 4M A
MERCEDES-BENZ,C,MERCEDES-BENZ,C 300 AMG LNE ED PREM + D 4M A
MERCEDES-BENZ,C,MERCEDES-BENZ,C 300 AMG LNE NGT ED PREM DE A
MERCEDES-BENZ,C,MERCEDES-BENZ,C 300 AMG LNE NGT ED PRM + D A
MERCEDES-BENZ,C,MERCEDES-BENZ,C 300 E AMG LINE AUTO
MERCEDES-BENZ,C,MERCEDES-BENZ,C 300 E AMG LINE PREMIUM + A
MERCEDES-BENZ,C,MERCEDES-BENZ,C 300 E AMG LINE PREMIUM AUTO
MERCEDES-BENZ,C,MERCEDES-BENZ,C 300 SPORT ED PREMIUM + DE A
MERCEDES-BENZ,C,MERCEDES-BENZ,C 300 SPORT ED PREMIUM DE AUTO
MERCEDES-BENZ,C,MERCEDES-BENZ,C 300 SPORT EDITION DE AUTO
MERCEDES-BENZ,C,MERCEDES-BENZ,C 300 SPORT EDITION E AUTO
MERCEDES-BENZ,C,MERCEDES-BENZ,C 300 SPORT EDITION PREM + A
MERCEDES-BENZ,C,MERCEDES-BENZ,C 300 SPORT EDITION PREM E A
MERCEDES-BENZ,C,MERCEDES-BENZ,C 300 SPORT MHEV 4MATIC AUTO
MERCEDES-BENZ,C,MERCEDES-BENZ,C 32
MERCEDES-BENZ,C,MERCEDES-BENZ,C 320
MERCEDES-BENZ,C,MERCEDES-BENZ,C 350
MERCEDES-BENZ,C,MERCEDES-BENZ,C 350E
MERCEDES-BENZ,C,MERCEDES-BENZ,C 350E SPORT
MERCEDES-BENZ,C,MERCEDES-BENZ,C 36 AMG
MERCEDES-BENZ,C,MERCEDES-BENZ,C 43 AMG
MERCEDES-BENZ,C,MERCEDES-BENZ,C 63
MERCEDES-BENZ,C,MERCEDES-BENZ,C 63 AMG
MERCEDES-BENZ,C,MERCEDES-BENZ,C CLASS
MERCEDES-BENZ,C,MERCEDES-BENZ,C CLASS AMG
MERCEDES-BENZ,C,MERCEDES-BENZ,C CLASS AMG C63 S
MERCEDES-BENZ,C,MERCEDES-BENZ,C CLASS AMG SPORT
MERCEDES-BENZ,C,MERCEDES-BENZ,C CLASS-C350 CDI ELEGANCE
MERCEDES-BENZ,C,MERCEDES-BENZ,C-CLASS
KIA,VENGA,KIA,VENGA
KIA,VENGA,KIA,VENGA 1
KIA,VENGA,KIA,VENGA 2
KIA,VENGA,KIA,VENGA 3
KIA,VENGA,KIA,VENGA CRDI
KIA,VENGA,KIA,VENGA HATCHBACK
SKODA,RAPID SPACEBACK,SKODA,RAPID
SKODA,RAPID SPACEBACK,SKODA,RAPID FASTBACK
SKODA,RAPID SPACEBACK,SKODA,RAPID SPACEBACK
SKODA,RAPID SPACEBACK,SKODA,RAPID TDI
SKODA,RAPID SPACEBACK,SKODA,RAPID TSI
FORD,MONDEO STATIONCAR,FORD,MONDEO
FORD,MONDEO STATIONCAR,FORD,MONDEO GHIA
FORD,MONDEO STATIONCAR,FORD,MONDEO GHIA X
FORD,MONDEO STATIONCAR,FORD,MONDEO LX
FORD,MONDEO STATIONCAR,FORD,MONDEO ST 220
FORD,MONDEO STATIONCAR,FORD,MONDEO ST-LINE HEV AUTO
FORD,MONDEO STATIONCAR,FORD,MONDEO ST-LINE TDCI
FORD,MONDEO STATIONCAR,FORD,MONDEO ST220
FORD,MONDEO STATIONCAR,FORD,MONDEO TDCI
FORD,MONDEO STATIONCAR,FORD,MONDEO TITANIUM
FORD,MONDEO STATIONCAR,FORD,MONDEO TITANIUM EDITION
FORD,MONDEO STATIONCAR,FORD,MONDEO TITANIUM TDCI
FORD,MONDEO STATIONCAR,FORD,MONDEO TITANIUM X
FORD,MONDEO STATIONCAR,FORD,MONDEO TITANIUM X TDCI
FORD,MONDEO STATIONCAR,FORD,MONDEO VIGNALE TDCI
FORD,MONDEO STATIONCAR,FORD,MONDEO ZETEC HEV AUTO
MITSUBISHI,OUTLANDER,MITSUBISHI,OUTLANDER
MITSUBISHI,OUTLANDER,MITSUBISHI,OUTLANDER 4HS PHEV CVT
MITSUBISHI,OUTLANDER,MITSUBISHI,OUTLANDER 5H PHEV CVT
MITSUBISHI,OUTLANDER,MITSUBISHI,OUTLANDER DESIGN CVT
MITSUBISHI,OUTLANDER,MITSUBISHI,OUTLANDER DESIGN PHEV CVT
MITSUBISHI,OUTLANDER,MITSUBISHI,OUTLANDER DYN SAFETY PHEV CVT
MITSUBISHI,OUTLANDER,MITSUBISHI,OUTLANDER DYNAMIC PHEV CVT
MITSUBISHI,OUTLANDER,MITSUBISHI,OUTLANDER EXCD SAFETY PHEV CVT
MITSUBISHI,OUTLANDER,MITSUBISHI,OUTLANDER EXCEED CVT
MITSUBISHI,OUTLANDER,MITSUBISHI,OUTLANDER EXCEED PHEV CVT
MITSUBISHI,OUTLANDER,MITSUBISHI,OUTLANDER GX3H PHEV
MITSUBISHI,OUTLANDER,MITSUBISHI,OUTLANDER HYBRID
MITSUBISHI,OUTLANDER,MITSUBISHI,OUTLANDER PHEV
MITSUBISHI,OUTLANDER,MITSUBISHI,OUTLANDER PHEV 4WD
MITSUBISHI,OUTLANDER,MITSUBISHI,OUTLANDER PHEV AUTO
MITSUBISHI,OUTLANDER,MITSUBISHI,OUTLANDER REFLEX COM PHEV CVT
MITSUBISHI,OUTLANDER,MITSUBISHI,OUTLANDER REFLEX COM+ PHEV CVT
MITSUBISHI,OUTLANDER,MITSUBISHI,OUTLANDER VERVE PHEV CVT
SKODA,SCALA,SKODA,SCALA
SKODA,SCALA,SKODA,SCALA MONTE CARLO TSI
SKODA,SCALA,SKODA,SCALA MONTE CARLO TSI S-A
SKODA,SCALA,SKODA,SCALA S TSI
SKODA,SCALA,SKODA,SCALA SE EDITION TSI S-A
SKODA,SCALA,SKODA,SCALA SE L EDITION TSI
SKODA,SCALA,SKODA,SCALA SE TECHNOLOGY TSI
SKODA,SCALA,SKODA,SCALA SE TECHNOLOGY TSI S-A
KIA,SPORTAGE,KIA,SPORTAGE
KIA,SPORTAGE,KIA,SPORTAGE 1 CRDI ISG MHEV
KIA,SPORTAGE,KIA,SPORTAGE 2 CRDI
KIA,SPORTAGE,KIA,SPORTAGE 2 CRDI ISG
KIA,SPORTAGE,KIA,SPORTAGE 2 CRDI ISG MHEV
KIA,SPORTAGE,KIA,SPORTAGE 2 CRDI ISG MHEV S-A
KIA,SPORTAGE,KIA,SPORTAGE 2 ISG
KIA,SPORTAGE,KIA,SPORTAGE 2 ISG MHEV
KIA,SPORTAGE,KIA,SPORTAGE 2 MHEV
KIA,SPORTAGE,KIA,SPORTAGE 2.0 CRD 5DR
KIA,SPORTAGE,KIA,SPORTAGE 3 CRDI ISG
KIA,SPORTAGE,KIA,SPORTAGE 3 CRDI ISG MHEV
KIA,SPORTAGE,KIA,SPORTAGE 3 CRDI ISG MHEV S-A
KIA,SPORTAGE,KIA,SPORTAGE 3 HEV AUTO
KIA,SPORTAGE,KIA,SPORTAGE 3 ISG
KIA,SPORTAGE,KIA,SPORTAGE 3 ISG 4X4
KIA,SPORTAGE,KIA,SPORTAGE 3 ISG HEV AUTO
KIA,SPORTAGE,KIA,SPORTAGE 3 ISG MHEV S-A
KIA,SPORTAGE,KIA,SPORTAGE 3 MHEV
KIA,SPORTAGE,KIA,SPORTAGE 3 MHEV S-A
KIA,SPORTAGE,KIA,SPORTAGE 3 PHEV 4X4 AUTO
KIA,SPORTAGE,KIA,SPORTAGE 4 CRDI ISG MHEV
KIA,SPORTAGE,KIA,SPORTAGE 4 CRDI ISG MHEV 4X4 A
KIA,SPORTAGE,KIA,SPORTAGE 4 CRDI ISG MHEV S-A
KIA,SPORTAGE,KIA,SPORTAGE 4 CRDI ISG MHEV4X4 SA
KIA,SPORTAGE,KIA,SPORTAGE 4 ISG HEV AUTO
KIA,SPORTAGE,KIA,SPORTAGE 4 ISG MHEV 4X4 SA
KIA,SPORTAGE,KIA,SPORTAGE 4 PHEV 4X4 AUTO
KIA,SPORTAGE,KIA,SPORTAGE AWD
KIA,SPORTAGE,KIA,SPORTAGE AWD CRDI
KIA,SPORTAGE,KIA,SPORTAGE CRDI
KIA,SPORTAGE,KIA,SPORTAGE CRDI AWD
KIA,SPORTAGE,KIA,SPORTAGE GT-LINE
KIA,SPORTAGE,KIA,SPORTAGE GT-LINE CRDI ISG
KIA,SPORTAGE,KIA,SPORTAGE GT-LINE CRDI ISG 4X4
KIA,SPORTAGE,KIA,SPORTAGE GT-LINE CRDI ISG MHEV
KIA,SPORTAGE,KIA,SPORTAGE GT-LINE HEV AUTO
KIA,SPORTAGE,KIA,SPORTAGE GT-LINE ISG
KIA,SPORTAGE,KIA,SPORTAGE GT-LINE ISG HEV AUTO
KIA,SPORTAGE,KIA,SPORTAGE GT-LINE ISG MHEV S-A
KIA,SPORTAGE,KIA,SPORTAGE GT-LINE MHEV
KIA,SPORTAGE,KIA,SPORTAGE GT-LINE PHEV 4X4 AUTO
KIA,SPORTAGE,KIA,SPORTAGE GT-LINE S AWD
KIA,SPORTAGE,KIA,SPORTAGE GT-LINE S HEV 4X4 A
KIA,SPORTAGE,KIA,SPORTAGE GT-LINE S HEV AUTO
KIA,SPORTAGE,KIA,SPORTAGE GT-LINE S ISG
KIA,SPORTAGE,KIA,SPORTAGE GT-LINE S ISG HEV A
KIA,SPORTAGE,KIA,SPORTAGE GT-LINE S ISG MHEV SA
KIA,SPORTAGE,KIA,SPORTAGE GT-LINE S MHEV S-A
KIA,SPORTAGE,KIA,SPORTAGE GT-LINE S PHEV 4X4 A
KIA,SPORTAGE,KIA,SPORTAGE GT-LN CRDI MHEV SA
KIA,SPORTAGE,KIA,SPORTAGE GT-LN CRDI MHEV4X4 SA
KIA,SPORTAGE,KIA,SPORTAGE GT-LN S CRDI ISG MHEV
KIA,SPORTAGE,KIA,SPORTAGE GT-LN S CRDI MHEV SA
KIA,SPORTAGE,KIA,SPORTAGE GT-LN S ISG HEV 4X4 A
KIA,SPORTAGE,KIA,SPORTAGE GTLN CRDI ISG MHEV SA
KIA,SPORTAGE,KIA,SPORTAGE GTLN S CRDI MHEV4X4SA
KIA,SPORTAGE,KIA,SPORTAGE GTLN S ISG MHEV4X4 SA
KIA,SPORTAGE,KIA,SPORTAGE JBL BLACK ED ISG SA
KIA,SPORTAGE,KIA,SPORTAGE JBL BLACK EDITION ISG
KIA,SPORTAGE,KIA,SPORTAGE JBL BLK ED CRDI MHEV
KIA,SPORTAGE,KIA,SPORTAGE JBL BLK ED DI MHEV SA
KIA,SPORTAGE,KIA,SPORTAGE KX-3 SAT NAV CRDI
KIA,SPORTAGE,KIA,SPORTAGE LAUNCH EDITION ISG
KIA,SPORTAGE,KIA,SPORTAGE PLATINUM EDITION ISG
KIA,SPORTAGE,KIA,SPORTAGE SHADOW HEV AUTO
KIA,SPORTAGE,KIA,SPORTAGE TITAN CRDI
KIA,SPORTAGE,KIA,SPORTAGE XS
HONDA,CR-V,HONDA,CR-V
HONDA,CR-V,HONDA,CR-V 2.0 I-VTEC S
HONDA,CR-V,HONDA,CR-V ADVANCE I-MMD CVT
HONDA,CR-V,HONDA,CR-V ADVANCE TECH I-MMD CVT
HONDA,CR-V,HONDA,CR-V ES I-DTEC AUTO
HONDA,CR-V,HONDA,CR-V EX I-VTEC AUTO
HONDA,CR-V,HONDA,CR-V I-CTDI
HONDA,CR-V,HONDA,CR-V SPORT LINE I-MMD CVT
KIA,Optima,KIA,OPTIMA
KIA,Optima,KIA,OPTIMA CRDI
KIA,Optima,KIA,OPTIMA PHEV + AUTO
KIA,Optima,KIA,OPTIMA PHEV AUTO
SKODA,SUPERB COMBI,SKODA,SUPERB
SKODA,SUPERB COMBI,SKODA,SUPERB ELEGANCE
SKODA,SUPERB COMBI,SKODA,SUPERB ELEGANCE TSI S-A
SKODA,SUPERB COMBI,SKODA,SUPERB IV
SKODA,SUPERB COMBI,SKODA,SUPERB L AND K IV PHEV S-A
SKODA,SUPERB COMBI,SKODA,SUPERB L AND K TDI 4X4 SA
SKODA,SUPERB COMBI,SKODA,SUPERB S TDI
SKODA,SUPERB COMBI,SKODA,SUPERB SE L IV PHEV S-A
SKODA,SUPERB COMBI,SKODA,SUPERB SE L TDI
SKODA,SUPERB COMBI,SKODA,SUPERB SE L TDI 4X4 S-A
SKODA,SUPERB COMBI,SKODA,SUPERB SE L TDI S-A
SKODA,SUPERB COMBI,SKODA,SUPERB SE L TSI
SKODA,SUPERB COMBI,SKODA,SUPERB SE L TSI E-TEC MHEV S-A
SKODA,SUPERB COMBI,SKODA,SUPERB SE L TSI S-A
SKODA,SUPERB COMBI,SKODA,SUPERB SE TECH IV PHEV S-A
SKODA,SUPERB COMBI,SKODA,SUPERB SE TECH TSI ETC MHEV SA
SKODA,SUPERB COMBI,SKODA,SUPERB SE TECHNLOGY IV PHEV SA
SKODA,SUPERB COMBI,SKODA,SUPERB SE TECHNOLOGY TDI S-A
SKODA,SUPERB COMBI,SKODA,SUPERB SPORTLINE + IV PHEV S-A
SKODA,SUPERB COMBI,SKODA,SUPERB TDI
SKODA,SUPERB COMBI,SKODA,SUPERB TECHNOLGY TDI
SKODA,SUPERB COMBI,SKODA,SUPERB TSI
HYUNDAI,i30 Stc.,HYUNDAI,I30
HYUNDAI,i30 Stc.,HYUNDAI,I30 ACTIVE
HYUNDAI,i30 Stc.,HYUNDAI,I30 ACTIVE CRDI
HYUNDAI,i30 Stc.,HYUNDAI,I30 ACTIVE CRDI BLUE
HYUNDAI,i30 Stc.,HYUNDAI,I30 COMFORT CRDI
HYUNDAI,i30 Stc.,HYUNDAI,I30 COMFORT CRDI AUTO
HYUNDAI,i30 Stc.,HYUNDAI,I30 CW
HYUNDAI,i30 Stc.,HYUNDAI,I30 FASTBACK
HYUNDAI,i30 Stc.,HYUNDAI,I30 N DRIVE-N LIMITD ED TGDI A
HYUNDAI,i30 Stc.,HYUNDAI,I30 N LINE MHEV T-GDI
HYUNDAI,i30 Stc.,HYUNDAI,I30 N LINE MHEV T-GDI AUTO
HYUNDAI,i30 Stc.,HYUNDAI,I30 N T-GDI
HYUNDAI,i30 Stc.,HYUNDAI,I30 N T-GDI AUTO
HYUNDAI,i30 Stc.,HYUNDAI,I30 PREMIUM
HYUNDAI,i30 Stc.,HYUNDAI,I30 PREMIUM MHEV CRDI
HYUNDAI,i30 Stc.,HYUNDAI,I30 PREMIUM MHEV CRDI AUTO
HYUNDAI,i30 Stc.,HYUNDAI,I30 PREMIUM MHEV T-GDI
HYUNDAI,i30 Stc.,HYUNDAI,I30 PREMIUM MHEV T-GDI AUTO
HYUNDAI,i30 Stc.,HYUNDAI,I30 PREMIUM SE
HYUNDAI,i30 Stc.,HYUNDAI,I30 SE
HYUNDAI,i30 Stc.,HYUNDAI,I30 SE CONNECT MHEV CRDI
HYUNDAI,i30 Stc.,HYUNDAI,I30 SE CONNECT MHEV CRDI AUTO
HYUNDAI,i30 Stc.,HYUNDAI,I30 SE CONNECT MHEV T-GDI
HYUNDAI,i30 Stc.,HYUNDAI,I30 SE CONNECT MHEV T-GDI AUTO
HYUNDAI,i30 Stc.,HYUNDAI,I30 SE CRDI
FORD,NY Focus,FORD,FOCUS
FORD,NY Focus,FORD,FOCUS ACTIVE
FORD,NY Focus,FORD,FOCUS ACTIVE EDITION
FORD,NY Focus,FORD,FOCUS ACTIVE EDITION MHEV
FORD,NY Focus,FORD,FOCUS ACTIVE MHEV
FORD,NY Focus,FORD,FOCUS ACTIVE MHEV AUTO
FORD,NY Focus,FORD,FOCUS ACTIVE STYLE
FORD,NY Focus,FORD,FOCUS ACTIVE STYLE MHEV
FORD,NY Focus,FORD,FOCUS ACTIVE STYLE MHEV AUTO
FORD,NY Focus,FORD,FOCUS ACTIVE VIGNALE
FORD,NY Focus,FORD,FOCUS ACTIVE VIGNALE MHEV
FORD,NY Focus,FORD,FOCUS ACTIVE VIGNALE MHEV AUTO
FORD,NY Focus,FORD,FOCUS ACTIVE X EDITION
FORD,NY Focus,FORD,FOCUS ACTIVE X EDITION AUTO
FORD,NY Focus,FORD,FOCUS ACTIVE X EDITION MHEV
FORD,NY Focus,FORD,FOCUS ACTIVE X MHEV AUTO
FORD,NY Focus,FORD,FOCUS ACTIVE X VIGNALE
FORD,NY Focus,FORD,FOCUS ACTIVE X VIGNALE AUTO
FORD,NY Focus,FORD,FOCUS ACTIVE X VIGNALE EBLUE A
FORD,NY Focus,FORD,FOCUS ACTIVE X VIGNALE ECOBLUE
FORD,NY Focus,FORD,FOCUS ACTIVE X VIGNALE ED MHEV
FORD,NY Focus,FORD,FOCUS C-MAX
FORD,NY Focus,FORD,FOCUS C-MAX LX
FORD,NY Focus,FORD,FOCUS CC
FORD,NY Focus,FORD,FOCUS ECOBLUE ST-LINE
FORD,NY Focus,FORD,FOCUS GHIA
FORD,NY Focus,FORD,FOCUS GHIA TDCI
FORD,NY Focus,FORD,FOCUS LX
FORD,NY Focus,FORD,FOCUS RS
FORD,NY Focus,FORD,FOCUS S TDCI
FORD,NY Focus,FORD,FOCUS SE
FORD,NY Focus,FORD,FOCUS ST
FORD,NY Focus,FORD,FOCUS ST 170
FORD,NY Focus,FORD,FOCUS ST 2
FORD,NY Focus,FORD,FOCUS ST AUTO
FORD,NY Focus,FORD,FOCUS ST ECOBLUE
FORD,NY Focus,FORD,FOCUS ST EDITION
FORD,NY Focus,FORD,FOCUS ST-3 TDCI AUTO
FORD,NY Focus,FORD,FOCUS ST-LINE
FORD,NY Focus,FORD,FOCUS ST-LINE EDITION
FORD,NY Focus,FORD,FOCUS ST-LINE EDITION MHEV
FORD,NY Focus,FORD,FOCUS ST-LINE MHEV
FORD,NY Focus,FORD,FOCUS ST-LINE MHEV AUTO
FORD,NY Focus,FORD,FOCUS ST-LINE STYLE
FORD,NY Focus,FORD,FOCUS ST-LINE STYLE ECOBLUE
FORD,NY Focus,FORD,FOCUS ST-LINE STYLE ECOBLUE A
FORD,NY Focus,FORD,FOCUS ST-LINE STYLE MHEV
FORD,NY Focus,FORD,FOCUS ST-LINE STYLE MHEV AUTO
FORD,NY Focus,FORD,FOCUS ST-LINE VIGNALE
FORD,NY Focus,FORD,FOCUS ST-LINE VIGNALE E-BLUE A
FORD,NY Focus,FORD,FOCUS ST-LINE VIGNALE MHEV
FORD,NY Focus,FORD,FOCUS ST-LINE VIGNALE MHEV A
FORD,NY Focus,FORD,FOCUS ST-LINE X
FORD,NY Focus,FORD,FOCUS ST-LINE X ED E-BLUE A
FORD,NY Focus,FORD,FOCUS ST-LINE X EDITION
FORD,NY Focus,FORD,FOCUS ST-LINE X EDITION MHEV
FORD,NY Focus,FORD,FOCUS ST-LINE X MHEV
FORD,NY Focus,FORD,FOCUS ST-LINE X MHEV AUTO
FORD,NY Focus,FORD,FOCUS ST-LINE X TDCI AUTO
FORD,NY Focus,FORD,FOCUS ST3
FORD,NY Focus,FORD,FOCUS TDCI
FORD,NY Focus,FORD,FOCUS TITANIUM
FORD,NY Focus,FORD,FOCUS TITANIUM EDITION
FORD,NY Focus,FORD,FOCUS TITANIUM EDITION MHEV
FORD,NY Focus,FORD,FOCUS TITANIUM MHEV
FORD,NY Focus,FORD,FOCUS TITANIUM MHEV AUTO
FORD,NY Focus,FORD,FOCUS TITANIUM NAV
FORD,NY Focus,FORD,FOCUS TITANIUM STYLE
FORD,NY Focus,FORD,FOCUS TITANIUM STYLE ECOBLUE
FORD,NY Focus,FORD,FOCUS TITANIUM STYLE MHEV
FORD,NY Focus,FORD,FOCUS TITANIUM TDCI
FORD,NY Focus,FORD,FOCUS TITANIUM VIGNALE
FORD,NY Focus,FORD,FOCUS TITANIUM VIGNALE EBLUE A
FORD,NY Focus,FORD,FOCUS TITANIUM VIGNALE MHEV
FORD,NY Focus,FORD,FOCUS TITANIUM VIGNALE MHEV A
FORD,NY Focus,FORD,FOCUS TITANIUM X
FORD,NY Focus,FORD,FOCUS TITANIUM X EDITION MHEV
FORD,NY Focus,FORD,FOCUS TITANIUM X MHEV AUTO
FORD,NY Focus,FORD,FOCUS TITANIUM X TDCI
FORD,NY Focus,FORD,FOCUS TREND
FORD,NY Focus,FORD,FOCUS TREND ECOBLUE
FORD,NY Focus,FORD,FOCUS TREND ECOBLUE AUTO
FORD,NY Focus,FORD,FOCUS TREND MHEV AUTO
FORD,NY Focus,FORD,FOCUS VIGNALE EDITION MHEV
FORD,NY Focus,FORD,FOCUS ZETEC EDITION
FORD,NY Focus,FORD,FOCUS ZETEC EDITION MHEV
FORD,NY Focus,FORD,FOCUS ZETEC TURBO
FORD,Transit Custom Kombi,FORD,TRANSIT CUSTOM
FORD,Transit Custom Kombi,FORD,TRANSIT CUSTOM 260LEADER EBLUE
FORD,Transit Custom Kombi,FORD,TRANSIT CUSTOM 280 LIMITD MHEV
FORD,Transit Custom Kombi,FORD,TRANSIT CUSTOM 280 TREND EBLUE
FORD,Transit Custom Kombi,FORD,TRANSIT CUSTOM 280 TREND MHEV
FORD,Transit Custom Kombi,FORD,TRANSIT CUSTOM 280LEADER EBLUE
FORD,Transit Custom Kombi,FORD,TRANSIT CUSTOM 280LIMITD EBLUE
FORD,Transit Custom Kombi,FORD,TRANSIT CUSTOM 280LMTD EBLUE A
FORD,Transit Custom Kombi,FORD,TRANSIT CUSTOM 280TRND EBLUE A
FORD,Transit Custom Kombi,FORD,TRANSIT CUSTOM 290 SPORT EBLUE
FORD,Transit Custom Kombi,FORD,TRANSIT CUSTOM 290 SPORT MHEV
FORD,Transit Custom Kombi,FORD,TRANSIT CUSTOM 290SPRT EBLUE A
FORD,Transit Custom Kombi,FORD,TRANSIT CUSTOM 300 ACTIVE MHEV
FORD,Transit Custom Kombi,FORD,TRANSIT CUSTOM 300 LEADER MHEV
FORD,Transit Custom Kombi,FORD,TRANSIT CUSTOM 300 LIMITD MHEV
FORD,Transit Custom Kombi,FORD,TRANSIT CUSTOM 300 LIMITED AUTO
FORD,Transit Custom Kombi,FORD,TRANSIT CUSTOM 300 TRAIL EBLUE
FORD,Transit Custom Kombi,FORD,TRANSIT CUSTOM 300 TRAIL MHEV
FORD,Transit Custom Kombi,FORD,TRANSIT CUSTOM 300 TREND EBLUE
FORD,Transit Custom Kombi,FORD,TRANSIT CUSTOM 300 TREND MHEV
FORD,Transit Custom Kombi,FORD,TRANSIT CUSTOM 300ACTIVE EBLUE
FORD,Transit Custom Kombi,FORD,TRANSIT CUSTOM 300ACTVE EBLU A
FORD,Transit Custom Kombi,FORD,TRANSIT CUSTOM 300LEADER EBLUE
FORD,Transit Custom Kombi,FORD,TRANSIT CUSTOM 300LIMITD EBLUE
FORD,Transit Custom Kombi,FORD,TRANSIT CUSTOM 300LMTD EBLUE A
FORD,Transit Custom Kombi,FORD,TRANSIT CUSTOM 300TRND EBLUE A
FORD,Transit Custom Kombi,FORD,TRANSIT CUSTOM 310 SPORT EBLUE
FORD,Transit Custom Kombi,FORD,TRANSIT CUSTOM 310SPRT EBLUE A
FORD,Transit Custom Kombi,FORD,TRANSIT CUSTOM 320 ACTIVE MHEV
FORD,Transit Custom Kombi,FORD,TRANSIT CUSTOM 320 LMTD EBLU A
FORD,Transit Custom Kombi,FORD,TRANSIT CUSTOM 320 LTD EBLU
FORD,Transit Custom Kombi,FORD,TRANSIT CUSTOM 320 LTD PHEV A
FORD,Transit Custom Kombi,FORD,TRANSIT CUSTOM 320 MS-RT EBLUE
FORD,Transit Custom Kombi,FORD,TRANSIT CUSTOM 320 NUGGET EBLU
FORD,Transit Custom Kombi,FORD,TRANSIT CUSTOM 320 SPORT EBLUE
FORD,Transit Custom Kombi,FORD,TRANSIT CUSTOM 320 SPORT MHEV
FORD,Transit Custom Kombi,FORD,TRANSIT CUSTOM 320 TDCI
FORD,Transit Custom Kombi,FORD,TRANSIT CUSTOM 320 TDCI AUTO
FORD,Transit Custom Kombi,FORD,TRANSIT CUSTOM 320 TRAIL EBLUE
FORD,Transit Custom Kombi,FORD,TRANSIT CUSTOM 320 TREND EBLU
FORD,Transit Custom Kombi,FORD,TRANSIT CUSTOM 320 TREND EBLUE
FORD,Transit Custom Kombi,FORD,TRANSIT CUSTOM 320 TREND MHEV
FORD,Transit Custom Kombi,FORD,TRANSIT CUSTOM 320 TRND PHEV A
FORD,Transit Custom Kombi,FORD,TRANSIT CUSTOM 320ACTIVE EBLUE
FORD,Transit Custom Kombi,FORD,TRANSIT CUSTOM 320ACTVE EBLU A
FORD,Transit Custom Kombi,FORD,TRANSIT CUSTOM 320LEADER EBLUE
FORD,Transit Custom Kombi,FORD,TRANSIT CUSTOM 320LIMITD EBLUE
FORD,Transit Custom Kombi,FORD,TRANSIT CUSTOM 320LIMITED MHEV
FORD,Transit Custom Kombi,FORD,TRANSIT CUSTOM 320LMTD EBLUE A
FORD,Transit Custom Kombi,FORD,TRANSIT CUSTOM 320MS-RT EBLU A
FORD,Transit Custom Kombi,FORD,TRANSIT CUSTOM 320NUGET EBLU A
FORD,Transit Custom Kombi,FORD,TRANSIT CUSTOM 320SPRT EBLUE A
FORD,Transit Custom Kombi,FORD,TRANSIT CUSTOM 320TRND EBLUE A
FORD,Transit Custom Kombi,FORD,TRANSIT CUSTOM 340 LTD PHEV A
FORD,Transit Custom Kombi,FORD,TRANSIT CUSTOM 340 NUGGET EBLU
FORD,Transit Custom Kombi,FORD,TRANSIT CUSTOM 340 TRAIL EBLUE
FORD,Transit Custom Kombi,FORD,TRANSIT CUSTOM 340 TRAIL MHEV
FORD,Transit Custom Kombi,FORD,TRANSIT CUSTOM 340 TREND EBLUE
FORD,Transit Custom Kombi,FORD,TRANSIT CUSTOM 340 TREND MHEV
FORD,Transit Custom Kombi,FORD,TRANSIT CUSTOM 340 TRND PHEV A
FORD,Transit Custom Kombi,FORD,TRANSIT CUSTOM 340LDR PHEV CVT
FORD,Transit Custom Kombi,FORD,TRANSIT CUSTOM 340LEADER EBLUE
FORD,Transit Custom Kombi,FORD,TRANSIT CUSTOM 340LIMITD EBLUE
FORD,Transit Custom Kombi,FORD,TRANSIT CUSTOM 340LIMITED MHEV
FORD,Transit Custom Kombi,FORD,TRANSIT CUSTOM 340LMTD EBLUE A
FORD,Transit Custom Kombi,FORD,TRANSIT CUSTOM 340LTD PHEV CVT
FORD,Transit Custom Kombi,FORD,TRANSIT CUSTOM 340NUGET EBLU A
FORD,Transit Custom Kombi,FORD,TRANSIT CUSTOM 340TRND EBLUE A
FORD,Transit Custom Kombi,FORD,TRANSIT CUSTOM 9 SEATS
FORD,Transit Custom Kombi,FORD,TRANSIT CUSTOM ALLIED TAXI
FORD,Transit Custom Kombi,FORD,TRANSIT CUSTOM AUTO-CAMPER
FORD,Transit Custom Kombi,FORD,TRANSIT CUSTOM BASE
FORD,Transit Custom Kombi,FORD,TRANSIT CUSTOM BASE PANTHER
FORD,Transit Custom Kombi,FORD,TRANSIT CUSTOM BASE TDCI
FORD,Transit Custom Kombi,FORD,TRANSIT CUSTOM CAMPER
FORD,Transit Custom Kombi,FORD,TRANSIT CUSTOM CAMPERVAN
FORD,Transit Custom Kombi,FORD,TRANSIT CUSTOM CREW VAN
FORD,Transit Custom Kombi,FORD,TRANSIT CUSTOM CREWCAB
FORD,Transit Custom Kombi,FORD,TRANSIT CUSTOM ECO BLUE CREW CAB
FORD,Transit Custom Kombi,FORD,TRANSIT CUSTOM LIMITED
FORD,Transit Custom Kombi,FORD,TRANSIT CUSTOM LIMITED PANTHER
FORD,Transit Custom Kombi,FORD,TRANSIT CUSTOM TREND
FORD,Transit Custom Kombi,FORD,TRANSIT CUSTOM TREND PANTHER
KIA,XCeed,KIA,XCEED
KIA,XCeed,KIA,XCEED 2
KIA,XCeed,KIA,XCEED 2 CRDI ISG
KIA,XCeed,KIA,XCEED 2 ISG
KIA,XCeed,KIA,XCEED 3
KIA,XCeed,KIA,XCEED 3 CRDI ISG
KIA,XCeed,KIA,XCEED 3 CRDI ISG MHEV
KIA,XCeed,KIA,XCEED 3 ISG
KIA,XCeed,KIA,XCEED 3 ISG S-A
KIA,XCeed,KIA,XCEED 3 PHEV S-A
KIA,XCeed,KIA,XCEED 4 ISG
KIA,XCeed,KIA,XCEED 4 ISG S-A
KIA,XCeed,KIA,XCEED 4 PHEV S-A
KIA,XCeed,KIA,XCEED CONNECT ISG
KIA,XCeed,KIA,XCEED EDITION ISG
KIA,XCeed,KIA,XCEED FIRST EDITION ISG
KIA,XCeed,KIA,XCEED FIRST EDITION ISG S-A
KIA,XCeed,KIA,XCEED FIRST EDITION PHEV S-A
KIA,XCeed,KIA,XCEED GT-LINE
KIA,XCeed,KIA,XCEED GT-LINE S
KIA,XCeed,KIA,XCEED GT-LINE S S-A
PEUGEOT,508,PEUGEOT,508
PEUGEOT,508,PEUGEOT,508 ACTIVE PREM BHDI S/S A
PEUGEOT,508,PEUGEOT,508 ACTIVE PREM SW BHDI S/S A
PEUGEOT,508,PEUGEOT,508 ACTIVE PREM SW P-TECH SS A
PEUGEOT,508,PEUGEOT,508 ACTIVE PREMIUM P-TECH SS A
PEUGEOT,508,PEUGEOT,508 ALLURE ED SW S/S PHEV A
PEUGEOT,508,PEUGEOT,508 ALLURE EDITION S/S PHEV A
PEUGEOT,508,PEUGEOT,508 ALLURE PREM BHDI S/S A
PEUGEOT,508,PEUGEOT,508 ALLURE PREM SW BHDI S/S A
PEUGEOT,508,PEUGEOT,508 ALLURE PREM SW P-TECH SS A
PEUGEOT,508,PEUGEOT,508 ALLURE PREM SW S/S PHEV A
PEUGEOT,508,PEUGEOT,508 ALLURE PREMIUM P-TECH SS A
PEUGEOT,508,PEUGEOT,508 ALLURE PREMIUM S/S PHEV A
PEUGEOT,508,PEUGEOT,508 ALLURE S/S PHEV AUTO
PEUGEOT,508,PEUGEOT,508 ALLURE SW S/S PHEV AUTO
PEUGEOT,508,PEUGEOT,508 GT BLUE HDI S/S AUTO
PEUGEOT,508,PEUGEOT,508 GT BLUEHDI S/S AUTO
PEUGEOT,508,PEUGEOT,508 GT LINE ED SW S/S PHEV A
PEUGEOT,508,PEUGEOT,508 GT LINE EDITION S/S PHEV A
PEUGEOT,508,PEUGEOT,508 GT LINE S/S PHEV AUTO
PEUGEOT,508,PEUGEOT,508 GT LINE SW S/S PHEV AUTO
PEUGEOT,508,PEUGEOT,508 GT PREMIUM BLUEHDI S/S A
PEUGEOT,508,PEUGEOT,508 GT PREMIUM PURETECH S/S A
PEUGEOT,508,PEUGEOT,508 GT PREMIUM S/S PHEV AUTO
PEUGEOT,508,PEUGEOT,508 GT PREMIUM SW BHDI S/S A
PEUGEOT,508,PEUGEOT,508 GT PREMIUM SW P-TECH S/S A
PEUGEOT,508,PEUGEOT,508 GT PREMIUM SW S/S PHEV A
PEUGEOT,508,PEUGEOT,508 GT S/S PHEV AUTO
PEUGEOT,508,PEUGEOT,508 GT SW BLUEHDI S/S AUTO
PEUGEOT,508,PEUGEOT,508 GT SW S/S PHEV AUTO
PEUGEOT,508,PEUGEOT,508 HDI
PEUGEOT,508,PEUGEOT,508 PSE S/S PHEV AUTO
PEUGEOT,508,PEUGEOT,508 PSE SW S/S PHEV AUTO
PEUGEOT,508,PEUGEOT,508 SW
AUDI,A5 SPORTBACK,AUDI,A5
AUDI,A5 SPORTBACK,AUDI,"A5 ""S5 SPORTBACK"""
AUDI,A5 SPORTBACK,AUDI,A5 40 TDI S-LINE
AUDI,A5 SPORTBACK,AUDI,A5 CABRIOLET
AUDI,A5 SPORTBACK,AUDI,A5 EDITION 1 TDI MHEV S-A
AUDI,A5 SPORTBACK,AUDI,A5 QUATTRO
AUDI,A5 SPORTBACK,AUDI,A5 QUATTRO S-LINE TDI
AUDI,A5 SPORTBACK,AUDI,A5 QUATTRO TDI
AUDI,A5 SPORTBACK,AUDI,A5 S LINE 35 TDI MHEV S-A
AUDI,A5 SPORTBACK,AUDI,A5 S LINE 35 TFSI MHEV S-A
AUDI,A5 SPORTBACK,AUDI,A5 S LINE 40 TDI MHEV QUAT SA
AUDI,A5 SPORTBACK,AUDI,A5 S LINE 40 TFSI MHEV S-A
AUDI,A5 SPORTBACK,AUDI,A5 S LINE 45 TFSI MHEV QUAT SA
AUDI,A5 SPORTBACK,AUDI,A5 S LINE ED 1 35 TDI MHEV SA
AUDI,A5 SPORTBACK,AUDI,A5 S LINE ED 1 35 TFSI MHEV SA
AUDI,A5 SPORTBACK,AUDI,A5 S LINE ED 1 40 TDI QUAT S-A
AUDI,A5 SPORTBACK,AUDI,A5 S LINE ED 1 40 TFSI MHEV SA
AUDI,A5 SPORTBACK,AUDI,A5 S LINE TFSI S-A
AUDI,A5 SPORTBACK,AUDI,A5 S LN BLCK ED 35 TDI MHEV SA
AUDI,A5 SPORTBACK,AUDI,A5 S LN BLK ED 35 TFSI MHEV SA
AUDI,A5 SPORTBACK,AUDI,A5 S LN BLK ED 40 TFSI MHEV SA
AUDI,A5 SPORTBACK,AUDI,A5 S LN BLK ED 40TDI MHEV Q SA
AUDI,A5 SPORTBACK,AUDI,A5 S LN ED 1 45 TFSI MHEV Q SA
AUDI,A5 SPORTBACK,AUDI,A5 S LN VOR 40TDI MHEV QUAT SA
AUDI,A5 SPORTBACK,AUDI,A5 S LN VOR 45 TFSI MHEV Q SA
AUDI,A5 SPORTBACK,AUDI,A5 S LN VSPRNG 40 TFSI MHEV SA
AUDI,A5 SPORTBACK,AUDI,A5 S LN VSPRUNG 35 TDI MHEV SA
AUDI,A5 SPORTBACK,AUDI,A5 S LN VSPRUNG 35TFSI MHEV SA
AUDI,A5 SPORTBACK,AUDI,A5 S LNE ED 1 40TDI MHEV Q SA
AUDI,A5 SPORTBACK,AUDI,A5 S-LINE QUATTRO
AUDI,A5 SPORTBACK,AUDI,A5 S-LINE TDI
AUDI,A5 SPORTBACK,AUDI,A5 S-LINE TDI QUATTRO
AUDI,A5 SPORTBACK,AUDI,A5 S-LINE TFSI
AUDI,A5 SPORTBACK,AUDI,A5 S5
AUDI,A5 SPORTBACK,AUDI,A5 S5 QUATTRO V8
AUDI,A5 SPORTBACK,AUDI,A5 SLN BLK ED 45TFSI MHEV Q SA
AUDI,A5 SPORTBACK,AUDI,A5 SPORT 35 TDI MHEV S-A
AUDI,A5 SPORTBACK,AUDI,A5 SPORT 35 TFSI MHEV S-A
AUDI,A5 SPORTBACK,AUDI,A5 SPORT 40 TDI MHEV QUAT SA
AUDI,A5 SPORTBACK,AUDI,A5 SPORT 40 TFSI MHEV S-A
AUDI,A5 SPORTBACK,AUDI,A5 SPORT TDI QUATTRO
AUDI,A5 SPORTBACK,AUDI,A5 TDI
AUDI,A5 SPORTBACK,AUDI,A5 TDI QUATTRO
AUDI,A5 SPORTBACK,AUDI,A5 TDI S LINE
AUDI,A5 SPORTBACK,AUDI,A5 TFSI
AUDI,A5 SPORTBACK,AUDI,A5 TFSI S-LINE
AUDI,A5 SPORTBACK,AUDI,A5 TFSI S-LINE QUATTRO
KIA,Stonic,KIA,STONIC
KIA,Stonic,KIA,STONIC 2
KIA,Stonic,KIA,STONIC 2 S-A
KIA,Stonic,KIA,STONIC 3 ISG MHEV S-A
KIA,Stonic,KIA,STONIC CONNECT MHEV
KIA,Stonic,KIA,STONIC CONNECT MHEV S-A
KIA,Stonic,KIA,STONIC CRDI
KIA,Stonic,KIA,STONIC GT-LINE
KIA,Stonic,KIA,STONIC GT-LINE ISG MHEV
KIA,Stonic,KIA,STONIC GT-LINE ISG MHEV S-A
KIA,Stonic,KIA,STONIC GT-LINE ISG SA
KIA,Stonic,KIA,STONIC GT-LINE S ISG MHEV
KIA,Stonic,KIA,STONIC GT-LINE S ISG MHEV S-A
KIA,Stonic,KIA,STONIC GT-LINE S MHEV
KIA,Stonic,KIA,STONIC GT-LINE S MHEV S-A
KIA,Stonic,KIA,STONIC GT-LINE S-A
KIA,Stonic,KIA,STONIC MAXX
KIA,Stonic,KIA,STONIC MAXX S-A
KIA,Stonic,KIA,STONIC QUANTUM
KIA,Stonic,KIA,STONIC T-GDI
KIA,Stonic,KIA,STONIC T.GDI
MERCEDES-BENZ,E,MERCEDES-BENZ,E
MERCEDES-BENZ,E,MERCEDES-BENZ,E  LIMO
MERCEDES-BENZ,E,MERCEDES-BENZ,E 200
MERCEDES-BENZ,E,MERCEDES-BENZ,E 200 AMG LINE ED PREM + A
MERCEDES-BENZ,E,MERCEDES-BENZ,E 200 AMG LINE EDITION
MERCEDES-BENZ,E,MERCEDES-BENZ,E 200 AMG LINE MHEV AUTO
MERCEDES-BENZ,E,MERCEDES-BENZ,E 200 AMG LINE NIGHT ED PREM A
MERCEDES-BENZ,E,MERCEDES-BENZ,E 200 AMG LINE PREMIUM MHEV A
MERCEDES-BENZ,E,MERCEDES-BENZ,E 200 AMG LNE NIGHT ED PREM +A
MERCEDES-BENZ,E,MERCEDES-BENZ,E 200 AMG LNE PREMIUM + MHEV A
MERCEDES-BENZ,E,MERCEDES-BENZ,E 200 SPORT MHEV AUTO
MERCEDES-BENZ,E,MERCEDES-BENZ,E 200CDI
MERCEDES-BENZ,E,MERCEDES-BENZ,E 220
MERCEDES-BENZ,E,MERCEDES-BENZ,E 220 AMG LINE D MHEV AUTO
MERCEDES-BENZ,E,MERCEDES-BENZ,E 220 AMG LINE ED PREM + D A
MERCEDES-BENZ,E,MERCEDES-BENZ,E 220 AMG LINE ED PREM D 4M A
MERCEDES-BENZ,E,MERCEDES-BENZ,E 220 AMG LINE ED PREM D A
MERCEDES-BENZ,E,MERCEDES-BENZ,E 220 AMG LINE EDITION D 4M A
MERCEDES-BENZ,E,MERCEDES-BENZ,E 220 AMG LINE EDITION D AUTO
MERCEDES-BENZ,E,MERCEDES-BENZ,E 220 AMG LINE PREM + D MHEV A
MERCEDES-BENZ,E,MERCEDES-BENZ,E 220 AMG LINE PREM D MHEV A
MERCEDES-BENZ,E,MERCEDES-BENZ,E 220 AMG LINE PREMIUM D AUTO
MERCEDES-BENZ,E,MERCEDES-BENZ,E 220 AMG LN NGT ED PRM D 4M A
MERCEDES-BENZ,E,MERCEDES-BENZ,E 220 AMG LN NGT ED PRM+D 4M A
MERCEDES-BENZ,E,MERCEDES-BENZ,E 220 AMG LNE ADVNCED D MHEV A
MERCEDES-BENZ,E,MERCEDES-BENZ,E 220 AMG LNE ED PREM + D 4M A
MERCEDES-BENZ,E,MERCEDES-BENZ,E 220 AMG LNE NGT ED PRM + D A
MERCEDES-BENZ,E,MERCEDES-BENZ,E 220 AMG LNE NIGHT ED PRM D A
MERCEDES-BENZ,E,MERCEDES-BENZ,E 220 AMG LNE PREMIUM D MHEV A
MERCEDES-BENZ,E,MERCEDES-BENZ,E 220 CDI
MERCEDES-BENZ,E,MERCEDES-BENZ,E 220 D
MERCEDES-BENZ,E,MERCEDES-BENZ,E 220 D AMG LINE AUTO
MERCEDES-BENZ,E,MERCEDES-BENZ,E 220 D AMG LINE PREMIUM
MERCEDES-BENZ,E,MERCEDES-BENZ,E 220 D AMG LINE PREMIUM AUTO
MERCEDES-BENZ,E,MERCEDES-BENZ,E 220 D AMG LINE PREMIUM+ AUTO
MERCEDES-BENZ,E,MERCEDES-BENZ,E 220 D SE AUTO
MERCEDES-BENZ,E,MERCEDES-BENZ,E 220 D SE ESTATE
MERCEDES-BENZ,E,MERCEDES-BENZ,E 220 D SPORT
MERCEDES-BENZ,E,MERCEDES-BENZ,E 220 EXCLUSIVE ED D MHEV AUTO
MERCEDES-BENZ,E,MERCEDES-BENZ,E 220 EXCLUSIVE PREM D MHEV A
MERCEDES-BENZ,E,MERCEDES-BENZ,E 220 EXCLUSIVE PRM + D MHEV A
MERCEDES-BENZ,E,MERCEDES-BENZ,E 220 SPORT D 4MATIC AUTO
MERCEDES-BENZ,E,MERCEDES-BENZ,E 220 SPORT D AUTO
MERCEDES-BENZ,E,MERCEDES-BENZ,E 220 SPORT D MHEV AUTO
MERCEDES-BENZ,E,MERCEDES-BENZ,E 220D
MERCEDES-BENZ,E,MERCEDES-BENZ,E 240
MERCEDES-BENZ,E,MERCEDES-BENZ,E 250
MERCEDES-BENZ,E,MERCEDES-BENZ,E 250 AUTO
MERCEDES-BENZ,E,MERCEDES-BENZ,E 250 CGI
MERCEDES-BENZ,E,MERCEDES-BENZ,E 250 LIMOUSINE
MERCEDES-BENZ,E,MERCEDES-BENZ,E 300
MERCEDES-BENZ,E,MERCEDES-BENZ,E 300 AMG LINE ADVANCED E AUTO
MERCEDES-BENZ,E,MERCEDES-BENZ,E 300 AMG LINE D MHEV 4MATIC A
MERCEDES-BENZ,E,MERCEDES-BENZ,E 300 AMG LINE ED PREMIUM D A
MERCEDES-BENZ,E,MERCEDES-BENZ,E 300 AMG LINE EDITION D AUTO
MERCEDES-BENZ,E,MERCEDES-BENZ,E 300 AMG LINE EDITION DE AUTO
MERCEDES-BENZ,E,MERCEDES-BENZ,E 300 AMG LINE EDITION E AUTO
MERCEDES-BENZ,E,MERCEDES-BENZ,E 300 AMG LINE EDITION MHEV A
MERCEDES-BENZ,E,MERCEDES-BENZ,E 300 AMG LINE NGT ED PREM + A
MERCEDES-BENZ,E,MERCEDES-BENZ,E 300 AMG LINE PREMIUM + DE A
MERCEDES-BENZ,E,MERCEDES-BENZ,E 300 AMG LINE PREMIUM + E A
MERCEDES-BENZ,E,MERCEDES-BENZ,E 300 AMG LINE PREMIUM D AUTO
MERCEDES-BENZ,E,MERCEDES-BENZ,E 300 AMG LINE PREMIUM DE AUTO
MERCEDES-BENZ,E,MERCEDES-BENZ,E 300 AMG LINE PREMIUM E AUTO
MERCEDES-BENZ,E,MERCEDES-BENZ,E 300 AMG LINE PREMIUM MHEV A
MERCEDES-BENZ,E,MERCEDES-BENZ,E 300 AMG LINE PREMIUM+ E 4M A
MERCEDES-BENZ,E,MERCEDES-BENZ,E 300 AMG LN NGT ED PRM + DE A
MERCEDES-BENZ,E,MERCEDES-BENZ,E 300 AMG LN NGT ED PRM+MHEV A
MERCEDES-BENZ,E,MERCEDES-BENZ,E 300 AMG LN NIGHT ED PREM+D A
MERCEDES-BENZ,E,MERCEDES-BENZ,E 300 AMG LNE NGT ED PREM+ E A
MERCEDES-BENZ,E,MERCEDES-BENZ,E 300 AMG LNE PREM D MHEV 4M A
MERCEDES-BENZ,E,MERCEDES-BENZ,E 300 EXCLUSIVE PREMIUM E AUTO
MERCEDES-BENZ,E,MERCEDES-BENZ,E 300 SE DE AUTO
MERCEDES-BENZ,E,MERCEDES-BENZ,E 300 SE PREMIUM DE AUTO
MERCEDES-BENZ,E,MERCEDES-BENZ,E 300 URBAN EDITION E AUTO
MERCEDES-BENZ,E,MERCEDES-BENZ,E 320
MERCEDES-BENZ,E,MERCEDES-BENZ,E 320 CDI
MERCEDES-BENZ,E,MERCEDES-BENZ,E 320CDI
MERCEDES-BENZ,E,MERCEDES-BENZ,E 350
MERCEDES-BENZ,E,MERCEDES-BENZ,E 350 AMG LINE ED PREM + D A
MERCEDES-BENZ,E,MERCEDES-BENZ,E 350 AMG LINE ED PREMIUM D A
MERCEDES-BENZ,E,MERCEDES-BENZ,E 350 AMG LINE EDITION D AUTO
MERCEDES-BENZ,E,MERCEDES-BENZ,E 350 AMG LNE NGHT ED PREM D A
MERCEDES-BENZ,E,MERCEDES-BENZ,E 350 AMG LNE NGT ED PREM+ D A
MERCEDES-BENZ,E,MERCEDES-BENZ,E 350 AVANTGARDE ESTATE
MERCEDES-BENZ,E,MERCEDES-BENZ,E 350 CDI
MERCEDES-BENZ,E,MERCEDES-BENZ,E 350 D AMG LINE PREM + 4M A
MERCEDES-BENZ,E,MERCEDES-BENZ,E 350 E  SE AUTO
MERCEDES-BENZ,E,MERCEDES-BENZ,E 400
MERCEDES-BENZ,E,MERCEDES-BENZ,E 400 AMG LINE ED PRM + D 4M A
MERCEDES-BENZ,E,MERCEDES-BENZ,E 400 AMG LINE EDITION D 4M A
MERCEDES-BENZ,E,MERCEDES-BENZ,E 400 AMG LN NGT ED PRM D 4M A
MERCEDES-BENZ,E,MERCEDES-BENZ,E 400 AMG LN NGT ED PRM+D 4M A
MERCEDES-BENZ,E,MERCEDES-BENZ,E 400 SPORT NGT ED PRM+ D 4M A
MERCEDES-BENZ,E,MERCEDES-BENZ,E 450 AMG LINE ED PREM + 4M A
MERCEDES-BENZ,E,MERCEDES-BENZ,E 450 AMG LINE EDITION 4M A
MERCEDES-BENZ,E,MERCEDES-BENZ,E 450 AMG LN NGT ED PRM + 4M A
MERCEDES-BENZ,E,MERCEDES-BENZ,E 450 AMG LNE NGHT ED PREM 4MA
MERCEDES-BENZ,E,MERCEDES-BENZ,E 450 AMG LNE NGT ED PRM+ 4M A
MERCEDES-BENZ,E,MERCEDES-BENZ,E 500
MERCEDES-BENZ,E,MERCEDES-BENZ,E 53 AMG
MERCEDES-BENZ,E,MERCEDES-BENZ,E 55 AMG
MERCEDES-BENZ,E,MERCEDES-BENZ,E 63
MERCEDES-BENZ,E,MERCEDES-BENZ,E 63 AMG
MERCEDES-BENZ,E,MERCEDES-BENZ,E CLASS
MERCEDES-BENZ,E,MERCEDES-BENZ,E CLASS AMG
MERCEDES-BENZ,E,MERCEDES-BENZ,E CLASS ESTATE
MERCEDES-BENZ,E,MERCEDES-BENZ,E CLASS HEARSE
MERCEDES-BENZ,E,MERCEDES-BENZ,E CLASS LIMO
MERCEDES-BENZ,E,MERCEDES-BENZ,E CLASS LIMOSINE
MERCEDES-BENZ,E,MERCEDES-BENZ,E CLASS LIMOUSINE
MERCEDES-BENZ,E,MERCEDES-BENZ,E- CLASS
MERCEDES-BENZ,E,MERCEDES-BENZ,E-CLASS
MERCEDES-BENZ,E,MERCEDES-BENZ,E-CLASS AMG E63
SKODA,KODIAQ,SKODA,KODIAQ
SKODA,KODIAQ,SKODA,KODIAQ  SE
SKODA,KODIAQ,SKODA,KODIAQ 4X4
SKODA,KODIAQ,SKODA,KODIAQ SE DRIVE TDI SCR 4X4 SA
SKODA,KODIAQ,SKODA,KODIAQ SE DRIVE TDI SCR S-A
SKODA,KODIAQ,SKODA,KODIAQ SE DRIVE TSI
SKODA,KODIAQ,SKODA,KODIAQ SE DRIVE TSI S-A
SKODA,KODIAQ,SKODA,KODIAQ SE L EXEC TDI SCR 4X4SA
SKODA,KODIAQ,SKODA,KODIAQ SE L EXEC TDI SCR SA
SKODA,KODIAQ,SKODA,KODIAQ SE L EXECUTIVE TDI S-A
SKODA,KODIAQ,SKODA,KODIAQ SE L EXECUTIVE TSI
SKODA,KODIAQ,SKODA,KODIAQ SE L EXECUTIVE TSI S-A
SKODA,KODIAQ,SKODA,KODIAQ SE L EXECUTVE TDI4X4 SA
SKODA,KODIAQ,SKODA,KODIAQ SE L EXECUTVE TSI4X4 SA
SKODA,KODIAQ,SKODA,KODIAQ SE L IV PHEV S-A
SKODA,KODIAQ,SKODA,KODIAQ SE L TDI 4X4 S-A
SKODA,KODIAQ,SKODA,KODIAQ SE L TDI S-A
SKODA,KODIAQ,SKODA,KODIAQ SE L TSI E-TEC MHEV S-A
SKODA,KODIAQ,SKODA,KODIAQ SE TDI S-A
SKODA,KODIAQ,SKODA,KODIAQ SE TDI SCR S-A
SKODA,KODIAQ,SKODA,KODIAQ SE TSI E-TEC MHEV S-A
SKODA,KODIAQ,SKODA,KODIAQ SPORTLINE TDI 4X4 S-A
SKODA,KODIAQ,SKODA,KODIAQ SPORTLINE TDI SCR 4X4
SKODA,KODIAQ,SKODA,KODIAQ SPORTLINE TSI S-A
SKODA,KODIAQ,SKODA,KODIAQ VRS TSI 4X4 S-A
MITSUBISHI,ASX,MITSUBISHI,ASX
MITSUBISHI,ASX,MITSUBISHI,ASX 3
MITSUBISHI,ASX,MITSUBISHI,ASX 3DI-D4X4
MITSUBISHI,ASX,MITSUBISHI,ASX 4
MITSUBISHI,ASX,MITSUBISHI,ASX DYNAMIC
MITSUBISHI,ASX,MITSUBISHI,ASX EXCEED
MITSUBISHI,ASX,MITSUBISHI,ASX EXCEED 4X4 CVT
SUZUKI,SX4 COMBIBACK,SUZUKI,SX4
SUZUKI,SX4 COMBIBACK,SUZUKI,SX4 4X4
SUZUKI,SX4 COMBIBACK,SUZUKI,SX4 S-CROSS
SUZUKI,SX4 COMBIBACK,SUZUKI,SX4 S-CROSS MOTION B-JET MHEV
SUZUKI,SX4 COMBIBACK,SUZUKI,SX4 S-CROSS MOTION BJET MHEV A
SUZUKI,SX4 COMBIBACK,SUZUKI,SX4 S-CROSS SZ-T B-JET MHEV
SUZUKI,SX4 COMBIBACK,SUZUKI,SX4 S-CROSS SZ-T B-JET MHEV A
SUZUKI,SX4 COMBIBACK,SUZUKI,SX4 S-CROSS SZ4 B-JET MHEV
SUZUKI,SX4 COMBIBACK,SUZUKI,SX4 S-CROSS SZ5 B-JET MHEV
SUZUKI,SX4 COMBIBACK,SUZUKI,SX4 S-CROSS SZ5 BJET MHEV 4X4A
SUZUKI,SX4 COMBIBACK,SUZUKI,SX4 S-CROSS SZ5 BJET MHEV AGRP
SUZUKI,SX4 COMBIBACK,SUZUKI,SX4 S-CROSS SZ5 BOOSTERJET A
SUZUKI,SX4 COMBIBACK,SUZUKI,SX4 S-CROSS ULTRA B-JET MHEV
SUZUKI,SX4 COMBIBACK,SUZUKI,SX4 S-CROSS ULTRA BJT MHEV 4X4
SUZUKI,SX4 COMBIBACK,SUZUKI,SX4 SCROSS ULTRA BJT MHEV 4X4A
SUZUKI,SX4 COMBIBACK,SUZUKI,SX4 SZ-L
SUZUKI,SX4 COMBIBACK,SUZUKI,SX4 SZ4
MINI,COOPER,MINI,COOPER
MINI,COOPER,MINI,COOPER  CONVERTIBLE
MINI,COOPER,MINI,COOPER  D
MINI,COOPER,MINI,COOPER  F55
MINI,COOPER,MINI,COOPER  S
MINI,COOPER,MINI,COOPER  SD
MINI,COOPER,MINI,COOPER 'S' COUNTRYMAN
MINI,COOPER,MINI,COOPER 'S' COUPE
MINI,COOPER,MINI,COOPER (R57)
MINI,COOPER,MINI,COOPER - R60
MINI,COOPER,MINI,COOPER 1.6
MINI,COOPER,MINI,COOPER 3D AUTO
MINI,COOPER,MINI,COOPER 3DR
MINI,COOPER,MINI,COOPER 5 DR
MINI,COOPER,MINI,COOPER 50 MAYFAIR
MINI,COOPER,MINI,COOPER ALL 4
MINI,COOPER,MINI,COOPER ALL FOUR COUNTRYMAN
MINI,COOPER,MINI,COOPER ALL FOUR D COUNTRYMAN
MINI,COOPER,MINI,COOPER ALL ROAD
MINI,COOPER,MINI,COOPER ALL4
MINI,COOPER,MINI,COOPER AUTO
MINI,COOPER,MINI,COOPER AUTO CLUBMAN
MINI,COOPER,MINI,COOPER BAKER STREET
MINI,COOPER,MINI,COOPER BAKER STREET AUTO
MINI,COOPER,MINI,COOPER BAYSWATER
MINI,COOPER,MINI,COOPER BAYSWATER AUTO
MINI,COOPER,MINI,COOPER CABRIOLET
MINI,COOPER,MINI,COOPER CAMDEN
MINI,COOPER,MINI,COOPER CAMDEN AUTO
MINI,COOPER,MINI,COOPER CAMDEN D
MINI,COOPER,MINI,COOPER CARIOLET
MINI,COOPER,MINI,COOPER CLASSIC C AUTO
MINI,COOPER,MINI,COOPER CLUBMAN
MINI,COOPER,MINI,COOPER CLUBMAN AUTO
MINI,COOPER,MINI,COOPER CLUBMAN D
MINI,COOPER,MINI,COOPER CLUBMAN ESTATE
MINI,COOPER,MINI,COOPER CLUBMAN HAMPTON
MINI,COOPER,MINI,COOPER CONVERTABLE
MINI,COOPER,MINI,COOPER CONVERTIBLE
MINI,COOPER,MINI,COOPER COUMTRYMAN
MINI,COOPER,MINI,COOPER COUNT
MINI,COOPER,MINI,COOPER COUNTR
MINI,COOPER,MINI,COOPER COUNTRYM
MINI,COOPER,MINI,COOPER COUNTRYMAN
MINI,COOPER,MINI,COOPER COUNTRYMAN D
MINI,COOPER,MINI,COOPER COUNTRYMAN D ALL FOUR
MINI,COOPER,MINI,COOPER COUNTRYMAN S ALL 4
MINI,COOPER,MINI,COOPER COUNTRYMAN SD
MINI,COOPER,MINI,COOPER COUNTRYMAN SD ALL4
MINI,COOPER,MINI,COOPER COUPE
MINI,COOPER,MINI,COOPER CROSSOVER
MINI,COOPER,MINI,COOPER D
MINI,COOPER,MINI,COOPER D  3DOOR HATCH
MINI,COOPER,MINI,COOPER D  PIMLICO
MINI,COOPER,MINI,COOPER D (R57)
MINI,COOPER,MINI,COOPER D (R60)
MINI,COOPER,MINI,COOPER D 3DR
MINI,COOPER,MINI,COOPER D ALL 4
MINI,COOPER,MINI,COOPER D ALL FOUR
MINI,COOPER,MINI,COOPER D ALL FOUR COUNTRYMAN
MINI,COOPER,MINI,COOPER D ALL ROAD19
MINI,COOPER,MINI,COOPER D ALL4
MINI,COOPER,MINI,COOPER D ALL4 ( R 60 )
MINI,COOPER,MINI,COOPER D AUTO
MINI,COOPER,MINI,COOPER D AUTO CLUBMAN
MINI,COOPER,MINI,COOPER D BAKER STREET
MINI,COOPER,MINI,COOPER D BAKER STREET AUTO
MINI,COOPER,MINI,COOPER D BAYSWATER
MINI,COOPER,MINI,COOPER D CLUBMAN
MINI,COOPER,MINI,COOPER D CLUBMAN AUTO
MINI,COOPER,MINI,COOPER D CLUBMAN HAMPTON
MINI,COOPER,MINI,COOPER D CLUBMAN HAMPTON AUTO
MINI,COOPER,MINI,COOPER D CONV
MINI,COOPER,MINI,COOPER D CONVERTABLE
MINI,COOPER,MINI,COOPER D CONVERTIBLE
MINI,COOPER,MINI,COOPER D CONVERTIBLE.
MINI,COOPER,MINI,COOPER D COUNTR
MINI,COOPER,MINI,COOPER D COUNTRY
MINI,COOPER,MINI,COOPER D COUNTRYMAN
MINI,COOPER,MINI,COOPER D COUNTRYMAN ALL 4
MINI,COOPER,MINI,COOPER D COUNTRYMAN ALL FOUR
MINI,COOPER,MINI,COOPER D COUNTRYMAN ALL4
MINI,COOPER,MINI,COOPER D COUTRYMAN
MINI,COOPER,MINI,COOPER D CROSSOVER AUTO
MINI,COOPER,MINI,COOPER D ESTATE
MINI,COOPER,MINI,COOPER D GRAPHITE
MINI,COOPER,MINI,COOPER D GRAPHITE AUTO
MINI,COOPER,MINI,COOPER D HIGHGATE
MINI,COOPER,MINI,COOPER D LONDON 2012
MINI,COOPER,MINI,COOPER D LONDON 2012 EDITION
MINI,COOPER,MINI,COOPER D LONDON 2012 EDITION A
MINI,COOPER,MINI,COOPER D PACEMAN ALL4
MINI,COOPER,MINI,COOPER D PIMLICO
MINI,COOPER,MINI,COOPER D PIMLICO AUTO
MINI,COOPER,MINI,COOPER D R56
MINI,COOPER,MINI,COOPER D R60
MINI,COOPER,MINI,COOPER D SEVEN
MINI,COOPER,MINI,COOPER D SOHO
MINI,COOPER,MINI,COOPER D SOHO AUTO
MINI,COOPER,MINI,"COOPER D,1598,3 DOOR HATCH"
MINI,COOPER,MINI,COOPER DIESEL
MINI,COOPER,MINI,COOPER EXCLUSIVE C AUTO
MINI,COOPER,MINI,COOPER GRAPHITE
MINI,COOPER,MINI,COOPER GRAPHITE AUTO
MINI,COOPER,MINI,COOPER GRAPHITE CLUBMAN
MINI,COOPER,MINI,COOPER GRAPHITE CLUBMAN D
MINI,COOPER,MINI,COOPER HIGHGATE
MINI,COOPER,MINI,COOPER HIGHGATE AUTO
MINI,COOPER,MINI,COOPER LONDON
MINI,COOPER,MINI,COOPER LONDON 2012 EDITION
MINI,COOPER,MINI,COOPER LONDON 2012 EDITION A
MINI,COOPER,MINI,COOPER MAYFAIR
MINI,COOPER,MINI,COOPER MAYFAIR AUTO
MINI,COOPER,MINI,COOPER MAYFAIR D
MINI,COOPER,MINI,COOPER MAYFAIR S
MINI,COOPER,MINI,COOPER MAYFAIR S AUTO
MINI,COOPER,MINI,COOPER MK11
MINI,COOPER,MINI,COOPER ONE D
MINI,COOPER,MINI,COOPER PACEMAN
MINI,COOPER,MINI,COOPER PARK LANE
MINI,COOPER,MINI,COOPER PARKLANE
MINI,COOPER,MINI,COOPER PIMLICO
MINI,COOPER,MINI,COOPER PIMLICO AUTO
MINI,COOPER,MINI,COOPER R55
MINI,COOPER,MINI,COOPER R60
MINI,COOPER,MINI,COOPER RESOLUTE EDITION
MINI,COOPER,MINI,COOPER RESOLUTE EDITION AUTO
MINI,COOPER,MINI,COOPER ROADSTER
MINI,COOPER,MINI,COOPER S
MINI,COOPER,MINI,COOPER S ALL 4
MINI,COOPER,MINI,COOPER S ALL FOUR
MINI,COOPER,MINI,COOPER S ALL FOUR COUNTRYMAN
MINI,COOPER,MINI,COOPER S ALL4
MINI,COOPER,MINI,COOPER S ALL4 C
MINI,COOPER,MINI,COOPER S AUTO
MINI,COOPER,MINI,COOPER S AUTO CLUBMAN
MINI,COOPER,MINI,COOPER S BAYSWATER
MINI,COOPER,MINI,COOPER S CABRIOLET
MINI,COOPER,MINI,COOPER S CAMDEN
MINI,COOPER,MINI,COOPER S CHECKMATE
MINI,COOPER,MINI,COOPER S CHECKMATE JCW
MINI,COOPER,MINI,COOPER S CLASSIC AUTO
MINI,COOPER,MINI,COOPER S CLUBMAN
MINI,COOPER,MINI,COOPER S CLUBMAN AUTO
MINI,COOPER,MINI,COOPER S CLUBMAN ESTATE
MINI,COOPER,MINI,COOPER S CONTRYMAN
MINI,COOPER,MINI,COOPER S CONVERTIBLE
MINI,COOPER,MINI,COOPER S COUNTRY
MINI,COOPER,MINI,COOPER S COUNTRYMAN
MINI,COOPER,MINI,COOPER S COUNTRYMAN ALL FOUR
MINI,COOPER,MINI,COOPER S COUNTRYMAN E
MINI,COOPER,MINI,COOPER S COUNTRYMAN E ALL4
MINI,COOPER,MINI,COOPER S COUP
MINI,COOPER,MINI,COOPER S COUPE
MINI,COOPER,MINI,COOPER S D
MINI,COOPER,MINI,COOPER S D (F56)
MINI,COOPER,MINI,COOPER S D COUNTRYMAN
MINI,COOPER,MINI,COOPER S E
MINI,COOPER,MINI,COOPER S E  ALL4
MINI,COOPER,MINI,COOPER S ELECTRIC COLLECTION
MINI,COOPER,MINI,COOPER S ELECTRIC LEVEL 1
MINI,COOPER,MINI,COOPER S ELECTRIC LEVEL 2
MINI,COOPER,MINI,COOPER S ELECTRIC LEVEL 3
MINI,COOPER,MINI,COOPER S ELECTRIC MULTITONE ED
MINI,COOPER,MINI,COOPER S ELECTRIC RESOLUTE ED
MINI,COOPER,MINI,COOPER S ELECTRIC SHADOW ED
MINI,COOPER,MINI,COOPER S F57
MINI,COOPER,MINI,COOPER S HIGHGATE
MINI,COOPER,MINI,COOPER S HIGHGATE AUTO
MINI,COOPER,MINI,COOPER S HYBRID
MINI,COOPER,MINI,COOPER S JCW
MINI,COOPER,MINI,COOPER S JCW GP
MINI,COOPER,MINI,COOPER S LONDON 2012 EDITION A
MINI,COOPER,MINI,COOPER S MAYFAIR AUTO
MINI,COOPER,MINI,COOPER S PACEMAN
MINI,COOPER,MINI,COOPER S PACEMAN ALL4
MINI,COOPER,MINI,COOPER S RESOLUTE EDITION
MINI,COOPER,MINI,COOPER S RESOLUTE EDITION AUTO
MINI,COOPER,MINI,COOPER S ROADSTER
MINI,COOPER,MINI,COOPER S SEASIDE EDITION AUTO
MINI,COOPER,MINI,COOPER S SHADOW EDITION
MINI,COOPER,MINI,COOPER S SHADOW EDITION AUTO
MINI,COOPER,MINI,COOPER S SIDEWALK
MINI,COOPER,MINI,COOPER S SIDEWALK AUTO
MINI,COOPER,MINI,COOPER S SOHO CLUBMAN
MINI,COOPER,MINI,COOPER S SOHO CLUBMAN A
MINI,COOPER,MINI,COOPER S SPORT AUTO
MINI,COOPER,MINI,COOPER S WORKS CONVERTIBLE
MINI,COOPER,MINI,COOPER SD
MINI,COOPER,MINI,COOPER SD 2.0
MINI,COOPER,MINI,COOPER SD ALL 4
MINI,COOPER,MINI,COOPER SD ALL FOUR
MINI,COOPER,MINI,COOPER SD ALL4
MINI,COOPER,MINI,COOPER SD AUTO
MINI,COOPER,MINI,COOPER SD BAYSWATER
MINI,COOPER,MINI,COOPER SD BAYSWATER AUTO
MINI,COOPER,MINI,COOPER SD CLUBMAN
MINI,COOPER,MINI,COOPER SD CLUBMAN AUTO
MINI,COOPER,MINI,COOPER SD CLUBMAN HAMPTON
MINI,COOPER,MINI,COOPER SD CLUBMAN HAMPTON AUTO
MINI,COOPER,MINI,COOPER SD CNVERTIBLE
MINI,COOPER,MINI,COOPER SD CONVERTIBLE
MINI,COOPER,MINI,COOPER SD COUNT
MINI,COOPER,MINI,COOPER SD COUNTRYMAN
MINI,COOPER,MINI,COOPER SD COUPE
MINI,COOPER,MINI,COOPER SD COUPPE
MINI,COOPER,MINI,COOPER SD D
MINI,COOPER,MINI,COOPER SD LONDON 2012 EDITION
MINI,COOPER,MINI,COOPER SD PACEMAN
MINI,COOPER,MINI,COOPER SD PACEMAN ALL 4
MINI,COOPER,MINI,COOPER SD PACEMAN ALL4
MINI,COOPER,MINI,COOPER SD R57
MINI,COOPER,MINI,COOPER SD1995
MINI,COOPER,MINI,COOPER SE ELECTRIC
MINI,COOPER,MINI,COOPER SEVEN
MINI,COOPER,MINI,COOPER SEVEN AUTO
MINI,COOPER,MINI,COOPER SHADOW EDITION
MINI,COOPER,MINI,COOPER SHADOW EDITION AUTO
MINI,COOPER,MINI,COOPER SIDEWALK
MINI,COOPER,MINI,COOPER SIDEWALK AUTO
MINI,COOPER,MINI,COOPER SOHO
MINI,COOPER,MINI,COOPER SOHO AUTO
MINI,COOPER,MINI,COOPER SOHO CLUBMAN D
MINI,COOPER,MINI,COOPER SPORT C AUTO
MINI,COOPER,MINI,COOPER WORKS
MINI,COOPER,MINI,COOPER-F56
MINI,COOPER,MINI,COOPER-R57
MINI,COOPER,MINI,cooper d clubvan
MITSUBISHI,COLT,MITSUBISHI,COLT
MITSUBISHI,COLT,MITSUBISHI,COLT CZ2
MITSUBISHI,COLT,MITSUBISHI,COLT JURO
MITSUBISHI,COLT,MITSUBISHI,COLT RALLI ART
MITSUBISHI,COLT,MITSUBISHI,COLT RALLY R
MITSUBISHI,COLT,MITSUBISHI,COLT SPACESTAR
MERCEDES-BENZ,GLC,MERCEDES-BENZ,GLC
MERCEDES-BENZ,GLC,MERCEDES-BENZ,GLC - 250 4MATIC SPORT
MERCEDES-BENZ,GLC,MERCEDES-BENZ,GLC 200
MERCEDES-BENZ,GLC,MERCEDES-BENZ,GLC 220
MERCEDES-BENZ,GLC,MERCEDES-BENZ,GLC 220 AMG LINE D MHEV 4MAT A
MERCEDES-BENZ,GLC,MERCEDES-BENZ,GLC 220 AMG LN PREM D MHEV4M A
MERCEDES-BENZ,GLC,MERCEDES-BENZ,GLC 220 AMG LN PRM+ D MHEV4M A
MERCEDES-BENZ,GLC,MERCEDES-BENZ,GLC 220 D
MERCEDES-BENZ,GLC,MERCEDES-BENZ,GLC 220 D 4M AMG LINE PREM A
MERCEDES-BENZ,GLC,MERCEDES-BENZ,GLC 220 D 4MATIC
MERCEDES-BENZ,GLC,MERCEDES-BENZ,GLC 220 D 4MATIC AMG LINE AUTO
MERCEDES-BENZ,GLC,MERCEDES-BENZ,GLC 220 D 4MATIC SPORT COUPE
MERCEDES-BENZ,GLC,MERCEDES-BENZ,GLC 220D
MERCEDES-BENZ,GLC,MERCEDES-BENZ,GLC 220D 4M AMG LINE PREMIUM
MERCEDES-BENZ,GLC,MERCEDES-BENZ,GLC 220D 4MATIC
MERCEDES-BENZ,GLC,MERCEDES-BENZ,GLC 220D AMG
MERCEDES-BENZ,GLC,MERCEDES-BENZ,GLC 250
MERCEDES-BENZ,GLC,MERCEDES-BENZ,GLC 250 4 MATIC AMG
MERCEDES-BENZ,GLC,MERCEDES-BENZ,GLC 250 4-MATIC
MERCEDES-BENZ,GLC,MERCEDES-BENZ,GLC 250 4MATIC SPORT
MERCEDES-BENZ,GLC,MERCEDES-BENZ,GLC 250 AMG
MERCEDES-BENZ,GLC,MERCEDES-BENZ,GLC 250 AMG LINE PREM + 4M A
MERCEDES-BENZ,GLC,MERCEDES-BENZ,GLC 250 D
MERCEDES-BENZ,GLC,MERCEDES-BENZ,GLC 250 D 4-MATIC
MERCEDES-BENZ,GLC,MERCEDES-BENZ,GLC 250D
MERCEDES-BENZ,GLC,MERCEDES-BENZ,GLC 300
MERCEDES-BENZ,GLC,MERCEDES-BENZ,GLC 300 AMG LINE 4MATIC AUTO
MERCEDES-BENZ,GLC,MERCEDES-BENZ,GLC 300 AMG LINE DE 4MATIC A
MERCEDES-BENZ,GLC,MERCEDES-BENZ,GLC 300 AMG LINE E 4MATIC AUTO
MERCEDES-BENZ,GLC,MERCEDES-BENZ,GLC 300 AMG LINE MHEV 4MATIC A
MERCEDES-BENZ,GLC,MERCEDES-BENZ,GLC 300 AMG LINE PREM + 4M A
MERCEDES-BENZ,GLC,MERCEDES-BENZ,GLC 300 AMG LINE PREM + D 4M A
MERCEDES-BENZ,GLC,MERCEDES-BENZ,GLC 300 AMG LINE PREM + E 4M A
MERCEDES-BENZ,GLC,MERCEDES-BENZ,GLC 300 AMG LINE PREM D 4M A
MERCEDES-BENZ,GLC,MERCEDES-BENZ,GLC 300 AMG LINE PREM D 4M A COUPE
MERCEDES-BENZ,GLC,MERCEDES-BENZ,GLC 300 AMG LINE PREM DE 4M A
MERCEDES-BENZ,GLC,MERCEDES-BENZ,GLC 300 AMG LINE PREM E 4MAT A
MERCEDES-BENZ,GLC,MERCEDES-BENZ,GLC 300 AMG LINE PREM+ E 4M A
MERCEDES-BENZ,GLC,MERCEDES-BENZ,GLC 300 AMG LINE PREMIUM 4M A
MERCEDES-BENZ,GLC,MERCEDES-BENZ,GLC 300 AMG LINE ULTIMATE 4M A
MERCEDES-BENZ,GLC,MERCEDES-BENZ,GLC 300 AMG LN PREM D MHEV4M A
MERCEDES-BENZ,GLC,MERCEDES-BENZ,GLC 300 AMG LN PREM+ MHEV 4M A
MERCEDES-BENZ,GLC,MERCEDES-BENZ,GLC 300 AMG LN PRM+ D MHEV4M A
MERCEDES-BENZ,GLC,MERCEDES-BENZ,GLC 300 AMG LN ULTIMATE D 4M A
MERCEDES-BENZ,GLC,MERCEDES-BENZ,GLC 300 AMG LN ULTIMATE E 4M A
MERCEDES-BENZ,GLC,MERCEDES-BENZ,GLC 300 AMG LNE PREM + DE 4M A
MERCEDES-BENZ,GLC,MERCEDES-BENZ,GLC 300 AMG LNE PREM MHEV 4M A
MERCEDES-BENZ,GLC,MERCEDES-BENZ,GLC 300 AMG LNE PREMIUM E 4M A
MERCEDES-BENZ,GLC,MERCEDES-BENZ,GLC 300 E
MERCEDES-BENZ,GLC,MERCEDES-BENZ,GLC 300 SPORT 4MATIC AUTO
MERCEDES-BENZ,GLC,MERCEDES-BENZ,GLC 300 URBAN EDITION E 4M A
MERCEDES-BENZ,GLC,MERCEDES-BENZ,GLC 300D
MERCEDES-BENZ,GLC,MERCEDES-BENZ,GLC 300D 4MATIC
MERCEDES-BENZ,GLC,MERCEDES-BENZ,GLC 300E 4MATIC
MERCEDES-BENZ,GLC,MERCEDES-BENZ,GLC 350
MERCEDES-BENZ,GLC,MERCEDES-BENZ,GLC 350 D
MERCEDES-BENZ,GLC,MERCEDES-BENZ,GLC 350D 4MATIC
MERCEDES-BENZ,GLC,MERCEDES-BENZ,GLC 400 AMG LINE PREM + D 4M A
MERCEDES-BENZ,GLC,MERCEDES-BENZ,GLC 43
MERCEDES-BENZ,GLC,MERCEDES-BENZ,GLC 43 AMG
MERCEDES-BENZ,GLC,MERCEDES-BENZ,GLC 45
MERCEDES-BENZ,GLC,MERCEDES-BENZ,GLC 63S
MERCEDES-BENZ,GLC,MERCEDES-BENZ,GLC AUTO
MERCEDES-BENZ,GLC,MERCEDES-BENZ,GLC CLASS
MERCEDES-BENZ,GLC,MERCEDES-BENZ,GLC-220D
MERCEDES-BENZ,GLC,MERCEDES-BENZ,GLC-CLASS
MERCEDES-BENZ,GLC,MERCEDES-BENZ,GLC-CLASS - 250 D 4MATIC
MERCEDES-BENZ,GLC,MERCEDES-BENZ,GLC-CLASS GLC 250
SEAT,Ibiza GP2,SEAT,IBIZA
SEAT,Ibiza GP2,SEAT,IBIZA 1.4 SE
SEAT,Ibiza GP2,SEAT,IBIZA ANNIVRSARY LTD ED ECOTSI
SEAT,Ibiza GP2,SEAT,IBIZA CHILL
SEAT,Ibiza GP2,SEAT,IBIZA COPA
SEAT,Ibiza GP2,SEAT,IBIZA CR TDI FR
SEAT,Ibiza GP2,SEAT,IBIZA CUPA
SEAT,Ibiza GP2,SEAT,IBIZA ECOMOTIVE
SEAT,Ibiza GP2,SEAT,IBIZA FR
SEAT,Ibiza GP2,SEAT,IBIZA FR CR
SEAT,Ibiza GP2,SEAT,IBIZA FR ECOTSI
SEAT,Ibiza GP2,SEAT,IBIZA FR ECOTSI S-A
SEAT,Ibiza GP2,SEAT,IBIZA FR EDITION TSI
SEAT,Ibiza GP2,SEAT,IBIZA FR EDITION TSI S-A
SEAT,Ibiza GP2,SEAT,IBIZA FR MPI
SEAT,Ibiza GP2,SEAT,IBIZA FR SPORT ECOTSI
SEAT,Ibiza GP2,SEAT,IBIZA FR SPORT ECOTSI S-A
SEAT,Ibiza GP2,SEAT,IBIZA FR SPORT MPI
SEAT,Ibiza GP2,SEAT,IBIZA FR TSI
SEAT,Ibiza GP2,SEAT,IBIZA S CR TDI
SEAT,Ibiza GP2,SEAT,IBIZA SE COPA
SEAT,Ibiza GP2,SEAT,IBIZA SE EDITION TSI
SEAT,Ibiza GP2,SEAT,IBIZA SPORT
SEAT,Ibiza GP2,SEAT,IBIZA SPORT 16 V
SEAT,Ibiza GP2,SEAT,IBIZA SPORT CR ECOMO TDI
SEAT,Ibiza GP2,SEAT,IBIZA SPORTRIDER
SEAT,Ibiza GP2,SEAT,IBIZA SPORTRIDER R TDI
SEAT,Ibiza GP2,SEAT,IBIZA ST
SEAT,Ibiza GP2,SEAT,IBIZA TDI
SEAT,Ibiza GP2,SEAT,IBIZA TSI
SEAT,Ibiza GP2,SEAT,IBIZA TSI SE
SEAT,Ibiza GP2,SEAT,IBIZA VISTA
SEAT,Ibiza GP2,SEAT,IBIZA XCELLENCE
SEAT,Ibiza GP2,SEAT,IBIZA XCELLENCE ECOTSI
SEAT,Ibiza GP2,SEAT,IBIZA XCELLENCE ECOTSI S-A
SEAT,Ibiza GP2,SEAT,IBIZA XCELLENCE LUX ECOTSI
SEAT,Ibiza GP2,SEAT,IBIZA XCELLENCE LUX ECOTSI S-A
SEAT,Ibiza GP2,SEAT,IBIZA XCELLENCE TDI
MERCEDES-BENZ,CLA,MERCEDES-BENZ,CLA
MERCEDES-BENZ,CLA,MERCEDES-BENZ,CLA 180
MERCEDES-BENZ,CLA,MERCEDES-BENZ,CLA 180 AMG
MERCEDES-BENZ,CLA,MERCEDES-BENZ,CLA 180 AMG LINE
MERCEDES-BENZ,CLA,MERCEDES-BENZ,CLA 180 AMG LINE AUTO
MERCEDES-BENZ,CLA,MERCEDES-BENZ,CLA 180 AMG LINE EDITION
MERCEDES-BENZ,CLA,MERCEDES-BENZ,CLA 180 AMG LINE EXECUTIVE A
MERCEDES-BENZ,CLA,MERCEDES-BENZ,CLA 180 AMG LINE EXECUTIVE D
MERCEDES-BENZ,CLA,MERCEDES-BENZ,CLA 180 AMG LINE PREM + MHEV A
MERCEDES-BENZ,CLA,MERCEDES-BENZ,CLA 180 AMG LINE PREMIUM
MERCEDES-BENZ,CLA,MERCEDES-BENZ,CLA 180 AMG LINE PREMIUM + A
MERCEDES-BENZ,CLA,MERCEDES-BENZ,CLA 180 AMG LINE PREMIUM + D
MERCEDES-BENZ,CLA,MERCEDES-BENZ,CLA 180 AMG LINE PREMIUM + D A
MERCEDES-BENZ,CLA,MERCEDES-BENZ,CLA 180 AMG LINE PREMIUM +A
MERCEDES-BENZ,CLA,MERCEDES-BENZ,CLA 180 AMG LN EXECUTVE MHEV A
MERCEDES-BENZ,CLA,MERCEDES-BENZ,CLA 180 AMG LN PRM+ NIGHT ED A
MERCEDES-BENZ,CLA,MERCEDES-BENZ,CLA 180 AMG LNE PREMIUM MHEV A
MERCEDES-BENZ,CLA,MERCEDES-BENZ,CLA 180 SHOOTING BRAKE
MERCEDES-BENZ,CLA,MERCEDES-BENZ,CLA 180 SHOOTINGBRAKE
MERCEDES-BENZ,CLA,MERCEDES-BENZ,CLA 180 SPORT EXECUTIVE MHEV A
MERCEDES-BENZ,CLA,MERCEDES-BENZ,CLA 180 SPORT PREMIUM + D
MERCEDES-BENZ,CLA,MERCEDES-BENZ,CLA 180 SPORT SHOOTING BRAKE 7G-DCT
MERCEDES-BENZ,CLA,MERCEDES-BENZ,CLA 200
MERCEDES-BENZ,CLA,MERCEDES-BENZ,CLA 200 AMG LINE
MERCEDES-BENZ,CLA,MERCEDES-BENZ,CLA 200 AMG LINE AUTO
MERCEDES-BENZ,CLA,MERCEDES-BENZ,CLA 200 AMG LINE D AUTO
MERCEDES-BENZ,CLA,MERCEDES-BENZ,CLA 200 AMG LINE EXECUTIVE A
MERCEDES-BENZ,CLA,MERCEDES-BENZ,CLA 200 AMG LINE PREM D 4M A
MERCEDES-BENZ,CLA,MERCEDES-BENZ,CLA 200 AMG LINE PREM MHEV A
MERCEDES-BENZ,CLA,MERCEDES-BENZ,CLA 200 AMG LINE PREMIUM +
MERCEDES-BENZ,CLA,MERCEDES-BENZ,CLA 200 AMG LINE PREMIUM + D
MERCEDES-BENZ,CLA,MERCEDES-BENZ,CLA 200 AMG LINE PREMIUM + D A
MERCEDES-BENZ,CLA,MERCEDES-BENZ,CLA 200 AMG LINE PREMIUM D
MERCEDES-BENZ,CLA,MERCEDES-BENZ,CLA 200 AMG LINE PREMIUM D A
MERCEDES-BENZ,CLA,MERCEDES-BENZ,CLA 200 AMG LN EXECUTVE MHEV A
MERCEDES-BENZ,CLA,MERCEDES-BENZ,CLA 200 AMG LN PREM + MHEV A
MERCEDES-BENZ,CLA,MERCEDES-BENZ,CLA 200 AMG LN PREM + NGT ED A
MERCEDES-BENZ,CLA,MERCEDES-BENZ,CLA 200 SPORT
MERCEDES-BENZ,CLA,MERCEDES-BENZ,CLA 200 SPORT EXECUTIVE ED A
MERCEDES-BENZ,CLA,MERCEDES-BENZ,CLA 200 SPORT EXECUTIVE MHEV A
MERCEDES-BENZ,CLA,MERCEDES-BENZ,CLA 200 SPORT PREMIUM + A
MERCEDES-BENZ,CLA,MERCEDES-BENZ,CLA 200D
MERCEDES-BENZ,CLA,MERCEDES-BENZ,CLA 220
MERCEDES-BENZ,CLA,MERCEDES-BENZ,CLA 220 AMG LINE D AUTO
MERCEDES-BENZ,CLA,MERCEDES-BENZ,CLA 220 AMG LINE EXECUTIVE D A
MERCEDES-BENZ,CLA,MERCEDES-BENZ,CLA 220 AMG LINE PREM + D 4M A
MERCEDES-BENZ,CLA,MERCEDES-BENZ,CLA 220 AMG LINE PREMIUM + D A
MERCEDES-BENZ,CLA,MERCEDES-BENZ,CLA 220 AMG LINE PREMIUM D A
MERCEDES-BENZ,CLA,MERCEDES-BENZ,CLA 220 AMG LN PRM+ NGT ED D A
MERCEDES-BENZ,CLA,MERCEDES-BENZ,CLA 220 AMG SPORT D AUTO
MERCEDES-BENZ,CLA,MERCEDES-BENZ,CLA 220 D
MERCEDES-BENZ,CLA,MERCEDES-BENZ,CLA 220 D AMG LINE 4MATIC AUTO
MERCEDES-BENZ,CLA,MERCEDES-BENZ,CLA 220 SPORT EXECUTIVE D AUTO
MERCEDES-BENZ,CLA,MERCEDES-BENZ,CLA 220D
MERCEDES-BENZ,CLA,MERCEDES-BENZ,CLA 250
MERCEDES-BENZ,CLA,MERCEDES-BENZ,CLA 250 4 MATIC
MERCEDES-BENZ,CLA,MERCEDES-BENZ,CLA 250 AMG LINE
MERCEDES-BENZ,CLA,MERCEDES-BENZ,CLA 250 AMG LINE E AUTO
MERCEDES-BENZ,CLA,MERCEDES-BENZ,CLA 250 AMG LINE EXECUTIVE E A
MERCEDES-BENZ,CLA,MERCEDES-BENZ,CLA 250 AMG LINE PREMIUM + E A
MERCEDES-BENZ,CLA,MERCEDES-BENZ,CLA 250 AMG LINE PREMIUM E A
MERCEDES-BENZ,CLA,MERCEDES-BENZ,CLA 250 AMG LN PRM+ NGT ED E A
MERCEDES-BENZ,CLA,MERCEDES-BENZ,CLA 250E
MERCEDES-BENZ,CLA,MERCEDES-BENZ,CLA 45
MERCEDES-BENZ,CLA,MERCEDES-BENZ,CLA 45  AMG
MERCEDES-BENZ,CLA,MERCEDES-BENZ,CLA 45 AMG
MERCEDES-BENZ,CLA,MERCEDES-BENZ,CLA 45S
MERCEDES-BENZ,CLA,MERCEDES-BENZ,CLA AMG
MERCEDES-BENZ,CLA,MERCEDES-BENZ,CLA AMG 45
MERCEDES-BENZ,CLA,MERCEDES-BENZ,CLA CLA45 AMG 4MATIC
MERCEDES-BENZ,CLA,MERCEDES-BENZ,CLA COUPE
MERCEDES-BENZ,CLA,MERCEDES-BENZ,CLA PREMIUM AUTO
MERCEDES-BENZ,CLA,MERCEDES-BENZ,CLA SHOOTING BRAKE
MERCEDES-BENZ,CLA,MERCEDES-BENZ,CLA-180
MERCEDES-BENZ,CLA,MERCEDES-BENZ,CLA-200
MERCEDES-BENZ,CLA,MERCEDES-BENZ,CLA-CLASS
AUDI,A1 SPORTBACK,AUDI,A1
AUDI,A1 SPORTBACK,AUDI,A1 1.4 SPORT TFSI HATCHBACK 3D AUTO
AUDI,A1 SPORTBACK,AUDI,A1 1.4 TFSI AUTO
AUDI,A1 SPORTBACK,AUDI,A1 1.4 TFSI S-TRONIC
AUDI,A1 SPORTBACK,AUDI,A1 1.4 TFSI TURBO
AUDI,A1 SPORTBACK,AUDI,A1 25 TFSI
AUDI,A1 SPORTBACK,AUDI,A1 30 TFSI
AUDI,A1 SPORTBACK,AUDI,A1 30 TFSI S-LINE
AUDI,A1 SPORTBACK,AUDI,A1 35 TFSI S-LINE
AUDI,A1 SPORTBACK,AUDI,A1 AUTO
AUDI,A1 SPORTBACK,AUDI,A1 AUTO 1.4
AUDI,A1 SPORTBACK,AUDI,A1 AUTO 1.4 TFSI
AUDI,A1 SPORTBACK,AUDI,A1 AUTO 1.4 TFSI 3 DOOR HATCHBACK
AUDI,A1 SPORTBACK,AUDI,A1 CITYCARVER 30 TFSI
AUDI,A1 SPORTBACK,AUDI,A1 CITYCARVER 30 TFSI S-A
AUDI,A1 SPORTBACK,AUDI,A1 CITYCARVER 35 TFSI
AUDI,A1 SPORTBACK,AUDI,A1 CITYCARVER 35 TFSI S-A
AUDI,A1 SPORTBACK,AUDI,A1 S LINE 25 TFSI S-A
AUDI,A1 SPORTBACK,AUDI,A1 S LINE AUTO
AUDI,A1 SPORTBACK,AUDI,A1 S LINE BLACK ED 25 TFSI
AUDI,A1 SPORTBACK,AUDI,A1 S LINE BLACK ED 25 TFSI S-A
AUDI,A1 SPORTBACK,AUDI,A1 S LINE BLACK ED 30 TFSI
AUDI,A1 SPORTBACK,AUDI,A1 S LINE BLACK ED 30 TFSI S-A
AUDI,A1 SPORTBACK,AUDI,A1 S LINE BLACK ED 35 TFSI S-A
AUDI,A1 SPORTBACK,AUDI,A1 S LINE COMPETITION TFSI S-A
AUDI,A1 SPORTBACK,AUDI,A1 S LINE VORSPRUNG 30 TFSI
AUDI,A1 SPORTBACK,AUDI,A1 S LINE VORSPRUNG 30 TFSI SA
AUDI,A1 SPORTBACK,AUDI,A1 S LINE VORSPRUNG 35 TFSI SA
AUDI,A1 SPORTBACK,AUDI,A1 S-LINE
AUDI,A1 SPORTBACK,AUDI,A1 S-LINE TDI
AUDI,A1 SPORTBACK,AUDI,A1 S-LINE TFSI
AUDI,A1 SPORTBACK,AUDI,A1 SLINE BLACK ED-N SPORTBACK TFSI S-A
AUDI,A1 SPORTBACK,AUDI,A1 SPORT
AUDI,A1 SPORTBACK,AUDI,A1 SPORT 25 TFSI S-A
AUDI,A1 SPORTBACK,AUDI,A1 SPORT NAV TFSI
AUDI,A1 SPORTBACK,AUDI,A1 SPORT TFSI 122 S TRONIC AUTO
AUDI,A1 SPORTBACK,AUDI,A1 SPORT TFSI AUTOMATIC
AUDI,A1 SPORTBACK,AUDI,A1 TDI
AUDI,A1 SPORTBACK,AUDI,A1 TECHNIK 25 TFSI
AUDI,A1 SPORTBACK,AUDI,A1 TECHNIK 25 TFSI S-A
AUDI,A1 SPORTBACK,AUDI,A1 TECHNIK 30 TFSI
AUDI,A1 SPORTBACK,AUDI,A1 TECHNIK 30 TFSI S-A
AUDI,A1 SPORTBACK,AUDI,A1 TFSI
AUDI,A1 SPORTBACK,AUDI,A1 TFSI 122 STYLE EDITION S-A AUTO
AUDI,A1 SPORTBACK,AUDI,A1 TFSI AUTO
AUDI,A1 SPORTBACK,AUDI,A1 TFSI S-LINE
FIAT,500 C,FIAT,500C
FIAT,500 C,FIAT,500C CONVERTIBLE
FIAT,500 C,FIAT,500C CULT TWINAIR 105 START/STOP AUTO
FIAT,500 C,FIAT,500C GUCCI
MAZDA,Mazda CX-30,MAZDA,CX 30
MAZDA,Mazda CX-30,MAZDA,CX-30
MAZDA,Mazda CX-30,MAZDA,CX-30 100TH ANNIVERSRY ED MHEV
MAZDA,Mazda CX-30,MAZDA,CX-30 GT SPORT ED MHEV 4X4
MAZDA,Mazda CX-30,MAZDA,CX-30 GT SPORT ED MHEV 4X4 A
MAZDA,Mazda CX-30,MAZDA,CX-30 GT SPORT EDITION MHEV
MAZDA,Mazda CX-30,MAZDA,CX-30 GT SPORT EDITION MHEV A
MAZDA,Mazda CX-30,MAZDA,CX-30 GT SPORT MHEV
MAZDA,Mazda CX-30,MAZDA,CX-30 GT SPORT MHEV 4X4
MAZDA,Mazda CX-30,MAZDA,CX-30 GT SPORT MHEV 4X4 AUTO
MAZDA,Mazda CX-30,MAZDA,CX-30 GT SPORT MHEV AUTO
MAZDA,Mazda CX-30,MAZDA,CX-30 GT SPORT TCH ED MHEV 4X4
MAZDA,Mazda CX-30,MAZDA,CX-30 GT SPORT TECH ED MHEV
MAZDA,Mazda CX-30,MAZDA,CX-30 GT SPORT TECH ED MHEV A
MAZDA,Mazda CX-30,MAZDA,CX-30 GT SPORT TECH MHEV
MAZDA,Mazda CX-30,MAZDA,CX-30 GT SPORT TECH MHEV 4X4
MAZDA,Mazda CX-30,MAZDA,CX-30 GT SPORT TECH MHEV 4X4 A
MAZDA,Mazda CX-30,MAZDA,CX-30 GT SPORT TECH MHEV AUTO
MAZDA,Mazda CX-30,MAZDA,CX-30 GT SPT TCH ED MHEV 4X4 A
MAZDA,Mazda CX-30,MAZDA,CX-30 HOMURA MHEV
MAZDA,Mazda CX-30,MAZDA,CX-30 HOMURA MHEV AUTO
MAZDA,Mazda CX-30,MAZDA,CX-30 MHEV
MAZDA,Mazda CX-30,MAZDA,CX-30 PRIME-LINE MHEV
MAZDA,Mazda CX-30,MAZDA,CX-30 SE-L
MAZDA,Mazda CX-30,MAZDA,CX-30 SE-L LUX MHEV
MAZDA,Mazda CX-30,MAZDA,CX-30 SE-L LUX MHEV AUTO
MAZDA,Mazda CX-30,MAZDA,CX-30 SE-L MHEV
MAZDA,Mazda CX-30,MAZDA,CX-30 SE-L MHEV AUTO
MAZDA,Mazda CX-30,MAZDA,CX-30 SPORT LUX MHEV
MAZDA,Mazda CX-30,MAZDA,CX-30 SPORT LUX MHEV 4X4
MAZDA,Mazda CX-30,MAZDA,CX-30 SPORT LUX MHEV 4X4 AUTO
MAZDA,Mazda CX-30,MAZDA,CX-30 SPORT LUX MHEV AUTO
MAZDA,Mazda CX-30,MAZDA,CX-30 TAKUMI MHEV
MAZDA,Mazda CX-30,MAZDA,CX-30 TAKUMI MHEV AUTO
TOYOTA,Yaris Cross,TOYOTA,YARIS CROSS
TOYOTA,Yaris Cross,TOYOTA,YARIS CROSS 1.5 VVT-H PETROL HYBRID
TOYOTA,Yaris Cross,TOYOTA,YARIS CROSS DESIGN HEV AUTO
TOYOTA,Yaris Cross,TOYOTA,YARIS CROSS DYNAMIC HEV 4X4 A
TOYOTA,Yaris Cross,TOYOTA,YARIS CROSS DYNAMIC HEV AUTO
TOYOTA,Yaris Cross,TOYOTA,YARIS CROSS EXCEL HEV 4X4 AUTO
TOYOTA,Yaris Cross,TOYOTA,YARIS CROSS EXCEL HEV AUT
TOYOTA,Yaris Cross,TOYOTA,YARIS CROSS EXCEL HEV AUTO
TOYOTA,Yaris Cross,TOYOTA,YARIS CROSS GR SPORT HEV AUTO
TOYOTA,Yaris Cross,TOYOTA,YARIS CROSS ICON HEV AUTO
TOYOTA,Yaris Cross,TOYOTA,YARIS CROSS PREM ED HEV 4X4 A
TOYOTA,Yaris Cross,TOYOTA,YARIS CROSS PREM ED HEV CVT
TOYOTA,Yaris Cross,TOYOTA,YARIS CROSS PREMIERE ED HEV A
BMW,4-serie,BMW,4 SERIES
BMW,4-serie,BMW,418
BMW,4-serie,BMW,420
BMW,4-serie,BMW,420 D
BMW,4-serie,BMW,420 I
BMW,4-serie,BMW,420D M SPORT MHEV AUTO
BMW,4-serie,BMW,420D M SPORT PRO ED MHEV AUTO
BMW,4-serie,BMW,420D XDRIVE M SPORT MHEV AUTO
BMW,4-serie,BMW,420D XDRVE MSPRT PRO ED MHEV A
BMW,4-serie,BMW,420I
BMW,4-serie,BMW,420I GRAN COUPE M SPORT AUTO
BMW,4-serie,BMW,420I M SPORT
BMW,4-serie,BMW,420I M SPORT AUTO
BMW,4-serie,BMW,420I M SPORT PRO EDITION AUTO
BMW,4-serie,BMW,420I XDRIVE M SPORT AUTO
BMW,4-serie,BMW,420I XDRIVE M SPORT PRO ED A
BMW,4-serie,BMW,420d
BMW,4-serie,BMW,428
BMW,4-serie,BMW,430
BMW,4-serie,BMW,430 D
BMW,4-serie,BMW,430D
BMW,4-serie,BMW,430D M SPORT MHEV AUTO
BMW,4-serie,BMW,430D M SPORT PRO ED MHEV A
BMW,4-serie,BMW,430D XDRIVE M SPORT MHEV AUTO
BMW,4-serie,BMW,430D XDRVE MSPRT PRO ED MHEV A
BMW,4-serie,BMW,430I M SPORT AUTO
BMW,4-serie,BMW,430I M SPORT PRO EDITION AUTO
BMW,4-serie,BMW,435
BMW,4-serie,BMW,435 D
BMW,4-serie,BMW,435 I
BMW,4-serie,BMW,435D
BMW,4-serie,BMW,435D  X-DRIVE
BMW,4-serie,BMW,435D  XDRIVE
BMW,4-serie,BMW,435D GRAN COUPE XDRIVE M SPORT
BMW,4-serie,BMW,435D X-DRIVE
BMW,4-serie,BMW,435I
BMW,4-serie,BMW,435I M SPORTS GRANCOUPE
BMW,4-serie,BMW,440
BMW,4-serie,BMW,440 I
CITROËN,C4 PICASSO,CITROEN,C4 PICASSO
CITROËN,C4 PICASSO,CITROEN,C4 PICASSO EXCLUSIVE
CITROËN,C4 PICASSO,CITROEN,C4 PICASSO EXCLUSIVE HDI
CITROËN,C4 PICASSO,CITROEN,C4 PICASSO HDI
CITROËN,C4 PICASSO,CITROEN,C4 PICASSO HDI SPORTIF
CITROËN,C4 PICASSO,CITROEN,C4 PICASSO VTR+
CITROËN,DS3,CITROEN,DS3
RENAULT,SCENIC,RENAULT,SCENIC
RENAULT,SCENIC,RENAULT,SCENIC BIZU
RENAULT,SCENIC,RENAULT,SCENIC DCI
RENAULT,SCENIC,RENAULT,SCENIC DYNAMIQUE
RENAULT,SCENIC,RENAULT,SCENIC DYNAMIQUE S D110
RENAULT,SCENIC,RENAULT,SCENIC ESPRIT ALPINE E-TECH EV
RENAULT,SCENIC,RENAULT,SCENIC ICONIC BLUE DCI AUTO
RENAULT,SCENIC,RENAULT,SCENIC SIGNATURE BLUE DCI AUTO
RENAULT,SCENIC,RENAULT,SCENIC TECHNO E-TECH EV
NISSAN,Qashqai J11A,NISSAN,QASHQAI
NISSAN,Qashqai J11A,NISSAN,QASHQAI +2
NISSAN,Qashqai J11A,NISSAN,QASHQAI +2 360
NISSAN,Qashqai J11A,NISSAN,QASHQAI +2 DCI
NISSAN,Qashqai J11A,NISSAN,QASHQAI ACENTA
NISSAN,Qashqai J11A,NISSAN,QASHQAI ACENTA PREM DIG-T MHEV
NISSAN,Qashqai J11A,NISSAN,QASHQAI ACENTA PREM E-POWER A
NISSAN,Qashqai J11A,NISSAN,QASHQAI ACENTA PREM T MHEV CVT
NISSAN,Qashqai J11A,NISSAN,QASHQAI DCI
NISSAN,Qashqai J11A,NISSAN,QASHQAI KURO E-POWER AUTO
NISSAN,Qashqai J11A,NISSAN,QASHQAI N-CONNECTA DIG-T MHEV
NISSAN,Qashqai J11A,NISSAN,QASHQAI N-CONNECTA E-POWER A
NISSAN,Qashqai J11A,NISSAN,QASHQAI N-DESGN DIG-T MHEV CVT
NISSAN,Qashqai J11A,NISSAN,QASHQAI N-TEC
NISSAN,Qashqai J11A,NISSAN,QASHQAI N-TEC DCI
NISSAN,Qashqai J11A,NISSAN,QASHQAI N-TEC DCI S-A
NISSAN,Qashqai J11A,NISSAN,QASHQAI N-TEC DIG-T S-A
NISSAN,Qashqai J11A,NISSAN,QASHQAI N-TEC+
NISSAN,Qashqai J11A,NISSAN,QASHQAI NCNTA DIGT MHEV 4X4CVT
NISSAN,Qashqai J11A,NISSAN,QASHQAI NCONNCTA DIGT MHEV CVT
NISSAN,Qashqai J11A,NISSAN,QASHQAI PREM ED DIG-T MHEV CVT
NISSAN,Qashqai J11A,NISSAN,QASHQAI PREMIERE ED DIG-T MHEV
NISSAN,Qashqai J11A,NISSAN,QASHQAI TEKNA + DIG-T MHEV
NISSAN,Qashqai J11A,NISSAN,QASHQAI TEKNA + DIG-T MHEV CVT
NISSAN,Qashqai J11A,NISSAN,QASHQAI TEKNA + E-POWER AUTO
NISSAN,Qashqai J11A,NISSAN,QASHQAI TEKNA DIG-T MHEV
NISSAN,Qashqai J11A,NISSAN,QASHQAI TEKNA DIG-T MHEV CVT
NISSAN,Qashqai J11A,NISSAN,QASHQAI TEKNA DIGT MHEV 4X4CVT
NISSAN,Qashqai J11A,NISSAN,QASHQAI TEKNA E-POWER AUTO
NISSAN,Qashqai J11A,NISSAN,QASHQAI TKNA+ DIGT MHEV 4X4CVT
NISSAN,Qashqai J11A,NISSAN,QASHQAI VISIA DIG-T MHEV
HYUNDAI,Ioniq,HYUNDAI,IONIQ
HYUNDAI,Ioniq,HYUNDAI,IONIQ  PREMIUM HEV S-A
HYUNDAI,Ioniq,HYUNDAI,IONIQ  SE HEV S-A
HYUNDAI,Ioniq,HYUNDAI,IONIQ 5
HYUNDAI,Ioniq,HYUNDAI,IONIQ 5 ADVANCE EV
HYUNDAI,Ioniq,HYUNDAI,IONIQ 5 N EV 4X4
HYUNDAI,Ioniq,HYUNDAI,IONIQ 5 N LINE EV
HYUNDAI,Ioniq,HYUNDAI,IONIQ 5 NAMSAN EDITION EV
HYUNDAI,Ioniq,HYUNDAI,IONIQ 5 NAMSAN EDITION EV 4X4
HYUNDAI,Ioniq,HYUNDAI,IONIQ 5 PREMIUM EV
HYUNDAI,Ioniq,HYUNDAI,IONIQ 5 PREMIUM EV 4X4
HYUNDAI,Ioniq,HYUNDAI,IONIQ 5 PROJECT 45 EV 4X4
HYUNDAI,Ioniq,HYUNDAI,IONIQ 5 SE CONNECT EV
HYUNDAI,Ioniq,HYUNDAI,IONIQ 5 ULTIMATE EV
HYUNDAI,Ioniq,HYUNDAI,IONIQ 5 ULTIMATE EV 4X4
HYUNDAI,Ioniq,HYUNDAI,IONIQ 6 FIRST EDITION EV 4X4
HYUNDAI,Ioniq,HYUNDAI,IONIQ 6 PREMIUM EV
HYUNDAI,Ioniq,HYUNDAI,IONIQ 6 PREMIUM EV 4X4
HYUNDAI,Ioniq,HYUNDAI,IONIQ 6 ULTIMATE EV
HYUNDAI,Ioniq,HYUNDAI,IONIQ 6 ULTIMATE EV 4X4
HYUNDAI,Ioniq,HYUNDAI,IONIQ FIRST EDITION HEV S-A
HYUNDAI,Ioniq,HYUNDAI,IONIQ HYBRID
HYUNDAI,Ioniq,HYUNDAI,IONIQ PREMIUM EV
HYUNDAI,Ioniq,HYUNDAI,IONIQ PREMIUM HEV S-A
HYUNDAI,Ioniq,HYUNDAI,IONIQ PREMIUM PHEV S-A
HYUNDAI,Ioniq,HYUNDAI,IONIQ PREMIUM SE
HYUNDAI,Ioniq,HYUNDAI,IONIQ PREMIUM SE HEV S-A
HYUNDAI,Ioniq,HYUNDAI,IONIQ PREMIUM SE PHEV
HYUNDAI,Ioniq,HYUNDAI,IONIQ PREMIUM SE PHEV S-A
HYUNDAI,Ioniq,HYUNDAI,IONIQ SE CONNECT HEV S-A
HYUNDAI,Ioniq,HYUNDAI,IONIQ SE HEV  S-A
HYUNDAI,Ioniq,HYUNDAI,IONIQ SE HEV S-A
MERCEDES-BENZ,GLA,MERCEDES-BENZ,GLA
MERCEDES-BENZ,GLA,MERCEDES-BENZ,GLA  200
MERCEDES-BENZ,GLA,MERCEDES-BENZ,GLA - CLASS
MERCEDES-BENZ,GLA,MERCEDES-BENZ,GLA 180
MERCEDES-BENZ,GLA,MERCEDES-BENZ,GLA 180 AMG LINE AUTO
MERCEDES-BENZ,GLA,MERCEDES-BENZ,GLA 180 AMG LINE EDITION
MERCEDES-BENZ,GLA,MERCEDES-BENZ,GLA 180 AMG LINE EDITION +
MERCEDES-BENZ,GLA,MERCEDES-BENZ,GLA 180 AMG LINE EDITION + A
MERCEDES-BENZ,GLA,MERCEDES-BENZ,GLA 180 AMG LINE EDITION AUTO
MERCEDES-BENZ,GLA,MERCEDES-BENZ,GLA 180 AMG LINE EXECUTIVE A
MERCEDES-BENZ,GLA,MERCEDES-BENZ,GLA 180 AMG LINE PREMIUM + A
MERCEDES-BENZ,GLA,MERCEDES-BENZ,GLA 180 AMG LINE PREMIUM AUTO
MERCEDES-BENZ,GLA,MERCEDES-BENZ,GLA 180 AMG LN PREM+ NGT ED A
MERCEDES-BENZ,GLA,MERCEDES-BENZ,GLA 180 AUTO
MERCEDES-BENZ,GLA,MERCEDES-BENZ,GLA 180 SPORT AUTO
MERCEDES-BENZ,GLA,MERCEDES-BENZ,GLA 180 SPORT EXECUTIVE AUTO
MERCEDES-BENZ,GLA,MERCEDES-BENZ,GLA 180 URBAN EDITION
MERCEDES-BENZ,GLA,MERCEDES-BENZ,GLA 200
MERCEDES-BENZ,GLA,MERCEDES-BENZ,GLA 200 AMG
MERCEDES-BENZ,GLA,MERCEDES-BENZ,GLA 200 AMG LINE
MERCEDES-BENZ,GLA,MERCEDES-BENZ,GLA 200 AMG LINE 4MATIC AUTO
MERCEDES-BENZ,GLA,MERCEDES-BENZ,GLA 200 AMG LINE AUTO
MERCEDES-BENZ,GLA,MERCEDES-BENZ,GLA 200 AMG LINE D 4MATIC AUTO
MERCEDES-BENZ,GLA,MERCEDES-BENZ,GLA 200 AMG LINE D AUTO
MERCEDES-BENZ,GLA,MERCEDES-BENZ,GLA 200 AMG LINE EDITION
MERCEDES-BENZ,GLA,MERCEDES-BENZ,GLA 200 AMG LINE EDITION +
MERCEDES-BENZ,GLA,MERCEDES-BENZ,GLA 200 AMG LINE EDITION + A
MERCEDES-BENZ,GLA,MERCEDES-BENZ,GLA 200 AMG LINE EDITION A
MERCEDES-BENZ,GLA,MERCEDES-BENZ,GLA 200 AMG LINE EXEC D 4M A
MERCEDES-BENZ,GLA,MERCEDES-BENZ,GLA 200 AMG LINE EXECUTIVE A
MERCEDES-BENZ,GLA,MERCEDES-BENZ,GLA 200 AMG LINE EXECUTIVE D A
MERCEDES-BENZ,GLA,MERCEDES-BENZ,GLA 200 AMG LINE PREM + D 4M A
MERCEDES-BENZ,GLA,MERCEDES-BENZ,GLA 200 AMG LINE PREM D 4M A
MERCEDES-BENZ,GLA,MERCEDES-BENZ,GLA 200 AMG LINE PREMIUM + A
MERCEDES-BENZ,GLA,MERCEDES-BENZ,GLA 200 AMG LINE PREMIUM + D A
MERCEDES-BENZ,GLA,MERCEDES-BENZ,GLA 200 AMG LINE PREMIUM AUTO
MERCEDES-BENZ,GLA,MERCEDES-BENZ,GLA 200 AMG LINE PREMIUM D A
MERCEDES-BENZ,GLA,MERCEDES-BENZ,GLA 200 AMG LN EXECUTVE MHEV A
MERCEDES-BENZ,GLA,MERCEDES-BENZ,GLA 200 AMG LN PRM+ NGT ED D A
MERCEDES-BENZ,GLA,MERCEDES-BENZ,GLA 200 AMG LNE PREM+ NGT ED A
MERCEDES-BENZ,GLA,MERCEDES-BENZ,GLA 200 AMG LNE PREMIUM MHEV A
MERCEDES-BENZ,GLA,MERCEDES-BENZ,GLA 200 CDI
MERCEDES-BENZ,GLA,MERCEDES-BENZ,GLA 200 EXCLSVE LNCH ED MHEV A
MERCEDES-BENZ,GLA,MERCEDES-BENZ,GLA 200 EXECUTIVE
MERCEDES-BENZ,GLA,MERCEDES-BENZ,GLA 200 SE
MERCEDES-BENZ,GLA,MERCEDES-BENZ,GLA 200 SE EXECUTIVE
MERCEDES-BENZ,GLA,MERCEDES-BENZ,GLA 200 SPORT
MERCEDES-BENZ,GLA,MERCEDES-BENZ,GLA 200 SPORT AUTO
MERCEDES-BENZ,GLA,MERCEDES-BENZ,GLA 200 SPORT D AUTO
MERCEDES-BENZ,GLA,MERCEDES-BENZ,GLA 200 SPORT EXECUTIVE
MERCEDES-BENZ,GLA,MERCEDES-BENZ,GLA 200 SPORT EXECUTIVE AUTO
MERCEDES-BENZ,GLA,MERCEDES-BENZ,GLA 200 SPORT EXECUTIVE D AUTO
MERCEDES-BENZ,GLA,MERCEDES-BENZ,GLA 200 SPORT EXECUTIVE MHEV A
MERCEDES-BENZ,GLA,MERCEDES-BENZ,GLA 200 URBAN EDITION
MERCEDES-BENZ,GLA,MERCEDES-BENZ,GLA 200 URBAN EDITION +
MERCEDES-BENZ,GLA,MERCEDES-BENZ,GLA 200 URBAN EDITION + A
MERCEDES-BENZ,GLA,MERCEDES-BENZ,GLA 200 URBAN EDITION AUTO
MERCEDES-BENZ,GLA,MERCEDES-BENZ,GLA 200AMG LINE EDITION A
MERCEDES-BENZ,GLA,MERCEDES-BENZ,GLA 200D
MERCEDES-BENZ,GLA,MERCEDES-BENZ,GLA 220
MERCEDES-BENZ,GLA,MERCEDES-BENZ,GLA 220 AMG LINE D 4MATIC AUTO
MERCEDES-BENZ,GLA,MERCEDES-BENZ,GLA 220 AMG LINE EXEC D 4M A
MERCEDES-BENZ,GLA,MERCEDES-BENZ,GLA 220 AMG LINE PREM + D 4M A
MERCEDES-BENZ,GLA,MERCEDES-BENZ,GLA 220 AMG LINE PREM D 4M A
MERCEDES-BENZ,GLA,MERCEDES-BENZ,GLA 220AMG LN PRM+NT ED D 4M A
MERCEDES-BENZ,GLA,MERCEDES-BENZ,GLA 220D
MERCEDES-BENZ,GLA,MERCEDES-BENZ,GLA 22D
MERCEDES-BENZ,GLA,MERCEDES-BENZ,GLA 250
MERCEDES-BENZ,GLA,MERCEDES-BENZ,GLA 250 4MATIC
MERCEDES-BENZ,GLA,MERCEDES-BENZ,GLA 250 AMG LINE AUTO
MERCEDES-BENZ,GLA,MERCEDES-BENZ,GLA 250 AMG LINE EDITION 4M A
MERCEDES-BENZ,GLA,MERCEDES-BENZ,GLA 250 AMG LINE EXECUTIVE A
MERCEDES-BENZ,GLA,MERCEDES-BENZ,GLA 250 AMG LINE EXECUTIVE E A
MERCEDES-BENZ,GLA,MERCEDES-BENZ,GLA 250 AMG LINE PREMIUM + A
MERCEDES-BENZ,GLA,MERCEDES-BENZ,GLA 250 AMG LINE PREMIUM AUTO
MERCEDES-BENZ,GLA,MERCEDES-BENZ,GLA 250 AMG LINE PREMIUM E A
MERCEDES-BENZ,GLA,MERCEDES-BENZ,GLA 250 AMG LN PRM+ NGT ED E A
MERCEDES-BENZ,GLA,MERCEDES-BENZ,GLA 250 AUTO
MERCEDES-BENZ,GLA,MERCEDES-BENZ,GLA 250 EXCLSIVE ED PREM + E A
MERCEDES-BENZ,GLA,MERCEDES-BENZ,GLA 250 EXCLUSIVE ED PREM E A
MERCEDES-BENZ,GLA,MERCEDES-BENZ,GLA 250 EXCLUSIVE EDITION E A
MERCEDES-BENZ,GLA,MERCEDES-BENZ,GLA 250E
MERCEDES-BENZ,GLA,MERCEDES-BENZ,GLA 45
MERCEDES-BENZ,GLA,MERCEDES-BENZ,GLA 45 AMG
MERCEDES-BENZ,GLA,MERCEDES-BENZ,GLA 45 S
MERCEDES-BENZ,GLA,MERCEDES-BENZ,GLA AMG 45 LINE
MERCEDES-BENZ,GLA,MERCEDES-BENZ,GLA CLASS
MERCEDES-BENZ,GLA,MERCEDES-BENZ,GLA CLASS 180
MERCEDES-BENZ,GLA,MERCEDES-BENZ,GLA E HYBRID
MERCEDES-BENZ,GLA,MERCEDES-BENZ,GLA-220
MERCEDES-BENZ,GLA,MERCEDES-BENZ,GLA-CLASS
FORD,FOCUS STATIONSVOGN,FORD,FOCUS
FORD,FOCUS STATIONSVOGN,FORD,FOCUS ACTIVE
FORD,FOCUS STATIONSVOGN,FORD,FOCUS ACTIVE EDITION
FORD,FOCUS STATIONSVOGN,FORD,FOCUS ACTIVE EDITION MHEV
FORD,FOCUS STATIONSVOGN,FORD,FOCUS ACTIVE MHEV
FORD,FOCUS STATIONSVOGN,FORD,FOCUS ACTIVE MHEV AUTO
FORD,FOCUS STATIONSVOGN,FORD,FOCUS ACTIVE STYLE
FORD,FOCUS STATIONSVOGN,FORD,FOCUS ACTIVE STYLE MHEV
FORD,FOCUS STATIONSVOGN,FORD,FOCUS ACTIVE STYLE MHEV AUTO
FORD,FOCUS STATIONSVOGN,FORD,FOCUS ACTIVE VIGNALE
FORD,FOCUS STATIONSVOGN,FORD,FOCUS ACTIVE VIGNALE MHEV
FORD,FOCUS STATIONSVOGN,FORD,FOCUS ACTIVE VIGNALE MHEV AUTO
FORD,FOCUS STATIONSVOGN,FORD,FOCUS ACTIVE X EDITION
FORD,FOCUS STATIONSVOGN,FORD,FOCUS ACTIVE X EDITION AUTO
FORD,FOCUS STATIONSVOGN,FORD,FOCUS ACTIVE X EDITION MHEV
FORD,FOCUS STATIONSVOGN,FORD,FOCUS ACTIVE X MHEV AUTO
FORD,FOCUS STATIONSVOGN,FORD,FOCUS ACTIVE X VIGNALE
FORD,FOCUS STATIONSVOGN,FORD,FOCUS ACTIVE X VIGNALE AUTO
FORD,FOCUS STATIONSVOGN,FORD,FOCUS ACTIVE X VIGNALE EBLUE A
FORD,FOCUS STATIONSVOGN,FORD,FOCUS ACTIVE X VIGNALE ECOBLUE
FORD,FOCUS STATIONSVOGN,FORD,FOCUS ACTIVE X VIGNALE ED MHEV
FORD,FOCUS STATIONSVOGN,FORD,FOCUS C-MAX
FORD,FOCUS STATIONSVOGN,FORD,FOCUS C-MAX LX
FORD,FOCUS STATIONSVOGN,FORD,FOCUS CC
FORD,FOCUS STATIONSVOGN,FORD,FOCUS ECOBLUE ST-LINE
FORD,FOCUS STATIONSVOGN,FORD,FOCUS GHIA
FORD,FOCUS STATIONSVOGN,FORD,FOCUS GHIA TDCI
FORD,FOCUS STATIONSVOGN,FORD,FOCUS LX
FORD,FOCUS STATIONSVOGN,FORD,FOCUS RS
FORD,FOCUS STATIONSVOGN,FORD,FOCUS S TDCI
FORD,FOCUS STATIONSVOGN,FORD,FOCUS SE
FORD,FOCUS STATIONSVOGN,FORD,FOCUS ST
FORD,FOCUS STATIONSVOGN,FORD,FOCUS ST 170
FORD,FOCUS STATIONSVOGN,FORD,FOCUS ST 2
FORD,FOCUS STATIONSVOGN,FORD,FOCUS ST AUTO
FORD,FOCUS STATIONSVOGN,FORD,FOCUS ST ECOBLUE
FORD,FOCUS STATIONSVOGN,FORD,FOCUS ST EDITION
FORD,FOCUS STATIONSVOGN,FORD,FOCUS ST-3 TDCI AUTO
FORD,FOCUS STATIONSVOGN,FORD,FOCUS ST-LINE
FORD,FOCUS STATIONSVOGN,FORD,FOCUS ST-LINE EDITION
FORD,FOCUS STATIONSVOGN,FORD,FOCUS ST-LINE EDITION MHEV
FORD,FOCUS STATIONSVOGN,FORD,FOCUS ST-LINE MHEV
FORD,FOCUS STATIONSVOGN,FORD,FOCUS ST-LINE MHEV AUTO
FORD,FOCUS STATIONSVOGN,FORD,FOCUS ST-LINE STYLE
FORD,FOCUS STATIONSVOGN,FORD,FOCUS ST-LINE STYLE ECOBLUE
FORD,FOCUS STATIONSVOGN,FORD,FOCUS ST-LINE STYLE ECOBLUE A
FORD,FOCUS STATIONSVOGN,FORD,FOCUS ST-LINE STYLE MHEV
FORD,FOCUS STATIONSVOGN,FORD,FOCUS ST-LINE STYLE MHEV AUTO
FORD,FOCUS STATIONSVOGN,FORD,FOCUS ST-LINE VIGNALE
FORD,FOCUS STATIONSVOGN,FORD,FOCUS ST-LINE VIGNALE E-BLUE A
FORD,FOCUS STATIONSVOGN,FORD,FOCUS ST-LINE VIGNALE MHEV
FORD,FOCUS STATIONSVOGN,FORD,FOCUS ST-LINE VIGNALE MHEV A
FORD,FOCUS STATIONSVOGN,FORD,FOCUS ST-LINE X
FORD,FOCUS STATIONSVOGN,FORD,FOCUS ST-LINE X ED E-BLUE A
FORD,FOCUS STATIONSVOGN,FORD,FOCUS ST-LINE X EDITION
FORD,FOCUS STATIONSVOGN,FORD,FOCUS ST-LINE X EDITION MHEV
FORD,FOCUS STATIONSVOGN,FORD,FOCUS ST-LINE X MHEV
FORD,FOCUS STATIONSVOGN,FORD,FOCUS ST-LINE X MHEV AUTO
FORD,FOCUS STATIONSVOGN,FORD,FOCUS ST-LINE X TDCI AUTO
FORD,FOCUS STATIONSVOGN,FORD,FOCUS ST3
FORD,FOCUS STATIONSVOGN,FORD,FOCUS TDCI
FORD,FOCUS STATIONSVOGN,FORD,FOCUS TITANIUM
FORD,FOCUS STATIONSVOGN,FORD,FOCUS TITANIUM EDITION
FORD,FOCUS STATIONSVOGN,FORD,FOCUS TITANIUM EDITION MHEV
FORD,FOCUS STATIONSVOGN,FORD,FOCUS TITANIUM MHEV
FORD,FOCUS STATIONSVOGN,FORD,FOCUS TITANIUM MHEV AUTO
FORD,FOCUS STATIONSVOGN,FORD,FOCUS TITANIUM NAV
FORD,FOCUS STATIONSVOGN,FORD,FOCUS TITANIUM STYLE
FORD,FOCUS STATIONSVOGN,FORD,FOCUS TITANIUM STYLE ECOBLUE
FORD,FOCUS STATIONSVOGN,FORD,FOCUS TITANIUM STYLE MHEV
FORD,FOCUS STATIONSVOGN,FORD,FOCUS TITANIUM TDCI
FORD,FOCUS STATIONSVOGN,FORD,FOCUS TITANIUM VIGNALE
FORD,FOCUS STATIONSVOGN,FORD,FOCUS TITANIUM VIGNALE EBLUE A
FORD,FOCUS STATIONSVOGN,FORD,FOCUS TITANIUM VIGNALE MHEV
FORD,FOCUS STATIONSVOGN,FORD,FOCUS TITANIUM VIGNALE MHEV A
FORD,FOCUS STATIONSVOGN,FORD,FOCUS TITANIUM X
FORD,FOCUS STATIONSVOGN,FORD,FOCUS TITANIUM X EDITION MHEV
FORD,FOCUS STATIONSVOGN,FORD,FOCUS TITANIUM X MHEV AUTO
FORD,FOCUS STATIONSVOGN,FORD,FOCUS TITANIUM X TDCI
FORD,FOCUS STATIONSVOGN,FORD,FOCUS TREND
FORD,FOCUS STATIONSVOGN,FORD,FOCUS TREND ECOBLUE
FORD,FOCUS STATIONSVOGN,FORD,FOCUS TREND ECOBLUE AUTO
FORD,FOCUS STATIONSVOGN,FORD,FOCUS TREND MHEV AUTO
FORD,FOCUS STATIONSVOGN,FORD,FOCUS VIGNALE EDITION MHEV
FORD,FOCUS STATIONSVOGN,FORD,FOCUS ZETEC EDITION
FORD,FOCUS STATIONSVOGN,FORD,FOCUS ZETEC EDITION MHEV
FORD,FOCUS STATIONSVOGN,FORD,FOCUS ZETEC TURBO
FORD,PUMA,FORD,PUMA
FORD,PUMA,FORD,PUMA MHEV
FORD,PUMA,FORD,PUMA ST
FORD,PUMA,FORD,PUMA ST GOLD EDITION
FORD,PUMA,FORD,PUMA ST MHEV AUTO
FORD,PUMA,FORD,PUMA ST PERFORMANCE
FORD,PUMA,FORD,PUMA ST-LINE
FORD,PUMA,FORD,PUMA ST-LINE AUTO
FORD,PUMA,FORD,PUMA ST-LINE DESIGN MHEV
FORD,PUMA,FORD,PUMA ST-LINE DESIGN MHEV AUTO
FORD,PUMA,FORD,PUMA ST-LINE MHEV
FORD,PUMA,FORD,PUMA ST-LINE MHEV AUTO
FORD,PUMA,FORD,PUMA ST-LINE VIGNALE AUTO
FORD,PUMA,FORD,PUMA ST-LINE VIGNALE ECOBLUE
FORD,PUMA,FORD,PUMA ST-LINE VIGNALE MHEV
FORD,PUMA,FORD,PUMA ST-LINE VIGNALE MHEV AUTO
FORD,PUMA,FORD,PUMA ST-LINE X AUTO
FORD,PUMA,FORD,PUMA ST-LINE X FIRST ED + MHEV
FORD,PUMA,FORD,PUMA ST-LINE X FIRST ED MHEV
FORD,PUMA,FORD,PUMA ST-LINE X GOLD ED MHEV
FORD,PUMA,FORD,PUMA ST-LINE X GOLD ED MHEV A
FORD,PUMA,FORD,PUMA ST-LINE X MHEV
FORD,PUMA,FORD,PUMA ST-LINE X MHEV AUTO
FORD,PUMA,FORD,PUMA ST-LINE X VIGNALE AUTO
FORD,PUMA,FORD,PUMA ST-LINE X VIGNALE MHEV
FORD,PUMA,FORD,PUMA TITANIUM
FORD,PUMA,FORD,PUMA TITANIUM AUTO
FORD,PUMA,FORD,PUMA TITANIUM DESIGN MHEV
FORD,PUMA,FORD,PUMA TITANIUM DESIGN MHEV AUTO
FORD,PUMA,FORD,PUMA TITANIUM FIRST ED MHEV
FORD,PUMA,FORD,PUMA TITANIUM MHEV
FORD,PUMA,FORD,PUMA TITANIUM MHEV AUTO
FORD,PUMA,FORD,PUMA VIVID RUBY EDITION
FORD,PUMA,FORD,PUMA VIVID RUBY EDITION AUTO
FORD,PUMA,FORD,PUMA VIVID RUBY EDITION MHEV
FORD,PUMA,FORD,PUMA VIVID RUBY EDITION MHEV A
SEAT,Ateca,SEAT,ATECA
SEAT,Ateca,SEAT,ATECA AMBULANCE
SEAT,Ateca,SEAT,ATECA CUP 300 LTD ED TSI 4D SA
SEAT,Ateca,SEAT,ATECA CUP LTD ED AKR TSI 4D SA
SEAT,Ateca,SEAT,ATECA FR
SEAT,Ateca,SEAT,ATECA FR 4DRIVE
SEAT,Ateca,SEAT,ATECA FR BLACK ED ECOTSI S-A
SEAT,Ateca,SEAT,ATECA FR BLACK ED TDI 4D S-A
SEAT,Ateca,SEAT,ATECA FR BLACK ED TSI 4D S-A
SEAT,Ateca,SEAT,ATECA FR BLACK ED TSI EVO S-A
SEAT,Ateca,SEAT,ATECA FR BLACK EDITION ECOTSI
SEAT,Ateca,SEAT,ATECA FR BLACK EDITION TDI
SEAT,Ateca,SEAT,ATECA FR BLACK EDITION TDI S-A
SEAT,Ateca,SEAT,ATECA FR BLACK EDITION TSI EVO
SEAT,Ateca,SEAT,ATECA FR EDITION ECOTSI
SEAT,Ateca,SEAT,ATECA FR EDITION ECOTSI S-A
SEAT,Ateca,SEAT,ATECA FR EDITION TDI S-A
SEAT,Ateca,SEAT,ATECA FR SPORT ECOTSI
SEAT,Ateca,SEAT,ATECA FR SPORT ECOTSI S-A
SEAT,Ateca,SEAT,ATECA FR SPORT TDI 4DRIVE S-A
SEAT,Ateca,SEAT,ATECA FR SPORT TSI EVO
SEAT,Ateca,SEAT,ATECA FR SPORT TSI EVO S-A
SEAT,Ateca,SEAT,ATECA FR TDI 4DRIVE S-A
SEAT,Ateca,SEAT,ATECA FR TSI EVO
SEAT,Ateca,SEAT,ATECA FR TSI EVO S-A
SEAT,Ateca,SEAT,ATECA LUX ECOTSI
SEAT,Ateca,SEAT,ATECA LUX ECOTSI S-A
SEAT,Ateca,SEAT,ATECA SE
SEAT,Ateca,SEAT,ATECA SE ECOMOTIVE
SEAT,Ateca,SEAT,ATECA SE TDI 4DRIVE S-A
SEAT,Ateca,SEAT,ATECA SE TECHNOLOGY TDI 4D SA
SEAT,Ateca,SEAT,ATECA SE TECHNOLOGY TSI EVO
SEAT,Ateca,SEAT,ATECA SE TECHNOLOGY TSI EVO SA
SEAT,Ateca,SEAT,ATECA SE TSI
SEAT,Ateca,SEAT,ATECA SE TSI EVO
SEAT,Ateca,SEAT,ATECA SE TSI EVO S-A
SEAT,Ateca,SEAT,ATECA TSI
SEAT,Ateca,SEAT,ATECA XCELLENCE
SEAT,Ateca,SEAT,ATECA XCELLENCE LUX TDI 4D SA
SEAT,Ateca,SEAT,ATECA XCELLENCE TDI 4DRIVE S-A
SEAT,Ateca,SEAT,ATECA XPERIENCE ECOTSI
SEAT,Ateca,SEAT,ATECA XPERIENCE ECOTSI S-A
SEAT,Ateca,SEAT,ATECA XPERIENCE ED ECOTSI SA
SEAT,Ateca,SEAT,ATECA XPERIENCE EDITION ECOTSI
SEAT,Ateca,SEAT,ATECA XPERIENCE EDITION TDI
SEAT,Ateca,SEAT,ATECA XPERIENCE EDITION TDI SA
SEAT,Ateca,SEAT,ATECA XPERIENCE LUX TDI
SEAT,Ateca,SEAT,ATECA XPERIENCE LUX TDI 4D SA
SEAT,Ateca,SEAT,ATECA XPERIENCE LUX TDI S-A
SEAT,Ateca,SEAT,ATECA XPERIENCE LUX TSI 4D SA
SEAT,Ateca,SEAT,ATECA XPERIENCE LUX TSI EVO
SEAT,Ateca,SEAT,ATECA XPERIENCE LUX TSI EVO SA
SEAT,Ateca,SEAT,ATECA XPERIENCE TDI
SEAT,Ateca,SEAT,ATECA XPERIENCE TDI 4DRIVE S-A
SEAT,Ateca,SEAT,ATECA XPERIENCE TDI S-A
SEAT,Ateca,SEAT,ATECA XPERIENCE TSI 4DRIVE S-A
SEAT,Ateca,SEAT,ATECA XPERIENCE TSI EVO
SEAT,Ateca,SEAT,ATECA XPERIENCE TSI EVO S-A
BMW,2-Serie,BMW,2 SERIES
BMW,2-Serie,BMW,216
BMW,2-Serie,BMW,216D
BMW,2-Serie,BMW,216D LUXURY
BMW,2-Serie,BMW,216D LUXURY AUTO
BMW,2-Serie,BMW,216D M SPORT
BMW,2-Serie,BMW,216D M SPORT AUTO
BMW,2-Serie,BMW,216D SE
BMW,2-Serie,BMW,216D SE AUTO
BMW,2-Serie,BMW,216D SPORT
BMW,2-Serie,BMW,216D SPORT AUTO
BMW,2-Serie,BMW,218
BMW,2-Serie,BMW,218 ACTIVE TOURER
BMW,2-Serie,BMW,218 CABRIOLET
BMW,2-Serie,BMW,218 D
BMW,2-Serie,BMW,218 D AUTO
BMW,2-Serie,BMW,218 D GRAND TOURER
BMW,2-Serie,BMW,218 F46 GRAN TOURER
BMW,2-Serie,BMW,218 I
BMW,2-Serie,BMW,218A ACTIVE TOURER
BMW,2-Serie,BMW,218A ACTIVE TOURER (F45)
BMW,2-Serie,BMW,218D
BMW,2-Serie,BMW,218D ACTIVE TOURER M-SPORT AUTO
BMW,2-Serie,BMW,218D LUXURY
BMW,2-Serie,BMW,218D LUXURY AUTO
BMW,2-Serie,BMW,218D M SPORT AUTO
BMW,2-Serie,BMW,218D M SPORT GRAND TOURER AUTO
BMW,2-Serie,BMW,218D SE
BMW,2-Serie,BMW,218D SE AUTO
BMW,2-Serie,BMW,218D SPORT
BMW,2-Serie,BMW,218D SPORT AUTO
BMW,2-Serie,BMW,218I
BMW,2-Serie,BMW,218I ACTIVE TOURER SPORT AUTO
BMW,2-Serie,BMW,218I GRAN TOURER
BMW,2-Serie,BMW,218I GRAND TOURER
BMW,2-Serie,BMW,218I GRAND TOURER AUTO
BMW,2-Serie,BMW,218I GRAND TOURER LUXURY  AUTO
BMW,2-Serie,BMW,218I GRAND TOURER LUXURY LINE
BMW,2-Serie,BMW,218I LUXURY
BMW,2-Serie,BMW,218I LUXURY AUTO
BMW,2-Serie,BMW,218I M SPORT
BMW,2-Serie,BMW,218I M SPORT AUTO
BMW,2-Serie,BMW,218I SE
BMW,2-Serie,BMW,218I SE AUTO
BMW,2-Serie,BMW,218I SPORT
BMW,2-Serie,BMW,218I SPORT AUTO
BMW,2-Serie,BMW,218IA ACTIVE TOURER F45
BMW,2-Serie,BMW,218IA GRAN TOURER
BMW,2-Serie,BMW,218d m sport
BMW,2-Serie,BMW,220
BMW,2-Serie,BMW,220 D
BMW,2-Serie,BMW,220 I
BMW,2-Serie,BMW,220D
BMW,2-Serie,BMW,220D LUXURY AUTO
BMW,2-Serie,BMW,220D M SPORT AUTO
BMW,2-Serie,BMW,220D M SPORT MHEV AUTO
BMW,2-Serie,BMW,220D SE AUTO
BMW,2-Serie,BMW,220D SPORT AUTO
BMW,2-Serie,BMW,220D XDRIVE LUXURY AUTO
BMW,2-Serie,BMW,220D XDRIVE M SPORT AUTO
BMW,2-Serie,BMW,220D XDRIVE SE AUTO
BMW,2-Serie,BMW,220D XDRIVE SPORT AUTO
BMW,2-Serie,BMW,220I
BMW,2-Serie,BMW,220I A GRAN TOURER
BMW,2-Serie,BMW,220I GRAND TOURER 1.5  AUTO
BMW,2-Serie,BMW,220I GRAND TOURER 2.0 MSPORT AUTO
BMW,2-Serie,BMW,220I GRAND TOURER M-SPORT AUTO
BMW,2-Serie,BMW,220I LUXURY AUTO
BMW,2-Serie,BMW,220I LUXURY MHEV AUTO
BMW,2-Serie,BMW,220I M SPORT AUTO
BMW,2-Serie,BMW,220I M SPORT MHEV AUTO
BMW,2-Serie,BMW,220I SE AUTO
BMW,2-Serie,BMW,220I SPORT AUTO
BMW,2-Serie,BMW,220I SPORT MHEV AUTO
BMW,2-Serie,BMW,220IA
BMW,2-Serie,BMW,220IA GRAN TOURER
BMW,2-Serie,BMW,225
BMW,2-Serie,BMW,225 XE
BMW,2-Serie,BMW,225D - M SPORT
BMW,2-Serie,BMW,225E LUXURY AUTO
BMW,2-Serie,BMW,225E M SPORT AUTO
BMW,2-Serie,BMW,225E SPORT AUTO
BMW,2-Serie,BMW,225XE
BMW,2-Serie,BMW,225XE LUXURY AUTO
BMW,2-Serie,BMW,225XE M SPORT AUTO
BMW,2-Serie,BMW,225XE M SPORT PREMIUM AUTO
BMW,2-Serie,BMW,225XE SPORT AUTO
BMW,2-Serie,BMW,225XE SPORT PREMIUM AUTO
FORD,B-MAX,FORD,B MAX
FORD,B-MAX,FORD,B-MAX
FORD,B-MAX,FORD,B-MAX TDCI
FORD,B-MAX,FORD,B-MAX TITANIUM
FORD,B-MAX,FORD,B-MAX TITANIUM TDCI
FORD,B-MAX,FORD,B-MAX TITANIUM X
BMW,X5,BMW,X5
BMW,X5,BMW,X5 (E70)
BMW,X5,BMW,X5 30D XDRIVE M-SPORT
BMW,X5,BMW,X5 35DM
BMW,X5,BMW,X5 35I
BMW,X5,BMW,X5 40E
BMW,X5,BMW,X5 F15
BMW,X5,BMW,X5 G05 XDRIVE30D M SPORT
BMW,X5,BMW,X5 M
BMW,X5,BMW,X5 M COMPETITION AUTO
BMW,X5,BMW,X5 M COMPETITION FIRST ED A
BMW,X5,BMW,X5 M SPORT
BMW,X5,BMW,X5 M SPORT XDRIVE AUTO
BMW,X5,BMW,X5 M50D
BMW,X5,BMW,X5 M50I AUTO
BMW,X5,BMW,X5 M50I BLACK VERMILION ED A
BMW,X5,BMW,X5 M60I XDRIVE MHEV AUTO
BMW,X5,BMW,X5 MSPORT XDRIVE
BMW,X5,BMW,X5 X-DRIVE
BMW,X5,BMW,X5 XD30D MSPT BLK VRMLN MHEV A
BMW,X5,BMW,X5 XD40D MSPT BLK VRMLN MHEV A
BMW,X5,BMW,X5 XD40I MSPT BLK VRMLN MHEV A
BMW,X5,BMW,X5 XD45E M SPT BLCK VRMLN ED A
BMW,X5,BMW,X5 XDRIVE 30D M SPORT
BMW,X5,BMW,X5 XDRIVE 45E
BMW,X5,BMW,X5 XDRIVE30D M SPORT MHEV AUTO
BMW,X5,BMW,X5 XDRIVE30D XLINE MHEV AUTO
BMW,X5,BMW,X5 XDRIVE40D M SPORT MHEV AUTO
BMW,X5,BMW,X5 XDRIVE40D XLINE MHEV AUTO
BMW,X5,BMW,X5 XDRIVE40I M SPORT MHEV AUTO
BMW,X5,BMW,X5 XDRIVE40I XLINE MHEV AUTO
BMW,X5,BMW,X5 XDRIVE45E M SPORT AUTO
BMW,X5,BMW,X5 XDRIVE45E XLINE AUTO
BMW,X5,BMW,X5 XDRIVE50E M SPORT AUTO
CITROËN,Grand C4 SpaceTourer,CITROEN,GRAND C4
CITROËN,Grand C4 SpaceTourer,CITROEN,GRAND C4 PICASSO
CITROËN,Grand C4 SpaceTourer,CITROEN,GRAND C4 PICCASSO
CITROËN,Grand C4 SpaceTourer,CITROEN,GRAND C4 SPACETOURER
AUDI,A3,AUDI,A3
AUDI,A3,AUDI,A3  S-LINE
AUDI,A3,AUDI,A3 'S' LINE
AUDI,A3,AUDI,A3 1.4 TFSI SE SPORTBACK S TRONIC 7G
AUDI,A3,AUDI,A3 30 TFSI
AUDI,A3,AUDI,A3 35 TFSI
AUDI,A3,AUDI,A3 35 TFSI S-LINE
AUDI,A3,AUDI,A3 AUTO
AUDI,A3,AUDI,A3 CABRIOLET
AUDI,A3,AUDI,A3 CONVERTIBLE
AUDI,A3,AUDI,A3 E-TRON
AUDI,A3,AUDI,A3 E-TRON 40 S-A
AUDI,A3,AUDI,A3 FSI
AUDI,A3,AUDI,A3 QUATTRO
AUDI,A3,AUDI,A3 QUATTRO SPORTLUXURY
AUDI,A3,AUDI,A3 RS3
AUDI,A3,AUDI,A3 S LINE
AUDI,A3,AUDI,A3 S LINE 30 TDI
AUDI,A3,AUDI,A3 S LINE 30 TFSI
AUDI,A3,AUDI,A3 S LINE 30 TFSI MHEV S-A
AUDI,A3,AUDI,A3 S LINE 35 TDI
AUDI,A3,AUDI,A3 S LINE 35 TDI S-A
AUDI,A3,AUDI,A3 S LINE 35 TFSI
AUDI,A3,AUDI,A3 S LINE 35 TFSI MHEV S-A
AUDI,A3,AUDI,A3 S LINE 40 TDI QUATTRO S-A
AUDI,A3,AUDI,A3 S LINE 40 TFSI E S-A
AUDI,A3,AUDI,A3 S LINE 40 TFSI QUATTRO S-A
AUDI,A3,AUDI,A3 S LINE BLACK ED 35 TDI SA
AUDI,A3,AUDI,A3 S LINE BLACK ED 35 TFSI
AUDI,A3,AUDI,A3 S LINE BLACK EDITION 35 TDI
AUDI,A3,AUDI,A3 S LINE COMP 45 TFSI E SA
AUDI,A3,AUDI,A3 S LINE ED 1 35 TFSI MHEV SA
AUDI,A3,AUDI,A3 S LINE ED 1 40 TDI QUAT SA
AUDI,A3,AUDI,A3 S LINE ED 1 40 TFSI QUAT SA
AUDI,A3,AUDI,A3 S LINE EDITION 1 35 TDI
AUDI,A3,AUDI,A3 S LINE EDITION 1 35 TDI S-A
AUDI,A3,AUDI,A3 S LINE EDITION 1 35 TFSI
AUDI,A3,AUDI,A3 S LINE TDI QUATTRO
AUDI,A3,AUDI,A3 S LINE TDI S-A
AUDI,A3,AUDI,A3 S LINE TFSI S-A
AUDI,A3,AUDI,A3 S LINE VOR 40 TFSI QUAT S-A
AUDI,A3,AUDI,A3 S LINE VORSPRUNG 35 TDI S-A
AUDI,A3,AUDI,A3 S LN BLK ED 35 TFSI MHEV SA
AUDI,A3,AUDI,A3 S LN VSPRNG 35 TFSI MHEV SA
AUDI,A3,AUDI,A3 S LNE V-SPRNG 40TDI QUAT SA
AUDI,A3,AUDI,A3 S-LINE  TDI
AUDI,A3,AUDI,A3 S-LINE TDI
AUDI,A3,AUDI,A3 S-LINE TDI QUATTRO
AUDI,A3,AUDI,A3 S-LINE TFSI
AUDI,A3,AUDI,A3 S-LINE TURBO
AUDI,A3,AUDI,A3 S3
AUDI,A3,AUDI,A3 S3 QUATTRO TFSI
AUDI,A3,AUDI,A3 SE TDI
AUDI,A3,AUDI,A3 SE TECHNIK 35 TDI
AUDI,A3,AUDI,A3 SLINE
AUDI,A3,AUDI,A3 SPORT 30 TDI
AUDI,A3,AUDI,A3 SPORT 30 TFSI
AUDI,A3,AUDI,A3 SPORT 30 TFSI MHEV S-A
AUDI,A3,AUDI,A3 SPORT 35 TDI
AUDI,A3,AUDI,A3 SPORT 35 TDI S-A
AUDI,A3,AUDI,A3 SPORT 35 TFSI
AUDI,A3,AUDI,A3 SPORT 35 TFSI MHEV S-A
AUDI,A3,AUDI,A3 SPORT 40 TDI QUATTRO S-A
AUDI,A3,AUDI,A3 SPORT 40 TFSI E S-A
AUDI,A3,AUDI,A3 SPORT 40 TFSI QUATTRO S-A
AUDI,A3,AUDI,A3 SPORT TDI
AUDI,A3,AUDI,A3 SPORTBACK 1.8 TURBO FSI AUTO
AUDI,A3,AUDI,A3 SPORTBACK TFSI AUTO LHD
AUDI,A3,AUDI,A3 T
AUDI,A3,AUDI,A3 TDI
AUDI,A3,AUDI,A3 TDI S-LINE
AUDI,A3,AUDI,A3 TDI ULTRA
AUDI,A3,AUDI,A3 TECHNIK 30 TDI
AUDI,A3,AUDI,A3 TECHNIK 30 TDI S-A
AUDI,A3,AUDI,A3 TECHNIK 30 TFSI
AUDI,A3,AUDI,A3 TECHNIK 30 TFSI MHEV S-A
AUDI,A3,AUDI,A3 TECHNIK 35 TDI
AUDI,A3,AUDI,A3 TECHNIK 35 TDI S-A
AUDI,A3,AUDI,A3 TECHNIK 35 TFSI
AUDI,A3,AUDI,A3 TECHNIK 35 TFSI MHEV S-A
AUDI,A3,AUDI,A3 TFSI
AUDI,A3,AUDI,A3 TFSI 35
AUDI,A3,AUDI,A3 TFSI CABRIOLET
AUDI,A3,AUDI,A3 TFSI QUATTRO S-LINE
AUDI,A3,AUDI,A3 TFSI S-LINE CABRIOLET
AUDI,A3,AUDI,A3 TURBO
VOLVO,V70,VOLVO,V70
VOLVO,V70,VOLVO,V70   T4
VOLVO,V70,VOLVO,V70  D5
VOLVO,V70,VOLVO,V70 AWD
VOLVO,V70,VOLVO,V70 D2
VOLVO,V70,VOLVO,V70 D5
VOLVO,V70,VOLVO,V70 D5 SE
VOLVO,V70,VOLVO,V70 HEARSE
VOLVO,V70,VOLVO,V70 R
VOLVO,V70,VOLVO,V70 SE SPORT
VOLVO,V70,VOLVO,V70 T5
FORD,GALAXY,FORD,GALAXY
FORD,GALAXY,FORD,GALAXY TDCI
FORD,GALAXY,FORD,GALAXY TITANIUM
FORD,GALAXY,FORD,GALAXY TITANIUM ECOBLUE 4X4 A
FORD,GALAXY,FORD,GALAXY TITANIUM HEV CVT
FORD,GALAXY,FORD,GALAXY TITANIUM TDCI
FORD,GALAXY,FORD,GALAXY TITANIUM X TDCI AUTO
FORD,GALAXY,FORD,GALAXY ZETEC HEV CVT
FIAT,Punto S7,FIAT,PUNTO
FIAT,Punto S7,FIAT,PUNTO ACTIVE
FIAT,Punto S7,FIAT,PUNTO DYNAMIC
FIAT,Punto S7,FIAT,PUNTO DYNAMIC SPORT
FIAT,Punto S7,FIAT,PUNTO EVO
FIAT,Punto S7,FIAT,PUNTO EVO DYNAMIC
OPEL,Mokka,VAUXHALL,MOKKA
OPEL,Mokka,VAUXHALL,MOKKA  SE  CDTI
OPEL,Mokka,VAUXHALL,MOKKA 4X4 ELITE CDTI
OPEL,Mokka,VAUXHALL,MOKKA BLACK TURBO
OPEL,Mokka,VAUXHALL,MOKKA BLACK TURBO AUTO
OPEL,Mokka,VAUXHALL,MOKKA CDTI
OPEL,Mokka,VAUXHALL,MOKKA DESIGN TURBO
OPEL,Mokka,VAUXHALL,MOKKA DESIGN TURBO AUTO
OPEL,Mokka,VAUXHALL,MOKKA DESIGN TURBO D
OPEL,Mokka,VAUXHALL,MOKKA E GS LINE
OPEL,Mokka,VAUXHALL,MOKKA E SRI PREMIUM
OPEL,Mokka,VAUXHALL,MOKKA ELITE EDITION TURBO
OPEL,Mokka,VAUXHALL,MOKKA ELITE EDITION TURBO AUTO
OPEL,Mokka,VAUXHALL,MOKKA ELITE EDITION TURBO D
OPEL,Mokka,VAUXHALL,MOKKA ELITE NAV PREMIUM EV
OPEL,Mokka,VAUXHALL,MOKKA ELITE NAV PREMIUM T A
OPEL,Mokka,VAUXHALL,MOKKA ELITE NAV PREMIUM T D
OPEL,Mokka,VAUXHALL,MOKKA ELITE NAV PREMIUM TURBO
OPEL,Mokka,VAUXHALL,MOKKA ELITE NAV TURBO
OPEL,Mokka,VAUXHALL,MOKKA ELITE NAV TURBO AUTO
OPEL,Mokka,VAUXHALL,MOKKA ELITE NAV TURBO D
OPEL,Mokka,VAUXHALL,MOKKA ELITE PREMIUM EV
OPEL,Mokka,VAUXHALL,MOKKA ELITE PREMIUM TURBO
OPEL,Mokka,VAUXHALL,MOKKA ELITE PREMIUM TURBO AUTO
OPEL,Mokka,VAUXHALL,MOKKA ELITE PREMIUM TURBO D
OPEL,Mokka,VAUXHALL,MOKKA ELITE TURBO
OPEL,Mokka,VAUXHALL,MOKKA GS EV
OPEL,Mokka,VAUXHALL,MOKKA GS LINE TURBO
OPEL,Mokka,VAUXHALL,MOKKA GS LINE TURBO AUTO
OPEL,Mokka,VAUXHALL,MOKKA GS LINE TURBO D
OPEL,Mokka,VAUXHALL,MOKKA GS TURBO
OPEL,Mokka,VAUXHALL,MOKKA GS TURBO AUTO
OPEL,Mokka,VAUXHALL,MOKKA LAUNCH EDITION EV
OPEL,Mokka,VAUXHALL,MOKKA LAUNCH EDITION TURBO A
OPEL,Mokka,VAUXHALL,MOKKA LAUNCH EDITION TURBO D
OPEL,Mokka,VAUXHALL,MOKKA SE
OPEL,Mokka,VAUXHALL,MOKKA SE CDTI
OPEL,Mokka,VAUXHALL,MOKKA SE CDTI 4X4
OPEL,Mokka,VAUXHALL,MOKKA SE EDITION TURBO
OPEL,Mokka,VAUXHALL,MOKKA SE EDITION TURBO D
OPEL,Mokka,VAUXHALL,MOKKA SE NAV PREMIUM EV
OPEL,Mokka,VAUXHALL,MOKKA SE PREMIUM EV
OPEL,Mokka,VAUXHALL,MOKKA SE TURBO
OPEL,Mokka,VAUXHALL,MOKKA SE TURBO D
OPEL,Mokka,VAUXHALL,MOKKA SRI NAV PREMIUM EV
OPEL,Mokka,VAUXHALL,MOKKA SRI NAV PREMIUM TURBO
OPEL,Mokka,VAUXHALL,MOKKA SRI NAV PREMIUM TURBO A
OPEL,Mokka,VAUXHALL,MOKKA SRI NAV PREMIUM TURBO D
OPEL,Mokka,VAUXHALL,MOKKA SRI PREMIUM TURBO
OPEL,Mokka,VAUXHALL,MOKKA SRI PREMIUM TURBO AUTO
OPEL,Mokka,VAUXHALL,MOKKA SRI PREMIUM TURBO D
OPEL,Mokka,VAUXHALL,MOKKA SRI TURBO
OPEL,Mokka,VAUXHALL,MOKKA SRI TURBO AUTO
OPEL,Mokka,VAUXHALL,MOKKA SRI TURBO D
OPEL,Mokka,VAUXHALL,MOKKA TURBO
OPEL,Mokka,VAUXHALL,MOKKA TURBO ELITE 4X4
OPEL,Mokka,VAUXHALL,MOKKA TURBO SE
OPEL,Mokka,VAUXHALL,MOKKA ULTIMATE EDITION EV
OPEL,Mokka,VAUXHALL,MOKKA ULTIMATE EV
OPEL,Mokka,VAUXHALL,MOKKA ULTIMATE NAV EV
OPEL,Mokka,VAUXHALL,MOKKA ULTIMATE NAV TURBO AUTO
OPEL,Mokka,VAUXHALL,MOKKA ULTIMATE NAV TURBO D
OPEL,Mokka,VAUXHALL,MOKKA ULTIMATE TURBO
OPEL,Mokka,VAUXHALL,MOKKA ULTIMATE TURBO AUTO
OPEL,Mokka,VAUXHALL,MOKKA ULTIMATE TURBO D
OPEL,Mokka,VAUXHALL,MOKKA X
OPEL,Mokka,VAUXHALL,MOKKA X CDTI
OPEL,Mokka,VAUXHALL,MOKKA X ELITE
OPEL,Mokka,VAUXHALL,MOKKA X ELITE NAV ECOTEC
OPEL,Mokka,VAUXHALL,MOKKA X ELITE TURBO
OPEL,Mokka,VAUXHALL,MOKKA X GRIFFIN + TURBO AUTO
OPEL,Mokka,VAUXHALL,MOKKA X GRIFFIN TURBO AUTO
OPEL,Mokka,VAUXHALL,MOKKA X TURBO
OPEL,Mokka,VAUXHALL,MOKKA X TURBO ELITE
OPEL,Mokka,VAUXHALL,MOKKA-TECH LN.115S.S/
RENAULT,MEGANE SPORT TOURER,RENAULT,MEGANE
RENAULT,MEGANE SPORT TOURER,RENAULT,MEGANE CABRIOLET
RENAULT,MEGANE SPORT TOURER,RENAULT,MEGANE COUPE
RENAULT,MEGANE SPORT TOURER,RENAULT,MEGANE COUPE CABRIOLET
RENAULT,MEGANE SPORT TOURER,RENAULT,MEGANE COUPE DCI
RENAULT,MEGANE SPORT TOURER,RENAULT,MEGANE DCI
RENAULT,MEGANE SPORT TOURER,RENAULT,MEGANE DYNAMIQUE
RENAULT,MEGANE SPORT TOURER,RENAULT,MEGANE DYNAMIQUE DCI
RENAULT,MEGANE SPORT TOURER,RENAULT,MEGANE EQUILIBRE EV
RENAULT,MEGANE SPORT TOURER,RENAULT,MEGANE ESTATE
RENAULT,MEGANE SPORT TOURER,RENAULT,MEGANE EXPRESSION +
RENAULT,MEGANE SPORT TOURER,RENAULT,MEGANE GT-LINE
RENAULT,MEGANE SPORT TOURER,RENAULT,MEGANE HATCH
RENAULT,MEGANE SPORT TOURER,RENAULT,MEGANE I-MUSIC
RENAULT,MEGANE SPORT TOURER,RENAULT,MEGANE ICONIC E-TECH AUTO
RENAULT,MEGANE SPORT TOURER,RENAULT,MEGANE ICONIC EV
RENAULT,MEGANE SPORT TOURER,RENAULT,MEGANE KNIGHT EDITION
RENAULT,MEGANE SPORT TOURER,RENAULT,MEGANE LAUNCH EDITION EV
RENAULT,MEGANE SPORT TOURER,RENAULT,MEGANE RS
RENAULT,MEGANE SPORT TOURER,RENAULT,MEGANE RS CUP
RENAULT,MEGANE SPORT TOURER,RENAULT,MEGANE RS LINE BLUE DCI
RENAULT,MEGANE SPORT TOURER,RENAULT,MEGANE RS LINE BLUE DCI AUTO
RENAULT,MEGANE SPORT TOURER,RENAULT,MEGANE RS LINE E-TECH AUTO
RENAULT,MEGANE SPORT TOURER,RENAULT,MEGANE RS LINE TCE
RENAULT,MEGANE SPORT TOURER,RENAULT,MEGANE RS LINE TCE AUTO
RENAULT,MEGANE SPORT TOURER,RENAULT,MEGANE RS PT 250 SPORT
RENAULT,MEGANE SPORT TOURER,RENAULT,MEGANE RS TROPHY-R TCE
RENAULT,MEGANE SPORT TOURER,RENAULT,MEGANE SCENIC
RENAULT,MEGANE SPORT TOURER,RENAULT,MEGANE SIGNATURE
RENAULT,MEGANE SPORT TOURER,RENAULT,MEGANE SPORT R26
RENAULT,MEGANE SPORT TOURER,RENAULT,MEGANE TECHNO COMFORT RANGE EV
RENAULT,MEGANE SPORT TOURER,RENAULT,MEGANE TECHNO EV
RENAULT,MEGANE SPORT TOURER,RENAULT,MEGANE TECHNO+ EV
RENAULT,MEGANE SPORT TOURER,RENAULT,MEGANE TROPHY RS
RENAULT,MEGANE SPORT TOURER,RENAULT,MEGANE-RSPORT 265 S& S
HYUNDAI,I 10,HYUNDAI,I10
HYUNDAI,I 10,HYUNDAI,I10 ACTIVE
HYUNDAI,I 10,HYUNDAI,I10 ADVANCE
HYUNDAI,I 10,HYUNDAI,I10 ADVANCE AUTO
HYUNDAI,I 10,HYUNDAI,I10 BLUE
HYUNDAI,I 10,HYUNDAI,I10 BLUE DRIVE SE
HYUNDAI,I 10,HYUNDAI,I10 CLASSIC
HYUNDAI,I 10,HYUNDAI,I10 COMFORT
HYUNDAI,I 10,HYUNDAI,I10 ES
HYUNDAI,I 10,HYUNDAI,I10 GLS
HYUNDAI,I 10,HYUNDAI,I10 GO!
HYUNDAI,I 10,HYUNDAI,I10 N LINE
HYUNDAI,I 10,HYUNDAI,I10 N LINE T-GDI
HYUNDAI,I 10,HYUNDAI,I10 PREMINM
HYUNDAI,I 10,HYUNDAI,I10 PREMIUM
HYUNDAI,I 10,HYUNDAI,I10 PREMIUM AUTO
HYUNDAI,I 10,HYUNDAI,I10 PREMIUM MPI
HYUNDAI,I 10,HYUNDAI,I10 PREMIUM MPI AUTO
HYUNDAI,I 10,HYUNDAI,I10 PREMIUM SE
HYUNDAI,I 10,HYUNDAI,I10 SE
HYUNDAI,I 10,HYUNDAI,I10 SE CONNECT MPI
HYUNDAI,I 10,HYUNDAI,I10 SE CONNECT MPI AUTO
HYUNDAI,I 10,HYUNDAI,I10 SE MPI
HYUNDAI,I 10,HYUNDAI,I10 STYLE
HYUNDAI,IX20,HYUNDAI,IX20
HYUNDAI,IX20,HYUNDAI,IX20 ACTIVE
HYUNDAI,IX20,HYUNDAI,IX20 CLASSIC CRDI
HYUNDAI,IX20,HYUNDAI,IX20 SE
SUZUKI,SX4,SUZUKI,SX4
SUZUKI,SX4,SUZUKI,SX4 4X4
SUZUKI,SX4,SUZUKI,SX4 S-CROSS
SUZUKI,SX4,SUZUKI,SX4 S-CROSS MOTION B-JET MHEV
SUZUKI,SX4,SUZUKI,SX4 S-CROSS MOTION BJET MHEV A
SUZUKI,SX4,SUZUKI,SX4 S-CROSS SZ-T B-JET MHEV
SUZUKI,SX4,SUZUKI,SX4 S-CROSS SZ-T B-JET MHEV A
SUZUKI,SX4,SUZUKI,SX4 S-CROSS SZ4 B-JET MHEV
SUZUKI,SX4,SUZUKI,SX4 S-CROSS SZ5 B-JET MHEV
SUZUKI,SX4,SUZUKI,SX4 S-CROSS SZ5 BJET MHEV 4X4A
SUZUKI,SX4,SUZUKI,SX4 S-CROSS SZ5 BJET MHEV AGRP
SUZUKI,SX4,SUZUKI,SX4 S-CROSS SZ5 BOOSTERJET A
SUZUKI,SX4,SUZUKI,SX4 S-CROSS ULTRA B-JET MHEV
SUZUKI,SX4,SUZUKI,SX4 S-CROSS ULTRA BJT MHEV 4X4
SUZUKI,SX4,SUZUKI,SX4 SCROSS ULTRA BJT MHEV 4X4A
SUZUKI,SX4,SUZUKI,SX4 SZ-L
SUZUKI,SX4,SUZUKI,SX4 SZ4
BMW,X3,BMW,X3
BMW,X3,BMW,X3 (F25)
BMW,X3,BMW,X3 20D M SPORT XDRIVE
BMW,X3,BMW,X3 20D M SPORTS XDRIVE AUTO
BMW,X3,BMW,X3 20D X DRIVE M-SPORT
BMW,X3,BMW,X3 20D X-DRIVE
BMW,X3,BMW,X3 20D-M-SPORT
BMW,X3,BMW,X3 28I AUTO
BMW,X3,BMW,X3 M
BMW,X3,BMW,X3 M COMPETITION AUTO
BMW,X3,BMW,X3 M SPORT
BMW,X3,BMW,X3 M40
BMW,X3,BMW,X3 M40 D
BMW,X3,BMW,X3 M40D M PRO EDITION MHEV A
BMW,X3,BMW,X3 M40D M SPORT AUTO
BMW,X3,BMW,X3 M40D MHEV AUTO
BMW,X3,BMW,X3 M40D MSPORT
BMW,X3,BMW,X3 M40D XDRIVE
BMW,X3,BMW,X3 M40I
BMW,X3,BMW,X3 M40I M PRO EDITION MHEV A
BMW,X3,BMW,X3 M40I MHEV AUTO
BMW,X3,BMW,X3 X-DRIVE
BMW,X3,BMW,X3 XDRIVE 20D MHEV
BMW,X3,BMW,X3 XDRIVE20D M SPORT MHEV AUTO
BMW,X3,BMW,X3 XDRIVE20D SE MHEV AUTO
BMW,X3,BMW,X3 XDRIVE20D XLINE MHEV AUTO
BMW,X3,BMW,X3 XDRIVE20I M SPORT MHEV AUTO
BMW,X3,BMW,X3 XDRIVE20I XLINE MHEV AUTO
BMW,X3,BMW,X3 XDRIVE30D M SPORT MHEV AUTO
BMW,X3,BMW,X3 XDRIVE30D XLINE MHEV AUTO
BMW,X3,BMW,X3 XDRIVE30E M SPORT AUTO
BMW,X3,BMW,X3 XDRIVE30E SE AUTO
BMW,X3,BMW,X3 XDRIVE30E XLINE AUTO
AUDI,A3 Limousine,AUDI,A3
AUDI,A3 Limousine,AUDI,A3  S-LINE
AUDI,A3 Limousine,AUDI,A3 'S' LINE
AUDI,A3 Limousine,AUDI,A3 1.4 TFSI SE SPORTBACK S TRONIC 7G
AUDI,A3 Limousine,AUDI,A3 30 TFSI
AUDI,A3 Limousine,AUDI,A3 35 TFSI
AUDI,A3 Limousine,AUDI,A3 35 TFSI S-LINE
AUDI,A3 Limousine,AUDI,A3 AUTO
AUDI,A3 Limousine,AUDI,A3 CABRIOLET
AUDI,A3 Limousine,AUDI,A3 CONVERTIBLE
AUDI,A3 Limousine,AUDI,A3 E-TRON
AUDI,A3 Limousine,AUDI,A3 E-TRON 40 S-A
AUDI,A3 Limousine,AUDI,A3 FSI
AUDI,A3 Limousine,AUDI,A3 QUATTRO
AUDI,A3 Limousine,AUDI,A3 QUATTRO SPORTLUXURY
AUDI,A3 Limousine,AUDI,A3 RS3
AUDI,A3 Limousine,AUDI,A3 S LINE
AUDI,A3 Limousine,AUDI,A3 S LINE 30 TDI
AUDI,A3 Limousine,AUDI,A3 S LINE 30 TFSI
AUDI,A3 Limousine,AUDI,A3 S LINE 30 TFSI MHEV S-A
AUDI,A3 Limousine,AUDI,A3 S LINE 35 TDI
AUDI,A3 Limousine,AUDI,A3 S LINE 35 TDI S-A
AUDI,A3 Limousine,AUDI,A3 S LINE 35 TFSI
AUDI,A3 Limousine,AUDI,A3 S LINE 35 TFSI MHEV S-A
AUDI,A3 Limousine,AUDI,A3 S LINE 40 TDI QUATTRO S-A
AUDI,A3 Limousine,AUDI,A3 S LINE 40 TFSI E S-A
AUDI,A3 Limousine,AUDI,A3 S LINE 40 TFSI QUATTRO S-A
AUDI,A3 Limousine,AUDI,A3 S LINE BLACK ED 35 TDI SA
AUDI,A3 Limousine,AUDI,A3 S LINE BLACK ED 35 TFSI
AUDI,A3 Limousine,AUDI,A3 S LINE BLACK EDITION 35 TDI
AUDI,A3 Limousine,AUDI,A3 S LINE COMP 45 TFSI E SA
AUDI,A3 Limousine,AUDI,A3 S LINE ED 1 35 TFSI MHEV SA
AUDI,A3 Limousine,AUDI,A3 S LINE ED 1 40 TDI QUAT SA
AUDI,A3 Limousine,AUDI,A3 S LINE ED 1 40 TFSI QUAT SA
AUDI,A3 Limousine,AUDI,A3 S LINE EDITION 1 35 TDI
AUDI,A3 Limousine,AUDI,A3 S LINE EDITION 1 35 TDI S-A
AUDI,A3 Limousine,AUDI,A3 S LINE EDITION 1 35 TFSI
AUDI,A3 Limousine,AUDI,A3 S LINE TDI QUATTRO
AUDI,A3 Limousine,AUDI,A3 S LINE TDI S-A
AUDI,A3 Limousine,AUDI,A3 S LINE TFSI S-A
AUDI,A3 Limousine,AUDI,A3 S LINE VOR 40 TFSI QUAT S-A
AUDI,A3 Limousine,AUDI,A3 S LINE VORSPRUNG 35 TDI S-A
AUDI,A3 Limousine,AUDI,A3 S LN BLK ED 35 TFSI MHEV SA
AUDI,A3 Limousine,AUDI,A3 S LN VSPRNG 35 TFSI MHEV SA
AUDI,A3 Limousine,AUDI,A3 S LNE V-SPRNG 40TDI QUAT SA
AUDI,A3 Limousine,AUDI,A3 S-LINE  TDI
AUDI,A3 Limousine,AUDI,A3 S-LINE TDI
AUDI,A3 Limousine,AUDI,A3 S-LINE TDI QUATTRO
AUDI,A3 Limousine,AUDI,A3 S-LINE TFSI
AUDI,A3 Limousine,AUDI,A3 S-LINE TURBO
AUDI,A3 Limousine,AUDI,A3 S3
AUDI,A3 Limousine,AUDI,A3 S3 QUATTRO TFSI
AUDI,A3 Limousine,AUDI,A3 SE TDI
AUDI,A3 Limousine,AUDI,A3 SE TECHNIK 35 TDI
AUDI,A3 Limousine,AUDI,A3 SLINE
AUDI,A3 Limousine,AUDI,A3 SPORT 30 TDI
AUDI,A3 Limousine,AUDI,A3 SPORT 30 TFSI
AUDI,A3 Limousine,AUDI,A3 SPORT 30 TFSI MHEV S-A
AUDI,A3 Limousine,AUDI,A3 SPORT 35 TDI
AUDI,A3 Limousine,AUDI,A3 SPORT 35 TDI S-A
AUDI,A3 Limousine,AUDI,A3 SPORT 35 TFSI
AUDI,A3 Limousine,AUDI,A3 SPORT 35 TFSI MHEV S-A
AUDI,A3 Limousine,AUDI,A3 SPORT 40 TDI QUATTRO S-A
AUDI,A3 Limousine,AUDI,A3 SPORT 40 TFSI E S-A
AUDI,A3 Limousine,AUDI,A3 SPORT 40 TFSI QUATTRO S-A
AUDI,A3 Limousine,AUDI,A3 SPORT TDI
AUDI,A3 Limousine,AUDI,A3 SPORTBACK 1.8 TURBO FSI AUTO
AUDI,A3 Limousine,AUDI,A3 SPORTBACK TFSI AUTO LHD
AUDI,A3 Limousine,AUDI,A3 T
AUDI,A3 Limousine,AUDI,A3 TDI
AUDI,A3 Limousine,AUDI,A3 TDI S-LINE
AUDI,A3 Limousine,AUDI,A3 TDI ULTRA
AUDI,A3 Limousine,AUDI,A3 TECHNIK 30 TDI
AUDI,A3 Limousine,AUDI,A3 TECHNIK 30 TDI S-A
AUDI,A3 Limousine,AUDI,A3 TECHNIK 30 TFSI
AUDI,A3 Limousine,AUDI,A3 TECHNIK 30 TFSI MHEV S-A
AUDI,A3 Limousine,AUDI,A3 TECHNIK 35 TDI
AUDI,A3 Limousine,AUDI,A3 TECHNIK 35 TDI S-A
AUDI,A3 Limousine,AUDI,A3 TECHNIK 35 TFSI
AUDI,A3 Limousine,AUDI,A3 TECHNIK 35 TFSI MHEV S-A
AUDI,A3 Limousine,AUDI,A3 TFSI
AUDI,A3 Limousine,AUDI,A3 TFSI 35
AUDI,A3 Limousine,AUDI,A3 TFSI CABRIOLET
AUDI,A3 Limousine,AUDI,A3 TFSI QUATTRO S-LINE
AUDI,A3 Limousine,AUDI,A3 TFSI S-LINE CABRIOLET
AUDI,A3 Limousine,AUDI,A3 TURBO
NISSAN,X-TRAIL,NISSAN,X - TRAIL
NISSAN,X-TRAIL,NISSAN,X TRAIL
NISSAN,X-TRAIL,NISSAN,X TRAIL DCI 173 TEKNA M/T
NISSAN,X-TRAIL,NISSAN,X TRAIL SVE
NISSAN,X-TRAIL,NISSAN,X-TRAIL
NISSAN,X-TRAIL,NISSAN,X-TRAIL ACENTA PREM E-4ORCE A
NISSAN,X-TRAIL,NISSAN,X-TRAIL ACENTA PREM E-POWER A
NISSAN,X-TRAIL,NISSAN,X-TRAIL ACENTA PREMIUM DCI CVT
NISSAN,X-TRAIL,NISSAN,X-TRAIL ACNTA PREMIUM MHEV CVT
NISSAN,X-TRAIL,NISSAN,X-TRAIL N-CONNECTA E-4ORCE A
NISSAN,X-TRAIL,NISSAN,X-TRAIL N-CONNECTA E-POWER A
NISSAN,X-TRAIL,NISSAN,X-TRAIL N-CONNECTA MHEV CVT
NISSAN,X-TRAIL,NISSAN,X-TRAIL N-DESIGN DIG-T S-A
NISSAN,X-TRAIL,NISSAN,X-TRAIL NCONNCTA DIGT MHEV CVT
NISSAN,X-TRAIL,NISSAN,X-TRAIL SPORT DCI
NISSAN,X-TRAIL,NISSAN,X-TRAIL SVE DCI
NISSAN,X-TRAIL,NISSAN,X-TRAIL TEKNA + DIG-T MHEV CVT
NISSAN,X-TRAIL,NISSAN,X-TRAIL TEKNA + E-4ORCE AUTO
NISSAN,X-TRAIL,NISSAN,X-TRAIL TEKNA + E-POWER AUTO
NISSAN,X-TRAIL,NISSAN,X-TRAIL TEKNA DIG-T MHEV CVT
NISSAN,X-TRAIL,NISSAN,X-TRAIL TEKNA E-4ORCE AUTO
NISSAN,X-TRAIL,NISSAN,X-TRAIL TEKNA E-POWER AUTO
NISSAN,X-TRAIL,NISSAN,X-TRAIL VISIA DIG-T MHEV CVT
NISSAN,X-TRAIL,NISSAN,X-TRAIL VISIA DIG-T S-A
MERCEDES-BENZ,GLE,MERCEDES-BENZ,GLE
MERCEDES-BENZ,GLE,MERCEDES-BENZ,GLE 250
MERCEDES-BENZ,GLE,MERCEDES-BENZ,GLE 250D
MERCEDES-BENZ,GLE,MERCEDES-BENZ,GLE 250D 4 MATIC
MERCEDES-BENZ,GLE,MERCEDES-BENZ,GLE 300
MERCEDES-BENZ,GLE,MERCEDES-BENZ,GLE 300 AMG LINE D MHEV 4MAT A
MERCEDES-BENZ,GLE,MERCEDES-BENZ,GLE 300 AMG LINE EXEC D 4MAT A
MERCEDES-BENZ,GLE,MERCEDES-BENZ,GLE 300 AMG LINE PREM D 4MA
MERCEDES-BENZ,GLE,MERCEDES-BENZ,GLE 300 AMG LN PREM D MHEV 4MA
MERCEDES-BENZ,GLE,MERCEDES-BENZ,GLE 300 AMG LN PREM+D MHEV 4MA
MERCEDES-BENZ,GLE,MERCEDES-BENZ,GLE 300D
MERCEDES-BENZ,GLE,MERCEDES-BENZ,GLE 300D 4MATIC
MERCEDES-BENZ,GLE,MERCEDES-BENZ,GLE 350
MERCEDES-BENZ,GLE,MERCEDES-BENZ,GLE 350 AMG LINE DE 4MATIC A
MERCEDES-BENZ,GLE,MERCEDES-BENZ,GLE 350 AMG LINE EXEC D 4MAT A
MERCEDES-BENZ,GLE,MERCEDES-BENZ,GLE 350 AMG LINE PREM DE 4M A
MERCEDES-BENZ,GLE,MERCEDES-BENZ,GLE 350 AMG LINE PREM+ DE 4M A
MERCEDES-BENZ,GLE,MERCEDES-BENZ,GLE 350 D
MERCEDES-BENZ,GLE,MERCEDES-BENZ,GLE 350D
MERCEDES-BENZ,GLE,MERCEDES-BENZ,GLE 350D AMG LANE
MERCEDES-BENZ,GLE,MERCEDES-BENZ,GLE 350DE
MERCEDES-BENZ,GLE,MERCEDES-BENZ,GLE 400
MERCEDES-BENZ,GLE,MERCEDES-BENZ,GLE 400 AMG LINE PREM + E 4M A
MERCEDES-BENZ,GLE,MERCEDES-BENZ,GLE 43
MERCEDES-BENZ,GLE,MERCEDES-BENZ,GLE 43 AMG
MERCEDES-BENZ,GLE,MERCEDES-BENZ,GLE 450
MERCEDES-BENZ,GLE,MERCEDES-BENZ,GLE 450 AMG LINE D MHEV 4M A
MERCEDES-BENZ,GLE,MERCEDES-BENZ,GLE 450 AMG LINE PRM MHEV 4M A
MERCEDES-BENZ,GLE,MERCEDES-BENZ,GLE 450 AMG LN PRM D MHEV 4M A
MERCEDES-BENZ,GLE,MERCEDES-BENZ,GLE 450 AMG LN PRM+ D MHEV 4MA
MERCEDES-BENZ,GLE,MERCEDES-BENZ,GLE 450 AMG LNE PRM+ MHEV 4M A
MERCEDES-BENZ,GLE,MERCEDES-BENZ,GLE 500E
MERCEDES-BENZ,GLE,MERCEDES-BENZ,GLE 53 AMG PREMIUM+MHEV 4M+A
MERCEDES-BENZ,GLE,MERCEDES-BENZ,GLE 580
MERCEDES-BENZ,GLE,MERCEDES-BENZ,GLE 580 AMG LNE EXEC MHEV 4M A
MERCEDES-BENZ,GLE,MERCEDES-BENZ,GLE-CLASS
VOLVO,V90,VOLVO,V90
VOLVO,V90,VOLVO,V90 + B4 MHEV AUTO
VOLVO,V90,VOLVO,V90 + B5 MHEV AUTO
VOLVO,V90,VOLVO,V90 + T6 RECHARGE AWD AUTO
VOLVO,V90,VOLVO,V90 B4 MHEV AWD AUTO
VOLVO,V90,VOLVO,V90 B5 MHEV AWD AUTO
VOLVO,V90,VOLVO,V90 B6 MHEV AWD AUTO
VOLVO,V90,VOLVO,V90 C-COUNTRY + B5 MHEV AWD A
VOLVO,V90,VOLVO,V90 C-COUNTRY B4 MHEV AWD A
VOLVO,V90,VOLVO,V90 C-COUNTRY B5 MHEV AWD A
VOLVO,V90,VOLVO,V90 C-COUNTRY B5 MHEV AWD AUTO
VOLVO,V90,VOLVO,V90 C-COUNTRY B6 MHEV AWD AUTO
VOLVO,V90,VOLVO,V90 C-COUNTRY CRE B5MHEV AWD A
VOLVO,V90,VOLVO,V90 C-COUNTRY CRE B6MHEV AWD A
VOLVO,V90,VOLVO,V90 CCOUNNTRY ULT B5MHEV AWD A
VOLVO,V90,VOLVO,V90 CORE B4 MHEV AUTO
VOLVO,V90,VOLVO,V90 CORE B4 MHEV AWD AUTO
VOLVO,V90,VOLVO,V90 CORE B5 MHEV AWD AUTO
VOLVO,V90,VOLVO,V90 CORE B6 MHEV AWD AUTO
VOLVO,V90,VOLVO,V90 CROSS COUNTRY + D4 AWD A
VOLVO,V90,VOLVO,V90 CROSS COUNTRY + D5 AWD A
VOLVO,V90,VOLVO,V90 CROSS COUNTRY + T5 AWD A
VOLVO,V90,VOLVO,V90 CROSS COUNTRY + T6 AWD A
VOLVO,V90,VOLVO,V90 CROSS COUNTRY D5 AWD AUTO
VOLVO,V90,VOLVO,V90 CROSS COUNTRY+ D5 PP AWD A
VOLVO,V90,VOLVO,V90 D4
VOLVO,V90,VOLVO,V90 D4 AWD
VOLVO,V90,VOLVO,V90 D5 AWD AUTO
VOLVO,V90,VOLVO,V90 INSCRIPTION + D4 AUTO
VOLVO,V90,VOLVO,V90 INSCRIPTION + D5 AWD AUTO
VOLVO,V90,VOLVO,V90 INSCRIPTION + D5 PP AWD A
VOLVO,V90,VOLVO,V90 INSCRIPTION + T4 AUTO
VOLVO,V90,VOLVO,V90 INSCRIPTION + T5 AUTO
VOLVO,V90,VOLVO,V90 INSCRIPTION + T8 PHEV A A
VOLVO,V90,VOLVO,V90 INSCRIPTION B4 MHEV AUTO
VOLVO,V90,VOLVO,V90 INSCRIPTION B5 MHEV AUTO
VOLVO,V90,VOLVO,V90 INSCRIPTION B5 MHEV AWD A
VOLVO,V90,VOLVO,V90 INSCRIPTION D5 AWD AUTO
VOLVO,V90,VOLVO,V90 INSCRIPTION T6 RCHRG AWD A
VOLVO,V90,VOLVO,V90 MOMENTUM + D4 AUTO
VOLVO,V90,VOLVO,V90 MOMENTUM + T4 AUTO
VOLVO,V90,VOLVO,V90 MOMENTUM B4 MHEV AUTO
VOLVO,V90,VOLVO,V90 R-DESIGN + D4 AUTO
VOLVO,V90,VOLVO,V90 R-DESIGN + D5 AWD AUTO
VOLVO,V90,VOLVO,V90 R-DESIGN + T4 AUTO
VOLVO,V90,VOLVO,V90 R-DESIGN + T5 AUTO
VOLVO,V90,VOLVO,V90 R-DESIGN + T6 AWD AUTO
VOLVO,V90,VOLVO,V90 R-DESIGN + T8 PHEV AWD A
VOLVO,V90,VOLVO,V90 R-DESIGN B4 MHEV AUTO
VOLVO,V90,VOLVO,V90 R-DESIGN B5 MHEV AUTO
VOLVO,V90,VOLVO,V90 R-DESIGN B5 MHEV AWD AUTO
VOLVO,V90,VOLVO,V90 R-DESIGN B6 MHEV AWD AUTO
VOLVO,V90,VOLVO,V90 R-DESIGN D5 AWD AUTO
VOLVO,V90,VOLVO,V90 R-DESIGN T6 RECHARGE AWD A
VOLVO,V90,VOLVO,V90 R-DESIGN+ D5 P-PULSE AWD A
VOLVO,V90,VOLVO,V90 ULTIMATE B5 MHEV AUTO
VOLVO,V90,VOLVO,V90 ULTIMATE T6 RECHARGE AWD A
VOLVO,XC90,VOLVO,XC90
VOLVO,XC90,VOLVO,XC90 + B5 MHEV AWD AUTO
VOLVO,XC90,VOLVO,XC90 + T8 PHEV AWD AUTO
VOLVO,XC90,VOLVO,XC90 + T8 RECHARGE AWD AUTO
VOLVO,XC90,VOLVO,XC90 B5 AWD AUTO
VOLVO,XC90,VOLVO,XC90 B5 MHEV AWD AUTO
VOLVO,XC90,VOLVO,XC90 B6 MHEV AWD AUTO
VOLVO,XC90,VOLVO,XC90 CORE B5 MHEV AWD AUTO
VOLVO,XC90,VOLVO,XC90 CORE B6 MHEV AWD AUTO
VOLVO,XC90,VOLVO,XC90 CORE T8 PHEV AWD AUTO
VOLVO,XC90,VOLVO,XC90 CORE T8 RECHARGE AWD AUTO
VOLVO,XC90,VOLVO,XC90 D5 AWD
VOLVO,XC90,VOLVO,XC90 INSCRIPT PRO T8 PHEV A A
VOLVO,XC90,VOLVO,XC90 INSCRIPTION B5 AWD AUTO
VOLVO,XC90,VOLVO,XC90 INSCRIPTION B5 MHEV AWD A
VOLVO,XC90,VOLVO,XC90 INSCRIPTION B6 MHEV AWD A
VOLVO,XC90,VOLVO,XC90 INSCRIPTION PRO B5 AWD A
VOLVO,XC90,VOLVO,XC90 INSCRIPTION PRO T6 AWD A
VOLVO,XC90,VOLVO,XC90 INSCRIPTION T6 AWD AUTO
VOLVO,XC90,VOLVO,XC90 INSCRIPTION T8 PHEV AWD A
VOLVO,XC90,VOLVO,XC90 INSCRP EXP T8RCHRGE AWD A
VOLVO,XC90,VOLVO,XC90 INSCRP PRO T8RCHRGE AWD A
VOLVO,XC90,VOLVO,XC90 INSCRPT PRO B5 MHEV AWD A
VOLVO,XC90,VOLVO,XC90 INSCRPT PRO B6 MHEV AWD A
VOLVO,XC90,VOLVO,XC90 INSCRPT T8 RCHARGE AWD A
VOLVO,XC90,VOLVO,XC90 MOMENTUM B5 AWD AUTO
VOLVO,XC90,VOLVO,XC90 MOMENTUM B5 MHEV AWD AUTO
VOLVO,XC90,VOLVO,XC90 MOMENTUM PRO B5 AWD AUTO
VOLVO,XC90,VOLVO,XC90 MOMENTUM PRO B5MHEV AWD A
VOLVO,XC90,VOLVO,XC90 MOMENTUM T8 RCHRG AWD A
VOLVO,XC90,VOLVO,XC90 R-DESIGN B5 AWD AUTO
VOLVO,XC90,VOLVO,XC90 R-DESIGN B5 MHEV AWD AUTO
VOLVO,XC90,VOLVO,XC90 R-DESIGN B6 MHEV AWD AUTO
VOLVO,XC90,VOLVO,XC90 R-DESIGN PRO B5 AWD AUTO
VOLVO,XC90,VOLVO,XC90 R-DESIGN PRO B6MHEV AWD A
VOLVO,XC90,VOLVO,XC90 R-DESIGN PRO T6 AWD AUTO
VOLVO,XC90,VOLVO,XC90 R-DESIGN T8 RCHARGE AWD A
VOLVO,XC90,VOLVO,XC90 RDESGN PRO T8 RCHRG AWD A
VOLVO,XC90,VOLVO,XC90 RDESIGN PRO B5 MHEV AWD A
VOLVO,XC90,VOLVO,XC90 T6 AWD
VOLVO,XC90,VOLVO,XC90 T8 AWD
VOLVO,XC90,VOLVO,XC90 T8 AWD HYBRID
VOLVO,XC90,VOLVO,XC90 ULTIMATE B5 MHEV AWD AUTO
VOLVO,XC90,VOLVO,XC90 ULTIMATE T8 RECHRGE AWD A
VOLVO,XC90,VOLVO,XC90 ULTRA MHEV AWD AUTO
AUDI,A3 CABRIOLET,AUDI,A3
AUDI,A3 CABRIOLET,AUDI,A3  S-LINE
AUDI,A3 CABRIOLET,AUDI,A3 'S' LINE
AUDI,A3 CABRIOLET,AUDI,A3 1.4 TFSI SE SPORTBACK S TRONIC 7G
AUDI,A3 CABRIOLET,AUDI,A3 30 TFSI
AUDI,A3 CABRIOLET,AUDI,A3 35 TFSI
AUDI,A3 CABRIOLET,AUDI,A3 35 TFSI S-LINE
AUDI,A3 CABRIOLET,AUDI,A3 AUTO
AUDI,A3 CABRIOLET,AUDI,A3 CABRIOLET
AUDI,A3 CABRIOLET,AUDI,A3 CONVERTIBLE
AUDI,A3 CABRIOLET,AUDI,A3 E-TRON
AUDI,A3 CABRIOLET,AUDI,A3 E-TRON 40 S-A
AUDI,A3 CABRIOLET,AUDI,A3 FSI
AUDI,A3 CABRIOLET,AUDI,A3 QUATTRO
AUDI,A3 CABRIOLET,AUDI,A3 QUATTRO SPORTLUXURY
AUDI,A3 CABRIOLET,AUDI,A3 RS3
AUDI,A3 CABRIOLET,AUDI,A3 S LINE
AUDI,A3 CABRIOLET,AUDI,A3 S LINE 30 TDI
AUDI,A3 CABRIOLET,AUDI,A3 S LINE 30 TFSI
AUDI,A3 CABRIOLET,AUDI,A3 S LINE 30 TFSI MHEV S-A
AUDI,A3 CABRIOLET,AUDI,A3 S LINE 35 TDI
AUDI,A3 CABRIOLET,AUDI,A3 S LINE 35 TDI S-A
AUDI,A3 CABRIOLET,AUDI,A3 S LINE 35 TFSI
AUDI,A3 CABRIOLET,AUDI,A3 S LINE 35 TFSI MHEV S-A
AUDI,A3 CABRIOLET,AUDI,A3 S LINE 40 TDI QUATTRO S-A
AUDI,A3 CABRIOLET,AUDI,A3 S LINE 40 TFSI E S-A
AUDI,A3 CABRIOLET,AUDI,A3 S LINE 40 TFSI QUATTRO S-A
AUDI,A3 CABRIOLET,AUDI,A3 S LINE BLACK ED 35 TDI SA
AUDI,A3 CABRIOLET,AUDI,A3 S LINE BLACK ED 35 TFSI
AUDI,A3 CABRIOLET,AUDI,A3 S LINE BLACK EDITION 35 TDI
AUDI,A3 CABRIOLET,AUDI,A3 S LINE COMP 45 TFSI E SA
AUDI,A3 CABRIOLET,AUDI,A3 S LINE ED 1 35 TFSI MHEV SA
AUDI,A3 CABRIOLET,AUDI,A3 S LINE ED 1 40 TDI QUAT SA
AUDI,A3 CABRIOLET,AUDI,A3 S LINE ED 1 40 TFSI QUAT SA
AUDI,A3 CABRIOLET,AUDI,A3 S LINE EDITION 1 35 TDI
AUDI,A3 CABRIOLET,AUDI,A3 S LINE EDITION 1 35 TDI S-A
AUDI,A3 CABRIOLET,AUDI,A3 S LINE EDITION 1 35 TFSI
AUDI,A3 CABRIOLET,AUDI,A3 S LINE TDI QUATTRO
AUDI,A3 CABRIOLET,AUDI,A3 S LINE TDI S-A
AUDI,A3 CABRIOLET,AUDI,A3 S LINE TFSI S-A
AUDI,A3 CABRIOLET,AUDI,A3 S LINE VOR 40 TFSI QUAT S-A
AUDI,A3 CABRIOLET,AUDI,A3 S LINE VORSPRUNG 35 TDI S-A
AUDI,A3 CABRIOLET,AUDI,A3 S LN BLK ED 35 TFSI MHEV SA
AUDI,A3 CABRIOLET,AUDI,A3 S LN VSPRNG 35 TFSI MHEV SA
AUDI,A3 CABRIOLET,AUDI,A3 S LNE V-SPRNG 40TDI QUAT SA
AUDI,A3 CABRIOLET,AUDI,A3 S-LINE  TDI
AUDI,A3 CABRIOLET,AUDI,A3 S-LINE TDI
AUDI,A3 CABRIOLET,AUDI,A3 S-LINE TDI QUATTRO
AUDI,A3 CABRIOLET,AUDI,A3 S-LINE TFSI
AUDI,A3 CABRIOLET,AUDI,A3 S-LINE TURBO
AUDI,A3 CABRIOLET,AUDI,A3 S3
AUDI,A3 CABRIOLET,AUDI,A3 S3 QUATTRO TFSI
AUDI,A3 CABRIOLET,AUDI,A3 SE TDI
AUDI,A3 CABRIOLET,AUDI,A3 SE TECHNIK 35 TDI
AUDI,A3 CABRIOLET,AUDI,A3 SLINE
AUDI,A3 CABRIOLET,AUDI,A3 SPORT 30 TDI
AUDI,A3 CABRIOLET,AUDI,A3 SPORT 30 TFSI
AUDI,A3 CABRIOLET,AUDI,A3 SPORT 30 TFSI MHEV S-A
AUDI,A3 CABRIOLET,AUDI,A3 SPORT 35 TDI
AUDI,A3 CABRIOLET,AUDI,A3 SPORT 35 TDI S-A
AUDI,A3 CABRIOLET,AUDI,A3 SPORT 35 TFSI
AUDI,A3 CABRIOLET,AUDI,A3 SPORT 35 TFSI MHEV S-A
AUDI,A3 CABRIOLET,AUDI,A3 SPORT 40 TDI QUATTRO S-A
AUDI,A3 CABRIOLET,AUDI,A3 SPORT 40 TFSI E S-A
AUDI,A3 CABRIOLET,AUDI,A3 SPORT 40 TFSI QUATTRO S-A
AUDI,A3 CABRIOLET,AUDI,A3 SPORT TDI
AUDI,A3 CABRIOLET,AUDI,A3 SPORTBACK 1.8 TURBO FSI AUTO
AUDI,A3 CABRIOLET,AUDI,A3 SPORTBACK TFSI AUTO LHD
AUDI,A3 CABRIOLET,AUDI,A3 T
AUDI,A3 CABRIOLET,AUDI,A3 TDI
AUDI,A3 CABRIOLET,AUDI,A3 TDI S-LINE
AUDI,A3 CABRIOLET,AUDI,A3 TDI ULTRA
AUDI,A3 CABRIOLET,AUDI,A3 TECHNIK 30 TDI
AUDI,A3 CABRIOLET,AUDI,A3 TECHNIK 30 TDI S-A
AUDI,A3 CABRIOLET,AUDI,A3 TECHNIK 30 TFSI
AUDI,A3 CABRIOLET,AUDI,A3 TECHNIK 30 TFSI MHEV S-A
AUDI,A3 CABRIOLET,AUDI,A3 TECHNIK 35 TDI
AUDI,A3 CABRIOLET,AUDI,A3 TECHNIK 35 TDI S-A
AUDI,A3 CABRIOLET,AUDI,A3 TECHNIK 35 TFSI
AUDI,A3 CABRIOLET,AUDI,A3 TECHNIK 35 TFSI MHEV S-A
AUDI,A3 CABRIOLET,AUDI,A3 TFSI
AUDI,A3 CABRIOLET,AUDI,A3 TFSI 35
AUDI,A3 CABRIOLET,AUDI,A3 TFSI CABRIOLET
AUDI,A3 CABRIOLET,AUDI,A3 TFSI QUATTRO S-LINE
AUDI,A3 CABRIOLET,AUDI,A3 TFSI S-LINE CABRIOLET
AUDI,A3 CABRIOLET,AUDI,A3 TURBO
HYUNDAI,I40,HYUNDAI,I40
HYUNDAI,I40,HYUNDAI,I40 CRDI EURO6
HYUNDAI,I40,HYUNDAI,I40 S CRDI BLUE DRIVE
HYUNDAI,I40,HYUNDAI,I40 STYLE GDI
OPEL,ZAFIRA,VAUXHALL,ZAFIRA
OPEL,ZAFIRA,VAUXHALL,ZAFIRA CDTI
OPEL,ZAFIRA,VAUXHALL,ZAFIRA DESIGN
OPEL,ZAFIRA,VAUXHALL,ZAFIRA DESIGN CDTI
OPEL,ZAFIRA,VAUXHALL,ZAFIRA ELEGANCE
OPEL,ZAFIRA,VAUXHALL,ZAFIRA ELITE CDTI
OPEL,ZAFIRA,VAUXHALL,ZAFIRA ELITE TURBO
OPEL,ZAFIRA,VAUXHALL,ZAFIRA GSI
OPEL,ZAFIRA,VAUXHALL,ZAFIRA SRI
OPEL,ZAFIRA,VAUXHALL,ZAFIRA SRI CDTI
OPEL,ZAFIRA,VAUXHALL,ZAFIRA SRI TURBO
OPEL,ZAFIRA,VAUXHALL,ZAFIRA TOURER SRI CDTI
OPEL,ZAFIRA,VAUXHALL,ZAFIRA TOURER SRI TURBO
VOLKSWAGEN,CALIFORNIA,VOLKSWAGEN,CALIFORNIA
VOLKSWAGEN,CALIFORNIA,VOLKSWAGEN,CALIFORNIA BEACH CAMPER TDI SA
VOLKSWAGEN,CALIFORNIA,VOLKSWAGEN,CALIFORNIA BEACH TDI S-A
VOLKSWAGEN,CALIFORNIA,VOLKSWAGEN,CALIFORNIA BEACH TOUR TDI S-A
VOLKSWAGEN,CALIFORNIA,VOLKSWAGEN,CALIFORNIA COAST TDI S-A
VOLKSWAGEN,CALIFORNIA,VOLKSWAGEN,CALIFORNIA OCEAN TDI 4M S-A
VOLKSWAGEN,CALIFORNIA,VOLKSWAGEN,CALIFORNIA OCEAN TDI BMT 4M SA
VOLKSWAGEN,CALIFORNIA,VOLKSWAGEN,CALIFORNIA OCEAN TDI S-A
HYUNDAI,i10 AC3,HYUNDAI,I10
HYUNDAI,i10 AC3,HYUNDAI,I10 ACTIVE
HYUNDAI,i10 AC3,HYUNDAI,I10 ADVANCE
HYUNDAI,i10 AC3,HYUNDAI,I10 ADVANCE AUTO
HYUNDAI,i10 AC3,HYUNDAI,I10 BLUE
HYUNDAI,i10 AC3,HYUNDAI,I10 BLUE DRIVE SE
HYUNDAI,i10 AC3,HYUNDAI,I10 CLASSIC
HYUNDAI,i10 AC3,HYUNDAI,I10 COMFORT
HYUNDAI,i10 AC3,HYUNDAI,I10 ES
HYUNDAI,i10 AC3,HYUNDAI,I10 GLS
HYUNDAI,i10 AC3,HYUNDAI,I10 GO!
HYUNDAI,i10 AC3,HYUNDAI,I10 N LINE
HYUNDAI,i10 AC3,HYUNDAI,I10 N LINE T-GDI
HYUNDAI,i10 AC3,HYUNDAI,I10 PREMINM
HYUNDAI,i10 AC3,HYUNDAI,I10 PREMIUM
HYUNDAI,i10 AC3,HYUNDAI,I10 PREMIUM AUTO
HYUNDAI,i10 AC3,HYUNDAI,I10 PREMIUM MPI
HYUNDAI,i10 AC3,HYUNDAI,I10 PREMIUM MPI AUTO
HYUNDAI,i10 AC3,HYUNDAI,I10 PREMIUM SE
HYUNDAI,i10 AC3,HYUNDAI,I10 SE
HYUNDAI,i10 AC3,HYUNDAI,I10 SE CONNECT MPI
HYUNDAI,i10 AC3,HYUNDAI,I10 SE CONNECT MPI AUTO
HYUNDAI,i10 AC3,HYUNDAI,I10 SE MPI
HYUNDAI,i10 AC3,HYUNDAI,I10 STYLE
ALFA ROMEO,GIULIETTA,ALFA ROMEO,GIULIETTA
ALFA ROMEO,GIULIETTA,ALFA ROMEO,GIULIETTA SPRINT JTDM-2
ALFA ROMEO,GIULIETTA,ALFA ROMEO,GIULIETTA SPRINT JTDM-2 S-A
ALFA ROMEO,GIULIETTA,ALFA ROMEO,GIULIETTA SPRINT TB
VOLVO,V50,VOLVO,V50
VOLVO,V50,VOLVO,V50 SE PREMIUM AUTO
OPEL,ASTRA SPORTS TOURER,VAUXHALL,ASTRA
OPEL,ASTRA SPORTS TOURER,VAUXHALL,ASTRA ACTIVE
OPEL,ASTRA SPORTS TOURER,VAUXHALL,ASTRA BREEZE
OPEL,ASTRA SPORTS TOURER,VAUXHALL,ASTRA BUSINESS ED NAV T CVT
OPEL,ASTRA SPORTS TOURER,VAUXHALL,ASTRA BUSINESS ED NAV T D A
OPEL,ASTRA SPORTS TOURER,VAUXHALL,ASTRA BUSINESS EDITION NAV T
OPEL,ASTRA SPORTS TOURER,VAUXHALL,ASTRA BUSINESS EDITION NAV T D
OPEL,ASTRA SPORTS TOURER,VAUXHALL,ASTRA BUSINESS ELEGANCE TRBO A
OPEL,ASTRA SPORTS TOURER,VAUXHALL,ASTRA BUSINESS ELEGANCE TRBO D
OPEL,ASTRA SPORTS TOURER,VAUXHALL,ASTRA BUSINESS ELEGANCE TURBO
OPEL,ASTRA SPORTS TOURER,VAUXHALL,ASTRA CDTI
OPEL,ASTRA SPORTS TOURER,VAUXHALL,ASTRA CLUB
OPEL,ASTRA SPORTS TOURER,VAUXHALL,ASTRA CLUB CDTI
OPEL,ASTRA SPORTS TOURER,VAUXHALL,ASTRA D
OPEL,ASTRA SPORTS TOURER,VAUXHALL,ASTRA DESIGN
OPEL,ASTRA SPORTS TOURER,VAUXHALL,ASTRA DESIGN EV
OPEL,ASTRA SPORTS TOURER,VAUXHALL,ASTRA DESIGN TURBO
OPEL,ASTRA SPORTS TOURER,VAUXHALL,ASTRA DESIGN TURBO AUTO
OPEL,ASTRA SPORTS TOURER,VAUXHALL,ASTRA DESIGN TURBO D
OPEL,ASTRA SPORTS TOURER,VAUXHALL,ASTRA DESIGN TURBO D AUTO
OPEL,ASTRA SPORTS TOURER,VAUXHALL,ASTRA ECO TEC D
OPEL,ASTRA SPORTS TOURER,VAUXHALL,ASTRA ELEGANCE
OPEL,ASTRA SPORTS TOURER,VAUXHALL,ASTRA ELITE
OPEL,ASTRA SPORTS TOURER,VAUXHALL,ASTRA ELITE CDTI
OPEL,ASTRA SPORTS TOURER,VAUXHALL,ASTRA ELITE NAV PREMIUM T
OPEL,ASTRA SPORTS TOURER,VAUXHALL,ASTRA ELITE NAV PREMIUM T CVT
OPEL,ASTRA SPORTS TOURER,VAUXHALL,ASTRA ELITE NAV PREMIUM TD
OPEL,ASTRA SPORTS TOURER,VAUXHALL,ASTRA ELITE NAV PREMIUM TD A
OPEL,ASTRA SPORTS TOURER,VAUXHALL,ASTRA ELITE NAV TURBO CVT
OPEL,ASTRA SPORTS TOURER,VAUXHALL,ASTRA ELITE NAV TURBO D
OPEL,ASTRA SPORTS TOURER,VAUXHALL,ASTRA ELITE NAV TURBO D AUTO
OPEL,ASTRA SPORTS TOURER,VAUXHALL,ASTRA ELITE TURBO
OPEL,ASTRA SPORTS TOURER,VAUXHALL,ASTRA EXCITE
OPEL,ASTRA SPORTS TOURER,VAUXHALL,ASTRA EXCITE CDTI
OPEL,ASTRA SPORTS TOURER,VAUXHALL,ASTRA EXCLUSIV 113
OPEL,ASTRA SPORTS TOURER,VAUXHALL,ASTRA EXCLUSIVE 98
OPEL,ASTRA SPORTS TOURER,VAUXHALL,ASTRA GRIFFIN EDITION TRBO CVT
OPEL,ASTRA SPORTS TOURER,VAUXHALL,ASTRA GRIFFIN EDITION TRBO D A
OPEL,ASTRA SPORTS TOURER,VAUXHALL,ASTRA GRIFFIN EDITION TURBO
OPEL,ASTRA SPORTS TOURER,VAUXHALL,ASTRA GRIFFIN EDITION TURBO D
OPEL,ASTRA SPORTS TOURER,VAUXHALL,ASTRA GS EV
OPEL,ASTRA SPORTS TOURER,VAUXHALL,ASTRA GS LINE PHEV AUTO
OPEL,ASTRA SPORTS TOURER,VAUXHALL,ASTRA GS LINE TURBO
OPEL,ASTRA SPORTS TOURER,VAUXHALL,ASTRA GS LINE TURBO AUTO
OPEL,ASTRA SPORTS TOURER,VAUXHALL,ASTRA GS LINE TURBO D
OPEL,ASTRA SPORTS TOURER,VAUXHALL,ASTRA GS LINE TURBO D AUTO
OPEL,ASTRA SPORTS TOURER,VAUXHALL,ASTRA GS PHEV AUTO
OPEL,ASTRA SPORTS TOURER,VAUXHALL,ASTRA GS TURBO
OPEL,ASTRA SPORTS TOURER,VAUXHALL,ASTRA GS TURBO AUTO
OPEL,ASTRA SPORTS TOURER,VAUXHALL,ASTRA GS TURBO D
OPEL,ASTRA SPORTS TOURER,VAUXHALL,ASTRA GS TURBO D AUTO
OPEL,ASTRA SPORTS TOURER,VAUXHALL,ASTRA GSE PHEV AUTO
OPEL,ASTRA SPORTS TOURER,VAUXHALL,ASTRA GSI
OPEL,ASTRA SPORTS TOURER,VAUXHALL,ASTRA GSI TURBO
OPEL,ASTRA SPORTS TOURER,VAUXHALL,ASTRA GTC
OPEL,ASTRA SPORTS TOURER,VAUXHALL,ASTRA GTC CDTI
OPEL,ASTRA SPORTS TOURER,VAUXHALL,ASTRA LIFE
OPEL,ASTRA SPORTS TOURER,VAUXHALL,ASTRA PICKUP
OPEL,ASTRA SPORTS TOURER,VAUXHALL,ASTRA SE
OPEL,ASTRA SPORTS TOURER,VAUXHALL,ASTRA SE CDTI
OPEL,ASTRA SPORTS TOURER,VAUXHALL,ASTRA SE TURBO CVT
OPEL,ASTRA SPORTS TOURER,VAUXHALL,ASTRA SE TURBO D
OPEL,ASTRA SPORTS TOURER,VAUXHALL,ASTRA SE TURBO D AUTO
OPEL,ASTRA SPORTS TOURER,VAUXHALL,ASTRA SPORT
OPEL,ASTRA SPORTS TOURER,VAUXHALL,ASTRA SPORT CDTI
OPEL,ASTRA SPORTS TOURER,VAUXHALL,ASTRA SPORTIVE CDTI
OPEL,ASTRA SPORTS TOURER,VAUXHALL,ASTRA SPORTIVE XP CDTI
OPEL,ASTRA SPORTS TOURER,VAUXHALL,ASTRA SRI
OPEL,ASTRA SPORTS TOURER,VAUXHALL,ASTRA SRI CDTI
OPEL,ASTRA SPORTS TOURER,VAUXHALL,ASTRA SRI GTC
OPEL,ASTRA SPORTS TOURER,VAUXHALL,ASTRA SRI NAV TURBO CVT
OPEL,ASTRA SPORTS TOURER,VAUXHALL,ASTRA SRI NAV TURBO D
OPEL,ASTRA SPORTS TOURER,VAUXHALL,ASTRA SRI NAV TURBO D AUTO
OPEL,ASTRA SPORTS TOURER,VAUXHALL,ASTRA SRI TURBO
OPEL,ASTRA SPORTS TOURER,VAUXHALL,ASTRA SRI TURBO CVT
OPEL,ASTRA SPORTS TOURER,VAUXHALL,ASTRA SRI TURBO D
OPEL,ASTRA SPORTS TOURER,VAUXHALL,ASTRA SRI TURBO D AUTO
OPEL,ASTRA SPORTS TOURER,VAUXHALL,ASTRA SRI VX LINE NAV T CVT
OPEL,ASTRA SPORTS TOURER,VAUXHALL,ASTRA SRI VX LINE NAV T D A
OPEL,ASTRA SPORTS TOURER,VAUXHALL,ASTRA SRI VX LINE NAV TURBO
OPEL,ASTRA SPORTS TOURER,VAUXHALL,ASTRA SRI VX LINE NAV TURBO D
OPEL,ASTRA SPORTS TOURER,VAUXHALL,ASTRA SXI
OPEL,ASTRA SPORTS TOURER,VAUXHALL,ASTRA TECH LINE
OPEL,ASTRA SPORTS TOURER,VAUXHALL,ASTRA TURBO
OPEL,ASTRA SPORTS TOURER,VAUXHALL,ASTRA TURBO ELITE
OPEL,ASTRA SPORTS TOURER,VAUXHALL,ASTRA ULITMATE NAV TURBO D
OPEL,ASTRA SPORTS TOURER,VAUXHALL,ASTRA ULTIMATE EV
OPEL,ASTRA SPORTS TOURER,VAUXHALL,ASTRA ULTIMATE NAV TURBO
OPEL,ASTRA SPORTS TOURER,VAUXHALL,ASTRA ULTIMATE NAV TURBO CVT
OPEL,ASTRA SPORTS TOURER,VAUXHALL,ASTRA ULTIMATE NAV TURBO D A
OPEL,ASTRA SPORTS TOURER,VAUXHALL,ASTRA ULTIMATE PHEV AUTO
OPEL,ASTRA SPORTS TOURER,VAUXHALL,ASTRA ULTIMATE TURBO
OPEL,ASTRA SPORTS TOURER,VAUXHALL,ASTRA ULTIMATE TURBO AUTO
OPEL,ASTRA SPORTS TOURER,VAUXHALL,ASTRA ULTIMATE TURBO D
OPEL,ASTRA SPORTS TOURER,VAUXHALL,ASTRA ULTIMATE TURBO D AUTO
OPEL,ASTRA SPORTS TOURER,VAUXHALL,ASTRA VAN
OPEL,ASTRA SPORTS TOURER,VAUXHALL,ASTRA VXD
OPEL,ASTRA SPORTS TOURER,VAUXHALL,ASTRA VXR
OPEL,ASTRA SPORTS TOURER,VAUXHALL,ASTRA VXR NURBURGRING
MERCEDES-BENZ,GLB,MERCEDES-BENZ,GLB
MERCEDES-BENZ,GLB,MERCEDES-BENZ,GLB 180
MERCEDES-BENZ,GLB,MERCEDES-BENZ,GLB 180 SPORT AUTO
MERCEDES-BENZ,GLB,MERCEDES-BENZ,GLB 200
MERCEDES-BENZ,GLB,MERCEDES-BENZ,GLB 200 AMG LINE
MERCEDES-BENZ,GLB,MERCEDES-BENZ,GLB 200 AMG LINE AUTO
MERCEDES-BENZ,GLB,MERCEDES-BENZ,GLB 200 AMG LINE D AUTO
MERCEDES-BENZ,GLB,MERCEDES-BENZ,GLB 200 AMG LINE EXECUTIVE A
MERCEDES-BENZ,GLB,MERCEDES-BENZ,GLB 200 AMG LINE EXECUTIVE D A
MERCEDES-BENZ,GLB,MERCEDES-BENZ,GLB 200 AMG LINE PREM + D 4M A
MERCEDES-BENZ,GLB,MERCEDES-BENZ,GLB 200 AMG LINE PREM D 4M A
MERCEDES-BENZ,GLB,MERCEDES-BENZ,GLB 200 AMG LINE PREMIUM + A
MERCEDES-BENZ,GLB,MERCEDES-BENZ,GLB 200 AMG LINE PREMIUM + D A
MERCEDES-BENZ,GLB,MERCEDES-BENZ,GLB 200 AMG LINE PREMIUM 4M A
MERCEDES-BENZ,GLB,MERCEDES-BENZ,GLB 200 AMG LINE PREMIUM AUTO
MERCEDES-BENZ,GLB,MERCEDES-BENZ,GLB 200 AMG LINE PREMIUM D A
MERCEDES-BENZ,GLB,MERCEDES-BENZ,GLB 200 AMG LN EXECUTVE MHEV A
MERCEDES-BENZ,GLB,MERCEDES-BENZ,GLB 200 AMG LN PREM+NGT ED D A
MERCEDES-BENZ,GLB,MERCEDES-BENZ,GLB 200 AMG LNE PREM + MHEV A
MERCEDES-BENZ,GLB,MERCEDES-BENZ,GLB 200 AMG LNE PREM+ NGT ED A
MERCEDES-BENZ,GLB,MERCEDES-BENZ,GLB 200 SPORT AUTO
MERCEDES-BENZ,GLB,MERCEDES-BENZ,GLB 200 SPORT EXECUTIVE MHEV A
MERCEDES-BENZ,GLB,MERCEDES-BENZ,GLB 200 SPORT PREMIUM + AUTO
MERCEDES-BENZ,GLB,MERCEDES-BENZ,GLB 220
MERCEDES-BENZ,GLB,MERCEDES-BENZ,GLB 220 AMG LINE D 4MATIC AUTO
MERCEDES-BENZ,GLB,MERCEDES-BENZ,GLB 220 AMG LINE PREM + D 4M A
MERCEDES-BENZ,GLB,MERCEDES-BENZ,GLB 220 AMG LINE PREM D 4M A
MERCEDES-BENZ,GLB,MERCEDES-BENZ,GLB 220 AMG LINE PREM D 4MA
MERCEDES-BENZ,GLB,MERCEDES-BENZ,GLB 220 AMG LN EXECUTVE D 4M A
MERCEDES-BENZ,GLB,MERCEDES-BENZ,GLB 220 D 4 MATIC AMG LINE
MERCEDES-BENZ,GLB,MERCEDES-BENZ,GLB 220D
MERCEDES-BENZ,GLB,MERCEDES-BENZ,GLB 250
MERCEDES-BENZ,GLB,MERCEDES-BENZ,GLB 250 AMG LINE PREM + 4M A
MERCEDES-BENZ,GLB,MERCEDES-BENZ,GLB 35
DS,DS 3,DS,DS3
DS,DS 3,DS,DS3 C-BACK PFRMC LN+ PTCH SS A
DS,DS 3,DS,DS3 C-BACK PRFMNC LN + BHDI SS
DS,DS 3,DS,DS3 CBK INS DE LA FRG PTC SS A
DS,DS 3,DS,DS3 CONNECTED CHIC PURETECH
DS,DS 3,DS,DS3 CROSSBACK
DS,DS 3,DS,DS3 CROSSBACK BASTILLE BLUEHDI
DS,DS 3,DS,DS3 CROSSBACK BASTILLE PTECH A
DS,DS 3,DS,DS3 CROSSBACK LOUVRE PTCH SS A
DS,DS 3,DS,DS3 CROSSBACK MONTMARTRE PTECH
DS,DS 3,DS,DS3 DSTYLE NAV PURETECH S/S
DS,DS 3,DS,DS3 DSTYLE PURETECH
DS,DS 3,DS,DS3 GIVENCHY LEMAKEUP PTECH SS
DS,DS 3,DS,DS3 OPERA E-TENSE EV
DS,DS 3,DS,DS3 OPERA PURETECH S/S AUTO
DS,DS 3,DS,DS3 PERF LINE BLUEHDI S/S
DS,DS 3,DS,DS3 PERFORMANCE LINE ETENSE EV
DS,DS 3,DS,DS3 PERFORMANCE LINE P-TECH SS
DS,DS 3,DS,DS3 PERFRMNCE LNE + PTECH SS A
DS,DS 3,DS,DS3 PURETECH PERF LINE S/S
DS,DS 3,DS,DS3 RIVOLI PURETECH S/S AUTO
KIA,CEED SW,KIA,C'EED
KIA,CEED SW,KIA,CEE'D
KIA,CEED SW,KIA,CEE'D 2
KIA,CEED SW,KIA,CEED
KIA,CEED SW,KIA,CEED 1
KIA,CEED SW,KIA,CEED 1 ECODYNAMICS CRDI
KIA,CEED SW,KIA,CEED 1 ISG
KIA,CEED SW,KIA,CEED 2
KIA,CEED SW,KIA,CEED 2 CRDI
KIA,CEED SW,KIA,CEED 2 CRDI ISG MHEV
KIA,CEED SW,KIA,CEED 2 NAV CRDI ISG
KIA,CEED SW,KIA,CEED 2 NAV CRDI ISG MHEV
KIA,CEED SW,KIA,CEED 2 NAV ISG
KIA,CEED SW,KIA,CEED 3
KIA,CEED SW,KIA,CEED 3  CRDI
KIA,CEED SW,KIA,CEED 3 CRDI
KIA,CEED SW,KIA,CEED 3 CRDI ISG MHEV
KIA,CEED SW,KIA,CEED 3 CRDI ISG MHEV S-A
KIA,CEED SW,KIA,CEED 3 CRDI MHEV S-A
KIA,CEED SW,KIA,CEED 3 PHEV S-A
KIA,CEED SW,KIA,CEED 3 S-A
KIA,CEED SW,KIA,CEED CRDI
KIA,CEED SW,KIA,CEED CRDI 16V
KIA,CEED SW,KIA,CEED GS
KIA,CEED SW,KIA,CEED GT
KIA,CEED SW,KIA,CEED GT ISG
KIA,CEED SW,KIA,CEED GT ISG S-A
KIA,CEED SW,KIA,CEED GT-LINE
KIA,CEED SW,KIA,CEED GT-LINE CRDI
KIA,CEED SW,KIA,CEED GT-LINE CRDI ISG
KIA,CEED SW,KIA,CEED GT-LINE CRDI ISG MHEV
KIA,CEED SW,KIA,CEED GT-LINE CRDI ISG MHEV S-A
KIA,CEED SW,KIA,CEED GT-LINE CRDI ISG S-A
KIA,CEED SW,KIA,CEED GT-LINE CRDI MHEV S-A
KIA,CEED SW,KIA,CEED GT-LINE ISG
KIA,CEED SW,KIA,CEED GT-LINE ISG S-A
KIA,CEED SW,KIA,CEED GT-LINE LUNAR ED ISG SA
KIA,CEED SW,KIA,CEED GT-LINE LUNAR EDITION ISG
KIA,CEED SW,KIA,CEED GT-LINE S
KIA,CEED SW,KIA,CEED GT-LINE S ISG S-A
KIA,CEED SW,KIA,CEED GT-LINE S S-A
KIA,CEED SW,KIA,CEED GT-LINE S-A
KIA,CEED SW,KIA,CEED LS
KIA,CEED SW,KIA,CEED LS CRDI-16V
KIA,CEED SW,KIA,CEED S
KIA,CEED SW,KIA,CEED SR-7
KIA,CEED SW,KIA,CEED STRIKE
KIA,CEED SW,KIA,CEED SW-7 CRDI
KIA,CEED SW,KIA,CEED SW-7 ESTATE
KIA,CEED SW,KIA,CEED VR-7
KIA,CEED SW,KIA,CEED VR7
KIA,CEED SW,KIA,CEE`D
