dmr_make,dmr_model,age_band,chapter,chapter_name,n_defects_2_3er,n_tests,defect_rate_per_test
FORD,FIESTA 5 DØRS,4,0,Identifikasjon av kjoretoyet (vehicle identification),82,7906,0.0104
OPEL,Mokka,3,0,Identifikasjon av kjoretoyet (vehicle identification),16,4582,0.0035
PEUGEOT,208,2,0,Identifikasjon av kjoretoyet (vehicle identification),7,2180,0.0032
MERCEDES-BENZ,E,3,0,Identifikasjon av kjoretoyet (vehicle identification),45,8181,0.0055
AUDI,A3,3,0,Identifikasjon av kjoretoyet (vehicle identification),33,11732,0.0028
VOLKSWAGEN,POLO,4,0,Identifikasjon av kjoretoyet (vehicle identification),65,11528,0.0056
PEUGEOT,5008,1,0,Identifikasjon av kjoretoyet (vehicle identification),3,4893,0.0006
PEUGEOT,2008,2,0,Identifikasjon av kjoretoyet (vehicle identification),5,3179,0.0016
VOLVO,V50,3,0,Identifikasjon av kjoretoyet (vehicle identification),16,3281,0.0049
SKODA,SUPERB COMBI,2,0,Identifikasjon av kjoretoyet (vehicle identification),13,5609,0.0023
BMW,X5,2,0,Identifikasjon av kjoretoyet (vehicle identification),6,3601,0.0017
KIA,CEED SW,3,0,Identifikasjon av kjoretoyet (vehicle identification),23,3585,0.0064
AUDI,Q5,1,0,Identifikasjon av kjoretoyet (vehicle identification),0,1438,0.0
VOLVO,XC90,4,0,Identifikasjon av kjoretoyet (vehicle identification),13,1825,0.0071
MAZDA,2,4,0,Identifikasjon av kjoretoyet (vehicle identification),7,2075,0.0034
MERCEDES-BENZ,A-Klasse,1,0,Identifikasjon av kjoretoyet (vehicle identification),13,2726,0.0048
KIA,SPORTAGE,1,0,Identifikasjon av kjoretoyet (vehicle identification),4,1259,0.0032
AUDI,A4 AVANT,3,0,Identifikasjon av kjoretoyet (vehicle identification),23,2969,0.0077
TOYOTA,RAV4,4,0,Identifikasjon av kjoretoyet (vehicle identification),109,10666,0.0102
FORD,NY Focus,1,0,Identifikasjon av kjoretoyet (vehicle identification),6,6110,0.001
MAZDA,MAZDA3,4,0,Identifikasjon av kjoretoyet (vehicle identification),37,3328,0.0111
SKODA,SUPERB,3,0,Identifikasjon av kjoretoyet (vehicle identification),46,6121,0.0075
SKODA,FABIA,3,0,Identifikasjon av kjoretoyet (vehicle identification),22,3929,0.0056
MERCEDES-BENZ,C-Klasse,1,0,Identifikasjon av kjoretoyet (vehicle identification),5,3637,0.0014
TOYOTA,AVENSIS,1,0,Identifikasjon av kjoretoyet (vehicle identification),3,538,0.0056
TOYOTA,AYGO 3/5-DØRS,1,0,Identifikasjon av kjoretoyet (vehicle identification),2,689,0.0029
TOYOTA,AYGO,4,0,Identifikasjon av kjoretoyet (vehicle identification),18,3007,0.006
AUDI,A1 SPORTBACK,1,0,Identifikasjon av kjoretoyet (vehicle identification),0,902,0.0
CITROËN,BERLINGO,3,0,Identifikasjon av kjoretoyet (vehicle identification),2,704,0.0028
OPEL,MERIVA,3,0,Identifikasjon av kjoretoyet (vehicle identification),4,854,0.0047
BMW,4-serie,1,0,Identifikasjon av kjoretoyet (vehicle identification),0,85,0.0
AUDI,Q3,2,0,Identifikasjon av kjoretoyet (vehicle identification),1,1293,0.0008
MAZDA,MAZDA2,2,0,Identifikasjon av kjoretoyet (vehicle identification),1,1120,0.0009
SUZUKI,ALTO,3,0,Identifikasjon av kjoretoyet (vehicle identification),0,285,0.0
FORD,C-MAX,1,0,Identifikasjon av kjoretoyet (vehicle identification),0,235,0.0
CITROËN,C4 PICASSO,1,0,Identifikasjon av kjoretoyet (vehicle identification),0,823,0.0
HYUNDAI,I10,4,0,Identifikasjon av kjoretoyet (vehicle identification),6,982,0.0061
CITROËN,DS3,2,0,Identifikasjon av kjoretoyet (vehicle identification),0,90,0.0
KIA,VENGA,1,0,Identifikasjon av kjoretoyet (vehicle identification),0,6,0.0
VOLKSWAGEN,Golf Sportsvan,3,0,Identifikasjon av kjoretoyet (vehicle identification),3,1676,0.0018
OPEL,Crossland X,2,0,Identifikasjon av kjoretoyet (vehicle identification),0,177,0.0
FORD,B-MAX,4,0,Identifikasjon av kjoretoyet (vehicle identification),1,19,0.0526
OPEL,Grandland X,2,0,Identifikasjon av kjoretoyet (vehicle identification),0,125,0.0
VOLKSWAGEN,UP!,4,0,Identifikasjon av kjoretoyet (vehicle identification),0,234,0.0
SUZUKI,SX4,3,0,Identifikasjon av kjoretoyet (vehicle identification),19,6632,0.0029
MAZDA,CX-5,1,0,Identifikasjon av kjoretoyet (vehicle identification),6,6042,0.001
SUZUKI,SWIFT,1,0,Identifikasjon av kjoretoyet (vehicle identification),3,4184,0.0007
VOLVO,XC60,1,0,Identifikasjon av kjoretoyet (vehicle identification),5,16959,0.0003
TOYOTA,AVENSIS STW,4,0,Identifikasjon av kjoretoyet (vehicle identification),161,20526,0.0078
TOYOTA,AURIS,4,0,Identifikasjon av kjoretoyet (vehicle identification),61,14992,0.0041
BMW,3-Serie,2,0,Identifikasjon av kjoretoyet (vehicle identification),15,3950,0.0038
HYUNDAI,Tucson,2,0,Identifikasjon av kjoretoyet (vehicle identification),11,2353,0.0047
MAZDA,MAZDA6,2,0,Identifikasjon av kjoretoyet (vehicle identification),7,2276,0.0031
SKODA,OCTAVIA COMBI,4,0,Identifikasjon av kjoretoyet (vehicle identification),85,12917,0.0066
VOLVO,V40,1,0,Identifikasjon av kjoretoyet (vehicle identification),6,3389,0.0018
MERCEDES-BENZ,GLC,1,0,Identifikasjon av kjoretoyet (vehicle identification),4,6276,0.0006
OPEL,INSIGNIA,4,0,Identifikasjon av kjoretoyet (vehicle identification),26,4475,0.0058
MITSUBISHI,SPACE STAR,2,0,Identifikasjon av kjoretoyet (vehicle identification),0,910,0.0
NISSAN,X-TRAIL,1,0,Identifikasjon av kjoretoyet (vehicle identification),0,677,0.0
OPEL,CORSA,3,0,Identifikasjon av kjoretoyet (vehicle identification),8,2051,0.0039
AUDI,Q2,1,0,Identifikasjon av kjoretoyet (vehicle identification),2,1587,0.0013
HONDA,CIVIC,1,0,Identifikasjon av kjoretoyet (vehicle identification),1,573,0.0017
NISSAN,QASHQAI,4,0,Identifikasjon av kjoretoyet (vehicle identification),40,9029,0.0044
TOYOTA,YARIS,1,0,Identifikasjon av kjoretoyet (vehicle identification),14,16882,0.0008
MERCEDES-BENZ,E-Klasse,1,0,Identifikasjon av kjoretoyet (vehicle identification),11,4198,0.0026
RENAULT,Ny Clio,1,0,Identifikasjon av kjoretoyet (vehicle identification),3,563,0.0053
FORD,FOCUS,1,0,Identifikasjon av kjoretoyet (vehicle identification),6,6110,0.001
OPEL,ZAFIRA,3,0,Identifikasjon av kjoretoyet (vehicle identification),7,1038,0.0067
HYUNDAI,I20,4,0,Identifikasjon av kjoretoyet (vehicle identification),16,3876,0.0041
PEUGEOT,3008,2,0,Identifikasjon av kjoretoyet (vehicle identification),4,3468,0.0012
MERCEDES-BENZ,CLA,3,0,Identifikasjon av kjoretoyet (vehicle identification),16,2171,0.0074
HYUNDAI,I 10,3,0,Identifikasjon av kjoretoyet (vehicle identification),7,1046,0.0067
CITROËN,C 1,2,0,Identifikasjon av kjoretoyet (vehicle identification),1,428,0.0023
MAZDA,Mazda CX-30,1,0,Identifikasjon av kjoretoyet (vehicle identification),1,2458,0.0004
NISSAN,MICRA,4,0,Identifikasjon av kjoretoyet (vehicle identification),3,662,0.0045
RENAULT,CLIO,4,0,Identifikasjon av kjoretoyet (vehicle identification),8,517,0.0155
AUDI,A5 SPORTBACK,1,0,Identifikasjon av kjoretoyet (vehicle identification),0,233,0.0
HYUNDAI,IX20,4,0,Identifikasjon av kjoretoyet (vehicle identification),5,920,0.0054
HYUNDAI,KONA,1,0,Identifikasjon av kjoretoyet (vehicle identification),0,232,0.0
AUDI,A3 CABRIOLET,3,0,Identifikasjon av kjoretoyet (vehicle identification),0,103,0.0
SUZUKI,IGNIS,2,0,Identifikasjon av kjoretoyet (vehicle identification),1,813,0.0012
SEAT,IBIZA,4,0,Identifikasjon av kjoretoyet (vehicle identification),0,7,0.0
KIA,XCeed,1,0,Identifikasjon av kjoretoyet (vehicle identification),1,264,0.0038
SEAT,LEON,3,0,Identifikasjon av kjoretoyet (vehicle identification),0,2,0.0
HYUNDAI,I40,3,0,Identifikasjon av kjoretoyet (vehicle identification),14,2466,0.0057
FORD,FOCUS STATIONSVOGN,3,0,Identifikasjon av kjoretoyet (vehicle identification),76,15257,0.005
HONDA,CR-V,3,0,Identifikasjon av kjoretoyet (vehicle identification),18,6725,0.0027
VOLKSWAGEN,POLO,2,0,Identifikasjon av kjoretoyet (vehicle identification),4,5290,0.0008
BMW,X5,4,0,Identifikasjon av kjoretoyet (vehicle identification),23,3889,0.0059
VOLKSWAGEN,UP!,2,0,Identifikasjon av kjoretoyet (vehicle identification),4,1503,0.0027
FORD,FIESTA 5 DØRS,2,0,Identifikasjon av kjoretoyet (vehicle identification),16,4402,0.0036
FORD,KUGA,1,0,Identifikasjon av kjoretoyet (vehicle identification),5,5193,0.001
TOYOTA,RAV4 Plug in,1,0,Identifikasjon av kjoretoyet (vehicle identification),42,29243,0.0014
VOLKSWAGEN,PASSAT VARIANT,1,0,Identifikasjon av kjoretoyet (vehicle identification),10,11253,0.0009
KIA,Optima,1,0,Identifikasjon av kjoretoyet (vehicle identification),4,1833,0.0022
TOYOTA,Aygo X,3,0,Identifikasjon av kjoretoyet (vehicle identification),18,2298,0.0078
VOLKSWAGEN,GOLF,1,0,Identifikasjon av kjoretoyet (vehicle identification),11,9446,0.0012
CITROËN,C4 Cactus,2,0,Identifikasjon av kjoretoyet (vehicle identification),7,1625,0.0043
KIA,RIO,3,0,Identifikasjon av kjoretoyet (vehicle identification),9,2622,0.0034
SKODA,SUPERB COMBI,4,0,Identifikasjon av kjoretoyet (vehicle identification),21,3621,0.0058
FORD,S-MAX,1,0,Identifikasjon av kjoretoyet (vehicle identification),3,1786,0.0017
VOLVO,XC90,2,0,Identifikasjon av kjoretoyet (vehicle identification),4,5537,0.0007
FORD,B-MAX,2,0,Identifikasjon av kjoretoyet (vehicle identification),1,250,0.004
TOYOTA,RAV4,2,0,Identifikasjon av kjoretoyet (vehicle identification),38,15118,0.0025
SKODA,OCTAVIA,3,0,Identifikasjon av kjoretoyet (vehicle identification),114,19319,0.0059
MAZDA,MAZDA3,2,0,Identifikasjon av kjoretoyet (vehicle identification),4,2010,0.002
KIA,CEE'D SW,3,0,Identifikasjon av kjoretoyet (vehicle identification),23,3585,0.0064
MAZDA,MAZDA2,4,0,Identifikasjon av kjoretoyet (vehicle identification),7,2075,0.0034
TOYOTA,AYGO,2,0,Identifikasjon av kjoretoyet (vehicle identification),1,608,0.0016
AUDI,A6 AVANT,3,0,Identifikasjon av kjoretoyet (vehicle identification),16,2163,0.0074
MERCEDES-BENZ,GLE,1,0,Identifikasjon av kjoretoyet (vehicle identification),2,2193,0.0009
MAZDA,2,2,0,Identifikasjon av kjoretoyet (vehicle identification),1,1120,0.0009
HYUNDAI,I10,2,0,Identifikasjon av kjoretoyet (vehicle identification),0,411,0.0
KIA,CEED,1,0,Identifikasjon av kjoretoyet (vehicle identification),2,984,0.002
CITROËN,DS3,4,0,Identifikasjon av kjoretoyet (vehicle identification),8,696,0.0115
FIAT,PANDA,1,0,Identifikasjon av kjoretoyet (vehicle identification),0,20,0.0
AUDI,Q3,4,0,Identifikasjon av kjoretoyet (vehicle identification),1,293,0.0034
PEUGEOT,208,4,0,Identifikasjon av kjoretoyet (vehicle identification),3,267,0.0112
FORD,FOCUS STATIONSVOGN,2,0,Identifikasjon av kjoretoyet (vehicle identification),14,5076,0.0028
VOLKSWAGEN,POLO,3,0,Identifikasjon av kjoretoyet (vehicle identification),40,10576,0.0038
KIA,CEED SW,4,0,Identifikasjon av kjoretoyet (vehicle identification),4,742,0.0054
MERCEDES-BENZ,E,4,0,Identifikasjon av kjoretoyet (vehicle identification),97,11198,0.0087
OPEL,MERIVA,4,0,Identifikasjon av kjoretoyet (vehicle identification),12,1312,0.0091
BMW,2-Serie,1,0,Identifikasjon av kjoretoyet (vehicle identification),5,7055,0.0007
VOLVO,V50,4,0,Identifikasjon av kjoretoyet (vehicle identification),53,11296,0.0047
MAZDA,2,3,0,Identifikasjon av kjoretoyet (vehicle identification),7,1899,0.0037
FORD,FIESTA 5 DØRS,3,0,Identifikasjon av kjoretoyet (vehicle identification),42,8583,0.0049
TOYOTA,Aygo X,2,0,Identifikasjon av kjoretoyet (vehicle identification),1,608,0.0016
VOLKSWAGEN,UP!,3,0,Identifikasjon av kjoretoyet (vehicle identification),24,4436,0.0054
HONDA,CR-V,2,0,Identifikasjon av kjoretoyet (vehicle identification),3,2570,0.0012
AUDI,A6 AVANT,2,0,Identifikasjon av kjoretoyet (vehicle identification),4,1067,0.0037
CITROËN,BERLINGO,4,0,Identifikasjon av kjoretoyet (vehicle identification),6,993,0.006
AUDI,A3,4,0,Identifikasjon av kjoretoyet (vehicle identification),40,8787,0.0046
PEUGEOT,508,1,0,Identifikasjon av kjoretoyet (vehicle identification),4,1065,0.0038
SKODA,FABIA,4,0,Identifikasjon av kjoretoyet (vehicle identification),24,4252,0.0056
TOYOTA,RAV4,3,0,Identifikasjon av kjoretoyet (vehicle identification),54,11242,0.0048
SKODA,OCTAVIA,2,0,Identifikasjon av kjoretoyet (vehicle identification),38,13702,0.0028
SKODA,SUPERB,4,0,Identifikasjon av kjoretoyet (vehicle identification),21,3621,0.0058
MAZDA,MAZDA3,3,0,Identifikasjon av kjoretoyet (vehicle identification),15,2880,0.0052
KIA,CEE'D SW,2,0,Identifikasjon av kjoretoyet (vehicle identification),4,1150,0.0035
TOYOTA,AYGO,3,0,Identifikasjon av kjoretoyet (vehicle identification),18,2298,0.0078
MITSUBISHI,ASX,1,0,Identifikasjon av kjoretoyet (vehicle identification),0,452,0.0
FORD,B-MAX,3,0,Identifikasjon av kjoretoyet (vehicle identification),4,1129,0.0035
HYUNDAI,I10,3,0,Identifikasjon av kjoretoyet (vehicle identification),7,1046,0.0067
KIA,RIO,2,0,Identifikasjon av kjoretoyet (vehicle identification),4,1154,0.0035
SUZUKI,ALTO,4,0,Identifikasjon av kjoretoyet (vehicle identification),2,392,0.0051
HYUNDAI,I40,2,0,Identifikasjon av kjoretoyet (vehicle identification),0,123,0.0
PEUGEOT,108,1,0,Identifikasjon av kjoretoyet (vehicle identification),0,129,0.0
VOLVO,XC90,3,0,Identifikasjon av kjoretoyet (vehicle identification),5,1135,0.0044
CITROËN,C4 Cactus,3,0,Identifikasjon av kjoretoyet (vehicle identification),1,775,0.0013
AUDI,A4 AVANT,4,0,Identifikasjon av kjoretoyet (vehicle identification),1,152,0.0066
OPEL,Mokka,4,0,Identifikasjon av kjoretoyet (vehicle identification),0,35,0.0
TOYOTA,YARIS 5-DØRS,2,0,Identifikasjon av kjoretoyet (vehicle identification),19,15223,0.0012
AUDI,A3,1,0,Identifikasjon av kjoretoyet (vehicle identification),4,4115,0.001
AUDI,Q5,3,0,Identifikasjon av kjoretoyet (vehicle identification),22,5548,0.004
OPEL,Mokka,1,0,Identifikasjon av kjoretoyet (vehicle identification),1,1060,0.0009
MAZDA,3,2,0,Identifikasjon av kjoretoyet (vehicle identification),4,2010,0.002
MERCEDES-BENZ,GLA,2,0,Identifikasjon av kjoretoyet (vehicle identification),5,1805,0.0028
MERCEDES-BENZ,E,1,0,Identifikasjon av kjoretoyet (vehicle identification),11,4198,0.0026
FORD,MONDEO STATIONCAR,2,0,Identifikasjon av kjoretoyet (vehicle identification),17,5589,0.003
FORD,C-MAX,3,0,Identifikasjon av kjoretoyet (vehicle identification),6,1829,0.0033
HYUNDAI,Ioniq,1,0,Identifikasjon av kjoretoyet (vehicle identification),1,1674,0.0006
AUDI,A4 AVANT,1,0,Identifikasjon av kjoretoyet (vehicle identification),4,1533,0.0026
KIA,SPORTAGE,3,0,Identifikasjon av kjoretoyet (vehicle identification),37,7796,0.0047
VOLVO,V70,2,0,Identifikasjon av kjoretoyet (vehicle identification),3,2502,0.0012
MITSUBISHI,COLT,4,0,Identifikasjon av kjoretoyet (vehicle identification),30,3136,0.0096
CITROËN,C5 Aircross,1,0,Identifikasjon av kjoretoyet (vehicle identification),0,1527,0.0
PEUGEOT,5008,3,0,Identifikasjon av kjoretoyet (vehicle identification),8,1911,0.0042
MITSUBISHI,ASX,4,0,Identifikasjon av kjoretoyet (vehicle identification),24,5149,0.0047
MINI,COOPER,2,0,Identifikasjon av kjoretoyet (vehicle identification),1,1205,0.0008
AUDI,A1 SPORTBACK,3,0,Identifikasjon av kjoretoyet (vehicle identification),17,3090,0.0055
CITROËN,C4 PICASSO,3,0,Identifikasjon av kjoretoyet (vehicle identification),6,1484,0.004
AUDI,A3 Sportback,2,0,Identifikasjon av kjoretoyet (vehicle identification),15,8901,0.0017
FORD,NY Focus,3,0,Identifikasjon av kjoretoyet (vehicle identification),76,15257,0.005
SKODA,SUPERB,1,0,Identifikasjon av kjoretoyet (vehicle identification),10,6713,0.0015
MERCEDES-BENZ,C-Klasse,3,0,Identifikasjon av kjoretoyet (vehicle identification),27,6797,0.004
TOYOTA,AVENSIS,3,0,Identifikasjon av kjoretoyet (vehicle identification),58,12867,0.0045
TOYOTA,AYGO 5-DØRS,2,0,Identifikasjon av kjoretoyet (vehicle identification),1,608,0.0016
SKODA,FABIA,1,0,Identifikasjon av kjoretoyet (vehicle identification),4,2246,0.0018
TOYOTA,AYGO 3/5-DØRS,3,0,Identifikasjon av kjoretoyet (vehicle identification),18,2298,0.0078
KIA,VENGA,3,0,Identifikasjon av kjoretoyet (vehicle identification),2,1099,0.0018
MERCEDES-BENZ,A-Klasse,3,0,Identifikasjon av kjoretoyet (vehicle identification),22,6182,0.0036
VOLVO,XC40,1,0,Identifikasjon av kjoretoyet (vehicle identification),5,6206,0.0008
CITROËN,BERLINGO,1,0,Identifikasjon av kjoretoyet (vehicle identification),1,389,0.0026
VOLKSWAGEN,TOURAN,2,0,Identifikasjon av kjoretoyet (vehicle identification),7,2051,0.0034
FORD,KA,2,0,Identifikasjon av kjoretoyet (vehicle identification),0,41,0.0
VOLKSWAGEN,Golf Sportsvan,1,0,Identifikasjon av kjoretoyet (vehicle identification),1,502,0.002
ALFA ROMEO,GIULIETTA,2,0,Identifikasjon av kjoretoyet (vehicle identification),0,35,0.0
KIA,CEED SW,1,0,Identifikasjon av kjoretoyet (vehicle identification),2,984,0.002
PEUGEOT,206 +,4,0,Identifikasjon av kjoretoyet (vehicle identification),2,143,0.014
FORD,GALAXY,2,0,Identifikasjon av kjoretoyet (vehicle identification),2,493,0.0041
VOLKSWAGEN,T-Cross,1,0,Identifikasjon av kjoretoyet (vehicle identification),0,1210,0.0
BMW,4-serie,3,0,Identifikasjon av kjoretoyet (vehicle identification),4,422,0.0095
PEUGEOT,508,4,0,Identifikasjon av kjoretoyet (vehicle identification),13,1566,0.0083
KIA,Stonic,2,0,Identifikasjon av kjoretoyet (vehicle identification),0,93,0.0
NISSAN,JUKE,3,0,Identifikasjon av kjoretoyet (vehicle identification),13,1806,0.0072
VOLVO,V60,3,0,Identifikasjon av kjoretoyet (vehicle identification),51,13953,0.0037
TOYOTA,AURIS,2,0,Identifikasjon av kjoretoyet (vehicle identification),27,15458,0.0017
NISSAN,Qashqai J11A,1,0,Identifikasjon av kjoretoyet (vehicle identification),2,4798,0.0004
KIA,PICANTO,1,0,Identifikasjon av kjoretoyet (vehicle identification),0,563,0.0
CITROËN,C3 PICASSO,3,0,Identifikasjon av kjoretoyet (vehicle identification),4,382,0.0105
TOYOTA,AVENSIS STW,2,0,Identifikasjon av kjoretoyet (vehicle identification),7,3935,0.0018
SKODA,OCTAVIA COMBI,2,0,Identifikasjon av kjoretoyet (vehicle identification),38,13702,0.0028
MAZDA,MAZDA6,4,0,Identifikasjon av kjoretoyet (vehicle identification),48,4254,0.0113
VOLVO,V90,2,0,Identifikasjon av kjoretoyet (vehicle identification),9,4670,0.0019
BMW,3-Serie,4,0,Identifikasjon av kjoretoyet (vehicle identification),109,10635,0.0102
HYUNDAI,I20,2,0,Identifikasjon av kjoretoyet (vehicle identification),3,2116,0.0014
SKODA,FABIA COMBI,1,0,Identifikasjon av kjoretoyet (vehicle identification),4,2246,0.0018
CITROËN,C3,1,0,Identifikasjon av kjoretoyet (vehicle identification),3,2416,0.0012
PEUGEOT,308,1,0,Identifikasjon av kjoretoyet (vehicle identification),3,1141,0.0026
SKODA,RAPID SPACEBACK,2,0,Identifikasjon av kjoretoyet (vehicle identification),4,1389,0.0029
PEUGEOT,3008,4,0,Identifikasjon av kjoretoyet (vehicle identification),21,4758,0.0044
NISSAN,MICRA,2,0,Identifikasjon av kjoretoyet (vehicle identification),2,274,0.0073
NISSAN,QASHQAI,2,0,Identifikasjon av kjoretoyet (vehicle identification),15,7503,0.002
SKODA,RAPID,3,0,Identifikasjon av kjoretoyet (vehicle identification),9,1667,0.0054
RENAULT,MEGANE,3,0,Identifikasjon av kjoretoyet (vehicle identification),9,1261,0.0071
SUZUKI,SX4 S-Cross,3,0,Identifikasjon av kjoretoyet (vehicle identification),15,4208,0.0036
BMW,1-Serie,1,0,Identifikasjon av kjoretoyet (vehicle identification),0,314,0.0
OPEL,INSIGNIA,2,0,Identifikasjon av kjoretoyet (vehicle identification),1,1507,0.0007
CITROËN,C 1,4,0,Identifikasjon av kjoretoyet (vehicle identification),6,1119,0.0054
HYUNDAI,i10 AC3,3,0,Identifikasjon av kjoretoyet (vehicle identification),7,1046,0.0067
OPEL,ASTRA,1,0,Identifikasjon av kjoretoyet (vehicle identification),1,1077,0.0009
RENAULT,Kadjar,1,0,Identifikasjon av kjoretoyet (vehicle identification),0,356,0.0
RENAULT,CLIO,2,0,Identifikasjon av kjoretoyet (vehicle identification),6,641,0.0094
SKODA,CITIGO,3,0,Identifikasjon av kjoretoyet (vehicle identification),10,1480,0.0068
CITROËN,C1,3,0,Identifikasjon av kjoretoyet (vehicle identification),6,880,0.0068
HYUNDAI,IX20,2,0,Identifikasjon av kjoretoyet (vehicle identification),0,230,0.0
HONDA,JAZZ,1,0,Identifikasjon av kjoretoyet (vehicle identification),0,801,0.0
AUDI,A3 Limousine,2,0,Identifikasjon av kjoretoyet (vehicle identification),0,290,0.0
RENAULT,MEGANE SPORT TOURER,1,0,Identifikasjon av kjoretoyet (vehicle identification),1,294,0.0034
FIAT,500,1,0,Identifikasjon av kjoretoyet (vehicle identification),0,212,0.0
SUZUKI,IGNIS,4,0,Identifikasjon av kjoretoyet (vehicle identification),0,390,0.0
KIA,Niro,2,0,Identifikasjon av kjoretoyet (vehicle identification),7,2639,0.0027
HYUNDAI,Tucson,4,0,Identifikasjon av kjoretoyet (vehicle identification),3,317,0.0095
NISSAN,NOTE,1,0,Identifikasjon av kjoretoyet (vehicle identification),0,25,0.0
SEAT,IBIZA,2,0,Identifikasjon av kjoretoyet (vehicle identification),0,1,0.0
TOYOTA,RAV4 Plug in,4,0,Identifikasjon av kjoretoyet (vehicle identification),109,10666,0.0102
VOLKSWAGEN,PASSAT VARIANT,4,0,Identifikasjon av kjoretoyet (vehicle identification),141,15462,0.0091
VOLKSWAGEN,GOLF,4,0,Identifikasjon av kjoretoyet (vehicle identification),236,32682,0.0072
SKODA,SUPERB COMBI,1,0,Identifikasjon av kjoretoyet (vehicle identification),10,6713,0.0015
TOYOTA,YARIS 5-DØRS,3,0,Identifikasjon av kjoretoyet (vehicle identification),67,21128,0.0032
VOLKSWAGEN,TOURAN,3,0,Identifikasjon av kjoretoyet (vehicle identification),31,5455,0.0057
FORD,GALAXY,3,0,Identifikasjon av kjoretoyet (vehicle identification),9,1766,0.0051
VOLVO,V70,3,0,Identifikasjon av kjoretoyet (vehicle identification),43,11477,0.0037
AUDI,A1 SPORTBACK,2,0,Identifikasjon av kjoretoyet (vehicle identification),3,1299,0.0023
FORD,S-MAX,4,0,Identifikasjon av kjoretoyet (vehicle identification),51,6314,0.0081
PEUGEOT,2008,1,0,Identifikasjon av kjoretoyet (vehicle identification),2,2747,0.0007
FORD,MONDEO STATIONCAR,3,0,Identifikasjon av kjoretoyet (vehicle identification),68,9588,0.0071
BMW,X5,1,0,Identifikasjon av kjoretoyet (vehicle identification),6,5474,0.0011
OPEL,Crossland X,1,0,Identifikasjon av kjoretoyet (vehicle identification),2,1377,0.0015
KIA,SPORTAGE,2,0,Identifikasjon av kjoretoyet (vehicle identification),12,3281,0.0037
FORD,KUGA,4,0,Identifikasjon av kjoretoyet (vehicle identification),145,5780,0.0251
CITROËN,C4 PICASSO,2,0,Identifikasjon av kjoretoyet (vehicle identification),1,1511,0.0007
MINI,COOPER,3,0,Identifikasjon av kjoretoyet (vehicle identification),10,3308,0.003
MAZDA,3,3,0,Identifikasjon av kjoretoyet (vehicle identification),15,2880,0.0052
FORD,C-MAX,2,0,Identifikasjon av kjoretoyet (vehicle identification),1,749,0.0013
AUDI,Q5,2,0,Identifikasjon av kjoretoyet (vehicle identification),2,2270,0.0009
FORD,NY Focus,2,0,Identifikasjon av kjoretoyet (vehicle identification),14,5076,0.0028
AUDI,A3 Sportback,3,0,Identifikasjon av kjoretoyet (vehicle identification),24,9047,0.0027
MERCEDES-BENZ,C-Klasse,2,0,Identifikasjon av kjoretoyet (vehicle identification),18,5861,0.0031
TOYOTA,AVENSIS,2,0,Identifikasjon av kjoretoyet (vehicle identification),7,3935,0.0018
TOYOTA,AYGO 5-DØRS,3,0,Identifikasjon av kjoretoyet (vehicle identification),18,2298,0.0078
KIA,CEED,4,0,Identifikasjon av kjoretoyet (vehicle identification),4,742,0.0054
TOYOTA,AYGO 3/5-DØRS,2,0,Identifikasjon av kjoretoyet (vehicle identification),1,608,0.0016
KIA,VENGA,2,0,Identifikasjon av kjoretoyet (vehicle identification),0,273,0.0
PEUGEOT,5008,2,0,Identifikasjon av kjoretoyet (vehicle identification),0,1312,0.0
FORD,KA,3,0,Identifikasjon av kjoretoyet (vehicle identification),3,505,0.0059
AUDI,Q3,1,0,Identifikasjon av kjoretoyet (vehicle identification),3,911,0.0033
MAZDA,MAZDA2,1,0,Identifikasjon av kjoretoyet (vehicle identification),0,625,0.0
FIAT,PANDA,4,0,Identifikasjon av kjoretoyet (vehicle identification),3,101,0.0297
MERCEDES-BENZ,A-Klasse,2,0,Identifikasjon av kjoretoyet (vehicle identification),6,2268,0.0026
OPEL,Grandland X,1,0,Identifikasjon av kjoretoyet (vehicle identification),1,2268,0.0004
PEUGEOT,208,1,0,Identifikasjon av kjoretoyet (vehicle identification),2,1123,0.0018
TOYOTA,COROLLA,3,0,Identifikasjon av kjoretoyet (vehicle identification),0,284,0.0
HYUNDAI,I30CW,3,0,Identifikasjon av kjoretoyet (vehicle identification),2,164,0.0122
BMW,4-serie,2,0,Identifikasjon av kjoretoyet (vehicle identification),3,509,0.0059
ALFA ROMEO,GIULIETTA,3,0,Identifikasjon av kjoretoyet (vehicle identification),1,258,0.0039
MERCEDES-BENZ,GLA,3,0,Identifikasjon av kjoretoyet (vehicle identification),7,1359,0.0052
KIA,Optima,4,0,Identifikasjon av kjoretoyet (vehicle identification),0,1,0.0
TOYOTA,YARIS 5-DØRS,4,0,Identifikasjon av kjoretoyet (vehicle identification),69,12845,0.0054
VOLKSWAGEN,TOURAN,4,0,Identifikasjon av kjoretoyet (vehicle identification),100,10414,0.0096
FORD,FOCUS STATIONSVOGN,1,0,Identifikasjon av kjoretoyet (vehicle identification),6,6110,0.001
TOYOTA,COROLLA,4,0,Identifikasjon av kjoretoyet (vehicle identification),29,4053,0.0072
VOLKSWAGEN,PASSAT VARIANT,3,0,Identifikasjon av kjoretoyet (vehicle identification),78,16654,0.0047
MINI,COOPER,4,0,Identifikasjon av kjoretoyet (vehicle identification),13,2672,0.0049
FORD,MONDEO STATIONCAR,4,0,Identifikasjon av kjoretoyet (vehicle identification),145,15288,0.0095
VOLKSWAGEN,GOLF,3,0,Identifikasjon av kjoretoyet (vehicle identification),198,40607,0.0049
FORD,S-MAX,3,0,Identifikasjon av kjoretoyet (vehicle identification),37,5510,0.0067
MAZDA,3,4,0,Identifikasjon av kjoretoyet (vehicle identification),37,3328,0.0111
TOYOTA,RAV4 Plug in,3,0,Identifikasjon av kjoretoyet (vehicle identification),54,11242,0.0048
FORD,KUGA,3,0,Identifikasjon av kjoretoyet (vehicle identification),64,7170,0.0089
VOLVO,V70,4,0,Identifikasjon av kjoretoyet (vehicle identification),113,17685,0.0064
BMW,2-Serie,2,0,Identifikasjon av kjoretoyet (vehicle identification),5,5966,0.0008
HONDA,CR-V,1,0,Identifikasjon av kjoretoyet (vehicle identification),1,1749,0.0006
TOYOTA,Aygo X,1,0,Identifikasjon av kjoretoyet (vehicle identification),2,689,0.0029
FORD,KA,4,0,Identifikasjon av kjoretoyet (vehicle identification),10,449,0.0223
MITSUBISHI,ASX,2,0,Identifikasjon av kjoretoyet (vehicle identification),3,1912,0.0016
SKODA,OCTAVIA,1,0,Identifikasjon av kjoretoyet (vehicle identification),23,14749,0.0016
TOYOTA,AYGO 5-DØRS,4,0,Identifikasjon av kjoretoyet (vehicle identification),18,3007,0.006
HYUNDAI,I30CW,4,0,Identifikasjon av kjoretoyet (vehicle identification),35,3800,0.0092
KIA,CEED,3,0,Identifikasjon av kjoretoyet (vehicle identification),23,3585,0.0064
PEUGEOT,108,2,0,Identifikasjon av kjoretoyet (vehicle identification),1,601,0.0017
KIA,RIO,1,0,Identifikasjon av kjoretoyet (vehicle identification),2,599,0.0033
FIAT,PANDA,3,0,Identifikasjon av kjoretoyet (vehicle identification),4,332,0.012
PEUGEOT,508,2,0,Identifikasjon av kjoretoyet (vehicle identification),1,919,0.0011
AUDI,A6 AVANT,1,0,Identifikasjon av kjoretoyet (vehicle identification),0,526,0.0
FORD,GALAXY,4,0,Identifikasjon av kjoretoyet (vehicle identification),21,2069,0.0101
KIA,CEE'D SW,1,0,Identifikasjon av kjoretoyet (vehicle identification),2,984,0.002
KIA,Optima,3,0,Identifikasjon av kjoretoyet (vehicle identification),0,86,0.0
MERCEDES-BENZ,GLE,3,0,Identifikasjon av kjoretoyet (vehicle identification),0,72,0.0
AUDI,A3 Sportback,4,0,Identifikasjon av kjoretoyet (vehicle identification),0,227,0.0
ALFA ROMEO,GIULIETTA,4,0,Identifikasjon av kjoretoyet (vehicle identification),0,1,0.0
HYUNDAI,I40,1,0,Identifikasjon av kjoretoyet (vehicle identification),0,1,0.0
VOLVO,V60,1,0,Identifikasjon av kjoretoyet (vehicle identification),6,11028,0.0005
MITSUBISHI,OUTLANDER,2,0,Identifikasjon av kjoretoyet (vehicle identification),34,22180,0.0015
SUZUKI,VITARA,2,0,Identifikasjon av kjoretoyet (vehicle identification),7,3777,0.0019
HONDA,JAZZ,3,0,Identifikasjon av kjoretoyet (vehicle identification),1,1643,0.0006
MERCEDES-BENZ,C,2,0,Identifikasjon av kjoretoyet (vehicle identification),18,5861,0.0031
DACIA,Duster,2,0,Identifikasjon av kjoretoyet (vehicle identification),0,542,0.0
OPEL,ASTRA,3,0,Identifikasjon av kjoretoyet (vehicle identification),18,3710,0.0049
MAZDA,CX-3,2,0,Identifikasjon av kjoretoyet (vehicle identification),7,5128,0.0014
KIA,PICANTO,3,0,Identifikasjon av kjoretoyet (vehicle identification),58,3887,0.0149
CITROËN,C3,3,0,Identifikasjon av kjoretoyet (vehicle identification),7,1322,0.0053
NISSAN,Qashqai J11A,3,0,Identifikasjon av kjoretoyet (vehicle identification),48,10874,0.0044
BMW,1-Serie,3,0,Identifikasjon av kjoretoyet (vehicle identification),32,5856,0.0055
SKODA,KODIAQ,1,0,Identifikasjon av kjoretoyet (vehicle identification),14,7893,0.0018
BMW,X3,2,0,Identifikasjon av kjoretoyet (vehicle identification),9,3055,0.0029
VOLKSWAGEN,TIGUAN,2,0,Identifikasjon av kjoretoyet (vehicle identification),10,7466,0.0013
SKODA,FABIA COMBI,3,0,Identifikasjon av kjoretoyet (vehicle identification),22,3929,0.0056
HYUNDAI,i10 AC3,1,0,Identifikasjon av kjoretoyet (vehicle identification),0,161,0.0
PEUGEOT,308,3,0,Identifikasjon av kjoretoyet (vehicle identification),22,4837,0.0045
BMW,5-Serie,2,0,Identifikasjon av kjoretoyet (vehicle identification),10,3263,0.0031
CITROËN,C4,4,0,Identifikasjon av kjoretoyet (vehicle identification),26,2439,0.0107
RENAULT,MEGANE SPORT TOURER,3,0,Identifikasjon av kjoretoyet (vehicle identification),9,1261,0.0071
FORD,FIESTA,4,0,Identifikasjon av kjoretoyet (vehicle identification),82,7906,0.0104
VOLKSWAGEN,PASSAT,4,0,Identifikasjon av kjoretoyet (vehicle identification),141,15462,0.0091
FORD,MONDEO,4,0,Identifikasjon av kjoretoyet (vehicle identification),145,15288,0.0095
SUZUKI,SX4 COMBIBACK,2,0,Identifikasjon av kjoretoyet (vehicle identification),1,2476,0.0004
FORD,Focus,4,0,Identifikasjon av kjoretoyet (vehicle identification),298,12012,0.0248
VOLKSWAGEN,CADDY,4,0,Identifikasjon av kjoretoyet (vehicle identification),17,1082,0.0157
MERCEDES-BENZ,B-Klasse,2,0,Identifikasjon av kjoretoyet (vehicle identification),1,1185,0.0008
BMW,X1,4,0,Identifikasjon av kjoretoyet (vehicle identification),21,4390,0.0048
FIAT,500,3,0,Identifikasjon av kjoretoyet (vehicle identification),28,2045,0.0137
TOYOTA,VERSO,2,0,Identifikasjon av kjoretoyet (vehicle identification),0,178,0.0
TOYOTA,Toyota C-HR,2,0,Identifikasjon av kjoretoyet (vehicle identification),3,4126,0.0007
NISSAN,JUKE,1,0,Identifikasjon av kjoretoyet (vehicle identification),0,107,0.0
PEUGEOT,107,4,0,Identifikasjon av kjoretoyet (vehicle identification),18,1880,0.0096
NISSAN,NOTE,3,0,Identifikasjon av kjoretoyet (vehicle identification),8,946,0.0085
SKODA,RAPID,1,0,Identifikasjon av kjoretoyet (vehicle identification),1,482,0.0021
RENAULT,MEGANE,1,0,Identifikasjon av kjoretoyet (vehicle identification),1,294,0.0034
SUZUKI,SX4 S-Cross,1,0,Identifikasjon av kjoretoyet (vehicle identification),0,80,0.0
SKODA,KAMIQ,1,0,Identifikasjon av kjoretoyet (vehicle identification),1,327,0.0031
CITROËN,C1,1,0,Identifikasjon av kjoretoyet (vehicle identification),0,58,0.0
SKODA,CITIGO,1,0,Identifikasjon av kjoretoyet (vehicle identification),0,202,0.0
OPEL,ASTRA SPORTS TOURER,4,0,Identifikasjon av kjoretoyet (vehicle identification),8,979,0.0082
CITROËN,C3 PICASSO,1,0,Identifikasjon av kjoretoyet (vehicle identification),0,11,0.0
SEAT,Ibiza GP2,4,0,Identifikasjon av kjoretoyet (vehicle identification),0,7,0.0
VOLKSWAGEN,T-Roc,2,0,Identifikasjon av kjoretoyet (vehicle identification),0,288,0.0
RENAULT,Kadjar,3,0,Identifikasjon av kjoretoyet (vehicle identification),0,102,0.0
VOLVO,V40,3,0,Identifikasjon av kjoretoyet (vehicle identification),42,13394,0.0031
VOLVO,XC60,3,0,Identifikasjon av kjoretoyet (vehicle identification),37,13968,0.0026
MAZDA,CX-5,3,0,Identifikasjon av kjoretoyet (vehicle identification),62,14518,0.0043
SKODA,KAROQ,1,0,Identifikasjon av kjoretoyet (vehicle identification),4,2413,0.0017
SUZUKI,SWIFT,3,0,Identifikasjon av kjoretoyet (vehicle identification),13,4814,0.0027
PEUGEOT,207,4,0,Identifikasjon av kjoretoyet (vehicle identification),90,5486,0.0164
MITSUBISHI,OUTLANDER,4,0,Identifikasjon av kjoretoyet (vehicle identification),76,10148,0.0075
BMW,5-Serie,4,0,Identifikasjon av kjoretoyet (vehicle identification),71,10877,0.0065
BMW,X3,4,0,Identifikasjon av kjoretoyet (vehicle identification),36,5417,0.0066
MERCEDES-BENZ,B-Klasse,4,0,Identifikasjon av kjoretoyet (vehicle identification),20,4180,0.0048
MERCEDES-BENZ,C,4,0,Identifikasjon av kjoretoyet (vehicle identification),40,7755,0.0052
NISSAN,X-TRAIL,3,0,Identifikasjon av kjoretoyet (vehicle identification),26,2381,0.0109
VOLKSWAGEN,TIGUAN,4,0,Identifikasjon av kjoretoyet (vehicle identification),85,11058,0.0077
RENAULT,Captur,2,0,Identifikasjon av kjoretoyet (vehicle identification),15,1187,0.0126
SUZUKI,SX4,1,0,Identifikasjon av kjoretoyet (vehicle identification),2,2054,0.001
BMW,X1,2,0,Identifikasjon av kjoretoyet (vehicle identification),7,3404,0.0021
MERCEDES-BENZ,CLA,1,0,Identifikasjon av kjoretoyet (vehicle identification),1,1365,0.0007
AUDI,A5 SPORTBACK,3,0,Identifikasjon av kjoretoyet (vehicle identification),6,880,0.0068
SUZUKI,SX4 COMBIBACK,4,0,Identifikasjon av kjoretoyet (vehicle identification),12,4809,0.0025
TOYOTA,YARIS,3,0,Identifikasjon av kjoretoyet (vehicle identification),67,21128,0.0032
MERCEDES-BENZ,E-Klasse,3,0,Identifikasjon av kjoretoyet (vehicle identification),45,8181,0.0055
FORD,FIESTA,2,0,Identifikasjon av kjoretoyet (vehicle identification),16,4402,0.0036
FORD,MONDEO,2,0,Identifikasjon av kjoretoyet (vehicle identification),17,5589,0.003
VOLKSWAGEN,PASSAT,2,0,Identifikasjon av kjoretoyet (vehicle identification),23,14320,0.0016
CITROËN,C4,2,0,Identifikasjon av kjoretoyet (vehicle identification),9,3636,0.0025
RENAULT,Ny Clio,3,0,Identifikasjon av kjoretoyet (vehicle identification),27,1622,0.0166
HYUNDAI,I 10,1,0,Identifikasjon av kjoretoyet (vehicle identification),0,161,0.0
FORD,Focus,2,0,Identifikasjon av kjoretoyet (vehicle identification),14,5076,0.0028
HYUNDAI,I30,4,0,Identifikasjon av kjoretoyet (vehicle identification),35,3800,0.0092
FORD,FOCUS,3,0,Identifikasjon av kjoretoyet (vehicle identification),76,15257,0.005
TOYOTA,VERSO,4,0,Identifikasjon av kjoretoyet (vehicle identification),19,2396,0.0079
VOLKSWAGEN,CADDY,2,0,Identifikasjon av kjoretoyet (vehicle identification),10,818,0.0122
CHEVROLET,SPARK,3,0,Identifikasjon av kjoretoyet (vehicle identification),6,308,0.0195
OPEL,ZAFIRA,1,0,Identifikasjon av kjoretoyet (vehicle identification),0,47,0.0
FIAT,Punto S7,4,0,Identifikasjon av kjoretoyet (vehicle identification),0,347,0.0
HONDA,CIVIC,3,0,Identifikasjon av kjoretoyet (vehicle identification),8,2369,0.0034
OPEL,CORSA,1,0,Identifikasjon av kjoretoyet (vehicle identification),1,389,0.0026
OPEL,ASTRA SPORTS TOURER,2,0,Identifikasjon av kjoretoyet (vehicle identification),2,374,0.0053
HYUNDAI,i30 Stc.,3,0,Identifikasjon av kjoretoyet (vehicle identification),2,164,0.0122
SEAT,LEON,1,0,Identifikasjon av kjoretoyet (vehicle identification),0,71,0.0
PEUGEOT,107,2,0,Identifikasjon av kjoretoyet (vehicle identification),0,7,0.0
AUDI,A3 CABRIOLET,1,0,Identifikasjon av kjoretoyet (vehicle identification),0,7,0.0
CITROËN,C3 Aircross,2,0,Identifikasjon av kjoretoyet (vehicle identification),0,91,0.0
MERCEDES-BENZ,GLC,3,0,Identifikasjon av kjoretoyet (vehicle identification),1,311,0.0032
DACIA,Duster,4,0,Identifikasjon av kjoretoyet (vehicle identification),0,8,0.0
SEAT,Ibiza GP2,2,0,Identifikasjon av kjoretoyet (vehicle identification),0,1,0.0
PEUGEOT,508,3,0,Identifikasjon av kjoretoyet (vehicle identification),31,4721,0.0066
TOYOTA,RAV4 Plug in,2,0,Identifikasjon av kjoretoyet (vehicle identification),38,15118,0.0025
KIA,Optima,2,0,Identifikasjon av kjoretoyet (vehicle identification),1,926,0.0011
MITSUBISHI,COLT,3,0,Identifikasjon av kjoretoyet (vehicle identification),5,1264,0.004
VOLKSWAGEN,GOLF,2,0,Identifikasjon av kjoretoyet (vehicle identification),44,24534,0.0018
VOLVO,XC90,1,0,Identifikasjon av kjoretoyet (vehicle identification),10,8675,0.0012
MITSUBISHI,ASX,3,0,Identifikasjon av kjoretoyet (vehicle identification),30,9126,0.0033
VOLKSWAGEN,POLO,1,0,Identifikasjon av kjoretoyet (vehicle identification),7,5836,0.0012
FORD,S-MAX,2,0,Identifikasjon av kjoretoyet (vehicle identification),7,3631,0.0019
FORD,FIESTA 5 DØRS,1,0,Identifikasjon av kjoretoyet (vehicle identification),4,3219,0.0012
VOLKSWAGEN,PASSAT VARIANT,2,0,Identifikasjon av kjoretoyet (vehicle identification),23,14320,0.0016
MERCEDES-BENZ,A-Klasse,4,0,Identifikasjon av kjoretoyet (vehicle identification),8,2238,0.0036
VOLKSWAGEN,UP!,1,0,Identifikasjon av kjoretoyet (vehicle identification),1,680,0.0015
FORD,KUGA,2,0,Identifikasjon av kjoretoyet (vehicle identification),8,4067,0.002
CITROËN,C4 PICASSO,4,0,Identifikasjon av kjoretoyet (vehicle identification),13,1058,0.0123
AUDI,Q5,4,0,Identifikasjon av kjoretoyet (vehicle identification),23,5189,0.0044
TOYOTA,AVENSIS,4,0,Identifikasjon av kjoretoyet (vehicle identification),161,20526,0.0078
TOYOTA,RAV4,1,0,Identifikasjon av kjoretoyet (vehicle identification),42,29243,0.0014
MERCEDES-BENZ,C-Klasse,4,0,Identifikasjon av kjoretoyet (vehicle identification),40,7755,0.0052
FORD,NY Focus,4,0,Identifikasjon av kjoretoyet (vehicle identification),298,12012,0.0248
TOYOTA,AYGO 3/5-DØRS,4,0,Identifikasjon av kjoretoyet (vehicle identification),18,3007,0.006
HYUNDAI,I10,1,0,Identifikasjon av kjoretoyet (vehicle identification),0,161,0.0
KIA,CEED,2,0,Identifikasjon av kjoretoyet (vehicle identification),4,1150,0.0035
TOYOTA,AYGO,1,0,Identifikasjon av kjoretoyet (vehicle identification),2,689,0.0029
MAZDA,2,1,0,Identifikasjon av kjoretoyet (vehicle identification),0,625,0.0
MAZDA,MAZDA3,1,0,Identifikasjon av kjoretoyet (vehicle identification),0,1523,0.0
FORD,C-MAX,4,0,Identifikasjon av kjoretoyet (vehicle identification),22,1034,0.0213
MERCEDES-BENZ,GLE,2,0,Identifikasjon av kjoretoyet (vehicle identification),0,719,0.0
KIA,SPORTAGE,4,0,Identifikasjon av kjoretoyet (vehicle identification),9,1242,0.0072
CITROËN,C4 Cactus,1,0,Identifikasjon av kjoretoyet (vehicle identification),2,1085,0.0018
PEUGEOT,5008,4,0,Identifikasjon av kjoretoyet (vehicle identification),9,1845,0.0049
KIA,VENGA,4,0,Identifikasjon av kjoretoyet (vehicle identification),4,668,0.006
FIAT,PANDA,2,0,Identifikasjon av kjoretoyet (vehicle identification),2,94,0.0213
BMW,2-Serie,3,0,Identifikasjon av kjoretoyet (vehicle identification),5,949,0.0053
PEUGEOT,108,3,0,Identifikasjon av kjoretoyet (vehicle identification),0,301,0.0
AUDI,A1 SPORTBACK,4,0,Identifikasjon av kjoretoyet (vehicle identification),0,183,0.0
FORD,B-MAX,1,0,Identifikasjon av kjoretoyet (vehicle identification),0,5,0.0
TOYOTA,Toyota C-HR,1,0,Identifikasjon av kjoretoyet (vehicle identification),10,14399,0.0007
MITSUBISHI,OUTLANDER,1,0,Identifikasjon av kjoretoyet (vehicle identification),56,27166,0.0021
SUZUKI,SX4,4,0,Identifikasjon av kjoretoyet (vehicle identification),12,4809,0.0025
TOYOTA,AURIS,3,0,Identifikasjon av kjoretoyet (vehicle identification),85,23427,0.0036
TOYOTA,AVENSIS STW,3,0,Identifikasjon av kjoretoyet (vehicle identification),58,12867,0.0045
VOLKSWAGEN,TIGUAN,1,0,Identifikasjon av kjoretoyet (vehicle identification),8,8054,0.001
SKODA,OCTAVIA COMBI,3,0,Identifikasjon av kjoretoyet (vehicle identification),114,19319,0.0059
VOLVO,V60,2,0,Identifikasjon av kjoretoyet (vehicle identification),8,6546,0.0012
VOLKSWAGEN,T-Roc,1,0,Identifikasjon av kjoretoyet (vehicle identification),9,7258,0.0012
HYUNDAI,I20,3,0,Identifikasjon av kjoretoyet (vehicle identification),14,4313,0.0032
BMW,5-Serie,1,0,Identifikasjon av kjoretoyet (vehicle identification),9,4543,0.002
NISSAN,MICRA,3,0,Identifikasjon av kjoretoyet (vehicle identification),2,871,0.0023
OPEL,CORSA,4,0,Identifikasjon av kjoretoyet (vehicle identification),11,3017,0.0036
RENAULT,CLIO,3,0,Identifikasjon av kjoretoyet (vehicle identification),27,1622,0.0166
SUZUKI,VITARA,1,0,Identifikasjon av kjoretoyet (vehicle identification),5,3773,0.0013
MERCEDES-BENZ,B-Klasse,1,0,Identifikasjon av kjoretoyet (vehicle identification),5,856,0.0058
DACIA,Duster,1,0,Identifikasjon av kjoretoyet (vehicle identification),4,767,0.0052
OPEL,INSIGNIA,3,0,Identifikasjon av kjoretoyet (vehicle identification),13,3483,0.0037
MAZDA,CX-3,1,0,Identifikasjon av kjoretoyet (vehicle identification),4,2711,0.0015
NISSAN,JUKE,2,0,Identifikasjon av kjoretoyet (vehicle identification),1,531,0.0019
MERCEDES-BENZ,C,1,0,Identifikasjon av kjoretoyet (vehicle identification),5,3637,0.0014
SKODA,RAPID SPACEBACK,3,0,Identifikasjon av kjoretoyet (vehicle identification),9,1667,0.0054
OPEL,ZAFIRA,4,0,Identifikasjon av kjoretoyet (vehicle identification),8,1175,0.0068
NISSAN,QASHQAI,3,0,Identifikasjon av kjoretoyet (vehicle identification),48,10874,0.0044
SUZUKI,SX4 COMBIBACK,1,0,Identifikasjon av kjoretoyet (vehicle identification),2,2054,0.001
SKODA,RAPID,2,0,Identifikasjon av kjoretoyet (vehicle identification),4,1389,0.0029
SUZUKI,SX4 S-Cross,2,0,Identifikasjon av kjoretoyet (vehicle identification),1,2348,0.0004
HYUNDAI,i10 AC3,2,0,Identifikasjon av kjoretoyet (vehicle identification),0,411,0.0
HYUNDAI,IX20,3,0,Identifikasjon av kjoretoyet (vehicle identification),6,1937,0.0031
CITROËN,C1,2,0,Identifikasjon av kjoretoyet (vehicle identification),1,428,0.0023
BMW,X3,1,0,Identifikasjon av kjoretoyet (vehicle identification),5,2884,0.0017
SKODA,CITIGO,2,0,Identifikasjon av kjoretoyet (vehicle identification),1,474,0.0021
HYUNDAI,I 10,4,0,Identifikasjon av kjoretoyet (vehicle identification),6,982,0.0061
RENAULT,MEGANE,2,0,Identifikasjon av kjoretoyet (vehicle identification),1,326,0.0031
AUDI,A3 CABRIOLET,4,0,Identifikasjon av kjoretoyet (vehicle identification),1,166,0.006
AUDI,A3 Limousine,3,0,Identifikasjon av kjoretoyet (vehicle identification),3,391,0.0077
SEAT,LEON,4,0,Identifikasjon av kjoretoyet (vehicle identification),0,7,0.0
SKODA,KODIAQ,2,0,Identifikasjon av kjoretoyet (vehicle identification),4,2105,0.0019
CITROËN,C3 PICASSO,2,0,Identifikasjon av kjoretoyet (vehicle identification),0,46,0.0
VOLVO,V90,1,0,Identifikasjon av kjoretoyet (vehicle identification),10,10928,0.0009
BMW,5-Serie,3,0,Identifikasjon av kjoretoyet (vehicle identification),50,8687,0.0058
MERCEDES-BENZ,B-Klasse,3,0,Identifikasjon av kjoretoyet (vehicle identification),14,4025,0.0035
VOLKSWAGEN,TIGUAN,3,0,Identifikasjon av kjoretoyet (vehicle identification),55,13669,0.004
KIA,Niro,1,0,Identifikasjon av kjoretoyet (vehicle identification),8,5432,0.0015
SKODA,OCTAVIA COMBI,1,0,Identifikasjon av kjoretoyet (vehicle identification),23,14749,0.0016
MERCEDES-BENZ,C,3,0,Identifikasjon av kjoretoyet (vehicle identification),27,6797,0.004
BMW,X3,3,0,Identifikasjon av kjoretoyet (vehicle identification),57,9399,0.0061
SKODA,FABIA COMBI,2,0,Identifikasjon av kjoretoyet (vehicle identification),2,3224,0.0006
OPEL,INSIGNIA,1,0,Identifikasjon av kjoretoyet (vehicle identification),0,1365,0.0
PEUGEOT,308,2,0,Identifikasjon av kjoretoyet (vehicle identification),9,4530,0.002
MITSUBISHI,OUTLANDER,3,0,Identifikasjon av kjoretoyet (vehicle identification),91,16791,0.0054
TOYOTA,AURIS,1,0,Identifikasjon av kjoretoyet (vehicle identification),6,6033,0.001
VOLVO,XC60,4,0,Identifikasjon av kjoretoyet (vehicle identification),42,9334,0.0045
OPEL,ASTRA,2,0,Identifikasjon av kjoretoyet (vehicle identification),3,1977,0.0015
TOYOTA,VERSO,3,0,Identifikasjon av kjoretoyet (vehicle identification),10,3553,0.0028
SUZUKI,SWIFT,4,0,Identifikasjon av kjoretoyet (vehicle identification),12,4271,0.0028
HONDA,CIVIC,4,0,Identifikasjon av kjoretoyet (vehicle identification),19,2980,0.0064
HYUNDAI,i30 Stc.,4,0,Identifikasjon av kjoretoyet (vehicle identification),35,3800,0.0092
NISSAN,Qashqai J11A,2,0,Identifikasjon av kjoretoyet (vehicle identification),15,7503,0.002
RENAULT,CLIO,1,0,Identifikasjon av kjoretoyet (vehicle identification),3,563,0.0053
BMW,1-Serie,2,0,Identifikasjon av kjoretoyet (vehicle identification),6,1319,0.0045
NISSAN,X-TRAIL,4,0,Identifikasjon av kjoretoyet (vehicle identification),50,3637,0.0137
HYUNDAI,I20,1,0,Identifikasjon av kjoretoyet (vehicle identification),0,1113,0.0
KIA,PICANTO,2,0,Identifikasjon av kjoretoyet (vehicle identification),7,1280,0.0055
RENAULT,Kadjar,2,0,Identifikasjon av kjoretoyet (vehicle identification),5,688,0.0073
FIAT,500,2,0,Identifikasjon av kjoretoyet (vehicle identification),3,384,0.0078
NISSAN,MICRA,1,0,Identifikasjon av kjoretoyet (vehicle identification),0,296,0.0
TOYOTA,AVENSIS STW,1,0,Identifikasjon av kjoretoyet (vehicle identification),3,538,0.0056
TOYOTA,YARIS,4,0,Identifikasjon av kjoretoyet (vehicle identification),69,12845,0.0054
SUZUKI,SX4 COMBIBACK,3,0,Identifikasjon av kjoretoyet (vehicle identification),19,6632,0.0029
MERCEDES-BENZ,E-Klasse,4,0,Identifikasjon av kjoretoyet (vehicle identification),97,11198,0.0087
NISSAN,QASHQAI,1,0,Identifikasjon av kjoretoyet (vehicle identification),2,4798,0.0004
SEAT,IBIZA,1,0,Identifikasjon av kjoretoyet (vehicle identification),0,162,0.0
FORD,FOCUS,4,0,Identifikasjon av kjoretoyet (vehicle identification),298,12012,0.0248
HONDA,JAZZ,2,0,Identifikasjon av kjoretoyet (vehicle identification),2,727,0.0028
PEUGEOT,207,3,0,Identifikasjon av kjoretoyet (vehicle identification),9,610,0.0148
DACIA,Duster,3,0,Identifikasjon av kjoretoyet (vehicle identification),5,489,0.0102
AUDI,A3 Limousine,1,0,Identifikasjon av kjoretoyet (vehicle identification),0,109,0.0
FIAT,Punto S7,3,0,Identifikasjon av kjoretoyet (vehicle identification),0,91,0.0
RENAULT,Ny Clio,4,0,Identifikasjon av kjoretoyet (vehicle identification),8,517,0.0155
HYUNDAI,I30,3,0,Identifikasjon av kjoretoyet (vehicle identification),2,164,0.0122
SKODA,RAPID SPACEBACK,1,0,Identifikasjon av kjoretoyet (vehicle identification),1,482,0.0021
SKODA,SCALA,1,0,Identifikasjon av kjoretoyet (vehicle identification),0,339,0.0
RENAULT,MEGANE SPORT TOURER,2,0,Identifikasjon av kjoretoyet (vehicle identification),1,326,0.0031
NISSAN,NOTE,2,0,Identifikasjon av kjoretoyet (vehicle identification),0,358,0.0
CITROËN,C3,2,0,Identifikasjon av kjoretoyet (vehicle identification),2,1100,0.0018
SUZUKI,VITARA,3,0,Identifikasjon av kjoretoyet (vehicle identification),5,1056,0.0047
MAZDA,CX-3,3,0,Identifikasjon av kjoretoyet (vehicle identification),3,1002,0.003
AUDI,A5 SPORTBACK,4,0,Identifikasjon av kjoretoyet (vehicle identification),0,69,0.0
MAZDA,CX-5,4,0,Identifikasjon av kjoretoyet (vehicle identification),2,302,0.0066
CHEVROLET,SPARK,4,0,Identifikasjon av kjoretoyet (vehicle identification),0,21,0.0
TOYOTA,Yaris Cross,1,0,Identifikasjon av kjoretoyet (vehicle identification),0,261,0.0
VOLVO,V40,4,0,Identifikasjon av kjoretoyet (vehicle identification),2,243,0.0082
MITSUBISHI,SPACE STAR,3,0,Identifikasjon av kjoretoyet (vehicle identification),9,2090,0.0043
BMW,3-Serie,3,0,Identifikasjon av kjoretoyet (vehicle identification),56,8958,0.0063
PEUGEOT,3008,3,0,Identifikasjon av kjoretoyet (vehicle identification),9,3530,0.0025
SUZUKI,SX4,2,0,Identifikasjon av kjoretoyet (vehicle identification),1,2476,0.0004
BMW,X1,1,0,Identifikasjon av kjoretoyet (vehicle identification),4,7080,0.0006
HYUNDAI,Tucson,3,0,Identifikasjon av kjoretoyet (vehicle identification),9,2331,0.0039
OPEL,CORSA,2,0,Identifikasjon av kjoretoyet (vehicle identification),4,1681,0.0024
MAZDA,MAZDA6,3,0,Identifikasjon av kjoretoyet (vehicle identification),14,3352,0.0042
SEAT,Ibiza GP2,1,0,Identifikasjon av kjoretoyet (vehicle identification),0,162,0.0
MERCEDES-BENZ,CLA,2,0,Identifikasjon av kjoretoyet (vehicle identification),4,2377,0.0017
RENAULT,MEGANE,4,0,Identifikasjon av kjoretoyet (vehicle identification),31,1622,0.0191
VOLKSWAGEN,PASSAT,1,0,Identifikasjon av kjoretoyet (vehicle identification),10,11253,0.0009
FORD,FIESTA,1,0,Identifikasjon av kjoretoyet (vehicle identification),4,3219,0.0012
FORD,Focus,1,0,Identifikasjon av kjoretoyet (vehicle identification),6,6110,0.001
CITROËN,C 1,3,0,Identifikasjon av kjoretoyet (vehicle identification),6,880,0.0068
RENAULT,Captur,1,0,Identifikasjon av kjoretoyet (vehicle identification),8,1550,0.0052
CITROËN,C4,1,0,Identifikasjon av kjoretoyet (vehicle identification),4,2520,0.0016
CITROËN,C3 Aircross,1,0,Identifikasjon av kjoretoyet (vehicle identification),0,782,0.0
VOLVO,V60,4,0,Identifikasjon av kjoretoyet (vehicle identification),16,3752,0.0043
OPEL,ASTRA SPORTS TOURER,1,0,Identifikasjon av kjoretoyet (vehicle identification),0,128,0.0
HYUNDAI,I 10,2,0,Identifikasjon av kjoretoyet (vehicle identification),0,411,0.0
CITROËN,C1,4,0,Identifikasjon av kjoretoyet (vehicle identification),6,1119,0.0054
FORD,MONDEO,1,0,Identifikasjon av kjoretoyet (vehicle identification),5,1541,0.0032
VOLKSWAGEN,CADDY,1,0,Identifikasjon av kjoretoyet (vehicle identification),4,865,0.0046
OPEL,ZAFIRA,2,0,Identifikasjon av kjoretoyet (vehicle identification),0,235,0.0
HYUNDAI,i10 AC3,4,0,Identifikasjon av kjoretoyet (vehicle identification),6,982,0.0061
CITROËN,C3 PICASSO,4,0,Identifikasjon av kjoretoyet (vehicle identification),8,833,0.0096
NISSAN,JUKE,4,0,Identifikasjon av kjoretoyet (vehicle identification),10,753,0.0133
AUDI,A3 CABRIOLET,2,0,Identifikasjon av kjoretoyet (vehicle identification),0,39,0.0
FORD,PUMA,1,0,Identifikasjon av kjoretoyet (vehicle identification),0,614,0.0
SKODA,KAROQ,2,0,Identifikasjon av kjoretoyet (vehicle identification),0,173,0.0
SEAT,LEON,2,0,Identifikasjon av kjoretoyet (vehicle identification),0,5,0.0
SKODA,CITIGO,4,0,Identifikasjon av kjoretoyet (vehicle identification),0,64,0.0
AUDI,A3,2,0,Identifikasjon av kjoretoyet (vehicle identification),15,9233,0.0016
MERCEDES-BENZ,E,2,0,Identifikasjon av kjoretoyet (vehicle identification),15,3761,0.004
TOYOTA,YARIS 5-DØRS,1,0,Identifikasjon av kjoretoyet (vehicle identification),14,16882,0.0008
TOYOTA,Aygo X,4,0,Identifikasjon av kjoretoyet (vehicle identification),18,3007,0.006
TOYOTA,COROLLA,1,0,Identifikasjon av kjoretoyet (vehicle identification),5,9061,0.0006
HONDA,CR-V,4,0,Identifikasjon av kjoretoyet (vehicle identification),41,9204,0.0045
KIA,Stonic,1,0,Identifikasjon av kjoretoyet (vehicle identification),0,630,0.0
SKODA,SUPERB COMBI,3,0,Identifikasjon av kjoretoyet (vehicle identification),46,6121,0.0075
BMW,X5,3,0,Identifikasjon av kjoretoyet (vehicle identification),10,2684,0.0037
FORD,FOCUS STATIONSVOGN,4,0,Identifikasjon av kjoretoyet (vehicle identification),298,12012,0.0248
AUDI,Q3,3,0,Identifikasjon av kjoretoyet (vehicle identification),9,2899,0.0031
OPEL,Mokka,2,0,Identifikasjon av kjoretoyet (vehicle identification),4,3055,0.0013
PEUGEOT,208,3,0,Identifikasjon av kjoretoyet (vehicle identification),25,5152,0.0049
FORD,GALAXY,1,0,Identifikasjon av kjoretoyet (vehicle identification),0,191,0.0
AUDI,A4 AVANT,2,0,Identifikasjon av kjoretoyet (vehicle identification),2,1848,0.0011
VOLKSWAGEN,TOURAN,1,0,Identifikasjon av kjoretoyet (vehicle identification),0,1595,0.0
MINI,COOPER,1,0,Identifikasjon av kjoretoyet (vehicle identification),2,538,0.0037
KIA,CEED SW,2,0,Identifikasjon av kjoretoyet (vehicle identification),4,1150,0.0035
VOLKSWAGEN,Golf Sportsvan,2,0,Identifikasjon av kjoretoyet (vehicle identification),1,2883,0.0003
AUDI,A3 Sportback,1,0,Identifikasjon av kjoretoyet (vehicle identification),4,3698,0.0011
KIA,CEE'D SW,4,0,Identifikasjon av kjoretoyet (vehicle identification),4,742,0.0054
SKODA,FABIA,2,0,Identifikasjon av kjoretoyet (vehicle identification),2,3224,0.0006
SKODA,OCTAVIA,4,0,Identifikasjon av kjoretoyet (vehicle identification),85,12917,0.0066
SKODA,SUPERB,2,0,Identifikasjon av kjoretoyet (vehicle identification),13,5609,0.0023
MAZDA,MAZDA2,3,0,Identifikasjon av kjoretoyet (vehicle identification),7,1899,0.0037
TOYOTA,AYGO 5-DØRS,1,0,Identifikasjon av kjoretoyet (vehicle identification),2,689,0.0029
PEUGEOT,2008,3,0,Identifikasjon av kjoretoyet (vehicle identification),9,2682,0.0034
MERCEDES-BENZ,GLA,1,0,Identifikasjon av kjoretoyet (vehicle identification),2,938,0.0021
MAZDA,3,1,0,Identifikasjon av kjoretoyet (vehicle identification),0,1523,0.0
CITROËN,DS3,3,0,Identifikasjon av kjoretoyet (vehicle identification),8,1430,0.0056
FORD,MONDEO STATIONCAR,1,0,Identifikasjon av kjoretoyet (vehicle identification),5,1541,0.0032
CITROËN,BERLINGO,2,0,Identifikasjon av kjoretoyet (vehicle identification),2,293,0.0068
HYUNDAI,Ioniq,2,0,Identifikasjon av kjoretoyet (vehicle identification),5,834,0.006
OPEL,MERIVA,2,0,Identifikasjon av kjoretoyet (vehicle identification),0,68,0.0
SUZUKI,ALTO,2,0,Identifikasjon av kjoretoyet (vehicle identification),0,5,0.0
HYUNDAI,I40,4,0,Identifikasjon av kjoretoyet (vehicle identification),7,753,0.0093
AUDI,A6 AVANT,4,0,Identifikasjon av kjoretoyet (vehicle identification),2,143,0.014
VOLVO,XC40,2,0,Identifikasjon av kjoretoyet (vehicle identification),0,184,0.0
KIA,RIO,4,0,Identifikasjon av kjoretoyet (vehicle identification),1,248,0.004
BMW,1-Serie,4,0,Identifikasjon av kjoretoyet (vehicle identification),59,6307,0.0094
MITSUBISHI,SPACE STAR,1,0,Identifikasjon av kjoretoyet (vehicle identification),0,320,0.0
NISSAN,Qashqai J11A,4,0,Identifikasjon av kjoretoyet (vehicle identification),40,9029,0.0044
VOLVO,XC60,2,0,Identifikasjon av kjoretoyet (vehicle identification),6,9732,0.0006
RENAULT,MEGANE SPORT TOURER,4,0,Identifikasjon av kjoretoyet (vehicle identification),31,1622,0.0191
FIAT,500,4,0,Identifikasjon av kjoretoyet (vehicle identification),52,2705,0.0192
SUZUKI,IGNIS,1,0,Identifikasjon av kjoretoyet (vehicle identification),0,1716,0.0
HONDA,JAZZ,4,0,Identifikasjon av kjoretoyet (vehicle identification),2,2120,0.0009
OPEL,ASTRA,4,0,Identifikasjon av kjoretoyet (vehicle identification),43,5454,0.0079
OPEL,ASTRA SPORTS TOURER,3,0,Identifikasjon av kjoretoyet (vehicle identification),14,2062,0.0068
PEUGEOT,107,3,0,Identifikasjon av kjoretoyet (vehicle identification),6,862,0.007
SKODA,FABIA COMBI,4,0,Identifikasjon av kjoretoyet (vehicle identification),24,4252,0.0056
PEUGEOT,3008,1,0,Identifikasjon av kjoretoyet (vehicle identification),3,7489,0.0004
MAZDA,CX-5,2,0,Identifikasjon av kjoretoyet (vehicle identification),23,8955,0.0026
NISSAN,X-TRAIL,2,0,Identifikasjon av kjoretoyet (vehicle identification),7,2651,0.0026
BMW,X1,3,0,Identifikasjon av kjoretoyet (vehicle identification),18,5709,0.0032
PEUGEOT,308,4,0,Identifikasjon av kjoretoyet (vehicle identification),83,4655,0.0178
VOLVO,V40,2,0,Identifikasjon av kjoretoyet (vehicle identification),7,6391,0.0011
BMW,3-Serie,1,0,Identifikasjon av kjoretoyet (vehicle identification),5,4744,0.0011
VOLKSWAGEN,CADDY,3,0,Identifikasjon av kjoretoyet (vehicle identification),8,1122,0.0071
HYUNDAI,Tucson,1,0,Identifikasjon av kjoretoyet (vehicle identification),1,2203,0.0005
CITROËN,C4,3,0,Identifikasjon av kjoretoyet (vehicle identification),26,5303,0.0049
HONDA,CIVIC,2,0,Identifikasjon av kjoretoyet (vehicle identification),3,1171,0.0026
TOYOTA,YARIS,2,0,Identifikasjon av kjoretoyet (vehicle identification),19,15223,0.0012
MERCEDES-BENZ,E-Klasse,2,0,Identifikasjon av kjoretoyet (vehicle identification),15,3761,0.004
VOLKSWAGEN,PASSAT,3,0,Identifikasjon av kjoretoyet (vehicle identification),78,16654,0.0047
FORD,MONDEO,3,0,Identifikasjon av kjoretoyet (vehicle identification),68,9588,0.0071
FORD,FIESTA,3,0,Identifikasjon av kjoretoyet (vehicle identification),42,8583,0.0049
FORD,Focus,3,0,Identifikasjon av kjoretoyet (vehicle identification),76,15257,0.005
FORD,FOCUS,2,0,Identifikasjon av kjoretoyet (vehicle identification),14,5076,0.0028
MAZDA,MAZDA6,1,0,Identifikasjon av kjoretoyet (vehicle identification),1,1078,0.0009
SUZUKI,SWIFT,2,0,Identifikasjon av kjoretoyet (vehicle identification),4,2129,0.0019
CITROËN,C3,4,0,Identifikasjon av kjoretoyet (vehicle identification),30,1932,0.0155
RENAULT,Ny Clio,2,0,Identifikasjon av kjoretoyet (vehicle identification),6,641,0.0094
NISSAN,NOTE,4,0,Identifikasjon av kjoretoyet (vehicle identification),3,1197,0.0025
MERCEDES-BENZ,GLC,2,0,Identifikasjon av kjoretoyet (vehicle identification),3,5064,0.0006
AUDI,A5 SPORTBACK,2,0,Identifikasjon av kjoretoyet (vehicle identification),2,267,0.0075
KIA,PICANTO,4,0,Identifikasjon av kjoretoyet (vehicle identification),18,652,0.0276
RENAULT,Captur,3,0,Identifikasjon av kjoretoyet (vehicle identification),20,929,0.0215
CITROËN,C 1,1,0,Identifikasjon av kjoretoyet (vehicle identification),0,58,0.0
CHEVROLET,SPARK,2,0,Identifikasjon av kjoretoyet (vehicle identification),0,10,0.0
AUDI,Q2,2,0,Identifikasjon av kjoretoyet (vehicle identification),0,722,0.0
HYUNDAI,KONA,2,0,Identifikasjon av kjoretoyet (vehicle identification),0,42,0.0
NISSAN,QASHQAI,2,1,Bremseanlegg (braking system),1769,7503,0.2358
SUZUKI,SX4 S-Cross,3,1,Bremseanlegg (braking system),1184,4208,0.2814
VOLVO,V90,2,1,Bremseanlegg (braking system),604,4670,0.1293
HYUNDAI,I20,2,1,Bremseanlegg (braking system),782,2116,0.3696
TOYOTA,AURIS,2,1,Bremseanlegg (braking system),3930,15458,0.2542
CITROËN,C3,1,1,Bremseanlegg (braking system),577,2416,0.2388
PEUGEOT,3008,4,1,Bremseanlegg (braking system),2444,4758,0.5137
SKODA,OCTAVIA COMBI,2,1,Bremseanlegg (braking system),3579,13702,0.2612
VOLVO,V60,3,1,Bremseanlegg (braking system),3555,13953,0.2548
BMW,3-Serie,4,1,Bremseanlegg (braking system),8815,10635,0.8289
TOYOTA,AVENSIS STW,2,1,Bremseanlegg (braking system),694,3935,0.1764
NISSAN,Qashqai J11A,1,1,Bremseanlegg (braking system),781,4798,0.1628
KIA,Niro,2,1,Bremseanlegg (braking system),995,2639,0.377
MAZDA,MAZDA6,4,1,Bremseanlegg (braking system),3620,4254,0.851
SKODA,RAPID SPACEBACK,2,1,Bremseanlegg (braking system),462,1389,0.3326
RENAULT,CLIO,2,1,Bremseanlegg (braking system),261,641,0.4072
SKODA,CITIGO,3,1,Bremseanlegg (braking system),741,1480,0.5007
HONDA,JAZZ,1,1,Bremseanlegg (braking system),133,801,0.166
CITROËN,C 1,4,1,Bremseanlegg (braking system),1196,1119,1.0688
RENAULT,MEGANE SPORT TOURER,1,1,Bremseanlegg (braking system),63,294,0.2143
OPEL,INSIGNIA,2,1,Bremseanlegg (braking system),259,1507,0.1719
SKODA,RAPID,3,1,Bremseanlegg (braking system),774,1667,0.4643
HYUNDAI,i10 AC3,3,1,Bremseanlegg (braking system),832,1046,0.7954
NISSAN,JUKE,3,1,Bremseanlegg (braking system),1010,1806,0.5592
SKODA,FABIA COMBI,1,1,Bremseanlegg (braking system),491,2246,0.2186
AUDI,A3 Limousine,2,1,Bremseanlegg (braking system),67,290,0.231
CITROËN,C1,3,1,Bremseanlegg (braking system),813,880,0.9239
RENAULT,MEGANE,3,1,Bremseanlegg (braking system),934,1261,0.7407
KIA,PICANTO,1,1,Bremseanlegg (braking system),108,563,0.1918
BMW,1-Serie,1,1,Bremseanlegg (braking system),47,314,0.1497
PEUGEOT,308,1,1,Bremseanlegg (braking system),345,1141,0.3024
OPEL,ASTRA,1,1,Bremseanlegg (braking system),192,1077,0.1783
NISSAN,MICRA,2,1,Bremseanlegg (braking system),43,274,0.1569
RENAULT,Kadjar,1,1,Bremseanlegg (braking system),84,356,0.236
FIAT,500,1,1,Bremseanlegg (braking system),43,212,0.2028
CITROËN,C3 PICASSO,3,1,Bremseanlegg (braking system),211,382,0.5524
HYUNDAI,IX20,2,1,Bremseanlegg (braking system),98,230,0.4261
SUZUKI,IGNIS,4,1,Bremseanlegg (braking system),211,390,0.541
HYUNDAI,Tucson,4,1,Bremseanlegg (braking system),237,317,0.7476
NISSAN,NOTE,1,1,Bremseanlegg (braking system),3,25,0.12
SEAT,IBIZA,2,1,Bremseanlegg (braking system),2,1,2.0
MERCEDES-BENZ,C-Klasse,3,1,Bremseanlegg (braking system),2853,6797,0.4197
SKODA,SUPERB,1,1,Bremseanlegg (braking system),1352,6713,0.2014
FORD,NY Focus,3,1,Bremseanlegg (braking system),5725,15257,0.3752
AUDI,A3 Sportback,2,1,Bremseanlegg (braking system),2469,8901,0.2774
TOYOTA,AVENSIS,3,1,Bremseanlegg (braking system),4728,12867,0.3675
TOYOTA,AYGO 3/5-DØRS,3,1,Bremseanlegg (braking system),1609,2298,0.7002
PEUGEOT,508,4,1,Bremseanlegg (braking system),665,1566,0.4246
TOYOTA,YARIS 5-DØRS,2,1,Bremseanlegg (braking system),5298,15223,0.348
BMW,4-serie,3,1,Bremseanlegg (braking system),150,422,0.3555
VOLVO,XC40,1,1,Bremseanlegg (braking system),244,6206,0.0393
AUDI,A3,1,1,Bremseanlegg (braking system),697,4115,0.1694
AUDI,Q5,3,1,Bremseanlegg (braking system),1471,5548,0.2651
MITSUBISHI,COLT,4,1,Bremseanlegg (braking system),2173,3136,0.6929
FORD,C-MAX,3,1,Bremseanlegg (braking system),582,1829,0.3182
PEUGEOT,5008,3,1,Bremseanlegg (braking system),911,1911,0.4767
HYUNDAI,Ioniq,1,1,Bremseanlegg (braking system),356,1674,0.2127
MITSUBISHI,ASX,4,1,Bremseanlegg (braking system),3016,5149,0.5857
CITROËN,C4 PICASSO,3,1,Bremseanlegg (braking system),728,1484,0.4906
MERCEDES-BENZ,E,1,1,Bremseanlegg (braking system),253,4198,0.0603
VOLKSWAGEN,TOURAN,2,1,Bremseanlegg (braking system),441,2051,0.215
MERCEDES-BENZ,GLA,2,1,Bremseanlegg (braking system),327,1805,0.1812
FORD,MONDEO STATIONCAR,2,1,Bremseanlegg (braking system),1046,5589,0.1872
VOLVO,V70,2,1,Bremseanlegg (braking system),435,2502,0.1739
MERCEDES-BENZ,A-Klasse,3,1,Bremseanlegg (braking system),1811,6182,0.2929
AUDI,A1 SPORTBACK,3,1,Bremseanlegg (braking system),1292,3090,0.4181
KIA,VENGA,3,1,Bremseanlegg (braking system),496,1099,0.4513
KIA,SPORTAGE,3,1,Bremseanlegg (braking system),5666,7796,0.7268
CITROËN,C5 Aircross,1,1,Bremseanlegg (braking system),227,1527,0.1487
AUDI,A4 AVANT,1,1,Bremseanlegg (braking system),106,1533,0.0691
MAZDA,3,2,1,Bremseanlegg (braking system),645,2010,0.3209
FORD,GALAXY,2,1,Bremseanlegg (braking system),126,493,0.2556
VOLKSWAGEN,T-Cross,1,1,Bremseanlegg (braking system),256,1210,0.2116
TOYOTA,AYGO 5-DØRS,2,1,Bremseanlegg (braking system),281,608,0.4622
KIA,CEED SW,1,1,Bremseanlegg (braking system),140,984,0.1423
SKODA,FABIA,1,1,Bremseanlegg (braking system),491,2246,0.2186
MINI,COOPER,2,1,Bremseanlegg (braking system),219,1205,0.1817
KIA,Stonic,2,1,Bremseanlegg (braking system),28,93,0.3011
OPEL,Mokka,1,1,Bremseanlegg (braking system),70,1060,0.066
CITROËN,BERLINGO,1,1,Bremseanlegg (braking system),93,389,0.2391
VOLKSWAGEN,Golf Sportsvan,1,1,Bremseanlegg (braking system),37,502,0.0737
PEUGEOT,206 +,4,1,Bremseanlegg (braking system),71,143,0.4965
FORD,KA,2,1,Bremseanlegg (braking system),17,41,0.4146
ALFA ROMEO,GIULIETTA,2,1,Bremseanlegg (braking system),7,35,0.2
HYUNDAI,I30CW,4,1,Bremseanlegg (braking system),3455,3800,0.9092
AUDI,A3 Sportback,4,1,Bremseanlegg (braking system),95,227,0.4185
SKODA,OCTAVIA,1,1,Bremseanlegg (braking system),2289,14749,0.1552
TOYOTA,AYGO 5-DØRS,4,1,Bremseanlegg (braking system),3055,3007,1.016
VOLKSWAGEN,GOLF,3,1,Bremseanlegg (braking system),13432,40607,0.3308
KIA,CEED,3,1,Bremseanlegg (braking system),1428,3585,0.3983
VOLVO,V70,4,1,Bremseanlegg (braking system),7591,17685,0.4292
MAZDA,3,4,1,Bremseanlegg (braking system),1555,3328,0.4672
FORD,MONDEO STATIONCAR,4,1,Bremseanlegg (braking system),8420,15288,0.5508
VOLKSWAGEN,TOURAN,4,1,Bremseanlegg (braking system),6130,10414,0.5886
FORD,KUGA,3,1,Bremseanlegg (braking system),1951,7170,0.2721
VOLKSWAGEN,PASSAT VARIANT,3,1,Bremseanlegg (braking system),5317,16654,0.3193
FORD,KA,4,1,Bremseanlegg (braking system),347,449,0.7728
TOYOTA,YARIS 5-DØRS,4,1,Bremseanlegg (braking system),10851,12845,0.8448
TOYOTA,RAV4 Plug in,3,1,Bremseanlegg (braking system),4181,11242,0.3719
FORD,S-MAX,3,1,Bremseanlegg (braking system),2269,5510,0.4118
MERCEDES-BENZ,GLE,3,1,Bremseanlegg (braking system),18,72,0.25
BMW,2-Serie,2,1,Bremseanlegg (braking system),1220,5966,0.2045
FORD,FOCUS STATIONSVOGN,1,1,Bremseanlegg (braking system),795,6110,0.1301
MINI,COOPER,4,1,Bremseanlegg (braking system),2019,2672,0.7556
TOYOTA,COROLLA,4,1,Bremseanlegg (braking system),3745,4053,0.924
PEUGEOT,108,2,1,Bremseanlegg (braking system),301,601,0.5008
MITSUBISHI,ASX,2,1,Bremseanlegg (braking system),385,1912,0.2014
FORD,GALAXY,4,1,Bremseanlegg (braking system),1156,2069,0.5587
HONDA,CR-V,1,1,Bremseanlegg (braking system),172,1749,0.0983
PEUGEOT,508,2,1,Bremseanlegg (braking system),263,919,0.2862
KIA,CEE'D SW,1,1,Bremseanlegg (braking system),140,984,0.1423
AUDI,A6 AVANT,1,1,Bremseanlegg (braking system),29,526,0.0551
FIAT,PANDA,3,1,Bremseanlegg (braking system),179,332,0.5392
TOYOTA,Aygo X,1,1,Bremseanlegg (braking system),120,689,0.1742
KIA,RIO,1,1,Bremseanlegg (braking system),56,599,0.0935
KIA,Optima,3,1,Bremseanlegg (braking system),54,86,0.6279
HYUNDAI,I40,1,1,Bremseanlegg (braking system),0,1,0.0
ALFA ROMEO,GIULIETTA,4,1,Bremseanlegg (braking system),0,1,0.0
SUZUKI,SX4 COMBIBACK,3,1,Bremseanlegg (braking system),2481,6632,0.3741
TOYOTA,YARIS,4,1,Bremseanlegg (braking system),10851,12845,0.8448
NISSAN,QASHQAI,1,1,Bremseanlegg (braking system),781,4798,0.1628
MERCEDES-BENZ,E-Klasse,4,1,Bremseanlegg (braking system),6494,11198,0.5799
CITROËN,C3,2,1,Bremseanlegg (braking system),329,1100,0.2991
FORD,FOCUS,4,1,Bremseanlegg (braking system),6416,12012,0.5341
OPEL,INSIGNIA,1,1,Bremseanlegg (braking system),131,1365,0.096
VOLVO,XC60,4,1,Bremseanlegg (braking system),2218,9334,0.2376
HONDA,CIVIC,4,1,Bremseanlegg (braking system),2156,2980,0.7235
TOYOTA,AURIS,1,1,Bremseanlegg (braking system),807,6033,0.1338
NISSAN,Qashqai J11A,2,1,Bremseanlegg (braking system),1769,7503,0.2358
SKODA,FABIA COMBI,2,1,Bremseanlegg (braking system),1178,3224,0.3654
MITSUBISHI,OUTLANDER,3,1,Bremseanlegg (braking system),6272,16791,0.3735
VOLVO,V90,1,1,Bremseanlegg (braking system),784,10928,0.0717
TOYOTA,VERSO,3,1,Bremseanlegg (braking system),1525,3553,0.4292
VOLKSWAGEN,TIGUAN,3,1,Bremseanlegg (braking system),3684,13669,0.2695
SKODA,OCTAVIA COMBI,1,1,Bremseanlegg (braking system),2289,14749,0.1552
BMW,5-Serie,3,1,Bremseanlegg (braking system),2268,8687,0.2611
HYUNDAI,i30 Stc.,4,1,Bremseanlegg (braking system),3455,3800,0.9092
MERCEDES-BENZ,C,3,1,Bremseanlegg (braking system),2853,6797,0.4197
PEUGEOT,308,2,1,Bremseanlegg (braking system),1363,4530,0.3009
TOYOTA,Yaris Cross,1,1,Bremseanlegg (braking system),20,261,0.0766
BMW,X3,3,1,Bremseanlegg (braking system),2072,9399,0.2204
SKODA,SCALA,1,1,Bremseanlegg (braking system),77,339,0.2271
SUZUKI,SWIFT,4,1,Bremseanlegg (braking system),3150,4271,0.7375
SUZUKI,VITARA,3,1,Bremseanlegg (braking system),297,1056,0.2812
RENAULT,Kadjar,2,1,Bremseanlegg (braking system),191,688,0.2776
KIA,Niro,1,1,Bremseanlegg (braking system),863,5432,0.1589
MAZDA,CX-3,3,1,Bremseanlegg (braking system),201,1002,0.2006
NISSAN,X-TRAIL,4,1,Bremseanlegg (braking system),2505,3637,0.6888
KIA,PICANTO,2,1,Bremseanlegg (braking system),707,1280,0.5523
VOLVO,V40,4,1,Bremseanlegg (braking system),103,243,0.4239
MAZDA,CX-5,4,1,Bremseanlegg (braking system),119,302,0.394
OPEL,ASTRA,2,1,Bremseanlegg (braking system),436,1977,0.2205
MERCEDES-BENZ,B-Klasse,3,1,Bremseanlegg (braking system),1457,4025,0.362
RENAULT,CLIO,1,1,Bremseanlegg (braking system),137,563,0.2433
RENAULT,MEGANE SPORT TOURER,2,1,Bremseanlegg (braking system),102,326,0.3129
DACIA,Duster,3,1,Bremseanlegg (braking system),293,489,0.5992
BMW,1-Serie,2,1,Bremseanlegg (braking system),425,1319,0.3222
HONDA,JAZZ,2,1,Bremseanlegg (braking system),244,727,0.3356
NISSAN,NOTE,2,1,Bremseanlegg (braking system),53,358,0.148
RENAULT,Ny Clio,4,1,Bremseanlegg (braking system),504,517,0.9749
SKODA,RAPID SPACEBACK,1,1,Bremseanlegg (braking system),122,482,0.2531
HYUNDAI,I20,1,1,Bremseanlegg (braking system),198,1113,0.1779
AUDI,A5 SPORTBACK,4,1,Bremseanlegg (braking system),23,69,0.3333
FIAT,500,2,1,Bremseanlegg (braking system),145,384,0.3776
SEAT,IBIZA,1,1,Bremseanlegg (braking system),41,162,0.2531
NISSAN,MICRA,1,1,Bremseanlegg (braking system),16,296,0.0541
TOYOTA,AVENSIS STW,1,1,Bremseanlegg (braking system),60,538,0.1115
PEUGEOT,207,3,1,Bremseanlegg (braking system),278,610,0.4557
FIAT,Punto S7,3,1,Bremseanlegg (braking system),53,91,0.5824
AUDI,A3 Limousine,1,1,Bremseanlegg (braking system),22,109,0.2018
HYUNDAI,I30,3,1,Bremseanlegg (braking system),98,164,0.5976
CHEVROLET,SPARK,4,1,Bremseanlegg (braking system),20,21,0.9524
AUDI,A3 Sportback,3,1,Bremseanlegg (braking system),2981,9047,0.3295
TOYOTA,AYGO 5-DØRS,3,1,Bremseanlegg (braking system),1609,2298,0.7002
MERCEDES-BENZ,C-Klasse,2,1,Bremseanlegg (braking system),836,5861,0.1426
FORD,NY Focus,2,1,Bremseanlegg (braking system),943,5076,0.1858
PEUGEOT,2008,1,1,Bremseanlegg (braking system),650,2747,0.2366
FORD,S-MAX,4,1,Bremseanlegg (braking system),3612,6314,0.5721
TOYOTA,YARIS 5-DØRS,3,1,Bremseanlegg (braking system),11301,21128,0.5349
OPEL,Grandland X,1,1,Bremseanlegg (braking system),308,2268,0.1358
VOLKSWAGEN,PASSAT VARIANT,4,1,Bremseanlegg (braking system),8724,15462,0.5642
VOLKSWAGEN,GOLF,4,1,Bremseanlegg (braking system),18661,32682,0.571
FORD,KUGA,4,1,Bremseanlegg (braking system),2275,5780,0.3936
MERCEDES-BENZ,GLA,3,1,Bremseanlegg (braking system),265,1359,0.195
TOYOTA,RAV4 Plug in,4,1,Bremseanlegg (braking system),6902,10666,0.6471
VOLKSWAGEN,TOURAN,3,1,Bremseanlegg (braking system),2536,5455,0.4649
BMW,X5,1,1,Bremseanlegg (braking system),402,5474,0.0734
SKODA,SUPERB COMBI,1,1,Bremseanlegg (braking system),1352,6713,0.2014
AUDI,A1 SPORTBACK,2,1,Bremseanlegg (braking system),441,1299,0.3395
VOLVO,V70,3,1,Bremseanlegg (braking system),3093,11477,0.2695
FORD,MONDEO STATIONCAR,3,1,Bremseanlegg (braking system),3161,9588,0.3297
MAZDA,3,3,1,Bremseanlegg (braking system),965,2880,0.3351
CITROËN,C4 PICASSO,2,1,Bremseanlegg (braking system),533,1511,0.3527
KIA,SPORTAGE,2,1,Bremseanlegg (braking system),1555,3281,0.4739
AUDI,Q3,1,1,Bremseanlegg (braking system),175,911,0.1921
PEUGEOT,5008,2,1,Bremseanlegg (braking system),371,1312,0.2828
AUDI,Q5,2,1,Bremseanlegg (braking system),320,2270,0.141
PEUGEOT,208,1,1,Bremseanlegg (braking system),192,1123,0.171
FORD,GALAXY,3,1,Bremseanlegg (braking system),745,1766,0.4219
TOYOTA,AVENSIS,2,1,Bremseanlegg (braking system),694,3935,0.1764
KIA,CEED,4,1,Bremseanlegg (braking system),582,742,0.7844
MERCEDES-BENZ,A-Klasse,2,1,Bremseanlegg (braking system),548,2268,0.2416
MINI,COOPER,3,1,Bremseanlegg (braking system),1150,3308,0.3476
TOYOTA,AYGO 3/5-DØRS,2,1,Bremseanlegg (braking system),281,608,0.4622
FORD,C-MAX,2,1,Bremseanlegg (braking system),210,749,0.2804
OPEL,Crossland X,1,1,Bremseanlegg (braking system),288,1377,0.2092
MAZDA,MAZDA2,1,1,Bremseanlegg (braking system),58,625,0.0928
BMW,4-serie,2,1,Bremseanlegg (braking system),149,509,0.2927
FORD,KA,3,1,Bremseanlegg (braking system),224,505,0.4436
ALFA ROMEO,GIULIETTA,3,1,Bremseanlegg (braking system),94,258,0.3643
KIA,Optima,4,1,Bremseanlegg (braking system),1,1,1.0
KIA,VENGA,2,1,Bremseanlegg (braking system),75,273,0.2747
TOYOTA,COROLLA,3,1,Bremseanlegg (braking system),253,284,0.8908
FIAT,PANDA,4,1,Bremseanlegg (braking system),95,101,0.9406
HYUNDAI,I30CW,3,1,Bremseanlegg (braking system),98,164,0.5976
FORD,MONDEO,2,1,Bremseanlegg (braking system),1046,5589,0.1872
FORD,FIESTA,2,1,Bremseanlegg (braking system),1133,4402,0.2574
VOLKSWAGEN,PASSAT,2,1,Bremseanlegg (braking system),3226,14320,0.2253
TOYOTA,YARIS,3,1,Bremseanlegg (braking system),11301,21128,0.5349
CITROËN,C4,2,1,Bremseanlegg (braking system),1342,3636,0.3691
SUZUKI,SX4 COMBIBACK,4,1,Bremseanlegg (braking system),3488,4809,0.7253
MERCEDES-BENZ,E-Klasse,3,1,Bremseanlegg (braking system),4357,8181,0.5326
RENAULT,Ny Clio,3,1,Bremseanlegg (braking system),1110,1622,0.6843
HYUNDAI,I30,4,1,Bremseanlegg (braking system),3455,3800,0.9092
FORD,Focus,2,1,Bremseanlegg (braking system),943,5076,0.1858
FORD,FOCUS,3,1,Bremseanlegg (braking system),5725,15257,0.3752
TOYOTA,VERSO,4,1,Bremseanlegg (braking system),1665,2396,0.6949
SUZUKI,SX4,1,1,Bremseanlegg (braking system),152,2054,0.074
MAZDA,CX-5,3,1,Bremseanlegg (braking system),4396,14518,0.3028
VOLVO,V40,3,1,Bremseanlegg (braking system),3889,13394,0.2904
VOLKSWAGEN,TIGUAN,4,1,Bremseanlegg (braking system),4291,11058,0.388
BMW,5-Serie,4,1,Bremseanlegg (braking system),4885,10877,0.4491
MERCEDES-BENZ,C,4,1,Bremseanlegg (braking system),5428,7755,0.6999
VOLVO,XC60,3,1,Bremseanlegg (braking system),1999,13968,0.1431
MITSUBISHI,OUTLANDER,4,1,Bremseanlegg (braking system),8310,10148,0.8189
MERCEDES-BENZ,B-Klasse,4,1,Bremseanlegg (braking system),4059,4180,0.9711
OPEL,CORSA,1,1,Bremseanlegg (braking system),49,389,0.126
BMW,X1,2,1,Bremseanlegg (braking system),483,3404,0.1419
NISSAN,X-TRAIL,3,1,Bremseanlegg (braking system),928,2381,0.3898
MERCEDES-BENZ,CLA,1,1,Bremseanlegg (braking system),172,1365,0.126
BMW,X3,4,1,Bremseanlegg (braking system),2343,5417,0.4325
FIAT,Punto S7,4,1,Bremseanlegg (braking system),230,347,0.6628
PEUGEOT,207,4,1,Bremseanlegg (braking system),3591,5486,0.6546
SKODA,KAROQ,1,1,Bremseanlegg (braking system),349,2413,0.1446
HONDA,CIVIC,3,1,Bremseanlegg (braking system),636,2369,0.2685
VOLKSWAGEN,CADDY,2,1,Bremseanlegg (braking system),311,818,0.3802
SUZUKI,SWIFT,3,1,Bremseanlegg (braking system),3040,4814,0.6315
RENAULT,Captur,2,1,Bremseanlegg (braking system),279,1187,0.235
AUDI,A5 SPORTBACK,3,1,Bremseanlegg (braking system),280,880,0.3182
MERCEDES-BENZ,GLC,3,1,Bremseanlegg (braking system),35,311,0.1125
CITROËN,C3 Aircross,2,1,Bremseanlegg (braking system),54,91,0.5934
OPEL,ASTRA SPORTS TOURER,2,1,Bremseanlegg (braking system),64,374,0.1711
CHEVROLET,SPARK,3,1,Bremseanlegg (braking system),282,308,0.9156
HYUNDAI,I 10,1,1,Bremseanlegg (braking system),59,161,0.3665
SEAT,LEON,1,1,Bremseanlegg (braking system),8,71,0.1127
OPEL,ZAFIRA,1,1,Bremseanlegg (braking system),10,47,0.2128
HYUNDAI,i30 Stc.,3,1,Bremseanlegg (braking system),98,164,0.5976
PEUGEOT,107,2,1,Bremseanlegg (braking system),5,7,0.7143
AUDI,A3 CABRIOLET,1,1,Bremseanlegg (braking system),2,7,0.2857
DACIA,Duster,4,1,Bremseanlegg (braking system),8,8,1.0
SEAT,Ibiza GP2,2,1,Bremseanlegg (braking system),2,1,2.0
SKODA,OCTAVIA,3,1,Bremseanlegg (braking system),7671,19319,0.3971
TOYOTA,RAV4,2,1,Bremseanlegg (braking system),3688,15118,0.2439
KIA,CEE'D SW,3,1,Bremseanlegg (braking system),1428,3585,0.3983
HYUNDAI,I10,2,1,Bremseanlegg (braking system),249,411,0.6058
BMW,X5,4,1,Bremseanlegg (braking system),1379,3889,0.3546
FORD,FIESTA 5 DØRS,2,1,Bremseanlegg (braking system),1133,4402,0.2574
TOYOTA,RAV4 Plug in,1,1,Bremseanlegg (braking system),2347,29243,0.0803
FORD,FOCUS STATIONSVOGN,3,1,Bremseanlegg (braking system),5725,15257,0.3752
SKODA,SUPERB COMBI,4,1,Bremseanlegg (braking system),1994,3621,0.5507
VOLKSWAGEN,POLO,2,1,Bremseanlegg (braking system),1606,5290,0.3036
FORD,KUGA,1,1,Bremseanlegg (braking system),761,5193,0.1465
HONDA,CR-V,3,1,Bremseanlegg (braking system),1226,6725,0.1823
VOLKSWAGEN,GOLF,1,1,Bremseanlegg (braking system),1368,9446,0.1448
VOLKSWAGEN,PASSAT VARIANT,1,1,Bremseanlegg (braking system),2592,11253,0.2303
VOLVO,XC90,2,1,Bremseanlegg (braking system),921,5537,0.1663
CITROËN,C4 Cactus,2,1,Bremseanlegg (braking system),623,1625,0.3834
KIA,Optima,1,1,Bremseanlegg (braking system),198,1833,0.108
AUDI,A6 AVANT,3,1,Bremseanlegg (braking system),279,2163,0.129
MERCEDES-BENZ,GLE,1,1,Bremseanlegg (braking system),55,2193,0.0251
KIA,RIO,3,1,Bremseanlegg (braking system),1413,2622,0.5389
PEUGEOT,208,4,1,Bremseanlegg (braking system),119,267,0.4457
AUDI,Q3,4,1,Bremseanlegg (braking system),102,293,0.3481
CITROËN,DS3,4,1,Bremseanlegg (braking system),444,696,0.6379
MAZDA,2,2,1,Bremseanlegg (braking system),178,1120,0.1589
VOLKSWAGEN,UP!,2,1,Bremseanlegg (braking system),649,1503,0.4318
MAZDA,MAZDA2,4,1,Bremseanlegg (braking system),1017,2075,0.4901
HYUNDAI,I40,3,1,Bremseanlegg (braking system),1257,2466,0.5097
MAZDA,MAZDA3,2,1,Bremseanlegg (braking system),645,2010,0.3209
TOYOTA,AYGO,2,1,Bremseanlegg (braking system),281,608,0.4622
KIA,CEED,1,1,Bremseanlegg (braking system),140,984,0.1423
FORD,S-MAX,1,1,Bremseanlegg (braking system),327,1786,0.1831
TOYOTA,Aygo X,3,1,Bremseanlegg (braking system),1609,2298,0.7002
FORD,B-MAX,2,1,Bremseanlegg (braking system),42,250,0.168
FIAT,PANDA,1,1,Bremseanlegg (braking system),19,20,0.95
FORD,FIESTA,4,1,Bremseanlegg (braking system),4896,7906,0.6193
FORD,MONDEO,4,1,Bremseanlegg (braking system),8420,15288,0.5508
OPEL,ASTRA,3,1,Bremseanlegg (braking system),1451,3710,0.3911
VOLKSWAGEN,PASSAT,4,1,Bremseanlegg (braking system),8724,15462,0.5642
FORD,Focus,4,1,Bremseanlegg (braking system),6416,12012,0.5341
VOLVO,V60,1,1,Bremseanlegg (braking system),761,11028,0.069
BMW,X1,4,1,Bremseanlegg (braking system),2875,4390,0.6549
SUZUKI,VITARA,2,1,Bremseanlegg (braking system),710,3777,0.188
MITSUBISHI,OUTLANDER,2,1,Bremseanlegg (braking system),6142,22180,0.2769
MERCEDES-BENZ,B-Klasse,2,1,Bremseanlegg (braking system),245,1185,0.2068
VOLKSWAGEN,TIGUAN,2,1,Bremseanlegg (braking system),1417,7466,0.1898
BMW,5-Serie,2,1,Bremseanlegg (braking system),569,3263,0.1744
TOYOTA,Toyota C-HR,2,1,Bremseanlegg (braking system),738,4126,0.1789
MAZDA,CX-3,2,1,Bremseanlegg (braking system),789,5128,0.1539
SKODA,FABIA COMBI,3,1,Bremseanlegg (braking system),2043,3929,0.52
OPEL,ASTRA SPORTS TOURER,4,1,Bremseanlegg (braking system),547,979,0.5587
SKODA,KODIAQ,1,1,Bremseanlegg (braking system),923,7893,0.1169
BMW,1-Serie,3,1,Bremseanlegg (braking system),2826,5856,0.4826
BMW,X3,2,1,Bremseanlegg (braking system),440,3055,0.144
PEUGEOT,308,3,1,Bremseanlegg (braking system),1967,4837,0.4067
NISSAN,Qashqai J11A,3,1,Bremseanlegg (braking system),4976,10874,0.4576
VOLKSWAGEN,T-Roc,2,1,Bremseanlegg (braking system),45,288,0.1562
FIAT,500,3,1,Bremseanlegg (braking system),1224,2045,0.5985
MERCEDES-BENZ,C,2,1,Bremseanlegg (braking system),836,5861,0.1426
DACIA,Duster,2,1,Bremseanlegg (braking system),221,542,0.4077
VOLKSWAGEN,CADDY,4,1,Bremseanlegg (braking system),760,1082,0.7024
HONDA,JAZZ,3,1,Bremseanlegg (braking system),741,1643,0.451
PEUGEOT,107,4,1,Bremseanlegg (braking system),2062,1880,1.0968
CITROËN,C4,4,1,Bremseanlegg (braking system),1675,2439,0.6868
SUZUKI,SX4 COMBIBACK,2,1,Bremseanlegg (braking system),530,2476,0.2141
RENAULT,MEGANE,1,1,Bremseanlegg (braking system),63,294,0.2143
CITROËN,C3,3,1,Bremseanlegg (braking system),635,1322,0.4803
KIA,PICANTO,3,1,Bremseanlegg (braking system),3540,3887,0.9107
RENAULT,Kadjar,3,1,Bremseanlegg (braking system),19,102,0.1863
NISSAN,NOTE,3,1,Bremseanlegg (braking system),241,946,0.2548
SKODA,KAMIQ,1,1,Bremseanlegg (braking system),88,327,0.2691
RENAULT,MEGANE SPORT TOURER,3,1,Bremseanlegg (braking system),934,1261,0.7407
SKODA,RAPID,1,1,Bremseanlegg (braking system),122,482,0.2531
SKODA,CITIGO,1,1,Bremseanlegg (braking system),44,202,0.2178
TOYOTA,VERSO,2,1,Bremseanlegg (braking system),59,178,0.3315
HYUNDAI,i10 AC3,1,1,Bremseanlegg (braking system),59,161,0.3665
CITROËN,C1,1,1,Bremseanlegg (braking system),12,58,0.2069
NISSAN,JUKE,1,1,Bremseanlegg (braking system),14,107,0.1308
SUZUKI,SX4 S-Cross,1,1,Bremseanlegg (braking system),14,80,0.175
CITROËN,C3 PICASSO,1,1,Bremseanlegg (braking system),1,11,0.0909
SEAT,Ibiza GP2,4,1,Bremseanlegg (braking system),5,7,0.7143
TOYOTA,RAV4,3,1,Bremseanlegg (braking system),4181,11242,0.3719
SKODA,OCTAVIA,2,1,Bremseanlegg (braking system),3579,13702,0.2612
SKODA,SUPERB,4,1,Bremseanlegg (braking system),1994,3621,0.5507
KIA,CEE'D SW,2,1,Bremseanlegg (braking system),316,1150,0.2748
MAZDA,MAZDA3,3,1,Bremseanlegg (braking system),965,2880,0.3351
TOYOTA,AYGO,3,1,Bremseanlegg (braking system),1609,2298,0.7002
FORD,FOCUS STATIONSVOGN,2,1,Bremseanlegg (braking system),943,5076,0.1858
MERCEDES-BENZ,E,4,1,Bremseanlegg (braking system),6494,11198,0.5799
VOLKSWAGEN,UP!,3,1,Bremseanlegg (braking system),2597,4436,0.5854
PEUGEOT,508,1,1,Bremseanlegg (braking system),179,1065,0.1681
AUDI,A4 AVANT,4,1,Bremseanlegg (braking system),80,152,0.5263
VOLVO,V50,4,1,Bremseanlegg (braking system),6392,11296,0.5659
BMW,2-Serie,1,1,Bremseanlegg (braking system),700,7055,0.0992
VOLKSWAGEN,POLO,3,1,Bremseanlegg (braking system),5336,10576,0.5045
HONDA,CR-V,2,1,Bremseanlegg (braking system),316,2570,0.123
AUDI,A3,4,1,Bremseanlegg (braking system),5348,8787,0.6086
FORD,FIESTA 5 DØRS,3,1,Bremseanlegg (braking system),3344,8583,0.3896
AUDI,A6 AVANT,2,1,Bremseanlegg (braking system),116,1067,0.1087
FORD,B-MAX,3,1,Bremseanlegg (braking system),339,1129,0.3003
VOLVO,XC90,3,1,Bremseanlegg (braking system),393,1135,0.3463
KIA,CEED SW,4,1,Bremseanlegg (braking system),582,742,0.7844
SKODA,FABIA,4,1,Bremseanlegg (braking system),3150,4252,0.7408
TOYOTA,Aygo X,2,1,Bremseanlegg (braking system),281,608,0.4622
HYUNDAI,I10,3,1,Bremseanlegg (braking system),832,1046,0.7954
KIA,RIO,2,1,Bremseanlegg (braking system),350,1154,0.3033
CITROËN,BERLINGO,4,1,Bremseanlegg (braking system),720,993,0.7251
OPEL,MERIVA,4,1,Bremseanlegg (braking system),966,1312,0.7363
CITROËN,C4 Cactus,3,1,Bremseanlegg (braking system),371,775,0.4787
MAZDA,2,3,1,Bremseanlegg (braking system),429,1899,0.2259
SUZUKI,ALTO,4,1,Bremseanlegg (braking system),343,392,0.875
OPEL,Mokka,4,1,Bremseanlegg (braking system),10,35,0.2857
HYUNDAI,I40,2,1,Bremseanlegg (braking system),28,123,0.2276
MITSUBISHI,ASX,1,1,Bremseanlegg (braking system),51,452,0.1128
PEUGEOT,108,1,1,Bremseanlegg (braking system),47,129,0.3643
SKODA,SUPERB,2,1,Bremseanlegg (braking system),1305,5609,0.2327
SKODA,OCTAVIA,4,1,Bremseanlegg (braking system),8095,12917,0.6267
AUDI,A3 Sportback,1,1,Bremseanlegg (braking system),635,3698,0.1717
SKODA,FABIA,2,1,Bremseanlegg (braking system),1178,3224,0.3654
PEUGEOT,2008,3,1,Bremseanlegg (braking system),1168,2682,0.4355
MERCEDES-BENZ,E,2,1,Bremseanlegg (braking system),762,3761,0.2026
SKODA,SUPERB COMBI,3,1,Bremseanlegg (braking system),2340,6121,0.3823
TOYOTA,COROLLA,1,1,Bremseanlegg (braking system),1475,9061,0.1628
HYUNDAI,Ioniq,2,1,Bremseanlegg (braking system),358,834,0.4293
AUDI,A3,2,1,Bremseanlegg (braking system),2548,9233,0.276
FORD,FOCUS STATIONSVOGN,4,1,Bremseanlegg (braking system),6416,12012,0.5341
KIA,RIO,4,1,Bremseanlegg (braking system),142,248,0.5726
VOLVO,XC40,2,1,Bremseanlegg (braking system),24,184,0.1304
BMW,X5,3,1,Bremseanlegg (braking system),496,2684,0.1848
VOLKSWAGEN,Golf Sportsvan,2,1,Bremseanlegg (braking system),463,2883,0.1606
AUDI,Q3,3,1,Bremseanlegg (braking system),775,2899,0.2673
TOYOTA,YARIS 5-DØRS,1,1,Bremseanlegg (braking system),3271,16882,0.1938
PEUGEOT,208,3,1,Bremseanlegg (braking system),2038,5152,0.3956
HONDA,CR-V,4,1,Bremseanlegg (braking system),3189,9204,0.3465
OPEL,Mokka,2,1,Bremseanlegg (braking system),457,3055,0.1496
MERCEDES-BENZ,GLA,1,1,Bremseanlegg (braking system),80,938,0.0853
VOLKSWAGEN,TOURAN,1,1,Bremseanlegg (braking system),250,1595,0.1567
KIA,CEE'D SW,4,1,Bremseanlegg (braking system),582,742,0.7844
FORD,MONDEO STATIONCAR,1,1,Bremseanlegg (braking system),224,1541,0.1454
HYUNDAI,I40,4,1,Bremseanlegg (braking system),458,753,0.6082
AUDI,A4 AVANT,2,1,Bremseanlegg (braking system),201,1848,0.1088
TOYOTA,Aygo X,4,1,Bremseanlegg (braking system),3055,3007,1.016
KIA,CEED SW,2,1,Bremseanlegg (braking system),316,1150,0.2748
CITROËN,DS3,3,1,Bremseanlegg (braking system),877,1430,0.6133
CITROËN,BERLINGO,2,1,Bremseanlegg (braking system),106,293,0.3618
MINI,COOPER,1,1,Bremseanlegg (braking system),42,538,0.0781
KIA,Stonic,1,1,Bremseanlegg (braking system),98,630,0.1556
AUDI,A6 AVANT,4,1,Bremseanlegg (braking system),33,143,0.2308
MAZDA,MAZDA2,3,1,Bremseanlegg (braking system),429,1899,0.2259
MAZDA,3,1,1,Bremseanlegg (braking system),275,1523,0.1806
FORD,GALAXY,1,1,Bremseanlegg (braking system),37,191,0.1937
TOYOTA,AYGO 5-DØRS,1,1,Bremseanlegg (braking system),120,689,0.1742
OPEL,MERIVA,2,1,Bremseanlegg (braking system),20,68,0.2941
SUZUKI,ALTO,2,1,Bremseanlegg (braking system),9,5,1.8
OPEL,ASTRA,4,1,Bremseanlegg (braking system),3999,5454,0.7332
VOLKSWAGEN,PASSAT,3,1,Bremseanlegg (braking system),5317,16654,0.3193
FORD,MONDEO,3,1,Bremseanlegg (braking system),3161,9588,0.3297
MERCEDES-BENZ,E-Klasse,2,1,Bremseanlegg (braking system),762,3761,0.2026
CITROËN,C4,3,1,Bremseanlegg (braking system),2734,5303,0.5156
TOYOTA,YARIS,2,1,Bremseanlegg (braking system),5298,15223,0.348
CITROËN,C3,4,1,Bremseanlegg (braking system),1200,1932,0.6211
FORD,FIESTA,3,1,Bremseanlegg (braking system),3344,8583,0.3896
FORD,Focus,3,1,Bremseanlegg (braking system),5725,15257,0.3752
FORD,FOCUS,2,1,Bremseanlegg (braking system),943,5076,0.1858
PEUGEOT,3008,1,1,Bremseanlegg (braking system),1245,7489,0.1662
NISSAN,X-TRAIL,2,1,Bremseanlegg (braking system),655,2651,0.2471
VOLVO,V40,2,1,Bremseanlegg (braking system),1037,6391,0.1623
NISSAN,Qashqai J11A,4,1,Bremseanlegg (braking system),6761,9029,0.7488
SKODA,FABIA COMBI,4,1,Bremseanlegg (braking system),3150,4252,0.7408
BMW,X1,3,1,Bremseanlegg (braking system),2429,5709,0.4255
MAZDA,MAZDA6,1,1,Bremseanlegg (braking system),204,1078,0.1892
RENAULT,Captur,3,1,Bremseanlegg (braking system),263,929,0.2831
MERCEDES-BENZ,GLC,2,1,Bremseanlegg (braking system),514,5064,0.1015
BMW,1-Serie,4,1,Bremseanlegg (braking system),4758,6307,0.7544
HONDA,JAZZ,4,1,Bremseanlegg (braking system),1474,2120,0.6953
AUDI,Q2,2,1,Bremseanlegg (braking system),212,722,0.2936
MAZDA,CX-5,2,1,Bremseanlegg (braking system),1907,8955,0.213
SUZUKI,IGNIS,1,1,Bremseanlegg (braking system),127,1716,0.074
HONDA,CIVIC,2,1,Bremseanlegg (braking system),235,1171,0.2007
VOLVO,XC60,2,1,Bremseanlegg (braking system),1183,9732,0.1216
PEUGEOT,308,4,1,Bremseanlegg (braking system),3398,4655,0.73
OPEL,ASTRA SPORTS TOURER,3,1,Bremseanlegg (braking system),845,2062,0.4098
SUZUKI,SWIFT,2,1,Bremseanlegg (braking system),746,2129,0.3504
BMW,3-Serie,1,1,Bremseanlegg (braking system),456,4744,0.0961
HYUNDAI,Tucson,1,1,Bremseanlegg (braking system),194,2203,0.0881
KIA,PICANTO,4,1,Bremseanlegg (braking system),865,652,1.3267
FIAT,500,4,1,Bremseanlegg (braking system),2317,2705,0.8566
RENAULT,Ny Clio,2,1,Bremseanlegg (braking system),261,641,0.4072
HYUNDAI,KONA,2,1,Bremseanlegg (braking system),13,42,0.3095
RENAULT,MEGANE SPORT TOURER,4,1,Bremseanlegg (braking system),1626,1622,1.0025
VOLKSWAGEN,CADDY,3,1,Bremseanlegg (braking system),654,1122,0.5829
NISSAN,NOTE,4,1,Bremseanlegg (braking system),499,1197,0.4169
AUDI,A5 SPORTBACK,2,1,Bremseanlegg (braking system),49,267,0.1835
PEUGEOT,107,3,1,Bremseanlegg (braking system),745,862,0.8643
MITSUBISHI,SPACE STAR,1,1,Bremseanlegg (braking system),35,320,0.1094
CITROËN,C 1,1,1,Bremseanlegg (braking system),12,58,0.2069
CHEVROLET,SPARK,2,1,Bremseanlegg (braking system),14,10,1.4
VOLKSWAGEN,PASSAT,1,1,Bremseanlegg (braking system),2592,11253,0.2303
HYUNDAI,I 10,2,1,Bremseanlegg (braking system),249,411,0.6058
FORD,Focus,1,1,Bremseanlegg (braking system),795,6110,0.1301
HYUNDAI,i10 AC3,4,1,Bremseanlegg (braking system),876,982,0.8921
PEUGEOT,3008,3,1,Bremseanlegg (braking system),1315,3530,0.3725
BMW,3-Serie,3,1,Bremseanlegg (braking system),3788,8958,0.4229
VOLVO,V60,4,1,Bremseanlegg (braking system),1334,3752,0.3555
BMW,X1,1,1,Bremseanlegg (braking system),337,7080,0.0476
MAZDA,MAZDA6,3,1,Bremseanlegg (braking system),1372,3352,0.4093
RENAULT,Captur,1,1,Bremseanlegg (braking system),159,1550,0.1026
SKODA,KAROQ,2,1,Bremseanlegg (braking system),34,173,0.1965
NISSAN,JUKE,4,1,Bremseanlegg (braking system),524,753,0.6959
CITROËN,C4,1,1,Bremseanlegg (braking system),705,2520,0.2798
HYUNDAI,Tucson,3,1,Bremseanlegg (braking system),1310,2331,0.562
SUZUKI,SX4,2,1,Bremseanlegg (braking system),530,2476,0.2141
MITSUBISHI,SPACE STAR,3,1,Bremseanlegg (braking system),434,2090,0.2077
FORD,FIESTA,1,1,Bremseanlegg (braking system),407,3219,0.1264
CITROËN,C1,4,1,Bremseanlegg (braking system),1196,1119,1.0688
SKODA,CITIGO,4,1,Bremseanlegg (braking system),36,64,0.5625
FORD,PUMA,1,1,Bremseanlegg (braking system),76,614,0.1238
CITROËN,C3 PICASSO,4,1,Bremseanlegg (braking system),594,833,0.7131
MERCEDES-BENZ,CLA,2,1,Bremseanlegg (braking system),525,2377,0.2209
OPEL,CORSA,2,1,Bremseanlegg (braking system),438,1681,0.2606
CITROËN,C3 Aircross,1,1,Bremseanlegg (braking system),273,782,0.3491
FORD,MONDEO,1,1,Bremseanlegg (braking system),224,1541,0.1454
RENAULT,MEGANE,4,1,Bremseanlegg (braking system),1626,1622,1.0025
CITROËN,C 1,3,1,Bremseanlegg (braking system),813,880,0.9239
VOLKSWAGEN,CADDY,1,1,Bremseanlegg (braking system),247,865,0.2855
SEAT,Ibiza GP2,1,1,Bremseanlegg (braking system),41,162,0.2531
OPEL,ZAFIRA,2,1,Bremseanlegg (braking system),70,235,0.2979
AUDI,A3 CABRIOLET,2,1,Bremseanlegg (braking system),11,39,0.2821
OPEL,ASTRA SPORTS TOURER,1,1,Bremseanlegg (braking system),20,128,0.1562
SEAT,LEON,2,1,Bremseanlegg (braking system),6,5,1.2
TOYOTA,RAV4,1,1,Bremseanlegg (braking system),2347,29243,0.0803
MERCEDES-BENZ,C-Klasse,4,1,Bremseanlegg (braking system),5428,7755,0.6999
FORD,NY Focus,4,1,Bremseanlegg (braking system),6416,12012,0.5341
TOYOTA,AVENSIS,4,1,Bremseanlegg (braking system),14006,20526,0.6824
MAZDA,MAZDA3,1,1,Bremseanlegg (braking system),275,1523,0.1806
KIA,CEED,2,1,Bremseanlegg (braking system),316,1150,0.2748
TOYOTA,AYGO 3/5-DØRS,4,1,Bremseanlegg (braking system),3055,3007,1.016
VOLKSWAGEN,PASSAT VARIANT,2,1,Bremseanlegg (braking system),3226,14320,0.2253
TOYOTA,RAV4 Plug in,2,1,Bremseanlegg (braking system),3688,15118,0.2439
VOLKSWAGEN,GOLF,2,1,Bremseanlegg (braking system),5326,24534,0.2171
FORD,KUGA,2,1,Bremseanlegg (braking system),925,4067,0.2274
VOLKSWAGEN,POLO,1,1,Bremseanlegg (braking system),501,5836,0.0858
VOLVO,XC90,1,1,Bremseanlegg (braking system),669,8675,0.0771
FORD,FIESTA 5 DØRS,1,1,Bremseanlegg (braking system),407,3219,0.1264
AUDI,Q5,4,1,Bremseanlegg (braking system),1746,5189,0.3365
VOLKSWAGEN,UP!,1,1,Bremseanlegg (braking system),181,680,0.2662
FORD,S-MAX,2,1,Bremseanlegg (braking system),976,3631,0.2688
MITSUBISHI,ASX,3,1,Bremseanlegg (braking system),3345,9126,0.3665
MERCEDES-BENZ,GLE,2,1,Bremseanlegg (braking system),133,719,0.185
KIA,SPORTAGE,4,1,Bremseanlegg (braking system),952,1242,0.7665
KIA,Optima,2,1,Bremseanlegg (braking system),227,926,0.2451
PEUGEOT,5008,4,1,Bremseanlegg (braking system),1240,1845,0.6721
PEUGEOT,508,3,1,Bremseanlegg (braking system),1706,4721,0.3614
AUDI,A1 SPORTBACK,4,1,Bremseanlegg (braking system),107,183,0.5847
BMW,2-Serie,3,1,Bremseanlegg (braking system),201,949,0.2118
FORD,C-MAX,4,1,Bremseanlegg (braking system),511,1034,0.4942
KIA,VENGA,4,1,Bremseanlegg (braking system),456,668,0.6826
CITROËN,C4 PICASSO,4,1,Bremseanlegg (braking system),761,1058,0.7193
MERCEDES-BENZ,A-Klasse,4,1,Bremseanlegg (braking system),1974,2238,0.882
MITSUBISHI,COLT,3,1,Bremseanlegg (braking system),577,1264,0.4565
PEUGEOT,108,3,1,Bremseanlegg (braking system),217,301,0.7209
MAZDA,2,1,1,Bremseanlegg (braking system),58,625,0.0928
CITROËN,C4 Cactus,1,1,Bremseanlegg (braking system),312,1085,0.2876
TOYOTA,AYGO,1,1,Bremseanlegg (braking system),120,689,0.1742
FIAT,PANDA,2,1,Bremseanlegg (braking system),43,94,0.4574
HYUNDAI,I10,1,1,Bremseanlegg (braking system),59,161,0.3665
FORD,B-MAX,1,1,Bremseanlegg (braking system),2,5,0.4
FORD,NY Focus,1,1,Bremseanlegg (braking system),795,6110,0.1301
MERCEDES-BENZ,C-Klasse,1,1,Bremseanlegg (braking system),225,3637,0.0619
MAZDA,MAZDA2,2,1,Bremseanlegg (braking system),178,1120,0.1589
TOYOTA,RAV4,4,1,Bremseanlegg (braking system),6902,10666,0.6471
SKODA,FABIA,3,1,Bremseanlegg (braking system),2043,3929,0.52
SKODA,SUPERB,3,1,Bremseanlegg (braking system),2340,6121,0.3823
TOYOTA,AYGO,4,1,Bremseanlegg (braking system),3055,3007,1.016
AUDI,A4 AVANT,3,1,Bremseanlegg (braking system),1082,2969,0.3644
SKODA,SUPERB COMBI,2,1,Bremseanlegg (braking system),1305,5609,0.2327
AUDI,A3,3,1,Bremseanlegg (braking system),4036,11732,0.344
VOLKSWAGEN,POLO,4,1,Bremseanlegg (braking system),8258,11528,0.7163
FORD,FIESTA 5 DØRS,4,1,Bremseanlegg (braking system),4896,7906,0.6193
OPEL,Mokka,3,1,Bremseanlegg (braking system),1217,4582,0.2656
PEUGEOT,2008,2,1,Bremseanlegg (braking system),1111,3179,0.3495
KIA,SPORTAGE,1,1,Bremseanlegg (braking system),175,1259,0.139
BMW,X5,2,1,Bremseanlegg (braking system),637,3601,0.1769
PEUGEOT,208,2,1,Bremseanlegg (braking system),607,2180,0.2784
KIA,CEED SW,3,1,Bremseanlegg (braking system),1428,3585,0.3983
PEUGEOT,5008,1,1,Bremseanlegg (braking system),1193,4893,0.2438
VOLKSWAGEN,Golf Sportsvan,3,1,Bremseanlegg (braking system),392,1676,0.2339
MAZDA,2,4,1,Bremseanlegg (braking system),1017,2075,0.4901
AUDI,Q5,1,1,Bremseanlegg (braking system),62,1438,0.0431
AUDI,A1 SPORTBACK,1,1,Bremseanlegg (braking system),235,902,0.2605
MERCEDES-BENZ,E,3,1,Bremseanlegg (braking system),4357,8181,0.5326
VOLKSWAGEN,UP!,4,1,Bremseanlegg (braking system),133,234,0.5684
VOLVO,XC90,4,1,Bremseanlegg (braking system),1373,1825,0.7523
MAZDA,MAZDA3,4,1,Bremseanlegg (braking system),1555,3328,0.4672
HYUNDAI,I10,4,1,Bremseanlegg (braking system),876,982,0.8921
AUDI,Q3,2,1,Bremseanlegg (braking system),343,1293,0.2653
OPEL,Grandland X,2,1,Bremseanlegg (braking system),18,125,0.144
OPEL,Crossland X,2,1,Bremseanlegg (braking system),51,177,0.2881
CITROËN,BERLINGO,3,1,Bremseanlegg (braking system),329,704,0.4673
MERCEDES-BENZ,A-Klasse,1,1,Bremseanlegg (braking system),250,2726,0.0917
OPEL,MERIVA,3,1,Bremseanlegg (braking system),286,854,0.3349
TOYOTA,AYGO 3/5-DØRS,1,1,Bremseanlegg (braking system),120,689,0.1742
VOLVO,V50,3,1,Bremseanlegg (braking system),1230,3281,0.3749
SUZUKI,ALTO,3,1,Bremseanlegg (braking system),233,285,0.8175
CITROËN,C4 PICASSO,1,1,Bremseanlegg (braking system),205,823,0.2491
TOYOTA,AVENSIS,1,1,Bremseanlegg (braking system),60,538,0.1115
FORD,C-MAX,1,1,Bremseanlegg (braking system),48,235,0.2043
BMW,4-serie,1,1,Bremseanlegg (braking system),14,85,0.1647
CITROËN,DS3,2,1,Bremseanlegg (braking system),36,90,0.4
KIA,VENGA,1,1,Bremseanlegg (braking system),2,6,0.3333
FORD,B-MAX,4,1,Bremseanlegg (braking system),10,19,0.5263
TOYOTA,YARIS,1,1,Bremseanlegg (braking system),3271,16882,0.1938
NISSAN,QASHQAI,4,1,Bremseanlegg (braking system),6761,9029,0.7488
FORD,FOCUS,1,1,Bremseanlegg (braking system),795,6110,0.1301
OPEL,CORSA,3,1,Bremseanlegg (braking system),737,2051,0.3593
TOYOTA,AURIS,4,1,Bremseanlegg (braking system),13615,14992,0.9082
SKODA,OCTAVIA COMBI,4,1,Bremseanlegg (braking system),8095,12917,0.6267
VOLVO,XC60,1,1,Bremseanlegg (braking system),1021,16959,0.0602
NISSAN,MICRA,4,1,Bremseanlegg (braking system),345,662,0.5211
TOYOTA,AVENSIS STW,4,1,Bremseanlegg (braking system),14006,20526,0.6824
PEUGEOT,3008,2,1,Bremseanlegg (braking system),861,3468,0.2483
HYUNDAI,Tucson,2,1,Bremseanlegg (braking system),757,2353,0.3217
OPEL,INSIGNIA,4,1,Bremseanlegg (braking system),2464,4475,0.5506
SUZUKI,SX4,3,1,Bremseanlegg (braking system),2481,6632,0.3741
HYUNDAI,I20,4,1,Bremseanlegg (braking system),3915,3876,1.0101
KIA,XCeed,1,1,Bremseanlegg (braking system),24,264,0.0909
HONDA,CIVIC,1,1,Bremseanlegg (braking system),61,573,0.1065
MERCEDES-BENZ,GLC,1,1,Bremseanlegg (braking system),275,6276,0.0438
MAZDA,Mazda CX-30,1,1,Bremseanlegg (braking system),435,2458,0.177
MITSUBISHI,SPACE STAR,2,1,Bremseanlegg (braking system),152,910,0.167
CITROËN,C 1,2,1,Bremseanlegg (braking system),232,428,0.5421
MERCEDES-BENZ,CLA,3,1,Bremseanlegg (braking system),601,2171,0.2768
SUZUKI,SWIFT,1,1,Bremseanlegg (braking system),819,4184,0.1957
MAZDA,MAZDA6,2,1,Bremseanlegg (braking system),539,2276,0.2368
NISSAN,X-TRAIL,1,1,Bremseanlegg (braking system),120,677,0.1773
AUDI,Q2,1,1,Bremseanlegg (braking system),259,1587,0.1632
MERCEDES-BENZ,E-Klasse,1,1,Bremseanlegg (braking system),253,4198,0.0603
BMW,3-Serie,2,1,Bremseanlegg (braking system),996,3950,0.2522
MAZDA,CX-5,1,1,Bremseanlegg (braking system),1118,6042,0.185
VOLVO,V40,1,1,Bremseanlegg (braking system),308,3389,0.0909
SUZUKI,IGNIS,2,1,Bremseanlegg (braking system),132,813,0.1624
HYUNDAI,I 10,3,1,Bremseanlegg (braking system),832,1046,0.7954
RENAULT,Ny Clio,1,1,Bremseanlegg (braking system),137,563,0.2433
HYUNDAI,IX20,4,1,Bremseanlegg (braking system),797,920,0.8663
RENAULT,CLIO,4,1,Bremseanlegg (braking system),504,517,0.9749
OPEL,ZAFIRA,3,1,Bremseanlegg (braking system),492,1038,0.474
AUDI,A5 SPORTBACK,1,1,Bremseanlegg (braking system),18,233,0.0773
HYUNDAI,KONA,1,1,Bremseanlegg (braking system),35,232,0.1509
AUDI,A3 CABRIOLET,3,1,Bremseanlegg (braking system),34,103,0.3301
SEAT,IBIZA,4,1,Bremseanlegg (braking system),5,7,0.7143
SEAT,LEON,3,1,Bremseanlegg (braking system),2,2,1.0
NISSAN,QASHQAI,3,1,Bremseanlegg (braking system),4976,10874,0.4576
MITSUBISHI,OUTLANDER,1,1,Bremseanlegg (braking system),5208,27166,0.1917
SKODA,KODIAQ,2,1,Bremseanlegg (braking system),285,2105,0.1354
VOLVO,V60,2,1,Bremseanlegg (braking system),1055,6546,0.1612
HYUNDAI,I20,3,1,Bremseanlegg (braking system),2838,4313,0.658
TOYOTA,Toyota C-HR,1,1,Bremseanlegg (braking system),1611,14399,0.1119
OPEL,INSIGNIA,3,1,Bremseanlegg (braking system),965,3483,0.2771
TOYOTA,AURIS,3,1,Bremseanlegg (braking system),11098,23427,0.4737
SUZUKI,SX4,4,1,Bremseanlegg (braking system),3488,4809,0.7253
SUZUKI,VITARA,1,1,Bremseanlegg (braking system),287,3773,0.0761
SKODA,RAPID SPACEBACK,3,1,Bremseanlegg (braking system),774,1667,0.4643
SKODA,OCTAVIA COMBI,3,1,Bremseanlegg (braking system),7671,19319,0.3971
TOYOTA,AVENSIS STW,3,1,Bremseanlegg (braking system),4728,12867,0.3675
DACIA,Duster,1,1,Bremseanlegg (braking system),140,767,0.1825
VOLKSWAGEN,T-Roc,1,1,Bremseanlegg (braking system),564,7258,0.0777
VOLKSWAGEN,TIGUAN,1,1,Bremseanlegg (braking system),1132,8054,0.1406
BMW,X3,1,1,Bremseanlegg (braking system),133,2884,0.0461
MERCEDES-BENZ,C,1,1,Bremseanlegg (braking system),225,3637,0.0619
BMW,5-Serie,1,1,Bremseanlegg (braking system),351,4543,0.0773
HYUNDAI,IX20,3,1,Bremseanlegg (braking system),1305,1937,0.6737
RENAULT,CLIO,3,1,Bremseanlegg (braking system),1110,1622,0.6843
SKODA,CITIGO,2,1,Bremseanlegg (braking system),218,474,0.4599
OPEL,CORSA,4,1,Bremseanlegg (braking system),1395,3017,0.4624
OPEL,ZAFIRA,4,1,Bremseanlegg (braking system),958,1175,0.8153
SUZUKI,SX4 COMBIBACK,1,1,Bremseanlegg (braking system),152,2054,0.074
HYUNDAI,I 10,4,1,Bremseanlegg (braking system),876,982,0.8921
CITROËN,C1,2,1,Bremseanlegg (braking system),232,428,0.5421
SKODA,RAPID,2,1,Bremseanlegg (braking system),462,1389,0.3326
SUZUKI,SX4 S-Cross,2,1,Bremseanlegg (braking system),485,2348,0.2066
MAZDA,CX-3,1,1,Bremseanlegg (braking system),450,2711,0.166
NISSAN,JUKE,2,1,Bremseanlegg (braking system),189,531,0.3559
RENAULT,MEGANE,2,1,Bremseanlegg (braking system),102,326,0.3129
MERCEDES-BENZ,B-Klasse,1,1,Bremseanlegg (braking system),70,856,0.0818
AUDI,A3 Limousine,3,1,Bremseanlegg (braking system),98,391,0.2506
HYUNDAI,i10 AC3,2,1,Bremseanlegg (braking system),249,411,0.6058
NISSAN,MICRA,3,1,Bremseanlegg (braking system),424,871,0.4868
AUDI,A3 CABRIOLET,4,1,Bremseanlegg (braking system),72,166,0.4337
CITROËN,C3 PICASSO,2,1,Bremseanlegg (braking system),14,46,0.3043
SEAT,LEON,4,1,Bremseanlegg (braking system),8,7,1.1429
SUZUKI,SX4,3,2,Styring (steering),91,6632,0.0137
VOLVO,XC60,1,2,Styring (steering),52,16959,0.0031
HYUNDAI,Tucson,2,2,Styring (steering),56,2353,0.0238
TOYOTA,AURIS,4,2,Styring (steering),210,14992,0.014
TOYOTA,AVENSIS STW,4,2,Styring (steering),371,20526,0.0181
MAZDA,CX-5,1,2,Styring (steering),16,6042,0.0026
MERCEDES-BENZ,GLC,1,2,Styring (steering),6,6276,0.001
MAZDA,MAZDA6,2,2,Styring (steering),23,2276,0.0101
BMW,3-Serie,2,2,Styring (steering),33,3950,0.0084
SKODA,OCTAVIA COMBI,4,2,Styring (steering),242,12917,0.0187
HYUNDAI,I20,4,2,Styring (steering),190,3876,0.049
SUZUKI,SWIFT,1,2,Styring (steering),4,4184,0.001
AUDI,Q2,1,2,Styring (steering),3,1587,0.0019
VOLVO,V40,1,2,Styring (steering),7,3389,0.0021
NISSAN,MICRA,4,2,Styring (steering),30,662,0.0453
HONDA,CIVIC,1,2,Styring (steering),2,573,0.0035
TOYOTA,YARIS,1,2,Styring (steering),16,16882,0.0009
NISSAN,QASHQAI,4,2,Styring (steering),2585,9029,0.2863
MERCEDES-BENZ,E-Klasse,1,2,Styring (steering),24,4198,0.0057
HYUNDAI,I 10,3,2,Styring (steering),28,1046,0.0268
FORD,FOCUS,1,2,Styring (steering),117,6110,0.0191
OPEL,CORSA,3,2,Styring (steering),143,2051,0.0697
PEUGEOT,3008,2,2,Styring (steering),52,3468,0.015
NISSAN,X-TRAIL,1,2,Styring (steering),5,677,0.0074
AUDI,A5 SPORTBACK,1,2,Styring (steering),0,233,0.0
OPEL,INSIGNIA,4,2,Styring (steering),160,4475,0.0358
OPEL,ZAFIRA,3,2,Styring (steering),29,1038,0.0279
RENAULT,CLIO,4,2,Styring (steering),117,517,0.2263
MERCEDES-BENZ,CLA,3,2,Styring (steering),9,2171,0.0041
RENAULT,Ny Clio,1,2,Styring (steering),14,563,0.0249
CITROËN,C 1,2,2,Styring (steering),2,428,0.0047
MITSUBISHI,SPACE STAR,2,2,Styring (steering),8,910,0.0088
HYUNDAI,KONA,1,2,Styring (steering),1,232,0.0043
AUDI,A3 CABRIOLET,3,2,Styring (steering),0,103,0.0
MAZDA,Mazda CX-30,1,2,Styring (steering),1,2458,0.0004
SUZUKI,IGNIS,2,2,Styring (steering),15,813,0.0185
HYUNDAI,IX20,4,2,Styring (steering),197,920,0.2141
KIA,XCeed,1,2,Styring (steering),0,264,0.0
SEAT,IBIZA,4,2,Styring (steering),0,7,0.0
SEAT,LEON,3,2,Styring (steering),0,2,0.0
KIA,SPORTAGE,1,2,Styring (steering),15,1259,0.0119
VOLKSWAGEN,POLO,4,2,Styring (steering),505,11528,0.0438
AUDI,A3,3,2,Styring (steering),34,11732,0.0029
KIA,CEED SW,3,2,Styring (steering),839,3585,0.234
MERCEDES-BENZ,E,3,2,Styring (steering),348,8181,0.0425
MERCEDES-BENZ,A-Klasse,1,2,Styring (steering),5,2726,0.0018
MAZDA,2,4,2,Styring (steering),375,2075,0.1807
SKODA,SUPERB COMBI,2,2,Styring (steering),19,5609,0.0034
VOLVO,XC90,4,2,Styring (steering),146,1825,0.08
AUDI,A4 AVANT,3,2,Styring (steering),25,2969,0.0084
OPEL,MERIVA,3,2,Styring (steering),127,854,0.1487
OPEL,Mokka,3,2,Styring (steering),188,4582,0.041
VOLVO,V50,3,2,Styring (steering),100,3281,0.0305
FORD,FIESTA 5 DØRS,4,2,Styring (steering),1605,7906,0.203
TOYOTA,RAV4,4,2,Styring (steering),399,10666,0.0374
MAZDA,MAZDA3,4,2,Styring (steering),68,3328,0.0204
MAZDA,MAZDA2,2,2,Styring (steering),2,1120,0.0018
FORD,NY Focus,1,2,Styring (steering),117,6110,0.0191
SKODA,FABIA,3,2,Styring (steering),40,3929,0.0102
SKODA,SUPERB,3,2,Styring (steering),96,6121,0.0157
MERCEDES-BENZ,C-Klasse,1,2,Styring (steering),7,3637,0.0019
TOYOTA,AVENSIS,1,2,Styring (steering),0,538,0.0
TOYOTA,AYGO 3/5-DØRS,1,2,Styring (steering),3,689,0.0044
TOYOTA,AYGO,4,2,Styring (steering),60,3007,0.02
PEUGEOT,208,2,2,Styring (steering),24,2180,0.011
PEUGEOT,5008,1,2,Styring (steering),51,4893,0.0104
AUDI,Q5,1,2,Styring (steering),0,1438,0.0
AUDI,Q3,2,2,Styring (steering),2,1293,0.0015
PEUGEOT,2008,2,2,Styring (steering),31,3179,0.0098
CITROËN,C4 PICASSO,1,2,Styring (steering),12,823,0.0146
CITROËN,BERLINGO,3,2,Styring (steering),47,704,0.0668
FORD,C-MAX,1,2,Styring (steering),0,235,0.0
CITROËN,DS3,2,2,Styring (steering),6,90,0.0667
AUDI,A1 SPORTBACK,1,2,Styring (steering),27,902,0.0299
BMW,X5,2,2,Styring (steering),14,3601,0.0039
HYUNDAI,I10,4,2,Styring (steering),46,982,0.0468
SUZUKI,ALTO,3,2,Styring (steering),2,285,0.007
BMW,4-serie,1,2,Styring (steering),1,85,0.0118
KIA,VENGA,1,2,Styring (steering),0,6,0.0
VOLKSWAGEN,Golf Sportsvan,3,2,Styring (steering),5,1676,0.003
FORD,B-MAX,4,2,Styring (steering),4,19,0.2105
OPEL,Grandland X,2,2,Styring (steering),2,125,0.016
OPEL,Crossland X,2,2,Styring (steering),32,177,0.1808
VOLKSWAGEN,UP!,4,2,Styring (steering),7,234,0.0299
MERCEDES-BENZ,E,1,2,Styring (steering),24,4198,0.0057
TOYOTA,YARIS 5-DØRS,2,2,Styring (steering),99,15223,0.0065
MAZDA,3,2,2,Styring (steering),5,2010,0.0025
VOLVO,XC40,1,2,Styring (steering),1,6206,0.0002
AUDI,Q5,3,2,Styring (steering),119,5548,0.0214
PEUGEOT,5008,3,2,Styring (steering),102,1911,0.0534
AUDI,A3,1,2,Styring (steering),4,4115,0.001
KIA,SPORTAGE,3,2,Styring (steering),984,7796,0.1262
VOLKSWAGEN,TOURAN,2,2,Styring (steering),14,2051,0.0068
FORD,MONDEO STATIONCAR,2,2,Styring (steering),18,5589,0.0032
CITROËN,C4 PICASSO,3,2,Styring (steering),240,1484,0.1617
MERCEDES-BENZ,A-Klasse,3,2,Styring (steering),32,6182,0.0052
AUDI,A4 AVANT,1,2,Styring (steering),2,1533,0.0013
VOLVO,V70,2,2,Styring (steering),70,2502,0.028
OPEL,Mokka,1,2,Styring (steering),3,1060,0.0028
MINI,COOPER,2,2,Styring (steering),6,1205,0.005
AUDI,A1 SPORTBACK,3,2,Styring (steering),20,3090,0.0065
MERCEDES-BENZ,GLA,2,2,Styring (steering),3,1805,0.0017
MITSUBISHI,COLT,4,2,Styring (steering),365,3136,0.1164
TOYOTA,AVENSIS,3,2,Styring (steering),89,12867,0.0069
FORD,NY Focus,3,2,Styring (steering),210,15257,0.0138
SKODA,SUPERB,1,2,Styring (steering),18,6713,0.0027
TOYOTA,AYGO 5-DØRS,2,2,Styring (steering),7,608,0.0115
MERCEDES-BENZ,C-Klasse,3,2,Styring (steering),131,6797,0.0193
AUDI,A3 Sportback,2,2,Styring (steering),14,8901,0.0016
SKODA,FABIA,1,2,Styring (steering),4,2246,0.0018
TOYOTA,AYGO 3/5-DØRS,3,2,Styring (steering),33,2298,0.0144
FORD,C-MAX,3,2,Styring (steering),18,1829,0.0098
HYUNDAI,Ioniq,1,2,Styring (steering),1,1674,0.0006
VOLKSWAGEN,Golf Sportsvan,1,2,Styring (steering),0,502,0.0
FORD,GALAXY,2,2,Styring (steering),2,493,0.0041
KIA,VENGA,3,2,Styring (steering),164,1099,0.1492
PEUGEOT,206 +,4,2,Styring (steering),25,143,0.1748
KIA,CEED SW,1,2,Styring (steering),3,984,0.003
CITROËN,C5 Aircross,1,2,Styring (steering),2,1527,0.0013
CITROËN,BERLINGO,1,2,Styring (steering),4,389,0.0103
MITSUBISHI,ASX,4,2,Styring (steering),630,5149,0.1224
FORD,KA,2,2,Styring (steering),2,41,0.0488
ALFA ROMEO,GIULIETTA,2,2,Styring (steering),0,35,0.0
VOLKSWAGEN,T-Cross,1,2,Styring (steering),48,1210,0.0397
BMW,4-serie,3,2,Styring (steering),13,422,0.0308
PEUGEOT,508,4,2,Styring (steering),153,1566,0.0977
KIA,Stonic,2,2,Styring (steering),1,93,0.0108
HYUNDAI,I40,3,2,Styring (steering),655,2466,0.2656
VOLKSWAGEN,POLO,2,2,Styring (steering),43,5290,0.0081
VOLKSWAGEN,PASSAT VARIANT,1,2,Styring (steering),28,11253,0.0025
SKODA,SUPERB COMBI,4,2,Styring (steering),66,3621,0.0182
FORD,FOCUS STATIONSVOGN,3,2,Styring (steering),210,15257,0.0138
VOLKSWAGEN,GOLF,1,2,Styring (steering),9,9446,0.001
TOYOTA,RAV4 Plug in,1,2,Styring (steering),16,29243,0.0005
KIA,RIO,3,2,Styring (steering),80,2622,0.0305
FORD,S-MAX,1,2,Styring (steering),5,1786,0.0028
TOYOTA,Aygo X,3,2,Styring (steering),33,2298,0.0144
CITROËN,C4 Cactus,2,2,Styring (steering),17,1625,0.0105
HONDA,CR-V,3,2,Styring (steering),63,6725,0.0094
AUDI,A6 AVANT,3,2,Styring (steering),6,2163,0.0028
VOLKSWAGEN,UP!,2,2,Styring (steering),8,1503,0.0053
FORD,FIESTA 5 DØRS,2,2,Styring (steering),543,4402,0.1234
VOLVO,XC90,2,2,Styring (steering),537,5537,0.097
FORD,KUGA,1,2,Styring (steering),47,5193,0.0091
SKODA,OCTAVIA,3,2,Styring (steering),161,19319,0.0083
KIA,CEE'D SW,3,2,Styring (steering),839,3585,0.234
TOYOTA,RAV4,2,2,Styring (steering),25,15118,0.0017
MAZDA,MAZDA3,2,2,Styring (steering),5,2010,0.0025
MAZDA,MAZDA2,4,2,Styring (steering),375,2075,0.1807
TOYOTA,AYGO,2,2,Styring (steering),7,608,0.0115
KIA,Optima,1,2,Styring (steering),9,1833,0.0049
BMW,X5,4,2,Styring (steering),74,3889,0.019
HYUNDAI,I10,2,2,Styring (steering),3,411,0.0073
MERCEDES-BENZ,GLE,1,2,Styring (steering),16,2193,0.0073
MAZDA,2,2,2,Styring (steering),2,1120,0.0018
FORD,B-MAX,2,2,Styring (steering),19,250,0.076
KIA,CEED,1,2,Styring (steering),3,984,0.003
CITROËN,DS3,4,2,Styring (steering),105,696,0.1509
FIAT,PANDA,1,2,Styring (steering),0,20,0.0
AUDI,Q3,4,2,Styring (steering),4,293,0.0137
PEUGEOT,208,4,2,Styring (steering),9,267,0.0337
TOYOTA,YARIS 5-DØRS,1,2,Styring (steering),16,16882,0.0009
SKODA,SUPERB COMBI,3,2,Styring (steering),96,6121,0.0157
HONDA,CR-V,4,2,Styring (steering),1109,9204,0.1205
CITROËN,DS3,3,2,Styring (steering),214,1430,0.1497
FORD,FOCUS STATIONSVOGN,4,2,Styring (steering),428,12012,0.0356
OPEL,Mokka,2,2,Styring (steering),37,3055,0.0121
MERCEDES-BENZ,GLA,1,2,Styring (steering),3,938,0.0032
FORD,MONDEO STATIONCAR,1,2,Styring (steering),3,1541,0.0019
TOYOTA,COROLLA,1,2,Styring (steering),10,9061,0.0011
PEUGEOT,208,3,2,Styring (steering),77,5152,0.0149
PEUGEOT,2008,3,2,Styring (steering),42,2682,0.0157
AUDI,A3,2,2,Styring (steering),14,9233,0.0015
MERCEDES-BENZ,E,2,2,Styring (steering),119,3761,0.0316
MINI,COOPER,1,2,Styring (steering),0,538,0.0
VOLKSWAGEN,Golf Sportsvan,2,2,Styring (steering),2,2883,0.0007
MAZDA,3,1,2,Styring (steering),1,1523,0.0007
VOLKSWAGEN,TOURAN,1,2,Styring (steering),7,1595,0.0044
TOYOTA,Aygo X,4,2,Styring (steering),60,3007,0.02
SKODA,FABIA,2,2,Styring (steering),9,3224,0.0028
SKODA,OCTAVIA,4,2,Styring (steering),242,12917,0.0187
AUDI,A3 Sportback,1,2,Styring (steering),4,3698,0.0011
MAZDA,MAZDA2,3,2,Styring (steering),207,1899,0.109
SKODA,SUPERB,2,2,Styring (steering),19,5609,0.0034
TOYOTA,AYGO 5-DØRS,1,2,Styring (steering),3,689,0.0044
KIA,CEED SW,2,2,Styring (steering),63,1150,0.0548
AUDI,Q3,3,2,Styring (steering),11,2899,0.0038
BMW,X5,3,2,Styring (steering),17,2684,0.0063
FORD,GALAXY,1,2,Styring (steering),0,191,0.0
KIA,Stonic,1,2,Styring (steering),3,630,0.0048
AUDI,A4 AVANT,2,2,Styring (steering),4,1848,0.0022
KIA,CEE'D SW,4,2,Styring (steering),94,742,0.1267
CITROËN,BERLINGO,2,2,Styring (steering),10,293,0.0341
OPEL,MERIVA,2,2,Styring (steering),2,68,0.0294
HYUNDAI,Ioniq,2,2,Styring (steering),5,834,0.006
HYUNDAI,I40,4,2,Styring (steering),246,753,0.3267
AUDI,A6 AVANT,4,2,Styring (steering),1,143,0.007
VOLVO,XC40,2,2,Styring (steering),0,184,0.0
KIA,RIO,4,2,Styring (steering),21,248,0.0847
SUZUKI,ALTO,2,2,Styring (steering),0,5,0.0
SKODA,KODIAQ,1,2,Styring (steering),6,7893,0.0008
BMW,X3,2,2,Styring (steering),65,3055,0.0213
MITSUBISHI,OUTLANDER,2,2,Styring (steering),1897,22180,0.0855
BMW,1-Serie,3,2,Styring (steering),69,5856,0.0118
FIAT,500,3,2,Styring (steering),124,2045,0.0606
CITROËN,C4,4,2,Styring (steering),437,2439,0.1792
NISSAN,Qashqai J11A,3,2,Styring (steering),1456,10874,0.1339
MAZDA,CX-3,2,2,Styring (steering),8,5128,0.0016
OPEL,ASTRA,3,2,Styring (steering),13,3710,0.0035
HONDA,JAZZ,3,2,Styring (steering),6,1643,0.0037
BMW,X1,4,2,Styring (steering),416,4390,0.0948
VOLKSWAGEN,TIGUAN,2,2,Styring (steering),16,7466,0.0021
MERCEDES-BENZ,B-Klasse,2,2,Styring (steering),3,1185,0.0025
VOLVO,V60,1,2,Styring (steering),31,11028,0.0028
SKODA,FABIA COMBI,3,2,Styring (steering),40,3929,0.0102
PEUGEOT,107,4,2,Styring (steering),41,1880,0.0218
BMW,5-Serie,2,2,Styring (steering),32,3263,0.0098
KIA,PICANTO,3,2,Styring (steering),166,3887,0.0427
FORD,FIESTA,4,2,Styring (steering),1605,7906,0.203
FORD,MONDEO,4,2,Styring (steering),2446,15288,0.16
SKODA,RAPID,1,2,Styring (steering),0,482,0.0
VOLKSWAGEN,PASSAT,4,2,Styring (steering),336,15462,0.0217
SUZUKI,SX4 COMBIBACK,2,2,Styring (steering),25,2476,0.0101
CITROËN,C3,3,2,Styring (steering),146,1322,0.1104
FORD,Focus,4,2,Styring (steering),428,12012,0.0356
SUZUKI,SX4 S-Cross,1,2,Styring (steering),2,80,0.025
MERCEDES-BENZ,C,2,2,Styring (steering),30,5861,0.0051
SUZUKI,VITARA,2,2,Styring (steering),48,3777,0.0127
PEUGEOT,308,3,2,Styring (steering),285,4837,0.0589
DACIA,Duster,2,2,Styring (steering),155,542,0.286
VOLKSWAGEN,CADDY,4,2,Styring (steering),23,1082,0.0213
NISSAN,JUKE,1,2,Styring (steering),2,107,0.0187
NISSAN,NOTE,3,2,Styring (steering),6,946,0.0063
HYUNDAI,i10 AC3,1,2,Styring (steering),0,161,0.0
TOYOTA,VERSO,2,2,Styring (steering),1,178,0.0056
RENAULT,MEGANE SPORT TOURER,3,2,Styring (steering),333,1261,0.2641
CITROËN,C1,1,2,Styring (steering),0,58,0.0
RENAULT,MEGANE,1,2,Styring (steering),5,294,0.017
SKODA,CITIGO,1,2,Styring (steering),1,202,0.005
CITROËN,C3 PICASSO,1,2,Styring (steering),0,11,0.0
SKODA,KAMIQ,1,2,Styring (steering),12,327,0.0367
TOYOTA,Toyota C-HR,2,2,Styring (steering),6,4126,0.0015
OPEL,ASTRA SPORTS TOURER,4,2,Styring (steering),9,979,0.0092
SEAT,Ibiza GP2,4,2,Styring (steering),0,7,0.0
VOLKSWAGEN,T-Roc,2,2,Styring (steering),0,288,0.0
RENAULT,Kadjar,3,2,Styring (steering),6,102,0.0588
VOLKSWAGEN,TOURAN,3,2,Styring (steering),56,5455,0.0103
VOLKSWAGEN,PASSAT VARIANT,4,2,Styring (steering),336,15462,0.0217
TOYOTA,YARIS 5-DØRS,3,2,Styring (steering),225,21128,0.0106
FORD,MONDEO STATIONCAR,3,2,Styring (steering),917,9588,0.0956
VOLKSWAGEN,GOLF,4,2,Styring (steering),629,32682,0.0192
MINI,COOPER,3,2,Styring (steering),28,3308,0.0085
VOLVO,V70,3,2,Styring (steering),694,11477,0.0605
ALFA ROMEO,GIULIETTA,3,2,Styring (steering),1,258,0.0039
FORD,S-MAX,4,2,Styring (steering),1328,6314,0.2103
SKODA,SUPERB COMBI,1,2,Styring (steering),18,6713,0.0027
FORD,GALAXY,3,2,Styring (steering),239,1766,0.1353
AUDI,A1 SPORTBACK,2,2,Styring (steering),1,1299,0.0008
TOYOTA,RAV4 Plug in,4,2,Styring (steering),399,10666,0.0374
AUDI,Q5,2,2,Styring (steering),19,2270,0.0084
PEUGEOT,2008,1,2,Styring (steering),2,2747,0.0007
FORD,KUGA,4,2,Styring (steering),858,5780,0.1484
KIA,SPORTAGE,2,2,Styring (steering),77,3281,0.0235
PEUGEOT,5008,2,2,Styring (steering),41,1312,0.0312
PEUGEOT,208,1,2,Styring (steering),3,1123,0.0027
AUDI,Q3,1,2,Styring (steering),0,911,0.0
MERCEDES-BENZ,A-Klasse,2,2,Styring (steering),3,2268,0.0013
AUDI,A3 Sportback,3,2,Styring (steering),21,9047,0.0023
TOYOTA,AVENSIS,2,2,Styring (steering),10,3935,0.0025
FORD,NY Focus,2,2,Styring (steering),19,5076,0.0037
TOYOTA,AYGO 5-DØRS,3,2,Styring (steering),33,2298,0.0144
TOYOTA,AYGO 3/5-DØRS,2,2,Styring (steering),7,608,0.0115
MAZDA,3,3,2,Styring (steering),69,2880,0.024
TOYOTA,COROLLA,3,2,Styring (steering),2,284,0.007
BMW,X5,1,2,Styring (steering),4,5474,0.0007
OPEL,Grandland X,1,2,Styring (steering),1,2268,0.0004
OPEL,Crossland X,1,2,Styring (steering),65,1377,0.0472
CITROËN,C4 PICASSO,2,2,Styring (steering),121,1511,0.0801
HYUNDAI,I30CW,3,2,Styring (steering),8,164,0.0488
MERCEDES-BENZ,C-Klasse,2,2,Styring (steering),30,5861,0.0051
FORD,KA,3,2,Styring (steering),16,505,0.0317
FORD,C-MAX,2,2,Styring (steering),3,749,0.004
BMW,4-serie,2,2,Styring (steering),4,509,0.0079
KIA,VENGA,2,2,Styring (steering),7,273,0.0256
MAZDA,MAZDA2,1,2,Styring (steering),0,625,0.0
KIA,CEED,4,2,Styring (steering),94,742,0.1267
FIAT,PANDA,4,2,Styring (steering),13,101,0.1287
MERCEDES-BENZ,GLA,3,2,Styring (steering),3,1359,0.0022
KIA,Optima,4,2,Styring (steering),0,1,0.0
RENAULT,Kadjar,1,2,Styring (steering),1,356,0.0028
TOYOTA,AURIS,2,2,Styring (steering),32,15458,0.0021
VOLVO,V60,3,2,Styring (steering),810,13953,0.0581
PEUGEOT,308,1,2,Styring (steering),7,1141,0.0061
MAZDA,MAZDA6,4,2,Styring (steering),181,4254,0.0425
PEUGEOT,3008,4,2,Styring (steering),846,4758,0.1778
SKODA,OCTAVIA COMBI,2,2,Styring (steering),40,13702,0.0029
CITROËN,C3,1,2,Styring (steering),237,2416,0.0981
SKODA,CITIGO,3,2,Styring (steering),10,1480,0.0068
BMW,3-Serie,4,2,Styring (steering),433,10635,0.0407
NISSAN,Qashqai J11A,1,2,Styring (steering),44,4798,0.0092
CITROËN,C3 PICASSO,3,2,Styring (steering),26,382,0.0681
SKODA,FABIA COMBI,1,2,Styring (steering),4,2246,0.0018
SKODA,RAPID SPACEBACK,2,2,Styring (steering),4,1389,0.0029
HYUNDAI,i10 AC3,3,2,Styring (steering),28,1046,0.0268
OPEL,INSIGNIA,2,2,Styring (steering),8,1507,0.0053
TOYOTA,AVENSIS STW,2,2,Styring (steering),10,3935,0.0025
NISSAN,QASHQAI,2,2,Styring (steering),220,7503,0.0293
SUZUKI,SX4 S-Cross,3,2,Styring (steering),64,4208,0.0152
NISSAN,JUKE,3,2,Styring (steering),367,1806,0.2032
HYUNDAI,I20,2,2,Styring (steering),4,2116,0.0019
RENAULT,CLIO,2,2,Styring (steering),10,641,0.0156
KIA,PICANTO,1,2,Styring (steering),3,563,0.0053
HONDA,JAZZ,1,2,Styring (steering),1,801,0.0012
HYUNDAI,Tucson,4,2,Styring (steering),30,317,0.0946
AUDI,A3 Limousine,2,2,Styring (steering),0,290,0.0
FIAT,500,1,2,Styring (steering),0,212,0.0
SUZUKI,IGNIS,4,2,Styring (steering),32,390,0.0821
OPEL,ASTRA,1,2,Styring (steering),1,1077,0.0009
BMW,1-Serie,1,2,Styring (steering),0,314,0.0
SKODA,RAPID,3,2,Styring (steering),11,1667,0.0066
RENAULT,MEGANE SPORT TOURER,1,2,Styring (steering),5,294,0.017
HYUNDAI,IX20,2,2,Styring (steering),6,230,0.0261
CITROËN,C 1,4,2,Styring (steering),29,1119,0.0259
RENAULT,MEGANE,3,2,Styring (steering),333,1261,0.2641
CITROËN,C1,3,2,Styring (steering),17,880,0.0193
NISSAN,MICRA,2,2,Styring (steering),0,274,0.0
VOLVO,V90,2,2,Styring (steering),137,4670,0.0293
KIA,Niro,2,2,Styring (steering),15,2639,0.0057
NISSAN,NOTE,1,2,Styring (steering),0,25,0.0
SEAT,IBIZA,2,2,Styring (steering),0,1,0.0
CITROËN,C3 Aircross,1,2,Styring (steering),47,782,0.0601
SUZUKI,SX4,2,2,Styring (steering),25,2476,0.0101
MAZDA,MAZDA6,3,2,Styring (steering),209,3352,0.0624
MERCEDES-BENZ,CLA,2,2,Styring (steering),10,2377,0.0042
BMW,3-Serie,3,2,Styring (steering),119,8958,0.0133
PEUGEOT,3008,3,2,Styring (steering),107,3530,0.0303
HYUNDAI,Tucson,3,2,Styring (steering),303,2331,0.13
VOLKSWAGEN,CADDY,1,2,Styring (steering),6,865,0.0069
BMW,X1,1,2,Styring (steering),7,7080,0.001
VOLKSWAGEN,PASSAT,1,2,Styring (steering),28,11253,0.0025
FORD,FIESTA,1,2,Styring (steering),52,3219,0.0162
RENAULT,MEGANE,4,2,Styring (steering),432,1622,0.2663
FORD,MONDEO,1,2,Styring (steering),3,1541,0.0019
FORD,Focus,1,2,Styring (steering),117,6110,0.0191
OPEL,CORSA,2,2,Styring (steering),27,1681,0.0161
CITROËN,C3 PICASSO,4,2,Styring (steering),122,833,0.1465
MITSUBISHI,SPACE STAR,3,2,Styring (steering),57,2090,0.0273
CITROËN,C4,1,2,Styring (steering),22,2520,0.0087
HYUNDAI,I 10,2,2,Styring (steering),3,411,0.0073
RENAULT,Captur,1,2,Styring (steering),98,1550,0.0632
HYUNDAI,i10 AC3,4,2,Styring (steering),46,982,0.0468
VOLVO,V60,4,2,Styring (steering),351,3752,0.0936
CITROËN,C 1,3,2,Styring (steering),17,880,0.0193
CITROËN,C1,4,2,Styring (steering),29,1119,0.0259
SEAT,Ibiza GP2,1,2,Styring (steering),17,162,0.1049
OPEL,ASTRA SPORTS TOURER,1,2,Styring (steering),0,128,0.0
NISSAN,JUKE,4,2,Styring (steering),186,753,0.247
AUDI,A3 CABRIOLET,2,2,Styring (steering),0,39,0.0
OPEL,ZAFIRA,2,2,Styring (steering),2,235,0.0085
FORD,PUMA,1,2,Styring (steering),1,614,0.0016
SKODA,KAROQ,2,2,Styring (steering),0,173,0.0
SEAT,LEON,2,2,Styring (steering),0,5,0.0
SKODA,CITIGO,4,2,Styring (steering),2,64,0.0312
FORD,FIESTA 5 DØRS,3,2,Styring (steering),1470,8583,0.1713
MERCEDES-BENZ,E,4,2,Styring (steering),707,11198,0.0631
VOLKSWAGEN,UP!,3,2,Styring (steering),62,4436,0.014
VOLVO,V50,4,2,Styring (steering),595,11296,0.0527
PEUGEOT,508,1,2,Styring (steering),6,1065,0.0056
VOLKSWAGEN,POLO,3,2,Styring (steering),127,10576,0.012
MAZDA,2,3,2,Styring (steering),207,1899,0.109
VOLVO,XC90,3,2,Styring (steering),136,1135,0.1198
AUDI,A3,4,2,Styring (steering),86,8787,0.0098
HONDA,CR-V,2,2,Styring (steering),6,2570,0.0023
FORD,FOCUS STATIONSVOGN,2,2,Styring (steering),19,5076,0.0037
BMW,2-Serie,1,2,Styring (steering),7,7055,0.001
AUDI,A6 AVANT,2,2,Styring (steering),6,1067,0.0056
SKODA,FABIA,4,2,Styring (steering),314,4252,0.0738
KIA,CEE'D SW,2,2,Styring (steering),63,1150,0.0548
SKODA,OCTAVIA,2,2,Styring (steering),40,13702,0.0029
SKODA,SUPERB,4,2,Styring (steering),66,3621,0.0182
TOYOTA,RAV4,3,2,Styring (steering),41,11242,0.0036
HYUNDAI,I10,3,2,Styring (steering),28,1046,0.0268
TOYOTA,AYGO,3,2,Styring (steering),33,2298,0.0144
OPEL,MERIVA,4,2,Styring (steering),237,1312,0.1806
FORD,B-MAX,3,2,Styring (steering),109,1129,0.0965
TOYOTA,Aygo X,2,2,Styring (steering),7,608,0.0115
MAZDA,MAZDA3,3,2,Styring (steering),69,2880,0.024
KIA,RIO,2,2,Styring (steering),7,1154,0.0061
MITSUBISHI,ASX,1,2,Styring (steering),1,452,0.0022
HYUNDAI,I40,2,2,Styring (steering),19,123,0.1545
PEUGEOT,108,1,2,Styring (steering),0,129,0.0
KIA,CEED SW,4,2,Styring (steering),94,742,0.1267
CITROËN,BERLINGO,4,2,Styring (steering),194,993,0.1954
SUZUKI,ALTO,4,2,Styring (steering),6,392,0.0153
CITROËN,C4 Cactus,3,2,Styring (steering),25,775,0.0323
AUDI,A4 AVANT,4,2,Styring (steering),2,152,0.0132
OPEL,Mokka,4,2,Styring (steering),0,35,0.0
MERCEDES-BENZ,B-Klasse,4,2,Styring (steering),281,4180,0.0672
MERCEDES-BENZ,C,4,2,Styring (steering),198,7755,0.0255
VOLVO,XC60,3,2,Styring (steering),651,13968,0.0466
MAZDA,CX-5,3,2,Styring (steering),1538,14518,0.1059
PEUGEOT,207,4,2,Styring (steering),766,5486,0.1396
MITSUBISHI,OUTLANDER,4,2,Styring (steering),2316,10148,0.2282
RENAULT,Captur,2,2,Styring (steering),16,1187,0.0135
SKODA,KAROQ,1,2,Styring (steering),6,2413,0.0025
VOLVO,V40,3,2,Styring (steering),78,13394,0.0058
HONDA,CIVIC,3,2,Styring (steering),27,2369,0.0114
BMW,5-Serie,4,2,Styring (steering),1544,10877,0.142
SUZUKI,SWIFT,3,2,Styring (steering),150,4814,0.0312
VOLKSWAGEN,TIGUAN,4,2,Styring (steering),132,11058,0.0119
MERCEDES-BENZ,CLA,1,2,Styring (steering),2,1365,0.0015
SUZUKI,SX4,1,2,Styring (steering),5,2054,0.0024
CITROËN,C4,2,2,Styring (steering),148,3636,0.0407
BMW,X3,4,2,Styring (steering),373,5417,0.0689
BMW,X1,2,2,Styring (steering),19,3404,0.0056
VOLKSWAGEN,CADDY,2,2,Styring (steering),6,818,0.0073
FORD,MONDEO,2,2,Styring (steering),18,5589,0.0032
TOYOTA,YARIS,3,2,Styring (steering),225,21128,0.0106
MERCEDES-BENZ,E-Klasse,3,2,Styring (steering),348,8181,0.0425
VOLKSWAGEN,PASSAT,2,2,Styring (steering),47,14320,0.0033
SUZUKI,SX4 COMBIBACK,4,2,Styring (steering),129,4809,0.0268
FORD,FIESTA,2,2,Styring (steering),543,4402,0.1234
FORD,Focus,2,2,Styring (steering),19,5076,0.0037
HYUNDAI,I30,4,2,Styring (steering),496,3800,0.1305
FORD,FOCUS,3,2,Styring (steering),210,15257,0.0138
HYUNDAI,i30 Stc.,3,2,Styring (steering),8,164,0.0488
NISSAN,X-TRAIL,3,2,Styring (steering),328,2381,0.1378
TOYOTA,VERSO,4,2,Styring (steering),60,2396,0.025
RENAULT,Ny Clio,3,2,Styring (steering),134,1622,0.0826
CHEVROLET,SPARK,3,2,Styring (steering),9,308,0.0292
HYUNDAI,I 10,1,2,Styring (steering),0,161,0.0
OPEL,ASTRA SPORTS TOURER,2,2,Styring (steering),0,374,0.0
SEAT,LEON,1,2,Styring (steering),0,71,0.0
AUDI,A5 SPORTBACK,3,2,Styring (steering),11,880,0.0125
OPEL,ZAFIRA,1,2,Styring (steering),0,47,0.0
FIAT,Punto S7,4,2,Styring (steering),66,347,0.1902
OPEL,CORSA,1,2,Styring (steering),4,389,0.0103
AUDI,A3 CABRIOLET,1,2,Styring (steering),0,7,0.0
CITROËN,C3 Aircross,2,2,Styring (steering),11,91,0.1209
MERCEDES-BENZ,GLC,3,2,Styring (steering),1,311,0.0032
PEUGEOT,107,2,2,Styring (steering),0,7,0.0
DACIA,Duster,4,2,Styring (steering),2,8,0.25
SEAT,Ibiza GP2,2,2,Styring (steering),0,1,0.0
TOYOTA,AURIS,3,2,Styring (steering),149,23427,0.0064
MERCEDES-BENZ,C,1,2,Styring (steering),7,3637,0.0019
HYUNDAI,I20,3,2,Styring (steering),90,4313,0.0209
TOYOTA,AVENSIS STW,3,2,Styring (steering),89,12867,0.0069
AUDI,A3 Limousine,3,2,Styring (steering),1,391,0.0026
SKODA,OCTAVIA COMBI,3,2,Styring (steering),161,19319,0.0083
MITSUBISHI,OUTLANDER,1,2,Styring (steering),190,27166,0.007
VOLKSWAGEN,TIGUAN,1,2,Styring (steering),11,8054,0.0014
BMW,5-Serie,1,2,Styring (steering),7,4543,0.0015
SUZUKI,SX4,4,2,Styring (steering),129,4809,0.0268
SUZUKI,VITARA,1,2,Styring (steering),6,3773,0.0016
NISSAN,MICRA,3,2,Styring (steering),9,871,0.0103
MERCEDES-BENZ,B-Klasse,1,2,Styring (steering),6,856,0.007
VOLVO,V60,2,2,Styring (steering),105,6546,0.016
VOLKSWAGEN,T-Roc,1,2,Styring (steering),2,7258,0.0003
OPEL,INSIGNIA,3,2,Styring (steering),38,3483,0.0109
MAZDA,CX-3,1,2,Styring (steering),2,2711,0.0007
BMW,X3,1,2,Styring (steering),3,2884,0.001
TOYOTA,Toyota C-HR,1,2,Styring (steering),7,14399,0.0005
SKODA,RAPID,2,2,Styring (steering),4,1389,0.0029
NISSAN,QASHQAI,3,2,Styring (steering),1456,10874,0.1339
SUZUKI,SX4 COMBIBACK,1,2,Styring (steering),5,2054,0.0024
SUZUKI,SX4 S-Cross,2,2,Styring (steering),23,2348,0.0098
OPEL,ZAFIRA,4,2,Styring (steering),203,1175,0.1728
HYUNDAI,IX20,3,2,Styring (steering),225,1937,0.1162
HYUNDAI,i10 AC3,2,2,Styring (steering),3,411,0.0073
RENAULT,CLIO,3,2,Styring (steering),134,1622,0.0826
OPEL,CORSA,4,2,Styring (steering),273,3017,0.0905
SKODA,RAPID SPACEBACK,3,2,Styring (steering),11,1667,0.0066
RENAULT,MEGANE,2,2,Styring (steering),33,326,0.1012
NISSAN,JUKE,2,2,Styring (steering),21,531,0.0395
DACIA,Duster,1,2,Styring (steering),167,767,0.2177
CITROËN,C1,2,2,Styring (steering),2,428,0.0047
HYUNDAI,I 10,4,2,Styring (steering),46,982,0.0468
SKODA,CITIGO,2,2,Styring (steering),0,474,0.0
AUDI,A3 CABRIOLET,4,2,Styring (steering),2,166,0.012
CITROËN,C3 PICASSO,2,2,Styring (steering),2,46,0.0435
SKODA,KODIAQ,2,2,Styring (steering),2,2105,0.001
SEAT,LEON,4,2,Styring (steering),0,7,0.0
SKODA,RAPID SPACEBACK,1,2,Styring (steering),0,482,0.0
VOLVO,V90,1,2,Styring (steering),63,10928,0.0058
PEUGEOT,308,2,2,Styring (steering),159,4530,0.0351
TOYOTA,AURIS,1,2,Styring (steering),7,6033,0.0012
VOLKSWAGEN,TIGUAN,3,2,Styring (steering),81,13669,0.0059
TOYOTA,VERSO,3,2,Styring (steering),47,3553,0.0132
BMW,X3,3,2,Styring (steering),626,9399,0.0666
MITSUBISHI,OUTLANDER,3,2,Styring (steering),3375,16791,0.201
KIA,Niro,1,2,Styring (steering),11,5432,0.002
BMW,5-Serie,3,2,Styring (steering),399,8687,0.0459
SKODA,OCTAVIA COMBI,1,2,Styring (steering),26,14749,0.0018
BMW,1-Serie,2,2,Styring (steering),7,1319,0.0053
MERCEDES-BENZ,C,3,2,Styring (steering),131,6797,0.0193
VOLVO,XC60,4,2,Styring (steering),476,9334,0.051
TOYOTA,AVENSIS STW,1,2,Styring (steering),0,538,0.0
SUZUKI,SWIFT,4,2,Styring (steering),290,4271,0.0679
NISSAN,Qashqai J11A,2,2,Styring (steering),220,7503,0.0293
NISSAN,X-TRAIL,4,2,Styring (steering),986,3637,0.2711
PEUGEOT,207,3,2,Styring (steering),35,610,0.0574
OPEL,INSIGNIA,1,2,Styring (steering),0,1365,0.0
AUDI,A3 Limousine,1,2,Styring (steering),0,109,0.0
TOYOTA,YARIS,4,2,Styring (steering),338,12845,0.0263
SUZUKI,SX4 COMBIBACK,3,2,Styring (steering),91,6632,0.0137
MERCEDES-BENZ,E-Klasse,4,2,Styring (steering),707,11198,0.0631
NISSAN,QASHQAI,1,2,Styring (steering),44,4798,0.0092
FORD,FOCUS,4,2,Styring (steering),428,12012,0.0356
NISSAN,NOTE,2,2,Styring (steering),1,358,0.0028
MERCEDES-BENZ,B-Klasse,3,2,Styring (steering),37,4025,0.0092
KIA,PICANTO,2,2,Styring (steering),63,1280,0.0492
HYUNDAI,i30 Stc.,4,2,Styring (steering),496,3800,0.1305
SKODA,FABIA COMBI,2,2,Styring (steering),9,3224,0.0028
HONDA,JAZZ,2,2,Styring (steering),3,727,0.0041
HONDA,CIVIC,4,2,Styring (steering),122,2980,0.0409
FIAT,Punto S7,3,2,Styring (steering),17,91,0.1868
HYUNDAI,I20,1,2,Styring (steering),1,1113,0.0009
RENAULT,Ny Clio,4,2,Styring (steering),117,517,0.2263
HYUNDAI,I30,3,2,Styring (steering),8,164,0.0488
RENAULT,Kadjar,2,2,Styring (steering),19,688,0.0276
DACIA,Duster,3,2,Styring (steering),133,489,0.272
CITROËN,C3,2,2,Styring (steering),137,1100,0.1245
RENAULT,MEGANE SPORT TOURER,2,2,Styring (steering),33,326,0.1012
RENAULT,CLIO,1,2,Styring (steering),14,563,0.0249
FIAT,500,2,2,Styring (steering),15,384,0.0391
NISSAN,MICRA,1,2,Styring (steering),0,296,0.0
OPEL,ASTRA,2,2,Styring (steering),10,1977,0.0051
SEAT,IBIZA,1,2,Styring (steering),17,162,0.1049
SKODA,SCALA,1,2,Styring (steering),20,339,0.059
SUZUKI,VITARA,3,2,Styring (steering),17,1056,0.0161
MAZDA,CX-3,3,2,Styring (steering),4,1002,0.004
AUDI,A5 SPORTBACK,4,2,Styring (steering),0,69,0.0
MAZDA,CX-5,4,2,Styring (steering),48,302,0.1589
CHEVROLET,SPARK,4,2,Styring (steering),1,21,0.0476
TOYOTA,Yaris Cross,1,2,Styring (steering),0,261,0.0
VOLVO,V40,4,2,Styring (steering),1,243,0.0041
VOLKSWAGEN,CADDY,3,2,Styring (steering),25,1122,0.0223
OPEL,ASTRA,4,2,Styring (steering),226,5454,0.0414
PEUGEOT,308,4,2,Styring (steering),837,4655,0.1798
NISSAN,Qashqai J11A,4,2,Styring (steering),2585,9029,0.2863
VOLVO,XC60,2,2,Styring (steering),126,9732,0.0129
SKODA,FABIA COMBI,4,2,Styring (steering),314,4252,0.0738
HYUNDAI,Tucson,1,2,Styring (steering),18,2203,0.0082
SUZUKI,IGNIS,1,2,Styring (steering),9,1716,0.0052
MAZDA,CX-5,2,2,Styring (steering),244,8955,0.0272
VOLVO,V40,2,2,Styring (steering),27,6391,0.0042
PEUGEOT,3008,1,2,Styring (steering),32,7489,0.0043
NISSAN,NOTE,4,2,Styring (steering),20,1197,0.0167
BMW,X1,3,2,Styring (steering),354,5709,0.062
SUZUKI,SWIFT,2,2,Styring (steering),19,2129,0.0089
AUDI,A5 SPORTBACK,2,2,Styring (steering),0,267,0.0
CITROËN,C4,3,2,Styring (steering),566,5303,0.1067
BMW,3-Serie,1,2,Styring (steering),14,4744,0.003
OPEL,ASTRA SPORTS TOURER,3,2,Styring (steering),8,2062,0.0039
MAZDA,MAZDA6,1,2,Styring (steering),0,1078,0.0
BMW,1-Serie,4,2,Styring (steering),178,6307,0.0282
VOLKSWAGEN,PASSAT,3,2,Styring (steering),271,16654,0.0163
MERCEDES-BENZ,E-Klasse,2,2,Styring (steering),119,3761,0.0316
FORD,FIESTA,3,2,Styring (steering),1470,8583,0.1713
CITROËN,C3,4,2,Styring (steering),298,1932,0.1542
TOYOTA,YARIS,2,2,Styring (steering),99,15223,0.0065
FORD,MONDEO,3,2,Styring (steering),917,9588,0.0956
FORD,Focus,3,2,Styring (steering),210,15257,0.0138
FORD,FOCUS,2,2,Styring (steering),19,5076,0.0037
PEUGEOT,107,3,2,Styring (steering),7,862,0.0081
MITSUBISHI,SPACE STAR,1,2,Styring (steering),6,320,0.0187
HONDA,CIVIC,2,2,Styring (steering),10,1171,0.0085
FIAT,500,4,2,Styring (steering),182,2705,0.0673
RENAULT,MEGANE SPORT TOURER,4,2,Styring (steering),432,1622,0.2663
RENAULT,Ny Clio,2,2,Styring (steering),10,641,0.0156
NISSAN,X-TRAIL,2,2,Styring (steering),140,2651,0.0528
MERCEDES-BENZ,GLC,2,2,Styring (steering),13,5064,0.0026
KIA,PICANTO,4,2,Styring (steering),50,652,0.0767
HONDA,JAZZ,4,2,Styring (steering),47,2120,0.0222
CITROËN,C 1,1,2,Styring (steering),0,58,0.0
RENAULT,Captur,3,2,Styring (steering),40,929,0.0431
AUDI,Q2,2,2,Styring (steering),0,722,0.0
HYUNDAI,KONA,2,2,Styring (steering),0,42,0.0
CHEVROLET,SPARK,2,2,Styring (steering),1,10,0.1
TOYOTA,RAV4 Plug in,2,2,Styring (steering),25,15118,0.0017
VOLKSWAGEN,GOLF,2,2,Styring (steering),64,24534,0.0026
AUDI,Q5,4,2,Styring (steering),210,5189,0.0405
VOLKSWAGEN,PASSAT VARIANT,2,2,Styring (steering),47,14320,0.0033
VOLVO,XC90,1,2,Styring (steering),39,8675,0.0045
MITSUBISHI,ASX,3,2,Styring (steering),860,9126,0.0942
FORD,S-MAX,2,2,Styring (steering),28,3631,0.0077
FORD,FIESTA 5 DØRS,1,2,Styring (steering),52,3219,0.0162
VOLKSWAGEN,POLO,1,2,Styring (steering),292,5836,0.05
FORD,KUGA,2,2,Styring (steering),22,4067,0.0054
PEUGEOT,508,3,2,Styring (steering),314,4721,0.0665
FORD,NY Focus,4,2,Styring (steering),428,12012,0.0356
MERCEDES-BENZ,C-Klasse,4,2,Styring (steering),198,7755,0.0255
TOYOTA,AVENSIS,4,2,Styring (steering),371,20526,0.0181
TOYOTA,RAV4,1,2,Styring (steering),16,29243,0.0005
MAZDA,MAZDA3,1,2,Styring (steering),1,1523,0.0007
TOYOTA,AYGO 3/5-DØRS,4,2,Styring (steering),60,3007,0.02
KIA,CEED,2,2,Styring (steering),63,1150,0.0548
TOYOTA,AYGO,1,2,Styring (steering),3,689,0.0044
CITROËN,C4 Cactus,1,2,Styring (steering),4,1085,0.0037
KIA,Optima,2,2,Styring (steering),16,926,0.0173
MERCEDES-BENZ,A-Klasse,4,2,Styring (steering),60,2238,0.0268
MITSUBISHI,COLT,3,2,Styring (steering),62,1264,0.0491
VOLKSWAGEN,UP!,1,2,Styring (steering),3,680,0.0044
FORD,C-MAX,4,2,Styring (steering),66,1034,0.0638
HYUNDAI,I10,1,2,Styring (steering),0,161,0.0
MAZDA,2,1,2,Styring (steering),0,625,0.0
CITROËN,C4 PICASSO,4,2,Styring (steering),158,1058,0.1493
FIAT,PANDA,2,2,Styring (steering),4,94,0.0426
PEUGEOT,5008,4,2,Styring (steering),333,1845,0.1805
MERCEDES-BENZ,GLE,2,2,Styring (steering),0,719,0.0
KIA,VENGA,4,2,Styring (steering),138,668,0.2066
KIA,SPORTAGE,4,2,Styring (steering),215,1242,0.1731
PEUGEOT,108,3,2,Styring (steering),4,301,0.0133
BMW,2-Serie,3,2,Styring (steering),15,949,0.0158
AUDI,A1 SPORTBACK,4,2,Styring (steering),4,183,0.0219
FORD,B-MAX,1,2,Styring (steering),1,5,0.2
VOLVO,V70,4,2,Styring (steering),2399,17685,0.1357
VOLKSWAGEN,TOURAN,4,2,Styring (steering),223,10414,0.0214
TOYOTA,YARIS 5-DØRS,4,2,Styring (steering),338,12845,0.0263
MITSUBISHI,ASX,2,2,Styring (steering),40,1912,0.0209
VOLKSWAGEN,GOLF,3,2,Styring (steering),158,40607,0.0039
FORD,FOCUS STATIONSVOGN,1,2,Styring (steering),117,6110,0.0191
FORD,MONDEO STATIONCAR,4,2,Styring (steering),2446,15288,0.16
PEUGEOT,108,2,2,Styring (steering),5,601,0.0083
VOLKSWAGEN,PASSAT VARIANT,3,2,Styring (steering),271,16654,0.0163
BMW,2-Serie,2,2,Styring (steering),21,5966,0.0035
TOYOTA,COROLLA,4,2,Styring (steering),72,4053,0.0178
MINI,COOPER,4,2,Styring (steering),61,2672,0.0228
TOYOTA,RAV4 Plug in,3,2,Styring (steering),41,11242,0.0036
FORD,GALAXY,4,2,Styring (steering),451,2069,0.218
FORD,KUGA,3,2,Styring (steering),285,7170,0.0397
KIA,RIO,1,2,Styring (steering),1,599,0.0017
FORD,S-MAX,3,2,Styring (steering),718,5510,0.1303
FORD,KA,4,2,Styring (steering),43,449,0.0958
TOYOTA,Aygo X,1,2,Styring (steering),3,689,0.0044
HYUNDAI,I30CW,4,2,Styring (steering),496,3800,0.1305
TOYOTA,AYGO 5-DØRS,4,2,Styring (steering),60,3007,0.02
SKODA,OCTAVIA,1,2,Styring (steering),26,14749,0.0018
KIA,CEED,3,2,Styring (steering),839,3585,0.234
MAZDA,3,4,2,Styring (steering),68,3328,0.0204
PEUGEOT,508,2,2,Styring (steering),25,919,0.0272
HONDA,CR-V,1,2,Styring (steering),1,1749,0.0006
AUDI,A6 AVANT,1,2,Styring (steering),1,526,0.0019
FIAT,PANDA,3,2,Styring (steering),19,332,0.0572
KIA,CEE'D SW,1,2,Styring (steering),3,984,0.003
HYUNDAI,I40,1,2,Styring (steering),0,1,0.0
KIA,Optima,3,2,Styring (steering),25,86,0.2907
MERCEDES-BENZ,GLE,3,2,Styring (steering),1,72,0.0139
AUDI,A3 Sportback,4,2,Styring (steering),0,227,0.0
ALFA ROMEO,GIULIETTA,4,2,Styring (steering),0,1,0.0
VOLVO,XC60,1,3,Sikt (visibility),127,16959,0.0075
PEUGEOT,3008,2,3,Sikt (visibility),46,3468,0.0133
SKODA,OCTAVIA COMBI,4,3,Sikt (visibility),671,12917,0.0519
TOYOTA,AURIS,4,3,Sikt (visibility),599,14992,0.04
OPEL,INSIGNIA,4,3,Sikt (visibility),180,4475,0.0402
MAZDA,MAZDA6,2,3,Sikt (visibility),37,2276,0.0163
TOYOTA,AVENSIS STW,4,3,Sikt (visibility),1092,20526,0.0532
SUZUKI,SWIFT,1,3,Sikt (visibility),66,4184,0.0158
MAZDA,CX-5,1,3,Sikt (visibility),75,6042,0.0124
HYUNDAI,Tucson,2,3,Sikt (visibility),37,2353,0.0157
MAZDA,Mazda CX-30,1,3,Sikt (visibility),15,2458,0.0061
HYUNDAI,I20,4,3,Sikt (visibility),143,3876,0.0369
SUZUKI,SX4,3,3,Sikt (visibility),137,6632,0.0207
BMW,3-Serie,2,3,Sikt (visibility),112,3950,0.0284
HYUNDAI,IX20,4,3,Sikt (visibility),39,920,0.0424
MITSUBISHI,SPACE STAR,2,3,Sikt (visibility),18,910,0.0198
MERCEDES-BENZ,GLC,1,3,Sikt (visibility),72,6276,0.0115
VOLVO,V40,1,3,Sikt (visibility),25,3389,0.0074
MERCEDES-BENZ,CLA,3,3,Sikt (visibility),101,2171,0.0465
SUZUKI,IGNIS,2,3,Sikt (visibility),23,813,0.0283
RENAULT,Ny Clio,1,3,Sikt (visibility),16,563,0.0284
NISSAN,QASHQAI,4,3,Sikt (visibility),469,9029,0.0519
TOYOTA,YARIS,1,3,Sikt (visibility),284,16882,0.0168
MERCEDES-BENZ,E-Klasse,1,3,Sikt (visibility),85,4198,0.0202
HYUNDAI,I 10,3,3,Sikt (visibility),35,1046,0.0335
FORD,FOCUS,1,3,Sikt (visibility),53,6110,0.0087
OPEL,CORSA,3,3,Sikt (visibility),47,2051,0.0229
KIA,XCeed,1,3,Sikt (visibility),3,264,0.0114
AUDI,Q2,1,3,Sikt (visibility),12,1587,0.0076
RENAULT,CLIO,4,3,Sikt (visibility),39,517,0.0754
OPEL,ZAFIRA,3,3,Sikt (visibility),35,1038,0.0337
NISSAN,MICRA,4,3,Sikt (visibility),29,662,0.0438
HONDA,CIVIC,1,3,Sikt (visibility),3,573,0.0052
HYUNDAI,KONA,1,3,Sikt (visibility),2,232,0.0086
NISSAN,X-TRAIL,1,3,Sikt (visibility),10,677,0.0148
SEAT,IBIZA,4,3,Sikt (visibility),1,7,0.1429
AUDI,A5 SPORTBACK,1,3,Sikt (visibility),5,233,0.0215
CITROËN,C 1,2,3,Sikt (visibility),10,428,0.0234
AUDI,A3 CABRIOLET,3,3,Sikt (visibility),1,103,0.0097
SEAT,LEON,3,3,Sikt (visibility),0,2,0.0
SUZUKI,VITARA,2,3,Sikt (visibility),30,3777,0.0079
KIA,PICANTO,3,3,Sikt (visibility),112,3887,0.0288
PEUGEOT,107,4,3,Sikt (visibility),58,1880,0.0309
OPEL,ASTRA SPORTS TOURER,4,3,Sikt (visibility),35,979,0.0358
SKODA,KODIAQ,1,3,Sikt (visibility),76,7893,0.0096
MITSUBISHI,OUTLANDER,2,3,Sikt (visibility),492,22180,0.0222
VOLVO,V60,1,3,Sikt (visibility),146,11028,0.0132
DACIA,Duster,2,3,Sikt (visibility),25,542,0.0461
BMW,X1,4,3,Sikt (visibility),132,4390,0.0301
MAZDA,CX-3,2,3,Sikt (visibility),71,5128,0.0138
FIAT,500,3,3,Sikt (visibility),90,2045,0.044
MERCEDES-BENZ,C,2,3,Sikt (visibility),136,5861,0.0232
SKODA,FABIA COMBI,3,3,Sikt (visibility),128,3929,0.0326
NISSAN,Qashqai J11A,3,3,Sikt (visibility),337,10874,0.031
CITROËN,C4,4,3,Sikt (visibility),201,2439,0.0824
PEUGEOT,308,3,3,Sikt (visibility),123,4837,0.0254
BMW,1-Serie,3,3,Sikt (visibility),169,5856,0.0289
VOLKSWAGEN,TIGUAN,2,3,Sikt (visibility),80,7466,0.0107
BMW,X3,2,3,Sikt (visibility),47,3055,0.0154
MERCEDES-BENZ,B-Klasse,2,3,Sikt (visibility),17,1185,0.0143
TOYOTA,Toyota C-HR,2,3,Sikt (visibility),97,4126,0.0235
VOLKSWAGEN,CADDY,4,3,Sikt (visibility),90,1082,0.0832
SKODA,KAMIQ,1,3,Sikt (visibility),1,327,0.0031
OPEL,ASTRA,3,3,Sikt (visibility),98,3710,0.0264
NISSAN,NOTE,3,3,Sikt (visibility),30,946,0.0317
VOLKSWAGEN,PASSAT,4,3,Sikt (visibility),1225,15462,0.0792
FORD,MONDEO,4,3,Sikt (visibility),683,15288,0.0447
SUZUKI,SX4 COMBIBACK,2,3,Sikt (visibility),28,2476,0.0113
SKODA,RAPID,1,3,Sikt (visibility),3,482,0.0062
FORD,FIESTA,4,3,Sikt (visibility),391,7906,0.0495
FORD,Focus,4,3,Sikt (visibility),572,12012,0.0476
BMW,5-Serie,2,3,Sikt (visibility),91,3263,0.0279
HONDA,JAZZ,3,3,Sikt (visibility),44,1643,0.0268
RENAULT,MEGANE,1,3,Sikt (visibility),8,294,0.0272
CITROËN,C3,3,3,Sikt (visibility),62,1322,0.0469
TOYOTA,VERSO,2,3,Sikt (visibility),3,178,0.0169
RENAULT,MEGANE SPORT TOURER,3,3,Sikt (visibility),68,1261,0.0539
SKODA,CITIGO,1,3,Sikt (visibility),1,202,0.005
SEAT,Ibiza GP2,4,3,Sikt (visibility),1,7,0.1429
VOLKSWAGEN,T-Roc,2,3,Sikt (visibility),4,288,0.0139
RENAULT,Kadjar,3,3,Sikt (visibility),3,102,0.0294
NISSAN,JUKE,1,3,Sikt (visibility),1,107,0.0093
HYUNDAI,i10 AC3,1,3,Sikt (visibility),4,161,0.0248
SUZUKI,SX4 S-Cross,1,3,Sikt (visibility),0,80,0.0
CITROËN,C1,1,3,Sikt (visibility),0,58,0.0
CITROËN,C3 PICASSO,1,3,Sikt (visibility),0,11,0.0
AUDI,A3,4,3,Sikt (visibility),532,8787,0.0605
BMW,2-Serie,1,3,Sikt (visibility),39,7055,0.0055
VOLVO,V50,4,3,Sikt (visibility),619,11296,0.0548
FORD,FOCUS STATIONSVOGN,2,3,Sikt (visibility),80,5076,0.0158
VOLKSWAGEN,POLO,3,3,Sikt (visibility),279,10576,0.0264
FORD,FIESTA 5 DØRS,3,3,Sikt (visibility),289,8583,0.0337
MERCEDES-BENZ,E,4,3,Sikt (visibility),495,11198,0.0442
VOLKSWAGEN,UP!,3,3,Sikt (visibility),180,4436,0.0406
HONDA,CR-V,2,3,Sikt (visibility),22,2570,0.0086
MAZDA,2,3,3,Sikt (visibility),36,1899,0.019
FORD,B-MAX,3,3,Sikt (visibility),31,1129,0.0275
SUZUKI,ALTO,4,3,Sikt (visibility),16,392,0.0408
SKODA,FABIA,4,3,Sikt (visibility),210,4252,0.0494
TOYOTA,RAV4,3,3,Sikt (visibility),249,11242,0.0221
SKODA,SUPERB,4,3,Sikt (visibility),155,3621,0.0428
SKODA,OCTAVIA,2,3,Sikt (visibility),197,13702,0.0144
KIA,CEE'D SW,2,3,Sikt (visibility),34,1150,0.0296
HYUNDAI,I10,3,3,Sikt (visibility),35,1046,0.0335
TOYOTA,AYGO,3,3,Sikt (visibility),74,2298,0.0322
KIA,RIO,2,3,Sikt (visibility),17,1154,0.0147
OPEL,MERIVA,4,3,Sikt (visibility),70,1312,0.0534
CITROËN,BERLINGO,4,3,Sikt (visibility),82,993,0.0826
KIA,CEED SW,4,3,Sikt (visibility),34,742,0.0458
MAZDA,MAZDA3,3,3,Sikt (visibility),58,2880,0.0201
VOLVO,XC90,3,3,Sikt (visibility),21,1135,0.0185
CITROËN,C4 Cactus,3,3,Sikt (visibility),50,775,0.0645
TOYOTA,Aygo X,2,3,Sikt (visibility),13,608,0.0214
AUDI,A6 AVANT,2,3,Sikt (visibility),46,1067,0.0431
PEUGEOT,508,1,3,Sikt (visibility),18,1065,0.0169
HYUNDAI,I40,2,3,Sikt (visibility),4,123,0.0325
PEUGEOT,108,1,3,Sikt (visibility),2,129,0.0155
MITSUBISHI,ASX,1,3,Sikt (visibility),9,452,0.0199
AUDI,A4 AVANT,4,3,Sikt (visibility),7,152,0.0461
OPEL,Mokka,4,3,Sikt (visibility),4,35,0.1143
VOLKSWAGEN,TOURAN,4,3,Sikt (visibility),949,10414,0.0911
FORD,KUGA,3,3,Sikt (visibility),133,7170,0.0185
BMW,2-Serie,2,3,Sikt (visibility),56,5966,0.0094
TOYOTA,Aygo X,1,3,Sikt (visibility),15,689,0.0218
VOLKSWAGEN,GOLF,3,3,Sikt (visibility),1002,40607,0.0247
VOLVO,V70,4,3,Sikt (visibility),1025,17685,0.058
FORD,FOCUS STATIONSVOGN,1,3,Sikt (visibility),53,6110,0.0087
TOYOTA,RAV4 Plug in,3,3,Sikt (visibility),249,11242,0.0221
TOYOTA,COROLLA,4,3,Sikt (visibility),227,4053,0.056
TOYOTA,YARIS 5-DØRS,4,3,Sikt (visibility),660,12845,0.0514
PEUGEOT,108,2,3,Sikt (visibility),14,601,0.0233
FORD,MONDEO STATIONCAR,4,3,Sikt (visibility),683,15288,0.0447
VOLKSWAGEN,PASSAT VARIANT,3,3,Sikt (visibility),585,16654,0.0351
FORD,S-MAX,3,3,Sikt (visibility),188,5510,0.0341
AUDI,A6 AVANT,1,3,Sikt (visibility),17,526,0.0323
FORD,GALAXY,4,3,Sikt (visibility),100,2069,0.0483
MINI,COOPER,4,3,Sikt (visibility),125,2672,0.0468
PEUGEOT,508,2,3,Sikt (visibility),29,919,0.0316
TOYOTA,AYGO 5-DØRS,4,3,Sikt (visibility),154,3007,0.0512
HYUNDAI,I30CW,4,3,Sikt (visibility),160,3800,0.0421
SKODA,OCTAVIA,1,3,Sikt (visibility),135,14749,0.0092
KIA,CEED,3,3,Sikt (visibility),103,3585,0.0287
MAZDA,3,4,3,Sikt (visibility),108,3328,0.0325
FORD,KA,4,3,Sikt (visibility),26,449,0.0579
MITSUBISHI,ASX,2,3,Sikt (visibility),26,1912,0.0136
KIA,CEE'D SW,1,3,Sikt (visibility),13,984,0.0132
HONDA,CR-V,1,3,Sikt (visibility),15,1749,0.0086
KIA,RIO,1,3,Sikt (visibility),9,599,0.015
KIA,Optima,3,3,Sikt (visibility),2,86,0.0233
FIAT,PANDA,3,3,Sikt (visibility),15,332,0.0452
MERCEDES-BENZ,GLE,3,3,Sikt (visibility),2,72,0.0278
AUDI,A3 Sportback,4,3,Sikt (visibility),13,227,0.0573
HYUNDAI,I40,1,3,Sikt (visibility),0,1,0.0
ALFA ROMEO,GIULIETTA,4,3,Sikt (visibility),0,1,0.0
TOYOTA,RAV4 Plug in,1,3,Sikt (visibility),444,29243,0.0152
BMW,X5,4,3,Sikt (visibility),251,3889,0.0645
HONDA,CR-V,3,3,Sikt (visibility),87,6725,0.0129
TOYOTA,Aygo X,3,3,Sikt (visibility),74,2298,0.0322
VOLKSWAGEN,POLO,2,3,Sikt (visibility),85,5290,0.0161
VOLKSWAGEN,GOLF,1,3,Sikt (visibility),101,9446,0.0107
CITROËN,DS3,4,3,Sikt (visibility),22,696,0.0316
FORD,FOCUS STATIONSVOGN,3,3,Sikt (visibility),410,15257,0.0269
VOLKSWAGEN,UP!,2,3,Sikt (visibility),24,1503,0.016
FORD,KUGA,1,3,Sikt (visibility),49,5193,0.0094
VOLVO,XC90,2,3,Sikt (visibility),97,5537,0.0175
AUDI,A6 AVANT,3,3,Sikt (visibility),84,2163,0.0388
VOLKSWAGEN,PASSAT VARIANT,1,3,Sikt (visibility),152,11253,0.0135
SKODA,SUPERB COMBI,4,3,Sikt (visibility),155,3621,0.0428
FORD,FIESTA 5 DØRS,2,3,Sikt (visibility),91,4402,0.0207
MAZDA,2,2,3,Sikt (visibility),15,1120,0.0134
MERCEDES-BENZ,GLE,1,3,Sikt (visibility),52,2193,0.0237
HYUNDAI,I40,3,3,Sikt (visibility),93,2466,0.0377
CITROËN,C4 Cactus,2,3,Sikt (visibility),66,1625,0.0406
MAZDA,MAZDA3,2,3,Sikt (visibility),39,2010,0.0194
SKODA,OCTAVIA,3,3,Sikt (visibility),467,19319,0.0242
MAZDA,MAZDA2,4,3,Sikt (visibility),80,2075,0.0386
TOYOTA,RAV4,2,3,Sikt (visibility),255,15118,0.0169
KIA,CEE'D SW,3,3,Sikt (visibility),103,3585,0.0287
FORD,B-MAX,2,3,Sikt (visibility),6,250,0.024
FORD,S-MAX,1,3,Sikt (visibility),30,1786,0.0168
KIA,RIO,3,3,Sikt (visibility),56,2622,0.0214
KIA,CEED,1,3,Sikt (visibility),13,984,0.0132
KIA,Optima,1,3,Sikt (visibility),24,1833,0.0131
TOYOTA,AYGO,2,3,Sikt (visibility),13,608,0.0214
AUDI,Q3,4,3,Sikt (visibility),8,293,0.0273
HYUNDAI,I10,2,3,Sikt (visibility),3,411,0.0073
PEUGEOT,208,4,3,Sikt (visibility),4,267,0.015
FIAT,PANDA,1,3,Sikt (visibility),0,20,0.0
VOLKSWAGEN,PASSAT VARIANT,4,3,Sikt (visibility),1225,15462,0.0792
VOLKSWAGEN,GOLF,4,3,Sikt (visibility),1484,32682,0.0454
VOLVO,V70,3,3,Sikt (visibility),367,11477,0.032
FORD,KUGA,4,3,Sikt (visibility),197,5780,0.0341
TOYOTA,YARIS 5-DØRS,3,3,Sikt (visibility),659,21128,0.0312
OPEL,Grandland X,1,3,Sikt (visibility),8,2268,0.0035
AUDI,A1 SPORTBACK,2,3,Sikt (visibility),18,1299,0.0139
FORD,GALAXY,3,3,Sikt (visibility),58,1766,0.0328
TOYOTA,RAV4 Plug in,4,3,Sikt (visibility),403,10666,0.0378
KIA,SPORTAGE,2,3,Sikt (visibility),62,3281,0.0189
FORD,S-MAX,4,3,Sikt (visibility),383,6314,0.0607
MERCEDES-BENZ,A-Klasse,2,3,Sikt (visibility),59,2268,0.026
PEUGEOT,2008,1,3,Sikt (visibility),32,2747,0.0116
SKODA,SUPERB COMBI,1,3,Sikt (visibility),107,6713,0.0159
FORD,MONDEO STATIONCAR,3,3,Sikt (visibility),270,9588,0.0282
AUDI,Q5,2,3,Sikt (visibility),23,2270,0.0101
ALFA ROMEO,GIULIETTA,3,3,Sikt (visibility),2,258,0.0078
OPEL,Crossland X,1,3,Sikt (visibility),6,1377,0.0044
MERCEDES-BENZ,GLA,3,3,Sikt (visibility),23,1359,0.0169
MINI,COOPER,3,3,Sikt (visibility),91,3308,0.0275
KIA,VENGA,2,3,Sikt (visibility),7,273,0.0256
VOLKSWAGEN,TOURAN,3,3,Sikt (visibility),243,5455,0.0445
TOYOTA,AYGO 5-DØRS,3,3,Sikt (visibility),74,2298,0.0322
AUDI,A3 Sportback,3,3,Sikt (visibility),202,9047,0.0223
MERCEDES-BENZ,C-Klasse,2,3,Sikt (visibility),136,5861,0.0232
FORD,NY Focus,2,3,Sikt (visibility),80,5076,0.0158
TOYOTA,AVENSIS,2,3,Sikt (visibility),72,3935,0.0183
PEUGEOT,5008,2,3,Sikt (visibility),51,1312,0.0389
FORD,C-MAX,2,3,Sikt (visibility),7,749,0.0093
CITROËN,C4 PICASSO,2,3,Sikt (visibility),41,1511,0.0271
BMW,X5,1,3,Sikt (visibility),124,5474,0.0227
MAZDA,3,3,3,Sikt (visibility),58,2880,0.0201
AUDI,Q3,1,3,Sikt (visibility),7,911,0.0077
MAZDA,MAZDA2,1,3,Sikt (visibility),1,625,0.0016
KIA,CEED,4,3,Sikt (visibility),34,742,0.0458
FORD,KA,3,3,Sikt (visibility),18,505,0.0356
PEUGEOT,208,1,3,Sikt (visibility),18,1123,0.016
TOYOTA,AYGO 3/5-DØRS,2,3,Sikt (visibility),13,608,0.0214
TOYOTA,COROLLA,3,3,Sikt (visibility),13,284,0.0458
FIAT,PANDA,4,3,Sikt (visibility),5,101,0.0495
BMW,4-serie,2,3,Sikt (visibility),15,509,0.0295
HYUNDAI,I30CW,3,3,Sikt (visibility),7,164,0.0427
KIA,Optima,4,3,Sikt (visibility),0,1,0.0
SKODA,SUPERB COMBI,3,3,Sikt (visibility),137,6121,0.0224
TOYOTA,COROLLA,1,3,Sikt (visibility),159,9061,0.0175
TOYOTA,Aygo X,4,3,Sikt (visibility),154,3007,0.0512
AUDI,A3,2,3,Sikt (visibility),148,9233,0.016
VOLKSWAGEN,Golf Sportsvan,2,3,Sikt (visibility),25,2883,0.0087
HYUNDAI,I40,4,3,Sikt (visibility),39,753,0.0518
FORD,FOCUS STATIONSVOGN,4,3,Sikt (visibility),572,12012,0.0476
TOYOTA,YARIS 5-DØRS,1,3,Sikt (visibility),284,16882,0.0168
HYUNDAI,Ioniq,2,3,Sikt (visibility),13,834,0.0156
HONDA,CR-V,4,3,Sikt (visibility),412,9204,0.0448
PEUGEOT,208,3,3,Sikt (visibility),149,5152,0.0289
FORD,MONDEO STATIONCAR,1,3,Sikt (visibility),22,1541,0.0143
OPEL,Mokka,2,3,Sikt (visibility),40,3055,0.0131
CITROËN,DS3,3,3,Sikt (visibility),55,1430,0.0385
BMW,X5,3,3,Sikt (visibility),102,2684,0.038
KIA,CEED SW,2,3,Sikt (visibility),34,1150,0.0296
PEUGEOT,2008,3,3,Sikt (visibility),53,2682,0.0198
CITROËN,BERLINGO,2,3,Sikt (visibility),12,293,0.041
MERCEDES-BENZ,E,2,3,Sikt (visibility),97,3761,0.0258
AUDI,Q3,3,3,Sikt (visibility),56,2899,0.0193
MAZDA,3,1,3,Sikt (visibility),23,1523,0.0151
SKODA,OCTAVIA,4,3,Sikt (visibility),671,12917,0.0519
TOYOTA,AYGO 5-DØRS,1,3,Sikt (visibility),15,689,0.0218
SKODA,SUPERB,2,3,Sikt (visibility),93,5609,0.0166
SKODA,FABIA,2,3,Sikt (visibility),61,3224,0.0189
AUDI,A3 Sportback,1,3,Sikt (visibility),31,3698,0.0084
MAZDA,MAZDA2,3,3,Sikt (visibility),36,1899,0.019
VOLKSWAGEN,TOURAN,1,3,Sikt (visibility),15,1595,0.0094
AUDI,A4 AVANT,2,3,Sikt (visibility),37,1848,0.02
MERCEDES-BENZ,GLA,1,3,Sikt (visibility),10,938,0.0107
KIA,CEE'D SW,4,3,Sikt (visibility),34,742,0.0458
MINI,COOPER,1,3,Sikt (visibility),14,538,0.026
KIA,Stonic,1,3,Sikt (visibility),7,630,0.0111
FORD,GALAXY,1,3,Sikt (visibility),2,191,0.0105
SUZUKI,ALTO,2,3,Sikt (visibility),0,5,0.0
KIA,RIO,4,3,Sikt (visibility),7,248,0.0282
OPEL,MERIVA,2,3,Sikt (visibility),0,68,0.0
AUDI,A6 AVANT,4,3,Sikt (visibility),10,143,0.0699
VOLVO,XC40,2,3,Sikt (visibility),1,184,0.0054
MERCEDES-BENZ,A-Klasse,1,3,Sikt (visibility),35,2726,0.0128
MERCEDES-BENZ,E,3,3,Sikt (visibility),297,8181,0.0363
VOLKSWAGEN,POLO,4,3,Sikt (visibility),680,11528,0.059
AUDI,A3,3,3,Sikt (visibility),315,11732,0.0268
SKODA,SUPERB COMBI,2,3,Sikt (visibility),93,5609,0.0166
BMW,X5,2,3,Sikt (visibility),107,3601,0.0297
MAZDA,2,4,3,Sikt (visibility),80,2075,0.0386
PEUGEOT,5008,1,3,Sikt (visibility),63,4893,0.0129
VOLVO,V50,3,3,Sikt (visibility),127,3281,0.0387
PEUGEOT,2008,2,3,Sikt (visibility),38,3179,0.012
KIA,CEED SW,3,3,Sikt (visibility),103,3585,0.0287
FORD,FIESTA 5 DØRS,4,3,Sikt (visibility),391,7906,0.0495
AUDI,Q3,2,3,Sikt (visibility),12,1293,0.0093
VOLVO,XC90,4,3,Sikt (visibility),79,1825,0.0433
CITROËN,C4 PICASSO,1,3,Sikt (visibility),23,823,0.0279
PEUGEOT,208,2,3,Sikt (visibility),31,2180,0.0142
OPEL,Mokka,3,3,Sikt (visibility),145,4582,0.0316
AUDI,Q5,1,3,Sikt (visibility),10,1438,0.007
VOLKSWAGEN,Golf Sportsvan,3,3,Sikt (visibility),13,1676,0.0078
SKODA,SUPERB,3,3,Sikt (visibility),137,6121,0.0224
FORD,NY Focus,1,3,Sikt (visibility),53,6110,0.0087
TOYOTA,RAV4,4,3,Sikt (visibility),403,10666,0.0378
SKODA,FABIA,3,3,Sikt (visibility),128,3929,0.0326
MAZDA,MAZDA2,2,3,Sikt (visibility),15,1120,0.0134
MERCEDES-BENZ,C-Klasse,1,3,Sikt (visibility),64,3637,0.0176
TOYOTA,AYGO 3/5-DØRS,1,3,Sikt (visibility),15,689,0.0218
HYUNDAI,I10,4,3,Sikt (visibility),28,982,0.0285
TOYOTA,AYGO,4,3,Sikt (visibility),154,3007,0.0512
AUDI,A4 AVANT,3,3,Sikt (visibility),129,2969,0.0434
MAZDA,MAZDA3,4,3,Sikt (visibility),108,3328,0.0325
CITROËN,BERLINGO,3,3,Sikt (visibility),38,704,0.054
KIA,SPORTAGE,1,3,Sikt (visibility),11,1259,0.0087
OPEL,MERIVA,3,3,Sikt (visibility),33,854,0.0386
AUDI,A1 SPORTBACK,1,3,Sikt (visibility),7,902,0.0078
BMW,4-serie,1,3,Sikt (visibility),3,85,0.0353
OPEL,Crossland X,2,3,Sikt (visibility),1,177,0.0056
TOYOTA,AVENSIS,1,3,Sikt (visibility),2,538,0.0037
OPEL,Grandland X,2,3,Sikt (visibility),1,125,0.008
FORD,C-MAX,1,3,Sikt (visibility),3,235,0.0128
SUZUKI,ALTO,3,3,Sikt (visibility),15,285,0.0526
CITROËN,DS3,2,3,Sikt (visibility),5,90,0.0556
FORD,B-MAX,4,3,Sikt (visibility),2,19,0.1053
VOLKSWAGEN,UP!,4,3,Sikt (visibility),14,234,0.0598
KIA,VENGA,1,3,Sikt (visibility),0,6,0.0
BMW,X1,1,3,Sikt (visibility),48,7080,0.0068
VOLVO,V60,4,3,Sikt (visibility),134,3752,0.0357
BMW,3-Serie,3,3,Sikt (visibility),373,8958,0.0416
MITSUBISHI,SPACE STAR,3,3,Sikt (visibility),47,2090,0.0225
RENAULT,Captur,1,3,Sikt (visibility),14,1550,0.009
SUZUKI,SX4,2,3,Sikt (visibility),28,2476,0.0113
VOLKSWAGEN,CADDY,1,3,Sikt (visibility),22,865,0.0254
PEUGEOT,3008,3,3,Sikt (visibility),144,3530,0.0408
MAZDA,MAZDA6,3,3,Sikt (visibility),73,3352,0.0218
HYUNDAI,i10 AC3,4,3,Sikt (visibility),28,982,0.0285
MERCEDES-BENZ,CLA,2,3,Sikt (visibility),78,2377,0.0328
OPEL,CORSA,2,3,Sikt (visibility),25,1681,0.0149
FORD,PUMA,1,3,Sikt (visibility),3,614,0.0049
CITROËN,C 1,3,3,Sikt (visibility),36,880,0.0409
CITROËN,C4,1,3,Sikt (visibility),75,2520,0.0298
VOLKSWAGEN,PASSAT,1,3,Sikt (visibility),152,11253,0.0135
FORD,MONDEO,1,3,Sikt (visibility),22,1541,0.0143
RENAULT,MEGANE,4,3,Sikt (visibility),102,1622,0.0629
FORD,Focus,1,3,Sikt (visibility),53,6110,0.0087
CITROËN,C3 PICASSO,4,3,Sikt (visibility),38,833,0.0456
HYUNDAI,Tucson,3,3,Sikt (visibility),72,2331,0.0309
CITROËN,C3 Aircross,1,3,Sikt (visibility),3,782,0.0038
SEAT,Ibiza GP2,1,3,Sikt (visibility),3,162,0.0185
FORD,FIESTA,1,3,Sikt (visibility),36,3219,0.0112
NISSAN,JUKE,4,3,Sikt (visibility),45,753,0.0598
OPEL,ZAFIRA,2,3,Sikt (visibility),2,235,0.0085
CITROËN,C1,4,3,Sikt (visibility),64,1119,0.0572
HYUNDAI,I 10,2,3,Sikt (visibility),3,411,0.0073
SKODA,KAROQ,2,3,Sikt (visibility),1,173,0.0058
SKODA,CITIGO,4,3,Sikt (visibility),0,64,0.0
OPEL,ASTRA SPORTS TOURER,1,3,Sikt (visibility),1,128,0.0078
AUDI,A3 CABRIOLET,2,3,Sikt (visibility),1,39,0.0256
SEAT,LEON,2,3,Sikt (visibility),1,5,0.2
VOLVO,V60,3,3,Sikt (visibility),327,13953,0.0234
TOYOTA,AURIS,2,3,Sikt (visibility),329,15458,0.0213
HONDA,JAZZ,1,3,Sikt (visibility),12,801,0.015
SKODA,RAPID SPACEBACK,2,3,Sikt (visibility),22,1389,0.0158
BMW,3-Serie,4,3,Sikt (visibility),805,10635,0.0757
VOLVO,V90,2,3,Sikt (visibility),67,4670,0.0143
TOYOTA,AVENSIS STW,2,3,Sikt (visibility),72,3935,0.0183
OPEL,INSIGNIA,2,3,Sikt (visibility),29,1507,0.0192
SKODA,OCTAVIA COMBI,2,3,Sikt (visibility),197,13702,0.0144
NISSAN,JUKE,3,3,Sikt (visibility),85,1806,0.0471
SKODA,FABIA COMBI,1,3,Sikt (visibility),42,2246,0.0187
HYUNDAI,I20,2,3,Sikt (visibility),37,2116,0.0175
PEUGEOT,3008,4,3,Sikt (visibility),306,4758,0.0643
BMW,1-Serie,1,3,Sikt (visibility),4,314,0.0127
SKODA,CITIGO,3,3,Sikt (visibility),49,1480,0.0331
HYUNDAI,i10 AC3,3,3,Sikt (visibility),35,1046,0.0335
OPEL,ASTRA,1,3,Sikt (visibility),8,1077,0.0074
MAZDA,MAZDA6,4,3,Sikt (visibility),174,4254,0.0409
KIA,Niro,2,3,Sikt (visibility),38,2639,0.0144
CITROËN,C3,1,3,Sikt (visibility),25,2416,0.0103
NISSAN,QASHQAI,2,3,Sikt (visibility),121,7503,0.0161
SKODA,RAPID,3,3,Sikt (visibility),32,1667,0.0192
CITROËN,C1,3,3,Sikt (visibility),36,880,0.0409
SUZUKI,SX4 S-Cross,3,3,Sikt (visibility),65,4208,0.0154
RENAULT,MEGANE SPORT TOURER,1,3,Sikt (visibility),8,294,0.0272
NISSAN,Qashqai J11A,1,3,Sikt (visibility),48,4798,0.01
PEUGEOT,308,1,3,Sikt (visibility),16,1141,0.014
KIA,PICANTO,1,3,Sikt (visibility),11,563,0.0195
CITROËN,C 1,4,3,Sikt (visibility),64,1119,0.0572
HYUNDAI,IX20,2,3,Sikt (visibility),4,230,0.0174
HYUNDAI,Tucson,4,3,Sikt (visibility),10,317,0.0315
AUDI,A3 Limousine,2,3,Sikt (visibility),9,290,0.031
NISSAN,NOTE,1,3,Sikt (visibility),1,25,0.04
RENAULT,MEGANE,3,3,Sikt (visibility),68,1261,0.0539
RENAULT,CLIO,2,3,Sikt (visibility),22,641,0.0343
SUZUKI,IGNIS,4,3,Sikt (visibility),15,390,0.0385
NISSAN,MICRA,2,3,Sikt (visibility),7,274,0.0255
CITROËN,C3 PICASSO,3,3,Sikt (visibility),16,382,0.0419
FIAT,500,1,3,Sikt (visibility),4,212,0.0189
RENAULT,Kadjar,1,3,Sikt (visibility),6,356,0.0169
SEAT,IBIZA,2,3,Sikt (visibility),0,1,0.0
MITSUBISHI,COLT,4,3,Sikt (visibility),187,3136,0.0596
MAZDA,3,2,3,Sikt (visibility),39,2010,0.0194
TOYOTA,YARIS 5-DØRS,2,3,Sikt (visibility),311,15223,0.0204
MERCEDES-BENZ,A-Klasse,3,3,Sikt (visibility),143,6182,0.0231
MITSUBISHI,ASX,4,3,Sikt (visibility),174,5149,0.0338
AUDI,Q5,3,3,Sikt (visibility),125,5548,0.0225
KIA,SPORTAGE,3,3,Sikt (visibility),176,7796,0.0226
FORD,MONDEO STATIONCAR,2,3,Sikt (visibility),112,5589,0.02
VOLVO,V70,2,3,Sikt (visibility),50,2502,0.02
MERCEDES-BENZ,E,1,3,Sikt (visibility),85,4198,0.0202
PEUGEOT,508,4,3,Sikt (visibility),160,1566,0.1022
MINI,COOPER,2,3,Sikt (visibility),25,1205,0.0207
FORD,GALAXY,2,3,Sikt (visibility),12,493,0.0243
VOLVO,XC40,1,3,Sikt (visibility),31,6206,0.005
AUDI,A1 SPORTBACK,3,3,Sikt (visibility),60,3090,0.0194
AUDI,A3,1,3,Sikt (visibility),33,4115,0.008
VOLKSWAGEN,TOURAN,2,3,Sikt (visibility),45,2051,0.0219
HYUNDAI,Ioniq,1,3,Sikt (visibility),36,1674,0.0215
CITROËN,C5 Aircross,1,3,Sikt (visibility),12,1527,0.0079
AUDI,A3 Sportback,2,3,Sikt (visibility),138,8901,0.0155
FORD,NY Focus,3,3,Sikt (visibility),410,15257,0.0269
MERCEDES-BENZ,C-Klasse,3,3,Sikt (visibility),186,6797,0.0274
SKODA,SUPERB,1,3,Sikt (visibility),107,6713,0.0159
TOYOTA,AVENSIS,3,3,Sikt (visibility),275,12867,0.0214
SKODA,FABIA,1,3,Sikt (visibility),42,2246,0.0187
TOYOTA,AYGO 3/5-DØRS,3,3,Sikt (visibility),74,2298,0.0322
MERCEDES-BENZ,GLA,2,3,Sikt (visibility),20,1805,0.0111
FORD,C-MAX,3,3,Sikt (visibility),58,1829,0.0317
PEUGEOT,5008,3,3,Sikt (visibility),155,1911,0.0811
CITROËN,C4 PICASSO,3,3,Sikt (visibility),92,1484,0.062
KIA,CEED SW,1,3,Sikt (visibility),13,984,0.0132
CITROËN,BERLINGO,1,3,Sikt (visibility),11,389,0.0283
AUDI,A4 AVANT,1,3,Sikt (visibility),22,1533,0.0144
TOYOTA,AYGO 5-DØRS,2,3,Sikt (visibility),13,608,0.0214
VOLKSWAGEN,T-Cross,1,3,Sikt (visibility),3,1210,0.0025
KIA,VENGA,3,3,Sikt (visibility),30,1099,0.0273
BMW,4-serie,3,3,Sikt (visibility),15,422,0.0355
KIA,Stonic,2,3,Sikt (visibility),0,93,0.0
OPEL,Mokka,1,3,Sikt (visibility),5,1060,0.0047
FORD,KA,2,3,Sikt (visibility),1,41,0.0244
VOLKSWAGEN,Golf Sportsvan,1,3,Sikt (visibility),3,502,0.006
ALFA ROMEO,GIULIETTA,2,3,Sikt (visibility),2,35,0.0571
PEUGEOT,206 +,4,3,Sikt (visibility),10,143,0.0699
HYUNDAI,IX20,3,3,Sikt (visibility),44,1937,0.0227
TOYOTA,AURIS,3,3,Sikt (visibility),590,23427,0.0252
BMW,X3,1,3,Sikt (visibility),37,2884,0.0128
VOLKSWAGEN,T-Roc,1,3,Sikt (visibility),66,7258,0.0091
SKODA,OCTAVIA COMBI,3,3,Sikt (visibility),467,19319,0.0242
HYUNDAI,I20,3,3,Sikt (visibility),91,4313,0.0211
MITSUBISHI,OUTLANDER,1,3,Sikt (visibility),415,27166,0.0153
VOLVO,V60,2,3,Sikt (visibility),69,6546,0.0105
TOYOTA,Toyota C-HR,1,3,Sikt (visibility),329,14399,0.0228
SUZUKI,VITARA,1,3,Sikt (visibility),15,3773,0.004
OPEL,INSIGNIA,3,3,Sikt (visibility),130,3483,0.0373
TOYOTA,AVENSIS STW,3,3,Sikt (visibility),275,12867,0.0214
SUZUKI,SX4,4,3,Sikt (visibility),148,4809,0.0308
OPEL,CORSA,4,3,Sikt (visibility),174,3017,0.0577
VOLKSWAGEN,TIGUAN,1,3,Sikt (visibility),65,8054,0.0081
MERCEDES-BENZ,C,1,3,Sikt (visibility),64,3637,0.0176
SKODA,KODIAQ,2,3,Sikt (visibility),26,2105,0.0124
NISSAN,MICRA,3,3,Sikt (visibility),21,871,0.0241
SKODA,RAPID SPACEBACK,3,3,Sikt (visibility),32,1667,0.0192
MAZDA,CX-3,1,3,Sikt (visibility),26,2711,0.0096
DACIA,Duster,1,3,Sikt (visibility),14,767,0.0183
BMW,5-Serie,1,3,Sikt (visibility),106,4543,0.0233
RENAULT,CLIO,3,3,Sikt (visibility),81,1622,0.0499
AUDI,A3 CABRIOLET,4,3,Sikt (visibility),3,166,0.0181
SKODA,RAPID,2,3,Sikt (visibility),22,1389,0.0158
NISSAN,QASHQAI,3,3,Sikt (visibility),337,10874,0.031
HYUNDAI,I 10,4,3,Sikt (visibility),28,982,0.0285
SUZUKI,SX4 S-Cross,2,3,Sikt (visibility),26,2348,0.0111
OPEL,ZAFIRA,4,3,Sikt (visibility),85,1175,0.0723
RENAULT,MEGANE,2,3,Sikt (visibility),3,326,0.0092
SKODA,CITIGO,2,3,Sikt (visibility),10,474,0.0211
SUZUKI,SX4 COMBIBACK,1,3,Sikt (visibility),12,2054,0.0058
NISSAN,JUKE,2,3,Sikt (visibility),10,531,0.0188
MERCEDES-BENZ,B-Klasse,1,3,Sikt (visibility),10,856,0.0117
HYUNDAI,i10 AC3,2,3,Sikt (visibility),3,411,0.0073
AUDI,A3 Limousine,3,3,Sikt (visibility),13,391,0.0332
CITROËN,C1,2,3,Sikt (visibility),10,428,0.0234
SEAT,LEON,4,3,Sikt (visibility),0,7,0.0
CITROËN,C3 PICASSO,2,3,Sikt (visibility),1,46,0.0217
PEUGEOT,308,2,3,Sikt (visibility),95,4530,0.021
MITSUBISHI,OUTLANDER,3,3,Sikt (visibility),600,16791,0.0357
KIA,Niro,1,3,Sikt (visibility),60,5432,0.011
BMW,5-Serie,3,3,Sikt (visibility),344,8687,0.0396
BMW,X3,3,3,Sikt (visibility),259,9399,0.0276
NISSAN,Qashqai J11A,2,3,Sikt (visibility),121,7503,0.0161
RENAULT,CLIO,1,3,Sikt (visibility),16,563,0.0284
OPEL,ASTRA,2,3,Sikt (visibility),28,1977,0.0142
MERCEDES-BENZ,C,3,3,Sikt (visibility),186,6797,0.0274
VOLKSWAGEN,TIGUAN,3,3,Sikt (visibility),232,13669,0.017
MERCEDES-BENZ,B-Klasse,3,3,Sikt (visibility),83,4025,0.0206
TOYOTA,VERSO,3,3,Sikt (visibility),96,3553,0.027
VOLVO,V90,1,3,Sikt (visibility),123,10928,0.0113
HYUNDAI,i30 Stc.,4,3,Sikt (visibility),160,3800,0.0421
NISSAN,X-TRAIL,4,3,Sikt (visibility),187,3637,0.0514
SUZUKI,SWIFT,4,3,Sikt (visibility),161,4271,0.0377
SKODA,OCTAVIA COMBI,1,3,Sikt (visibility),135,14749,0.0092
HONDA,CIVIC,4,3,Sikt (visibility),173,2980,0.0581
SKODA,RAPID SPACEBACK,1,3,Sikt (visibility),3,482,0.0062
VOLVO,XC60,4,3,Sikt (visibility),258,9334,0.0276
KIA,PICANTO,2,3,Sikt (visibility),36,1280,0.0281
SKODA,FABIA COMBI,2,3,Sikt (visibility),61,3224,0.0189
TOYOTA,AURIS,1,3,Sikt (visibility),97,6033,0.0161
HYUNDAI,I20,1,3,Sikt (visibility),14,1113,0.0126
RENAULT,Kadjar,2,3,Sikt (visibility),22,688,0.032
TOYOTA,YARIS,4,3,Sikt (visibility),660,12845,0.0514
MERCEDES-BENZ,E-Klasse,4,3,Sikt (visibility),495,11198,0.0442
SUZUKI,SX4 COMBIBACK,3,3,Sikt (visibility),137,6632,0.0207
FORD,FOCUS,4,3,Sikt (visibility),572,12012,0.0476
CITROËN,C3,2,3,Sikt (visibility),19,1100,0.0173
BMW,1-Serie,2,3,Sikt (visibility),29,1319,0.022
NISSAN,MICRA,1,3,Sikt (visibility),5,296,0.0169
NISSAN,NOTE,2,3,Sikt (visibility),2,358,0.0056
HONDA,JAZZ,2,3,Sikt (visibility),12,727,0.0165
RENAULT,MEGANE SPORT TOURER,2,3,Sikt (visibility),3,326,0.0092
RENAULT,Ny Clio,4,3,Sikt (visibility),39,517,0.0754
SEAT,IBIZA,1,3,Sikt (visibility),3,162,0.0185
NISSAN,QASHQAI,1,3,Sikt (visibility),48,4798,0.01
FIAT,500,2,3,Sikt (visibility),13,384,0.0339
DACIA,Duster,3,3,Sikt (visibility),14,489,0.0286
TOYOTA,AVENSIS STW,1,3,Sikt (visibility),2,538,0.0037
OPEL,INSIGNIA,1,3,Sikt (visibility),21,1365,0.0154
CHEVROLET,SPARK,4,3,Sikt (visibility),1,21,0.0476
AUDI,A5 SPORTBACK,4,3,Sikt (visibility),0,69,0.0
FIAT,Punto S7,3,3,Sikt (visibility),7,91,0.0769
PEUGEOT,207,3,3,Sikt (visibility),19,610,0.0311
AUDI,A3 Limousine,1,3,Sikt (visibility),2,109,0.0183
SUZUKI,VITARA,3,3,Sikt (visibility),8,1056,0.0076
MAZDA,CX-3,3,3,Sikt (visibility),20,1002,0.02
MAZDA,CX-5,4,3,Sikt (visibility),10,302,0.0331
SKODA,SCALA,1,3,Sikt (visibility),0,339,0.0
VOLVO,V40,4,3,Sikt (visibility),7,243,0.0288
HYUNDAI,I30,3,3,Sikt (visibility),7,164,0.0427
TOYOTA,Yaris Cross,1,3,Sikt (visibility),4,261,0.0153
FORD,KUGA,2,3,Sikt (visibility),44,4067,0.0108
VOLVO,XC90,1,3,Sikt (visibility),113,8675,0.013
VOLKSWAGEN,GOLF,2,3,Sikt (visibility),452,24534,0.0184
MITSUBISHI,ASX,3,3,Sikt (visibility),265,9126,0.029
CITROËN,C4 Cactus,1,3,Sikt (visibility),41,1085,0.0378
MITSUBISHI,COLT,3,3,Sikt (visibility),50,1264,0.0396
TOYOTA,RAV4 Plug in,2,3,Sikt (visibility),255,15118,0.0169
PEUGEOT,508,3,3,Sikt (visibility),392,4721,0.083
VOLKSWAGEN,PASSAT VARIANT,2,3,Sikt (visibility),224,14320,0.0156
PEUGEOT,5008,4,3,Sikt (visibility),201,1845,0.1089
MERCEDES-BENZ,GLE,2,3,Sikt (visibility),25,719,0.0348
MERCEDES-BENZ,A-Klasse,4,3,Sikt (visibility),97,2238,0.0433
AUDI,Q5,4,3,Sikt (visibility),169,5189,0.0326
VOLKSWAGEN,POLO,1,3,Sikt (visibility),68,5836,0.0117
KIA,VENGA,4,3,Sikt (visibility),22,668,0.0329
FORD,C-MAX,4,3,Sikt (visibility),44,1034,0.0426
FORD,S-MAX,2,3,Sikt (visibility),83,3631,0.0229
PEUGEOT,108,3,3,Sikt (visibility),11,301,0.0365
TOYOTA,RAV4,1,3,Sikt (visibility),444,29243,0.0152
TOYOTA,AVENSIS,4,3,Sikt (visibility),1092,20526,0.0532
MERCEDES-BENZ,C-Klasse,4,3,Sikt (visibility),269,7755,0.0347
FORD,NY Focus,4,3,Sikt (visibility),572,12012,0.0476
MAZDA,MAZDA3,1,3,Sikt (visibility),23,1523,0.0151
TOYOTA,AYGO 3/5-DØRS,4,3,Sikt (visibility),154,3007,0.0512
KIA,CEED,2,3,Sikt (visibility),34,1150,0.0296
TOYOTA,AYGO,1,3,Sikt (visibility),15,689,0.0218
MAZDA,2,1,3,Sikt (visibility),1,625,0.0016
KIA,Optima,2,3,Sikt (visibility),10,926,0.0108
KIA,SPORTAGE,4,3,Sikt (visibility),34,1242,0.0274
CITROËN,C4 PICASSO,4,3,Sikt (visibility),95,1058,0.0898
BMW,2-Serie,3,3,Sikt (visibility),10,949,0.0105
FORD,FIESTA 5 DØRS,1,3,Sikt (visibility),36,3219,0.0112
VOLKSWAGEN,UP!,1,3,Sikt (visibility),20,680,0.0294
FIAT,PANDA,2,3,Sikt (visibility),3,94,0.0319
AUDI,A1 SPORTBACK,4,3,Sikt (visibility),3,183,0.0164
HYUNDAI,I10,1,3,Sikt (visibility),4,161,0.0248
FORD,B-MAX,1,3,Sikt (visibility),0,5,0.0
MERCEDES-BENZ,B-Klasse,4,3,Sikt (visibility),162,4180,0.0388
BMW,X3,4,3,Sikt (visibility),271,5417,0.05
VOLVO,XC60,3,3,Sikt (visibility),206,13968,0.0147
BMW,5-Serie,4,3,Sikt (visibility),793,10877,0.0729
VOLVO,V40,3,3,Sikt (visibility),232,13394,0.0173
HONDA,CIVIC,3,3,Sikt (visibility),41,2369,0.0173
MAZDA,CX-5,3,3,Sikt (visibility),315,14518,0.0217
MERCEDES-BENZ,C,4,3,Sikt (visibility),269,7755,0.0347
MITSUBISHI,OUTLANDER,4,3,Sikt (visibility),675,10148,0.0665
VOLKSWAGEN,TIGUAN,4,3,Sikt (visibility),363,11058,0.0328
MERCEDES-BENZ,CLA,1,3,Sikt (visibility),39,1365,0.0286
BMW,X1,2,3,Sikt (visibility),28,3404,0.0082
PEUGEOT,207,4,3,Sikt (visibility),202,5486,0.0368
SKODA,KAROQ,1,3,Sikt (visibility),17,2413,0.007
RENAULT,Captur,2,3,Sikt (visibility),17,1187,0.0143
SUZUKI,SWIFT,3,3,Sikt (visibility),120,4814,0.0249
TOYOTA,VERSO,4,3,Sikt (visibility),90,2396,0.0376
TOYOTA,YARIS,3,3,Sikt (visibility),659,21128,0.0312
MERCEDES-BENZ,E-Klasse,3,3,Sikt (visibility),297,8181,0.0363
FORD,MONDEO,2,3,Sikt (visibility),112,5589,0.02
FORD,FIESTA,2,3,Sikt (visibility),91,4402,0.0207
SUZUKI,SX4 COMBIBACK,4,3,Sikt (visibility),148,4809,0.0308
VOLKSWAGEN,PASSAT,2,3,Sikt (visibility),224,14320,0.0156
RENAULT,Ny Clio,3,3,Sikt (visibility),81,1622,0.0499
CITROËN,C4,2,3,Sikt (visibility),120,3636,0.033
FORD,Focus,2,3,Sikt (visibility),80,5076,0.0158
HYUNDAI,I30,4,3,Sikt (visibility),160,3800,0.0421
FORD,FOCUS,3,3,Sikt (visibility),410,15257,0.0269
FIAT,Punto S7,4,3,Sikt (visibility),23,347,0.0663
OPEL,ASTRA SPORTS TOURER,2,3,Sikt (visibility),2,374,0.0053
NISSAN,X-TRAIL,3,3,Sikt (visibility),72,2381,0.0302
VOLKSWAGEN,CADDY,2,3,Sikt (visibility),35,818,0.0428
AUDI,A5 SPORTBACK,3,3,Sikt (visibility),39,880,0.0443
SUZUKI,SX4,1,3,Sikt (visibility),12,2054,0.0058
CHEVROLET,SPARK,3,3,Sikt (visibility),18,308,0.0584
OPEL,CORSA,1,3,Sikt (visibility),5,389,0.0129
CITROËN,C3 Aircross,2,3,Sikt (visibility),0,91,0.0
DACIA,Duster,4,3,Sikt (visibility),0,8,0.0
MERCEDES-BENZ,GLC,3,3,Sikt (visibility),5,311,0.0161
HYUNDAI,I 10,1,3,Sikt (visibility),4,161,0.0248
OPEL,ZAFIRA,1,3,Sikt (visibility),1,47,0.0213
HYUNDAI,i30 Stc.,3,3,Sikt (visibility),7,164,0.0427
SEAT,LEON,1,3,Sikt (visibility),1,71,0.0141
PEUGEOT,107,2,3,Sikt (visibility),1,7,0.1429
AUDI,A3 CABRIOLET,1,3,Sikt (visibility),0,7,0.0
SEAT,Ibiza GP2,2,3,Sikt (visibility),0,1,0.0
OPEL,ASTRA SPORTS TOURER,3,3,Sikt (visibility),65,2062,0.0315
SKODA,FABIA COMBI,4,3,Sikt (visibility),210,4252,0.0494
MAZDA,CX-5,2,3,Sikt (visibility),163,8955,0.0182
VOLVO,V40,2,3,Sikt (visibility),63,6391,0.0099
NISSAN,X-TRAIL,2,3,Sikt (visibility),47,2651,0.0177
VOLVO,XC60,2,3,Sikt (visibility),83,9732,0.0085
MERCEDES-BENZ,GLC,2,3,Sikt (visibility),70,5064,0.0138
BMW,X1,3,3,Sikt (visibility),123,5709,0.0215
PEUGEOT,3008,1,3,Sikt (visibility),48,7489,0.0064
BMW,3-Serie,1,3,Sikt (visibility),113,4744,0.0238
NISSAN,Qashqai J11A,4,3,Sikt (visibility),469,9029,0.0519
BMW,1-Serie,4,3,Sikt (visibility),370,6307,0.0587
SUZUKI,SWIFT,2,3,Sikt (visibility),34,2129,0.016
OPEL,ASTRA,4,3,Sikt (visibility),284,5454,0.0521
FIAT,500,4,3,Sikt (visibility),167,2705,0.0617
PEUGEOT,308,4,3,Sikt (visibility),210,4655,0.0451
RENAULT,MEGANE SPORT TOURER,4,3,Sikt (visibility),102,1622,0.0629
HONDA,JAZZ,4,3,Sikt (visibility),84,2120,0.0396
CITROËN,C4,3,3,Sikt (visibility),250,5303,0.0471
TOYOTA,YARIS,2,3,Sikt (visibility),311,15223,0.0204
VOLKSWAGEN,PASSAT,3,3,Sikt (visibility),585,16654,0.0351
FORD,MONDEO,3,3,Sikt (visibility),270,9588,0.0282
FORD,FIESTA,3,3,Sikt (visibility),289,8583,0.0337
MERCEDES-BENZ,E-Klasse,2,3,Sikt (visibility),97,3761,0.0258
FORD,Focus,3,3,Sikt (visibility),410,15257,0.0269
FORD,FOCUS,2,3,Sikt (visibility),80,5076,0.0158
CITROËN,C3,4,3,Sikt (visibility),84,1932,0.0435
HONDA,CIVIC,2,3,Sikt (visibility),18,1171,0.0154
VOLKSWAGEN,CADDY,3,3,Sikt (visibility),75,1122,0.0668
AUDI,Q2,2,3,Sikt (visibility),8,722,0.0111
SUZUKI,IGNIS,1,3,Sikt (visibility),16,1716,0.0093
MAZDA,MAZDA6,1,3,Sikt (visibility),19,1078,0.0176
HYUNDAI,Tucson,1,3,Sikt (visibility),18,2203,0.0082
AUDI,A5 SPORTBACK,2,3,Sikt (visibility),5,267,0.0187
NISSAN,NOTE,4,3,Sikt (visibility),95,1197,0.0794
PEUGEOT,107,3,3,Sikt (visibility),30,862,0.0348
RENAULT,Captur,3,3,Sikt (visibility),18,929,0.0194
RENAULT,Ny Clio,2,3,Sikt (visibility),22,641,0.0343
KIA,PICANTO,4,3,Sikt (visibility),28,652,0.0429
MITSUBISHI,SPACE STAR,1,3,Sikt (visibility),5,320,0.0156
HYUNDAI,KONA,2,3,Sikt (visibility),0,42,0.0
CITROËN,C 1,1,3,Sikt (visibility),0,58,0.0
CHEVROLET,SPARK,2,3,Sikt (visibility),0,10,0.0
VOLVO,V60,1,4,"Lykter, refleksinnretninger og elektrisk utstyr (lights, reflectors, electrical)",540,11028,0.049
BMW,X1,4,4,"Lykter, refleksinnretninger og elektrisk utstyr (lights, reflectors, electrical)",1715,4390,0.3907
VOLKSWAGEN,TIGUAN,2,4,"Lykter, refleksinnretninger og elektrisk utstyr (lights, reflectors, electrical)",644,7466,0.0863
RENAULT,MEGANE SPORT TOURER,3,4,"Lykter, refleksinnretninger og elektrisk utstyr (lights, reflectors, electrical)",1139,1261,0.9033
VOLKSWAGEN,CADDY,4,4,"Lykter, refleksinnretninger og elektrisk utstyr (lights, reflectors, electrical)",620,1082,0.573
OPEL,ASTRA SPORTS TOURER,4,4,"Lykter, refleksinnretninger og elektrisk utstyr (lights, reflectors, electrical)",468,979,0.478
BMW,X3,2,4,"Lykter, refleksinnretninger og elektrisk utstyr (lights, reflectors, electrical)",350,3055,0.1146
PEUGEOT,308,3,4,"Lykter, refleksinnretninger og elektrisk utstyr (lights, reflectors, electrical)",1562,4837,0.3229
MAZDA,CX-3,2,4,"Lykter, refleksinnretninger og elektrisk utstyr (lights, reflectors, electrical)",446,5128,0.087
CITROËN,C3,3,4,"Lykter, refleksinnretninger og elektrisk utstyr (lights, reflectors, electrical)",875,1322,0.6619
SUZUKI,VITARA,2,4,"Lykter, refleksinnretninger og elektrisk utstyr (lights, reflectors, electrical)",529,3777,0.1401
MITSUBISHI,OUTLANDER,2,4,"Lykter, refleksinnretninger og elektrisk utstyr (lights, reflectors, electrical)",4604,22180,0.2076
NISSAN,Qashqai J11A,3,4,"Lykter, refleksinnretninger og elektrisk utstyr (lights, reflectors, electrical)",4489,10874,0.4128
BMW,5-Serie,2,4,"Lykter, refleksinnretninger og elektrisk utstyr (lights, reflectors, electrical)",283,3263,0.0867
MERCEDES-BENZ,C,2,4,"Lykter, refleksinnretninger og elektrisk utstyr (lights, reflectors, electrical)",429,5861,0.0732
BMW,1-Serie,3,4,"Lykter, refleksinnretninger og elektrisk utstyr (lights, reflectors, electrical)",2205,5856,0.3765
HONDA,JAZZ,3,4,"Lykter, refleksinnretninger og elektrisk utstyr (lights, reflectors, electrical)",476,1643,0.2897
DACIA,Duster,2,4,"Lykter, refleksinnretninger og elektrisk utstyr (lights, reflectors, electrical)",374,542,0.69
SKODA,FABIA COMBI,3,4,"Lykter, refleksinnretninger og elektrisk utstyr (lights, reflectors, electrical)",1368,3929,0.3482
OPEL,ASTRA,3,4,"Lykter, refleksinnretninger og elektrisk utstyr (lights, reflectors, electrical)",1052,3710,0.2836
SKODA,KODIAQ,1,4,"Lykter, refleksinnretninger og elektrisk utstyr (lights, reflectors, electrical)",214,7893,0.0271
MERCEDES-BENZ,B-Klasse,2,4,"Lykter, refleksinnretninger og elektrisk utstyr (lights, reflectors, electrical)",334,1185,0.2819
FORD,FIESTA,4,4,"Lykter, refleksinnretninger og elektrisk utstyr (lights, reflectors, electrical)",5101,7906,0.6452
FORD,MONDEO,4,4,"Lykter, refleksinnretninger og elektrisk utstyr (lights, reflectors, electrical)",14931,15288,0.9766
CITROËN,C4,4,4,"Lykter, refleksinnretninger og elektrisk utstyr (lights, reflectors, electrical)",2586,2439,1.0603
VOLKSWAGEN,PASSAT,4,4,"Lykter, refleksinnretninger og elektrisk utstyr (lights, reflectors, electrical)",10653,15462,0.689
SUZUKI,SX4 COMBIBACK,2,4,"Lykter, refleksinnretninger og elektrisk utstyr (lights, reflectors, electrical)",332,2476,0.1341
SKODA,RAPID,1,4,"Lykter, refleksinnretninger og elektrisk utstyr (lights, reflectors, electrical)",33,482,0.0685
FORD,Focus,4,4,"Lykter, refleksinnretninger og elektrisk utstyr (lights, reflectors, electrical)",10797,12012,0.8989
KIA,PICANTO,3,4,"Lykter, refleksinnretninger og elektrisk utstyr (lights, reflectors, electrical)",1429,3887,0.3676
PEUGEOT,107,4,4,"Lykter, refleksinnretninger og elektrisk utstyr (lights, reflectors, electrical)",1136,1880,0.6043
TOYOTA,Toyota C-HR,2,4,"Lykter, refleksinnretninger og elektrisk utstyr (lights, reflectors, electrical)",468,4126,0.1134
VOLKSWAGEN,T-Roc,2,4,"Lykter, refleksinnretninger og elektrisk utstyr (lights, reflectors, electrical)",9,288,0.0312
FIAT,500,3,4,"Lykter, refleksinnretninger og elektrisk utstyr (lights, reflectors, electrical)",1091,2045,0.5335
NISSAN,NOTE,3,4,"Lykter, refleksinnretninger og elektrisk utstyr (lights, reflectors, electrical)",333,946,0.352
SKODA,CITIGO,1,4,"Lykter, refleksinnretninger og elektrisk utstyr (lights, reflectors, electrical)",5,202,0.0248
HYUNDAI,i10 AC3,1,4,"Lykter, refleksinnretninger og elektrisk utstyr (lights, reflectors, electrical)",15,161,0.0932
NISSAN,JUKE,1,4,"Lykter, refleksinnretninger og elektrisk utstyr (lights, reflectors, electrical)",7,107,0.0654
TOYOTA,VERSO,2,4,"Lykter, refleksinnretninger og elektrisk utstyr (lights, reflectors, electrical)",45,178,0.2528
RENAULT,MEGANE,1,4,"Lykter, refleksinnretninger og elektrisk utstyr (lights, reflectors, electrical)",56,294,0.1905
SKODA,KAMIQ,1,4,"Lykter, refleksinnretninger og elektrisk utstyr (lights, reflectors, electrical)",14,327,0.0428
SUZUKI,SX4 S-Cross,1,4,"Lykter, refleksinnretninger og elektrisk utstyr (lights, reflectors, electrical)",8,80,0.1
CITROËN,C1,1,4,"Lykter, refleksinnretninger og elektrisk utstyr (lights, reflectors, electrical)",9,58,0.1552
CITROËN,C3 PICASSO,1,4,"Lykter, refleksinnretninger og elektrisk utstyr (lights, reflectors, electrical)",2,11,0.1818
SEAT,Ibiza GP2,4,4,"Lykter, refleksinnretninger og elektrisk utstyr (lights, reflectors, electrical)",13,7,1.8571
RENAULT,Kadjar,3,4,"Lykter, refleksinnretninger og elektrisk utstyr (lights, reflectors, electrical)",18,102,0.1765
BMW,X5,4,4,"Lykter, refleksinnretninger og elektrisk utstyr (lights, reflectors, electrical)",1716,3889,0.4412
TOYOTA,RAV4 Plug in,1,4,"Lykter, refleksinnretninger og elektrisk utstyr (lights, reflectors, electrical)",1519,29243,0.0519
FORD,FOCUS STATIONSVOGN,3,4,"Lykter, refleksinnretninger og elektrisk utstyr (lights, reflectors, electrical)",8104,15257,0.5312
FORD,FIESTA 5 DØRS,2,4,"Lykter, refleksinnretninger og elektrisk utstyr (lights, reflectors, electrical)",915,4402,0.2079
VOLKSWAGEN,GOLF,1,4,"Lykter, refleksinnretninger og elektrisk utstyr (lights, reflectors, electrical)",447,9446,0.0473
HONDA,CR-V,3,4,"Lykter, refleksinnretninger og elektrisk utstyr (lights, reflectors, electrical)",2628,6725,0.3908
VOLKSWAGEN,PASSAT VARIANT,1,4,"Lykter, refleksinnretninger og elektrisk utstyr (lights, reflectors, electrical)",554,11253,0.0492
CITROËN,DS3,4,4,"Lykter, refleksinnretninger og elektrisk utstyr (lights, reflectors, electrical)",556,696,0.7989
SKODA,SUPERB COMBI,4,4,"Lykter, refleksinnretninger og elektrisk utstyr (lights, reflectors, electrical)",3204,3621,0.8848
VOLVO,XC90,2,4,"Lykter, refleksinnretninger og elektrisk utstyr (lights, reflectors, electrical)",476,5537,0.086
HYUNDAI,I40,3,4,"Lykter, refleksinnretninger og elektrisk utstyr (lights, reflectors, electrical)",1263,2466,0.5122
FORD,S-MAX,1,4,"Lykter, refleksinnretninger og elektrisk utstyr (lights, reflectors, electrical)",125,1786,0.07
MAZDA,2,2,4,"Lykter, refleksinnretninger og elektrisk utstyr (lights, reflectors, electrical)",74,1120,0.0661
VOLKSWAGEN,POLO,2,4,"Lykter, refleksinnretninger og elektrisk utstyr (lights, reflectors, electrical)",581,5290,0.1098
CITROËN,C4 Cactus,2,4,"Lykter, refleksinnretninger og elektrisk utstyr (lights, reflectors, electrical)",581,1625,0.3575
MERCEDES-BENZ,GLE,1,4,"Lykter, refleksinnretninger og elektrisk utstyr (lights, reflectors, electrical)",126,2193,0.0575
VOLKSWAGEN,UP!,2,4,"Lykter, refleksinnretninger og elektrisk utstyr (lights, reflectors, electrical)",213,1503,0.1417
FORD,KUGA,1,4,"Lykter, refleksinnretninger og elektrisk utstyr (lights, reflectors, electrical)",224,5193,0.0431
TOYOTA,RAV4,2,4,"Lykter, refleksinnretninger og elektrisk utstyr (lights, reflectors, electrical)",1505,15118,0.0996
SKODA,OCTAVIA,3,4,"Lykter, refleksinnretninger og elektrisk utstyr (lights, reflectors, electrical)",8183,19319,0.4236
KIA,CEE'D SW,3,4,"Lykter, refleksinnretninger og elektrisk utstyr (lights, reflectors, electrical)",1578,3585,0.4402
MAZDA,MAZDA2,4,4,"Lykter, refleksinnretninger og elektrisk utstyr (lights, reflectors, electrical)",1296,2075,0.6246
MAZDA,MAZDA3,2,4,"Lykter, refleksinnretninger og elektrisk utstyr (lights, reflectors, electrical)",180,2010,0.0896
KIA,Optima,1,4,"Lykter, refleksinnretninger og elektrisk utstyr (lights, reflectors, electrical)",148,1833,0.0807
AUDI,A6 AVANT,3,4,"Lykter, refleksinnretninger og elektrisk utstyr (lights, reflectors, electrical)",355,2163,0.1641
TOYOTA,Aygo X,3,4,"Lykter, refleksinnretninger og elektrisk utstyr (lights, reflectors, electrical)",900,2298,0.3916
KIA,RIO,3,4,"Lykter, refleksinnretninger og elektrisk utstyr (lights, reflectors, electrical)",934,2622,0.3562
KIA,CEED,1,4,"Lykter, refleksinnretninger og elektrisk utstyr (lights, reflectors, electrical)",64,984,0.065
TOYOTA,AYGO,2,4,"Lykter, refleksinnretninger og elektrisk utstyr (lights, reflectors, electrical)",83,608,0.1365
FORD,B-MAX,2,4,"Lykter, refleksinnretninger og elektrisk utstyr (lights, reflectors, electrical)",76,250,0.304
HYUNDAI,I10,2,4,"Lykter, refleksinnretninger og elektrisk utstyr (lights, reflectors, electrical)",67,411,0.163
AUDI,Q3,4,4,"Lykter, refleksinnretninger og elektrisk utstyr (lights, reflectors, electrical)",97,293,0.3311
FIAT,PANDA,1,4,"Lykter, refleksinnretninger og elektrisk utstyr (lights, reflectors, electrical)",4,20,0.2
PEUGEOT,208,4,4,"Lykter, refleksinnretninger og elektrisk utstyr (lights, reflectors, electrical)",114,267,0.427
NISSAN,Qashqai J11A,1,4,"Lykter, refleksinnretninger og elektrisk utstyr (lights, reflectors, electrical)",288,4798,0.06
SKODA,OCTAVIA COMBI,2,4,"Lykter, refleksinnretninger og elektrisk utstyr (lights, reflectors, electrical)",1688,13702,0.1232
PEUGEOT,3008,4,4,"Lykter, refleksinnretninger og elektrisk utstyr (lights, reflectors, electrical)",5035,4758,1.0582
TOYOTA,AURIS,2,4,"Lykter, refleksinnretninger og elektrisk utstyr (lights, reflectors, electrical)",3335,15458,0.2157
KIA,Niro,2,4,"Lykter, refleksinnretninger og elektrisk utstyr (lights, reflectors, electrical)",270,2639,0.1023
VOLVO,V60,3,4,"Lykter, refleksinnretninger og elektrisk utstyr (lights, reflectors, electrical)",3006,13953,0.2154
TOYOTA,AVENSIS STW,2,4,"Lykter, refleksinnretninger og elektrisk utstyr (lights, reflectors, electrical)",563,3935,0.1431
BMW,3-Serie,4,4,"Lykter, refleksinnretninger og elektrisk utstyr (lights, reflectors, electrical)",7511,10635,0.7063
PEUGEOT,308,1,4,"Lykter, refleksinnretninger og elektrisk utstyr (lights, reflectors, electrical)",210,1141,0.184
CITROËN,C3,1,4,"Lykter, refleksinnretninger og elektrisk utstyr (lights, reflectors, electrical)",335,2416,0.1387
VOLVO,V90,2,4,"Lykter, refleksinnretninger og elektrisk utstyr (lights, reflectors, electrical)",404,4670,0.0865
SKODA,FABIA COMBI,1,4,"Lykter, refleksinnretninger og elektrisk utstyr (lights, reflectors, electrical)",142,2246,0.0632
MAZDA,MAZDA6,4,4,"Lykter, refleksinnretninger og elektrisk utstyr (lights, reflectors, electrical)",4142,4254,0.9737
NISSAN,JUKE,3,4,"Lykter, refleksinnretninger og elektrisk utstyr (lights, reflectors, electrical)",827,1806,0.4579
NISSAN,QASHQAI,2,4,"Lykter, refleksinnretninger og elektrisk utstyr (lights, reflectors, electrical)",855,7503,0.114
RENAULT,MEGANE,3,4,"Lykter, refleksinnretninger og elektrisk utstyr (lights, reflectors, electrical)",1139,1261,0.9033
SKODA,RAPID,3,4,"Lykter, refleksinnretninger og elektrisk utstyr (lights, reflectors, electrical)",450,1667,0.2699
CITROËN,C1,3,4,"Lykter, refleksinnretninger og elektrisk utstyr (lights, reflectors, electrical)",403,880,0.458
SUZUKI,SX4 S-Cross,3,4,"Lykter, refleksinnretninger og elektrisk utstyr (lights, reflectors, electrical)",731,4208,0.1737
SKODA,CITIGO,3,4,"Lykter, refleksinnretninger og elektrisk utstyr (lights, reflectors, electrical)",275,1480,0.1858
HYUNDAI,I20,2,4,"Lykter, refleksinnretninger og elektrisk utstyr (lights, reflectors, electrical)",274,2116,0.1295
OPEL,ASTRA,1,4,"Lykter, refleksinnretninger og elektrisk utstyr (lights, reflectors, electrical)",36,1077,0.0334
HYUNDAI,i10 AC3,3,4,"Lykter, refleksinnretninger og elektrisk utstyr (lights, reflectors, electrical)",411,1046,0.3929
OPEL,INSIGNIA,2,4,"Lykter, refleksinnretninger og elektrisk utstyr (lights, reflectors, electrical)",208,1507,0.138
SKODA,RAPID SPACEBACK,2,4,"Lykter, refleksinnretninger og elektrisk utstyr (lights, reflectors, electrical)",164,1389,0.1181
HONDA,JAZZ,1,4,"Lykter, refleksinnretninger og elektrisk utstyr (lights, reflectors, electrical)",36,801,0.0449
CITROËN,C 1,4,4,"Lykter, refleksinnretninger og elektrisk utstyr (lights, reflectors, electrical)",656,1119,0.5862
RENAULT,CLIO,2,4,"Lykter, refleksinnretninger og elektrisk utstyr (lights, reflectors, electrical)",167,641,0.2605
FIAT,500,1,4,"Lykter, refleksinnretninger og elektrisk utstyr (lights, reflectors, electrical)",25,212,0.1179
HYUNDAI,Tucson,4,4,"Lykter, refleksinnretninger og elektrisk utstyr (lights, reflectors, electrical)",221,317,0.6972
RENAULT,MEGANE SPORT TOURER,1,4,"Lykter, refleksinnretninger og elektrisk utstyr (lights, reflectors, electrical)",56,294,0.1905
BMW,1-Serie,1,4,"Lykter, refleksinnretninger og elektrisk utstyr (lights, reflectors, electrical)",22,314,0.0701
SUZUKI,IGNIS,4,4,"Lykter, refleksinnretninger og elektrisk utstyr (lights, reflectors, electrical)",298,390,0.7641
CITROËN,C3 PICASSO,3,4,"Lykter, refleksinnretninger og elektrisk utstyr (lights, reflectors, electrical)",260,382,0.6806
AUDI,A3 Limousine,2,4,"Lykter, refleksinnretninger og elektrisk utstyr (lights, reflectors, electrical)",37,290,0.1276
KIA,PICANTO,1,4,"Lykter, refleksinnretninger og elektrisk utstyr (lights, reflectors, electrical)",31,563,0.0551
HYUNDAI,IX20,2,4,"Lykter, refleksinnretninger og elektrisk utstyr (lights, reflectors, electrical)",47,230,0.2043
NISSAN,MICRA,2,4,"Lykter, refleksinnretninger og elektrisk utstyr (lights, reflectors, electrical)",45,274,0.1642
RENAULT,Kadjar,1,4,"Lykter, refleksinnretninger og elektrisk utstyr (lights, reflectors, electrical)",27,356,0.0758
NISSAN,NOTE,1,4,"Lykter, refleksinnretninger og elektrisk utstyr (lights, reflectors, electrical)",1,25,0.04
SEAT,IBIZA,2,4,"Lykter, refleksinnretninger og elektrisk utstyr (lights, reflectors, electrical)",0,1,0.0
OPEL,Mokka,1,4,"Lykter, refleksinnretninger og elektrisk utstyr (lights, reflectors, electrical)",44,1060,0.0415
FORD,MONDEO STATIONCAR,2,4,"Lykter, refleksinnretninger og elektrisk utstyr (lights, reflectors, electrical)",926,5589,0.1657
MERCEDES-BENZ,A-Klasse,3,4,"Lykter, refleksinnretninger og elektrisk utstyr (lights, reflectors, electrical)",913,6182,0.1477
FORD,C-MAX,3,4,"Lykter, refleksinnretninger og elektrisk utstyr (lights, reflectors, electrical)",877,1829,0.4795
VOLVO,XC40,1,4,"Lykter, refleksinnretninger og elektrisk utstyr (lights, reflectors, electrical)",108,6206,0.0174
VOLVO,V70,2,4,"Lykter, refleksinnretninger og elektrisk utstyr (lights, reflectors, electrical)",238,2502,0.0951
KIA,SPORTAGE,3,4,"Lykter, refleksinnretninger og elektrisk utstyr (lights, reflectors, electrical)",4091,7796,0.5248
AUDI,Q5,3,4,"Lykter, refleksinnretninger og elektrisk utstyr (lights, reflectors, electrical)",1599,5548,0.2882
TOYOTA,YARIS 5-DØRS,2,4,"Lykter, refleksinnretninger og elektrisk utstyr (lights, reflectors, electrical)",2305,15223,0.1514
AUDI,A1 SPORTBACK,3,4,"Lykter, refleksinnretninger og elektrisk utstyr (lights, reflectors, electrical)",511,3090,0.1654
AUDI,A3,1,4,"Lykter, refleksinnretninger og elektrisk utstyr (lights, reflectors, electrical)",364,4115,0.0885
MITSUBISHI,COLT,4,4,"Lykter, refleksinnretninger og elektrisk utstyr (lights, reflectors, electrical)",2588,3136,0.8253
PEUGEOT,5008,3,4,"Lykter, refleksinnretninger og elektrisk utstyr (lights, reflectors, electrical)",1670,1911,0.8739
VOLKSWAGEN,T-Cross,1,4,"Lykter, refleksinnretninger og elektrisk utstyr (lights, reflectors, electrical)",99,1210,0.0818
MITSUBISHI,ASX,4,4,"Lykter, refleksinnretninger og elektrisk utstyr (lights, reflectors, electrical)",2252,5149,0.4374
MINI,COOPER,2,4,"Lykter, refleksinnretninger og elektrisk utstyr (lights, reflectors, electrical)",234,1205,0.1942
FORD,GALAXY,2,4,"Lykter, refleksinnretninger og elektrisk utstyr (lights, reflectors, electrical)",120,493,0.2434
CITROËN,C4 PICASSO,3,4,"Lykter, refleksinnretninger og elektrisk utstyr (lights, reflectors, electrical)",965,1484,0.6503
MAZDA,3,2,4,"Lykter, refleksinnretninger og elektrisk utstyr (lights, reflectors, electrical)",180,2010,0.0896
HYUNDAI,Ioniq,1,4,"Lykter, refleksinnretninger og elektrisk utstyr (lights, reflectors, electrical)",125,1674,0.0747
MERCEDES-BENZ,GLA,2,4,"Lykter, refleksinnretninger og elektrisk utstyr (lights, reflectors, electrical)",118,1805,0.0654
TOYOTA,AVENSIS,3,4,"Lykter, refleksinnretninger og elektrisk utstyr (lights, reflectors, electrical)",6064,12867,0.4713
AUDI,A3 Sportback,2,4,"Lykter, refleksinnretninger og elektrisk utstyr (lights, reflectors, electrical)",1066,8901,0.1198
FORD,NY Focus,3,4,"Lykter, refleksinnretninger og elektrisk utstyr (lights, reflectors, electrical)",8104,15257,0.5312
SKODA,SUPERB,1,4,"Lykter, refleksinnretninger og elektrisk utstyr (lights, reflectors, electrical)",421,6713,0.0627
MERCEDES-BENZ,C-Klasse,3,4,"Lykter, refleksinnretninger og elektrisk utstyr (lights, reflectors, electrical)",1504,6797,0.2213
SKODA,FABIA,1,4,"Lykter, refleksinnretninger og elektrisk utstyr (lights, reflectors, electrical)",142,2246,0.0632
TOYOTA,AYGO 3/5-DØRS,3,4,"Lykter, refleksinnretninger og elektrisk utstyr (lights, reflectors, electrical)",900,2298,0.3916
PEUGEOT,508,4,4,"Lykter, refleksinnretninger og elektrisk utstyr (lights, reflectors, electrical)",1152,1566,0.7356
KIA,VENGA,3,4,"Lykter, refleksinnretninger og elektrisk utstyr (lights, reflectors, electrical)",549,1099,0.4995
BMW,4-serie,3,4,"Lykter, refleksinnretninger og elektrisk utstyr (lights, reflectors, electrical)",146,422,0.346
VOLKSWAGEN,TOURAN,2,4,"Lykter, refleksinnretninger og elektrisk utstyr (lights, reflectors, electrical)",330,2051,0.1609
MERCEDES-BENZ,E,1,4,"Lykter, refleksinnretninger og elektrisk utstyr (lights, reflectors, electrical)",128,4198,0.0305
KIA,CEED SW,1,4,"Lykter, refleksinnretninger og elektrisk utstyr (lights, reflectors, electrical)",64,984,0.065
CITROËN,BERLINGO,1,4,"Lykter, refleksinnretninger og elektrisk utstyr (lights, reflectors, electrical)",82,389,0.2108
CITROËN,C5 Aircross,1,4,"Lykter, refleksinnretninger og elektrisk utstyr (lights, reflectors, electrical)",153,1527,0.1002
TOYOTA,AYGO 5-DØRS,2,4,"Lykter, refleksinnretninger og elektrisk utstyr (lights, reflectors, electrical)",83,608,0.1365
AUDI,A4 AVANT,1,4,"Lykter, refleksinnretninger og elektrisk utstyr (lights, reflectors, electrical)",71,1533,0.0463
PEUGEOT,206 +,4,4,"Lykter, refleksinnretninger og elektrisk utstyr (lights, reflectors, electrical)",116,143,0.8112
VOLKSWAGEN,Golf Sportsvan,1,4,"Lykter, refleksinnretninger og elektrisk utstyr (lights, reflectors, electrical)",16,502,0.0319
ALFA ROMEO,GIULIETTA,2,4,"Lykter, refleksinnretninger og elektrisk utstyr (lights, reflectors, electrical)",10,35,0.2857
FORD,KA,2,4,"Lykter, refleksinnretninger og elektrisk utstyr (lights, reflectors, electrical)",4,41,0.0976
KIA,Stonic,2,4,"Lykter, refleksinnretninger og elektrisk utstyr (lights, reflectors, electrical)",13,93,0.1398
PEUGEOT,5008,4,4,"Lykter, refleksinnretninger og elektrisk utstyr (lights, reflectors, electrical)",2110,1845,1.1436
VOLKSWAGEN,GOLF,2,4,"Lykter, refleksinnretninger og elektrisk utstyr (lights, reflectors, electrical)",2226,24534,0.0907
MITSUBISHI,COLT,3,4,"Lykter, refleksinnretninger og elektrisk utstyr (lights, reflectors, electrical)",800,1264,0.6329
VOLKSWAGEN,POLO,1,4,"Lykter, refleksinnretninger og elektrisk utstyr (lights, reflectors, electrical)",215,5836,0.0368
TOYOTA,RAV4 Plug in,2,4,"Lykter, refleksinnretninger og elektrisk utstyr (lights, reflectors, electrical)",1505,15118,0.0996
VOLKSWAGEN,PASSAT VARIANT,2,4,"Lykter, refleksinnretninger og elektrisk utstyr (lights, reflectors, electrical)",1265,14320,0.0883
FORD,FIESTA 5 DØRS,1,4,"Lykter, refleksinnretninger og elektrisk utstyr (lights, reflectors, electrical)",163,3219,0.0506
MITSUBISHI,ASX,3,4,"Lykter, refleksinnretninger og elektrisk utstyr (lights, reflectors, electrical)",2634,9126,0.2886
VOLVO,XC90,1,4,"Lykter, refleksinnretninger og elektrisk utstyr (lights, reflectors, electrical)",496,8675,0.0572
FORD,S-MAX,2,4,"Lykter, refleksinnretninger og elektrisk utstyr (lights, reflectors, electrical)",549,3631,0.1512
MERCEDES-BENZ,A-Klasse,4,4,"Lykter, refleksinnretninger og elektrisk utstyr (lights, reflectors, electrical)",1074,2238,0.4799
FORD,KUGA,2,4,"Lykter, refleksinnretninger og elektrisk utstyr (lights, reflectors, electrical)",440,4067,0.1082
AUDI,Q5,4,4,"Lykter, refleksinnretninger og elektrisk utstyr (lights, reflectors, electrical)",2703,5189,0.5209
PEUGEOT,508,3,4,"Lykter, refleksinnretninger og elektrisk utstyr (lights, reflectors, electrical)",2978,4721,0.6308
CITROËN,C4 PICASSO,4,4,"Lykter, refleksinnretninger og elektrisk utstyr (lights, reflectors, electrical)",1376,1058,1.3006
TOYOTA,AVENSIS,4,4,"Lykter, refleksinnretninger og elektrisk utstyr (lights, reflectors, electrical)",21410,20526,1.0431
MERCEDES-BENZ,C-Klasse,4,4,"Lykter, refleksinnretninger og elektrisk utstyr (lights, reflectors, electrical)",4420,7755,0.57
TOYOTA,RAV4,1,4,"Lykter, refleksinnretninger og elektrisk utstyr (lights, reflectors, electrical)",1519,29243,0.0519
FORD,NY Focus,4,4,"Lykter, refleksinnretninger og elektrisk utstyr (lights, reflectors, electrical)",10797,12012,0.8989
MAZDA,MAZDA3,1,4,"Lykter, refleksinnretninger og elektrisk utstyr (lights, reflectors, electrical)",55,1523,0.0361
TOYOTA,AYGO 3/5-DØRS,4,4,"Lykter, refleksinnretninger og elektrisk utstyr (lights, reflectors, electrical)",1951,3007,0.6488
KIA,VENGA,4,4,"Lykter, refleksinnretninger og elektrisk utstyr (lights, reflectors, electrical)",471,668,0.7051
BMW,2-Serie,3,4,"Lykter, refleksinnretninger og elektrisk utstyr (lights, reflectors, electrical)",175,949,0.1844
CITROËN,C4 Cactus,1,4,"Lykter, refleksinnretninger og elektrisk utstyr (lights, reflectors, electrical)",242,1085,0.223
VOLKSWAGEN,UP!,1,4,"Lykter, refleksinnretninger og elektrisk utstyr (lights, reflectors, electrical)",86,680,0.1265
KIA,CEED,2,4,"Lykter, refleksinnretninger og elektrisk utstyr (lights, reflectors, electrical)",339,1150,0.2948
TOYOTA,AYGO,1,4,"Lykter, refleksinnretninger og elektrisk utstyr (lights, reflectors, electrical)",40,689,0.0581
FORD,C-MAX,4,4,"Lykter, refleksinnretninger og elektrisk utstyr (lights, reflectors, electrical)",733,1034,0.7089
MAZDA,2,1,4,"Lykter, refleksinnretninger og elektrisk utstyr (lights, reflectors, electrical)",24,625,0.0384
MERCEDES-BENZ,GLE,2,4,"Lykter, refleksinnretninger og elektrisk utstyr (lights, reflectors, electrical)",92,719,0.128
HYUNDAI,I10,1,4,"Lykter, refleksinnretninger og elektrisk utstyr (lights, reflectors, electrical)",15,161,0.0932
KIA,Optima,2,4,"Lykter, refleksinnretninger og elektrisk utstyr (lights, reflectors, electrical)",110,926,0.1188
KIA,SPORTAGE,4,4,"Lykter, refleksinnretninger og elektrisk utstyr (lights, reflectors, electrical)",715,1242,0.5757
PEUGEOT,108,3,4,"Lykter, refleksinnretninger og elektrisk utstyr (lights, reflectors, electrical)",60,301,0.1993
FIAT,PANDA,2,4,"Lykter, refleksinnretninger og elektrisk utstyr (lights, reflectors, electrical)",23,94,0.2447
AUDI,A1 SPORTBACK,4,4,"Lykter, refleksinnretninger og elektrisk utstyr (lights, reflectors, electrical)",41,183,0.224
FORD,B-MAX,1,4,"Lykter, refleksinnretninger og elektrisk utstyr (lights, reflectors, electrical)",1,5,0.2
HONDA,CIVIC,4,4,"Lykter, refleksinnretninger og elektrisk utstyr (lights, reflectors, electrical)",3342,2980,1.1215
NISSAN,X-TRAIL,4,4,"Lykter, refleksinnretninger og elektrisk utstyr (lights, reflectors, electrical)",2884,3637,0.793
NISSAN,Qashqai J11A,2,4,"Lykter, refleksinnretninger og elektrisk utstyr (lights, reflectors, electrical)",855,7503,0.114
VOLKSWAGEN,TIGUAN,3,4,"Lykter, refleksinnretninger og elektrisk utstyr (lights, reflectors, electrical)",3563,13669,0.2607
SKODA,OCTAVIA COMBI,1,4,"Lykter, refleksinnretninger og elektrisk utstyr (lights, reflectors, electrical)",678,14749,0.046
MERCEDES-BENZ,B-Klasse,3,4,"Lykter, refleksinnretninger og elektrisk utstyr (lights, reflectors, electrical)",1452,4025,0.3607
VOLVO,V90,1,4,"Lykter, refleksinnretninger og elektrisk utstyr (lights, reflectors, electrical)",740,10928,0.0677
VOLVO,XC60,4,4,"Lykter, refleksinnretninger og elektrisk utstyr (lights, reflectors, electrical)",3489,9334,0.3738
BMW,X3,3,4,"Lykter, refleksinnretninger og elektrisk utstyr (lights, reflectors, electrical)",3840,9399,0.4086
MITSUBISHI,OUTLANDER,3,4,"Lykter, refleksinnretninger og elektrisk utstyr (lights, reflectors, electrical)",8454,16791,0.5035
NISSAN,MICRA,1,4,"Lykter, refleksinnretninger og elektrisk utstyr (lights, reflectors, electrical)",16,296,0.0541
SUZUKI,SWIFT,4,4,"Lykter, refleksinnretninger og elektrisk utstyr (lights, reflectors, electrical)",2793,4271,0.6539
MERCEDES-BENZ,C,3,4,"Lykter, refleksinnretninger og elektrisk utstyr (lights, reflectors, electrical)",1504,6797,0.2213
BMW,1-Serie,2,4,"Lykter, refleksinnretninger og elektrisk utstyr (lights, reflectors, electrical)",184,1319,0.1395
BMW,5-Serie,3,4,"Lykter, refleksinnretninger og elektrisk utstyr (lights, reflectors, electrical)",2481,8687,0.2856
TOYOTA,VERSO,3,4,"Lykter, refleksinnretninger og elektrisk utstyr (lights, reflectors, electrical)",1614,3553,0.4543
PEUGEOT,308,2,4,"Lykter, refleksinnretninger og elektrisk utstyr (lights, reflectors, electrical)",1164,4530,0.257
RENAULT,MEGANE SPORT TOURER,2,4,"Lykter, refleksinnretninger og elektrisk utstyr (lights, reflectors, electrical)",114,326,0.3497
OPEL,ASTRA,2,4,"Lykter, refleksinnretninger og elektrisk utstyr (lights, reflectors, electrical)",201,1977,0.1017
HYUNDAI,i30 Stc.,4,4,"Lykter, refleksinnretninger og elektrisk utstyr (lights, reflectors, electrical)",3188,3800,0.8389
KIA,PICANTO,2,4,"Lykter, refleksinnretninger og elektrisk utstyr (lights, reflectors, electrical)",162,1280,0.1266
TOYOTA,AURIS,1,4,"Lykter, refleksinnretninger og elektrisk utstyr (lights, reflectors, electrical)",871,6033,0.1444
SKODA,FABIA COMBI,2,4,"Lykter, refleksinnretninger og elektrisk utstyr (lights, reflectors, electrical)",394,3224,0.1222
SKODA,RAPID SPACEBACK,1,4,"Lykter, refleksinnretninger og elektrisk utstyr (lights, reflectors, electrical)",33,482,0.0685
TOYOTA,YARIS,4,4,"Lykter, refleksinnretninger og elektrisk utstyr (lights, reflectors, electrical)",9333,12845,0.7266
MERCEDES-BENZ,E-Klasse,4,4,"Lykter, refleksinnretninger og elektrisk utstyr (lights, reflectors, electrical)",4577,11198,0.4087
SUZUKI,SX4 COMBIBACK,3,4,"Lykter, refleksinnretninger og elektrisk utstyr (lights, reflectors, electrical)",1855,6632,0.2797
NISSAN,QASHQAI,1,4,"Lykter, refleksinnretninger og elektrisk utstyr (lights, reflectors, electrical)",288,4798,0.06
FORD,FOCUS,4,4,"Lykter, refleksinnretninger og elektrisk utstyr (lights, reflectors, electrical)",10797,12012,0.8989
DACIA,Duster,3,4,"Lykter, refleksinnretninger og elektrisk utstyr (lights, reflectors, electrical)",337,489,0.6892
KIA,Niro,1,4,"Lykter, refleksinnretninger og elektrisk utstyr (lights, reflectors, electrical)",363,5432,0.0668
OPEL,INSIGNIA,1,4,"Lykter, refleksinnretninger og elektrisk utstyr (lights, reflectors, electrical)",38,1365,0.0278
HYUNDAI,I20,1,4,"Lykter, refleksinnretninger og elektrisk utstyr (lights, reflectors, electrical)",86,1113,0.0773
TOYOTA,AVENSIS STW,1,4,"Lykter, refleksinnretninger og elektrisk utstyr (lights, reflectors, electrical)",54,538,0.1004
CITROËN,C3,2,4,"Lykter, refleksinnretninger og elektrisk utstyr (lights, reflectors, electrical)",288,1100,0.2618
RENAULT,Ny Clio,4,4,"Lykter, refleksinnretninger og elektrisk utstyr (lights, reflectors, electrical)",564,517,1.0909
RENAULT,Kadjar,2,4,"Lykter, refleksinnretninger og elektrisk utstyr (lights, reflectors, electrical)",92,688,0.1337
HONDA,JAZZ,2,4,"Lykter, refleksinnretninger og elektrisk utstyr (lights, reflectors, electrical)",88,727,0.121
FIAT,Punto S7,3,4,"Lykter, refleksinnretninger og elektrisk utstyr (lights, reflectors, electrical)",56,91,0.6154
SKODA,SCALA,1,4,"Lykter, refleksinnretninger og elektrisk utstyr (lights, reflectors, electrical)",12,339,0.0354
NISSAN,NOTE,2,4,"Lykter, refleksinnretninger og elektrisk utstyr (lights, reflectors, electrical)",43,358,0.1201
FIAT,500,2,4,"Lykter, refleksinnretninger og elektrisk utstyr (lights, reflectors, electrical)",85,384,0.2214
SEAT,IBIZA,1,4,"Lykter, refleksinnretninger og elektrisk utstyr (lights, reflectors, electrical)",17,162,0.1049
PEUGEOT,207,3,4,"Lykter, refleksinnretninger og elektrisk utstyr (lights, reflectors, electrical)",516,610,0.8459
RENAULT,CLIO,1,4,"Lykter, refleksinnretninger og elektrisk utstyr (lights, reflectors, electrical)",57,563,0.1012
HYUNDAI,I30,3,4,"Lykter, refleksinnretninger og elektrisk utstyr (lights, reflectors, electrical)",138,164,0.8415
AUDI,A3 Limousine,1,4,"Lykter, refleksinnretninger og elektrisk utstyr (lights, reflectors, electrical)",2,109,0.0183
CHEVROLET,SPARK,4,4,"Lykter, refleksinnretninger og elektrisk utstyr (lights, reflectors, electrical)",8,21,0.381
SUZUKI,VITARA,3,4,"Lykter, refleksinnretninger og elektrisk utstyr (lights, reflectors, electrical)",213,1056,0.2017
MAZDA,CX-5,4,4,"Lykter, refleksinnretninger og elektrisk utstyr (lights, reflectors, electrical)",123,302,0.4073
VOLVO,V40,4,4,"Lykter, refleksinnretninger og elektrisk utstyr (lights, reflectors, electrical)",120,243,0.4938
MAZDA,CX-3,3,4,"Lykter, refleksinnretninger og elektrisk utstyr (lights, reflectors, electrical)",117,1002,0.1168
AUDI,A5 SPORTBACK,4,4,"Lykter, refleksinnretninger og elektrisk utstyr (lights, reflectors, electrical)",27,69,0.3913
TOYOTA,Yaris Cross,1,4,"Lykter, refleksinnretninger og elektrisk utstyr (lights, reflectors, electrical)",10,261,0.0383
MERCEDES-BENZ,E,4,4,"Lykter, refleksinnretninger og elektrisk utstyr (lights, reflectors, electrical)",4577,11198,0.4087
BMW,2-Serie,1,4,"Lykter, refleksinnretninger og elektrisk utstyr (lights, reflectors, electrical)",577,7055,0.0818
VOLVO,V50,4,4,"Lykter, refleksinnretninger og elektrisk utstyr (lights, reflectors, electrical)",10612,11296,0.9394
VOLKSWAGEN,POLO,3,4,"Lykter, refleksinnretninger og elektrisk utstyr (lights, reflectors, electrical)",3031,10576,0.2866
AUDI,A3,4,4,"Lykter, refleksinnretninger og elektrisk utstyr (lights, reflectors, electrical)",4726,8787,0.5378
VOLKSWAGEN,UP!,3,4,"Lykter, refleksinnretninger og elektrisk utstyr (lights, reflectors, electrical)",961,4436,0.2166
CITROËN,C4 Cactus,3,4,"Lykter, refleksinnretninger og elektrisk utstyr (lights, reflectors, electrical)",330,775,0.4258
FORD,FOCUS STATIONSVOGN,2,4,"Lykter, refleksinnretninger og elektrisk utstyr (lights, reflectors, electrical)",1137,5076,0.224
FORD,FIESTA 5 DØRS,3,4,"Lykter, refleksinnretninger og elektrisk utstyr (lights, reflectors, electrical)",3584,8583,0.4176
HONDA,CR-V,2,4,"Lykter, refleksinnretninger og elektrisk utstyr (lights, reflectors, electrical)",483,2570,0.1879
TOYOTA,RAV4,3,4,"Lykter, refleksinnretninger og elektrisk utstyr (lights, reflectors, electrical)",2834,11242,0.2521
SKODA,OCTAVIA,2,4,"Lykter, refleksinnretninger og elektrisk utstyr (lights, reflectors, electrical)",1688,13702,0.1232
SKODA,FABIA,4,4,"Lykter, refleksinnretninger og elektrisk utstyr (lights, reflectors, electrical)",3009,4252,0.7077
SKODA,SUPERB,4,4,"Lykter, refleksinnretninger og elektrisk utstyr (lights, reflectors, electrical)",3204,3621,0.8848
MAZDA,MAZDA3,3,4,"Lykter, refleksinnretninger og elektrisk utstyr (lights, reflectors, electrical)",724,2880,0.2514
TOYOTA,AYGO,3,4,"Lykter, refleksinnretninger og elektrisk utstyr (lights, reflectors, electrical)",900,2298,0.3916
MITSUBISHI,ASX,1,4,"Lykter, refleksinnretninger og elektrisk utstyr (lights, reflectors, electrical)",19,452,0.042
AUDI,A6 AVANT,2,4,"Lykter, refleksinnretninger og elektrisk utstyr (lights, reflectors, electrical)",98,1067,0.0918
HYUNDAI,I40,2,4,"Lykter, refleksinnretninger og elektrisk utstyr (lights, reflectors, electrical)",34,123,0.2764
OPEL,MERIVA,4,4,"Lykter, refleksinnretninger og elektrisk utstyr (lights, reflectors, electrical)",848,1312,0.6463
MAZDA,2,3,4,"Lykter, refleksinnretninger og elektrisk utstyr (lights, reflectors, electrical)",646,1899,0.3402
KIA,CEED SW,4,4,"Lykter, refleksinnretninger og elektrisk utstyr (lights, reflectors, electrical)",649,742,0.8747
SUZUKI,ALTO,4,4,"Lykter, refleksinnretninger og elektrisk utstyr (lights, reflectors, electrical)",236,392,0.602
KIA,CEE'D SW,2,4,"Lykter, refleksinnretninger og elektrisk utstyr (lights, reflectors, electrical)",339,1150,0.2948
HYUNDAI,I10,3,4,"Lykter, refleksinnretninger og elektrisk utstyr (lights, reflectors, electrical)",411,1046,0.3929
KIA,RIO,2,4,"Lykter, refleksinnretninger og elektrisk utstyr (lights, reflectors, electrical)",191,1154,0.1655
PEUGEOT,108,1,4,"Lykter, refleksinnretninger og elektrisk utstyr (lights, reflectors, electrical)",13,129,0.1008
TOYOTA,Aygo X,2,4,"Lykter, refleksinnretninger og elektrisk utstyr (lights, reflectors, electrical)",83,608,0.1365
CITROËN,BERLINGO,4,4,"Lykter, refleksinnretninger og elektrisk utstyr (lights, reflectors, electrical)",1123,993,1.1309
FORD,B-MAX,3,4,"Lykter, refleksinnretninger og elektrisk utstyr (lights, reflectors, electrical)",433,1129,0.3835
PEUGEOT,508,1,4,"Lykter, refleksinnretninger og elektrisk utstyr (lights, reflectors, electrical)",76,1065,0.0714
VOLVO,XC90,3,4,"Lykter, refleksinnretninger og elektrisk utstyr (lights, reflectors, electrical)",342,1135,0.3013
AUDI,A4 AVANT,4,4,"Lykter, refleksinnretninger og elektrisk utstyr (lights, reflectors, electrical)",61,152,0.4013
OPEL,Mokka,4,4,"Lykter, refleksinnretninger og elektrisk utstyr (lights, reflectors, electrical)",4,35,0.1143
VOLVO,XC60,3,4,"Lykter, refleksinnretninger og elektrisk utstyr (lights, reflectors, electrical)",2873,13968,0.2057
BMW,5-Serie,4,4,"Lykter, refleksinnretninger og elektrisk utstyr (lights, reflectors, electrical)",6769,10877,0.6223
MAZDA,CX-5,3,4,"Lykter, refleksinnretninger og elektrisk utstyr (lights, reflectors, electrical)",3826,14518,0.2635
VOLKSWAGEN,TIGUAN,4,4,"Lykter, refleksinnretninger og elektrisk utstyr (lights, reflectors, electrical)",5460,11058,0.4938
MITSUBISHI,OUTLANDER,4,4,"Lykter, refleksinnretninger og elektrisk utstyr (lights, reflectors, electrical)",10100,10148,0.9953
VOLVO,V40,3,4,"Lykter, refleksinnretninger og elektrisk utstyr (lights, reflectors, electrical)",3263,13394,0.2436
BMW,X3,4,4,"Lykter, refleksinnretninger og elektrisk utstyr (lights, reflectors, electrical)",2877,5417,0.5311
SKODA,KAROQ,1,4,"Lykter, refleksinnretninger og elektrisk utstyr (lights, reflectors, electrical)",71,2413,0.0294
PEUGEOT,207,4,4,"Lykter, refleksinnretninger og elektrisk utstyr (lights, reflectors, electrical)",5396,5486,0.9836
RENAULT,Captur,2,4,"Lykter, refleksinnretninger og elektrisk utstyr (lights, reflectors, electrical)",185,1187,0.1559
AUDI,A5 SPORTBACK,3,4,"Lykter, refleksinnretninger og elektrisk utstyr (lights, reflectors, electrical)",236,880,0.2682
SUZUKI,SX4,1,4,"Lykter, refleksinnretninger og elektrisk utstyr (lights, reflectors, electrical)",81,2054,0.0394
BMW,X1,2,4,"Lykter, refleksinnretninger og elektrisk utstyr (lights, reflectors, electrical)",622,3404,0.1827
HONDA,CIVIC,3,4,"Lykter, refleksinnretninger og elektrisk utstyr (lights, reflectors, electrical)",927,2369,0.3913
MERCEDES-BENZ,C,4,4,"Lykter, refleksinnretninger og elektrisk utstyr (lights, reflectors, electrical)",4420,7755,0.57
NISSAN,X-TRAIL,3,4,"Lykter, refleksinnretninger og elektrisk utstyr (lights, reflectors, electrical)",1045,2381,0.4389
SUZUKI,SWIFT,3,4,"Lykter, refleksinnretninger og elektrisk utstyr (lights, reflectors, electrical)",2326,4814,0.4832
RENAULT,Ny Clio,3,4,"Lykter, refleksinnretninger og elektrisk utstyr (lights, reflectors, electrical)",808,1622,0.4982
SUZUKI,SX4 COMBIBACK,4,4,"Lykter, refleksinnretninger og elektrisk utstyr (lights, reflectors, electrical)",2729,4809,0.5675
TOYOTA,YARIS,3,4,"Lykter, refleksinnretninger og elektrisk utstyr (lights, reflectors, electrical)",6442,21128,0.3049
FORD,FIESTA,2,4,"Lykter, refleksinnretninger og elektrisk utstyr (lights, reflectors, electrical)",915,4402,0.2079
VOLKSWAGEN,PASSAT,2,4,"Lykter, refleksinnretninger og elektrisk utstyr (lights, reflectors, electrical)",1265,14320,0.0883
MERCEDES-BENZ,E-Klasse,3,4,"Lykter, refleksinnretninger og elektrisk utstyr (lights, reflectors, electrical)",1909,8181,0.2333
FORD,MONDEO,2,4,"Lykter, refleksinnretninger og elektrisk utstyr (lights, reflectors, electrical)",926,5589,0.1657
CITROËN,C4,2,4,"Lykter, refleksinnretninger og elektrisk utstyr (lights, reflectors, electrical)",1271,3636,0.3496
FORD,Focus,2,4,"Lykter, refleksinnretninger og elektrisk utstyr (lights, reflectors, electrical)",1137,5076,0.224
HYUNDAI,I30,4,4,"Lykter, refleksinnretninger og elektrisk utstyr (lights, reflectors, electrical)",3188,3800,0.8389
FORD,FOCUS,3,4,"Lykter, refleksinnretninger og elektrisk utstyr (lights, reflectors, electrical)",8104,15257,0.5312
MERCEDES-BENZ,CLA,1,4,"Lykter, refleksinnretninger og elektrisk utstyr (lights, reflectors, electrical)",66,1365,0.0484
MERCEDES-BENZ,B-Klasse,4,4,"Lykter, refleksinnretninger og elektrisk utstyr (lights, reflectors, electrical)",2392,4180,0.5722
VOLKSWAGEN,CADDY,2,4,"Lykter, refleksinnretninger og elektrisk utstyr (lights, reflectors, electrical)",238,818,0.291
OPEL,CORSA,1,4,"Lykter, refleksinnretninger og elektrisk utstyr (lights, reflectors, electrical)",19,389,0.0488
TOYOTA,VERSO,4,4,"Lykter, refleksinnretninger og elektrisk utstyr (lights, reflectors, electrical)",2291,2396,0.9562
HYUNDAI,I 10,1,4,"Lykter, refleksinnretninger og elektrisk utstyr (lights, reflectors, electrical)",15,161,0.0932
OPEL,ASTRA SPORTS TOURER,2,4,"Lykter, refleksinnretninger og elektrisk utstyr (lights, reflectors, electrical)",34,374,0.0909
SEAT,LEON,1,4,"Lykter, refleksinnretninger og elektrisk utstyr (lights, reflectors, electrical)",11,71,0.1549
FIAT,Punto S7,4,4,"Lykter, refleksinnretninger og elektrisk utstyr (lights, reflectors, electrical)",259,347,0.7464
CHEVROLET,SPARK,3,4,"Lykter, refleksinnretninger og elektrisk utstyr (lights, reflectors, electrical)",211,308,0.6851
HYUNDAI,i30 Stc.,3,4,"Lykter, refleksinnretninger og elektrisk utstyr (lights, reflectors, electrical)",138,164,0.8415
OPEL,ZAFIRA,1,4,"Lykter, refleksinnretninger og elektrisk utstyr (lights, reflectors, electrical)",2,47,0.0426
MERCEDES-BENZ,GLC,3,4,"Lykter, refleksinnretninger og elektrisk utstyr (lights, reflectors, electrical)",11,311,0.0354
CITROËN,C3 Aircross,2,4,"Lykter, refleksinnretninger og elektrisk utstyr (lights, reflectors, electrical)",17,91,0.1868
DACIA,Duster,4,4,"Lykter, refleksinnretninger og elektrisk utstyr (lights, reflectors, electrical)",12,8,1.5
AUDI,A3 CABRIOLET,1,4,"Lykter, refleksinnretninger og elektrisk utstyr (lights, reflectors, electrical)",1,7,0.1429
PEUGEOT,107,2,4,"Lykter, refleksinnretninger og elektrisk utstyr (lights, reflectors, electrical)",1,7,0.1429
SEAT,Ibiza GP2,2,4,"Lykter, refleksinnretninger og elektrisk utstyr (lights, reflectors, electrical)",0,1,0.0
SKODA,SUPERB COMBI,3,4,"Lykter, refleksinnretninger og elektrisk utstyr (lights, reflectors, electrical)",3893,6121,0.636
TOYOTA,YARIS 5-DØRS,1,4,"Lykter, refleksinnretninger og elektrisk utstyr (lights, reflectors, electrical)",1122,16882,0.0665
BMW,X5,3,4,"Lykter, refleksinnretninger og elektrisk utstyr (lights, reflectors, electrical)",634,2684,0.2362
KIA,Stonic,1,4,"Lykter, refleksinnretninger og elektrisk utstyr (lights, reflectors, electrical)",39,630,0.0619
TOYOTA,Aygo X,4,4,"Lykter, refleksinnretninger og elektrisk utstyr (lights, reflectors, electrical)",1951,3007,0.6488
AUDI,Q3,3,4,"Lykter, refleksinnretninger og elektrisk utstyr (lights, reflectors, electrical)",745,2899,0.257
HONDA,CR-V,4,4,"Lykter, refleksinnretninger og elektrisk utstyr (lights, reflectors, electrical)",11059,9204,1.2015
MERCEDES-BENZ,E,2,4,"Lykter, refleksinnretninger og elektrisk utstyr (lights, reflectors, electrical)",464,3761,0.1234
AUDI,A3,2,4,"Lykter, refleksinnretninger og elektrisk utstyr (lights, reflectors, electrical)",1104,9233,0.1196
VOLKSWAGEN,Golf Sportsvan,2,4,"Lykter, refleksinnretninger og elektrisk utstyr (lights, reflectors, electrical)",191,2883,0.0663
PEUGEOT,208,3,4,"Lykter, refleksinnretninger og elektrisk utstyr (lights, reflectors, electrical)",1620,5152,0.3144
FORD,FOCUS STATIONSVOGN,4,4,"Lykter, refleksinnretninger og elektrisk utstyr (lights, reflectors, electrical)",10797,12012,0.8989
PEUGEOT,2008,3,4,"Lykter, refleksinnretninger og elektrisk utstyr (lights, reflectors, electrical)",947,2682,0.3531
MAZDA,3,1,4,"Lykter, refleksinnretninger og elektrisk utstyr (lights, reflectors, electrical)",55,1523,0.0361
OPEL,Mokka,2,4,"Lykter, refleksinnretninger og elektrisk utstyr (lights, reflectors, electrical)",349,3055,0.1142
AUDI,A4 AVANT,2,4,"Lykter, refleksinnretninger og elektrisk utstyr (lights, reflectors, electrical)",208,1848,0.1126
CITROËN,DS3,3,4,"Lykter, refleksinnretninger og elektrisk utstyr (lights, reflectors, electrical)",1119,1430,0.7825
FORD,MONDEO STATIONCAR,1,4,"Lykter, refleksinnretninger og elektrisk utstyr (lights, reflectors, electrical)",159,1541,0.1032
SKODA,OCTAVIA,4,4,"Lykter, refleksinnretninger og elektrisk utstyr (lights, reflectors, electrical)",13389,12917,1.0365
SKODA,FABIA,2,4,"Lykter, refleksinnretninger og elektrisk utstyr (lights, reflectors, electrical)",394,3224,0.1222
AUDI,A3 Sportback,1,4,"Lykter, refleksinnretninger og elektrisk utstyr (lights, reflectors, electrical)",343,3698,0.0928
SKODA,SUPERB,2,4,"Lykter, refleksinnretninger og elektrisk utstyr (lights, reflectors, electrical)",753,5609,0.1342
TOYOTA,COROLLA,1,4,"Lykter, refleksinnretninger og elektrisk utstyr (lights, reflectors, electrical)",329,9061,0.0363
MINI,COOPER,1,4,"Lykter, refleksinnretninger og elektrisk utstyr (lights, reflectors, electrical)",40,538,0.0743
KIA,CEED SW,2,4,"Lykter, refleksinnretninger og elektrisk utstyr (lights, reflectors, electrical)",339,1150,0.2948
VOLKSWAGEN,TOURAN,1,4,"Lykter, refleksinnretninger og elektrisk utstyr (lights, reflectors, electrical)",93,1595,0.0583
TOYOTA,AYGO 5-DØRS,1,4,"Lykter, refleksinnretninger og elektrisk utstyr (lights, reflectors, electrical)",40,689,0.0581
MAZDA,MAZDA2,3,4,"Lykter, refleksinnretninger og elektrisk utstyr (lights, reflectors, electrical)",646,1899,0.3402
KIA,CEE'D SW,4,4,"Lykter, refleksinnretninger og elektrisk utstyr (lights, reflectors, electrical)",649,742,0.8747
CITROËN,BERLINGO,2,4,"Lykter, refleksinnretninger og elektrisk utstyr (lights, reflectors, electrical)",159,293,0.5427
MERCEDES-BENZ,GLA,1,4,"Lykter, refleksinnretninger og elektrisk utstyr (lights, reflectors, electrical)",46,938,0.049
HYUNDAI,Ioniq,2,4,"Lykter, refleksinnretninger og elektrisk utstyr (lights, reflectors, electrical)",77,834,0.0923
HYUNDAI,I40,4,4,"Lykter, refleksinnretninger og elektrisk utstyr (lights, reflectors, electrical)",475,753,0.6308
FORD,GALAXY,1,4,"Lykter, refleksinnretninger og elektrisk utstyr (lights, reflectors, electrical)",22,191,0.1152
SUZUKI,ALTO,2,4,"Lykter, refleksinnretninger og elektrisk utstyr (lights, reflectors, electrical)",5,5,1.0
OPEL,MERIVA,2,4,"Lykter, refleksinnretninger og elektrisk utstyr (lights, reflectors, electrical)",10,68,0.1471
KIA,RIO,4,4,"Lykter, refleksinnretninger og elektrisk utstyr (lights, reflectors, electrical)",132,248,0.5323
AUDI,A6 AVANT,4,4,"Lykter, refleksinnretninger og elektrisk utstyr (lights, reflectors, electrical)",60,143,0.4196
VOLVO,XC40,2,4,"Lykter, refleksinnretninger og elektrisk utstyr (lights, reflectors, electrical)",6,184,0.0326
MAZDA,MAZDA6,3,4,"Lykter, refleksinnretninger og elektrisk utstyr (lights, reflectors, electrical)",1297,3352,0.3869
BMW,X1,1,4,"Lykter, refleksinnretninger og elektrisk utstyr (lights, reflectors, electrical)",554,7080,0.0782
BMW,3-Serie,3,4,"Lykter, refleksinnretninger og elektrisk utstyr (lights, reflectors, electrical)",3508,8958,0.3916
NISSAN,JUKE,4,4,"Lykter, refleksinnretninger og elektrisk utstyr (lights, reflectors, electrical)",423,753,0.5618
CITROËN,C 1,3,4,"Lykter, refleksinnretninger og elektrisk utstyr (lights, reflectors, electrical)",403,880,0.458
SUZUKI,SX4,2,4,"Lykter, refleksinnretninger og elektrisk utstyr (lights, reflectors, electrical)",332,2476,0.1341
VOLKSWAGEN,CADDY,1,4,"Lykter, refleksinnretninger og elektrisk utstyr (lights, reflectors, electrical)",107,865,0.1237
MITSUBISHI,SPACE STAR,3,4,"Lykter, refleksinnretninger og elektrisk utstyr (lights, reflectors, electrical)",516,2090,0.2469
PEUGEOT,3008,3,4,"Lykter, refleksinnretninger og elektrisk utstyr (lights, reflectors, electrical)",2285,3530,0.6473
MERCEDES-BENZ,CLA,2,4,"Lykter, refleksinnretninger og elektrisk utstyr (lights, reflectors, electrical)",297,2377,0.1249
CITROËN,C3 PICASSO,4,4,"Lykter, refleksinnretninger og elektrisk utstyr (lights, reflectors, electrical)",594,833,0.7131
RENAULT,Captur,1,4,"Lykter, refleksinnretninger og elektrisk utstyr (lights, reflectors, electrical)",64,1550,0.0413
VOLKSWAGEN,PASSAT,1,4,"Lykter, refleksinnretninger og elektrisk utstyr (lights, reflectors, electrical)",554,11253,0.0492
FORD,FIESTA,1,4,"Lykter, refleksinnretninger og elektrisk utstyr (lights, reflectors, electrical)",163,3219,0.0506
FORD,MONDEO,1,4,"Lykter, refleksinnretninger og elektrisk utstyr (lights, reflectors, electrical)",159,1541,0.1032
FORD,Focus,1,4,"Lykter, refleksinnretninger og elektrisk utstyr (lights, reflectors, electrical)",423,6110,0.0692
HYUNDAI,Tucson,3,4,"Lykter, refleksinnretninger og elektrisk utstyr (lights, reflectors, electrical)",874,2331,0.3749
VOLVO,V60,4,4,"Lykter, refleksinnretninger og elektrisk utstyr (lights, reflectors, electrical)",1424,3752,0.3795
OPEL,CORSA,2,4,"Lykter, refleksinnretninger og elektrisk utstyr (lights, reflectors, electrical)",178,1681,0.1059
FORD,PUMA,1,4,"Lykter, refleksinnretninger og elektrisk utstyr (lights, reflectors, electrical)",9,614,0.0147
HYUNDAI,i10 AC3,4,4,"Lykter, refleksinnretninger og elektrisk utstyr (lights, reflectors, electrical)",528,982,0.5377
CITROËN,C3 Aircross,1,4,"Lykter, refleksinnretninger og elektrisk utstyr (lights, reflectors, electrical)",69,782,0.0882
CITROËN,C4,1,4,"Lykter, refleksinnretninger og elektrisk utstyr (lights, reflectors, electrical)",563,2520,0.2234
RENAULT,MEGANE,4,4,"Lykter, refleksinnretninger og elektrisk utstyr (lights, reflectors, electrical)",1812,1622,1.1171
CITROËN,C1,4,4,"Lykter, refleksinnretninger og elektrisk utstyr (lights, reflectors, electrical)",656,1119,0.5862
SEAT,Ibiza GP2,1,4,"Lykter, refleksinnretninger og elektrisk utstyr (lights, reflectors, electrical)",17,162,0.1049
OPEL,ZAFIRA,2,4,"Lykter, refleksinnretninger og elektrisk utstyr (lights, reflectors, electrical)",26,235,0.1106
HYUNDAI,I 10,2,4,"Lykter, refleksinnretninger og elektrisk utstyr (lights, reflectors, electrical)",67,411,0.163
AUDI,A3 CABRIOLET,2,4,"Lykter, refleksinnretninger og elektrisk utstyr (lights, reflectors, electrical)",1,39,0.0256
OPEL,ASTRA SPORTS TOURER,1,4,"Lykter, refleksinnretninger og elektrisk utstyr (lights, reflectors, electrical)",1,128,0.0078
SKODA,KAROQ,2,4,"Lykter, refleksinnretninger og elektrisk utstyr (lights, reflectors, electrical)",7,173,0.0405
SKODA,CITIGO,4,4,"Lykter, refleksinnretninger og elektrisk utstyr (lights, reflectors, electrical)",14,64,0.2188
SEAT,LEON,2,4,"Lykter, refleksinnretninger og elektrisk utstyr (lights, reflectors, electrical)",1,5,0.2
OPEL,MERIVA,3,4,"Lykter, refleksinnretninger og elektrisk utstyr (lights, reflectors, electrical)",251,854,0.2939
VOLVO,V50,3,4,"Lykter, refleksinnretninger og elektrisk utstyr (lights, reflectors, electrical)",2388,3281,0.7278
AUDI,A3,3,4,"Lykter, refleksinnretninger og elektrisk utstyr (lights, reflectors, electrical)",2652,11732,0.226
MERCEDES-BENZ,E,3,4,"Lykter, refleksinnretninger og elektrisk utstyr (lights, reflectors, electrical)",1909,8181,0.2333
OPEL,Mokka,3,4,"Lykter, refleksinnretninger og elektrisk utstyr (lights, reflectors, electrical)",1241,4582,0.2708
VOLKSWAGEN,POLO,4,4,"Lykter, refleksinnretninger og elektrisk utstyr (lights, reflectors, electrical)",6803,11528,0.5901
PEUGEOT,2008,2,4,"Lykter, refleksinnretninger og elektrisk utstyr (lights, reflectors, electrical)",665,3179,0.2092
FORD,FIESTA 5 DØRS,4,4,"Lykter, refleksinnretninger og elektrisk utstyr (lights, reflectors, electrical)",5101,7906,0.6452
PEUGEOT,5008,1,4,"Lykter, refleksinnretninger og elektrisk utstyr (lights, reflectors, electrical)",583,4893,0.1191
AUDI,Q5,1,4,"Lykter, refleksinnretninger og elektrisk utstyr (lights, reflectors, electrical)",92,1438,0.064
AUDI,A4 AVANT,3,4,"Lykter, refleksinnretninger og elektrisk utstyr (lights, reflectors, electrical)",895,2969,0.3014
MAZDA,2,4,4,"Lykter, refleksinnretninger og elektrisk utstyr (lights, reflectors, electrical)",1296,2075,0.6246
BMW,X5,2,4,"Lykter, refleksinnretninger og elektrisk utstyr (lights, reflectors, electrical)",503,3601,0.1397
VOLKSWAGEN,Golf Sportsvan,3,4,"Lykter, refleksinnretninger og elektrisk utstyr (lights, reflectors, electrical)",156,1676,0.0931
KIA,SPORTAGE,1,4,"Lykter, refleksinnretninger og elektrisk utstyr (lights, reflectors, electrical)",93,1259,0.0739
SKODA,SUPERB COMBI,2,4,"Lykter, refleksinnretninger og elektrisk utstyr (lights, reflectors, electrical)",753,5609,0.1342
KIA,CEED SW,3,4,"Lykter, refleksinnretninger og elektrisk utstyr (lights, reflectors, electrical)",1578,3585,0.4402
MERCEDES-BENZ,C-Klasse,1,4,"Lykter, refleksinnretninger og elektrisk utstyr (lights, reflectors, electrical)",165,3637,0.0454
FORD,NY Focus,1,4,"Lykter, refleksinnretninger og elektrisk utstyr (lights, reflectors, electrical)",423,6110,0.0692
SKODA,SUPERB,3,4,"Lykter, refleksinnretninger og elektrisk utstyr (lights, reflectors, electrical)",3893,6121,0.636
TOYOTA,RAV4,4,4,"Lykter, refleksinnretninger og elektrisk utstyr (lights, reflectors, electrical)",6904,10666,0.6473
MAZDA,MAZDA3,4,4,"Lykter, refleksinnretninger og elektrisk utstyr (lights, reflectors, electrical)",2544,3328,0.7644
SKODA,FABIA,3,4,"Lykter, refleksinnretninger og elektrisk utstyr (lights, reflectors, electrical)",1368,3929,0.3482
MAZDA,MAZDA2,2,4,"Lykter, refleksinnretninger og elektrisk utstyr (lights, reflectors, electrical)",74,1120,0.0661
TOYOTA,AYGO,4,4,"Lykter, refleksinnretninger og elektrisk utstyr (lights, reflectors, electrical)",1951,3007,0.6488
AUDI,A1 SPORTBACK,1,4,"Lykter, refleksinnretninger og elektrisk utstyr (lights, reflectors, electrical)",33,902,0.0366
MERCEDES-BENZ,A-Klasse,1,4,"Lykter, refleksinnretninger og elektrisk utstyr (lights, reflectors, electrical)",91,2726,0.0334
TOYOTA,AVENSIS,1,4,"Lykter, refleksinnretninger og elektrisk utstyr (lights, reflectors, electrical)",54,538,0.1004
TOYOTA,AYGO 3/5-DØRS,1,4,"Lykter, refleksinnretninger og elektrisk utstyr (lights, reflectors, electrical)",40,689,0.0581
HYUNDAI,I10,4,4,"Lykter, refleksinnretninger og elektrisk utstyr (lights, reflectors, electrical)",528,982,0.5377
PEUGEOT,208,2,4,"Lykter, refleksinnretninger og elektrisk utstyr (lights, reflectors, electrical)",541,2180,0.2482
AUDI,Q3,2,4,"Lykter, refleksinnretninger og elektrisk utstyr (lights, reflectors, electrical)",159,1293,0.123
VOLVO,XC90,4,4,"Lykter, refleksinnretninger og elektrisk utstyr (lights, reflectors, electrical)",1982,1825,1.086
CITROËN,BERLINGO,3,4,"Lykter, refleksinnretninger og elektrisk utstyr (lights, reflectors, electrical)",553,704,0.7855
CITROËN,C4 PICASSO,1,4,"Lykter, refleksinnretninger og elektrisk utstyr (lights, reflectors, electrical)",218,823,0.2649
SUZUKI,ALTO,3,4,"Lykter, refleksinnretninger og elektrisk utstyr (lights, reflectors, electrical)",148,285,0.5193
FORD,C-MAX,1,4,"Lykter, refleksinnretninger og elektrisk utstyr (lights, reflectors, electrical)",22,235,0.0936
BMW,4-serie,1,4,"Lykter, refleksinnretninger og elektrisk utstyr (lights, reflectors, electrical)",6,85,0.0706
CITROËN,DS3,2,4,"Lykter, refleksinnretninger og elektrisk utstyr (lights, reflectors, electrical)",41,90,0.4556
KIA,VENGA,1,4,"Lykter, refleksinnretninger og elektrisk utstyr (lights, reflectors, electrical)",0,6,0.0
OPEL,Crossland X,2,4,"Lykter, refleksinnretninger og elektrisk utstyr (lights, reflectors, electrical)",29,177,0.1638
VOLKSWAGEN,UP!,4,4,"Lykter, refleksinnretninger og elektrisk utstyr (lights, reflectors, electrical)",87,234,0.3718
OPEL,Grandland X,2,4,"Lykter, refleksinnretninger og elektrisk utstyr (lights, reflectors, electrical)",8,125,0.064
FORD,B-MAX,4,4,"Lykter, refleksinnretninger og elektrisk utstyr (lights, reflectors, electrical)",13,19,0.6842
VOLKSWAGEN,GOLF,4,4,"Lykter, refleksinnretninger og elektrisk utstyr (lights, reflectors, electrical)",15262,32682,0.467
VOLKSWAGEN,TOURAN,3,4,"Lykter, refleksinnretninger og elektrisk utstyr (lights, reflectors, electrical)",2142,5455,0.3927
TOYOTA,YARIS 5-DØRS,3,4,"Lykter, refleksinnretninger og elektrisk utstyr (lights, reflectors, electrical)",6442,21128,0.3049
SKODA,SUPERB COMBI,1,4,"Lykter, refleksinnretninger og elektrisk utstyr (lights, reflectors, electrical)",421,6713,0.0627
FORD,MONDEO STATIONCAR,3,4,"Lykter, refleksinnretninger og elektrisk utstyr (lights, reflectors, electrical)",4493,9588,0.4686
AUDI,A1 SPORTBACK,2,4,"Lykter, refleksinnretninger og elektrisk utstyr (lights, reflectors, electrical)",133,1299,0.1024
FORD,KUGA,4,4,"Lykter, refleksinnretninger og elektrisk utstyr (lights, reflectors, electrical)",4264,5780,0.7377
KIA,SPORTAGE,2,4,"Lykter, refleksinnretninger og elektrisk utstyr (lights, reflectors, electrical)",873,3281,0.2661
TOYOTA,RAV4 Plug in,4,4,"Lykter, refleksinnretninger og elektrisk utstyr (lights, reflectors, electrical)",6904,10666,0.6473
FORD,S-MAX,4,4,"Lykter, refleksinnretninger og elektrisk utstyr (lights, reflectors, electrical)",5723,6314,0.9064
VOLKSWAGEN,PASSAT VARIANT,4,4,"Lykter, refleksinnretninger og elektrisk utstyr (lights, reflectors, electrical)",10653,15462,0.689
BMW,X5,1,4,"Lykter, refleksinnretninger og elektrisk utstyr (lights, reflectors, electrical)",545,5474,0.0996
OPEL,Grandland X,1,4,"Lykter, refleksinnretninger og elektrisk utstyr (lights, reflectors, electrical)",81,2268,0.0357
CITROËN,C4 PICASSO,2,4,"Lykter, refleksinnretninger og elektrisk utstyr (lights, reflectors, electrical)",567,1511,0.3752
PEUGEOT,208,1,4,"Lykter, refleksinnretninger og elektrisk utstyr (lights, reflectors, electrical)",117,1123,0.1042
MERCEDES-BENZ,GLA,3,4,"Lykter, refleksinnretninger og elektrisk utstyr (lights, reflectors, electrical)",138,1359,0.1015
MERCEDES-BENZ,A-Klasse,2,4,"Lykter, refleksinnretninger og elektrisk utstyr (lights, reflectors, electrical)",172,2268,0.0758
PEUGEOT,2008,1,4,"Lykter, refleksinnretninger og elektrisk utstyr (lights, reflectors, electrical)",259,2747,0.0943
VOLVO,V70,3,4,"Lykter, refleksinnretninger og elektrisk utstyr (lights, reflectors, electrical)",4064,11477,0.3541
MAZDA,3,3,4,"Lykter, refleksinnretninger og elektrisk utstyr (lights, reflectors, electrical)",724,2880,0.2514
FORD,GALAXY,3,4,"Lykter, refleksinnretninger og elektrisk utstyr (lights, reflectors, electrical)",1661,1766,0.9405
AUDI,Q5,2,4,"Lykter, refleksinnretninger og elektrisk utstyr (lights, reflectors, electrical)",296,2270,0.1304
FORD,C-MAX,2,4,"Lykter, refleksinnretninger og elektrisk utstyr (lights, reflectors, electrical)",108,749,0.1442
TOYOTA,AVENSIS,2,4,"Lykter, refleksinnretninger og elektrisk utstyr (lights, reflectors, electrical)",563,3935,0.1431
TOYOTA,AYGO 5-DØRS,3,4,"Lykter, refleksinnretninger og elektrisk utstyr (lights, reflectors, electrical)",900,2298,0.3916
FORD,NY Focus,2,4,"Lykter, refleksinnretninger og elektrisk utstyr (lights, reflectors, electrical)",1137,5076,0.224
AUDI,A3 Sportback,3,4,"Lykter, refleksinnretninger og elektrisk utstyr (lights, reflectors, electrical)",1797,9047,0.1986
MERCEDES-BENZ,C-Klasse,2,4,"Lykter, refleksinnretninger og elektrisk utstyr (lights, reflectors, electrical)",429,5861,0.0732
PEUGEOT,5008,2,4,"Lykter, refleksinnretninger og elektrisk utstyr (lights, reflectors, electrical)",440,1312,0.3354
FORD,KA,3,4,"Lykter, refleksinnretninger og elektrisk utstyr (lights, reflectors, electrical)",172,505,0.3406
OPEL,Crossland X,1,4,"Lykter, refleksinnretninger og elektrisk utstyr (lights, reflectors, electrical)",62,1377,0.045
MINI,COOPER,3,4,"Lykter, refleksinnretninger og elektrisk utstyr (lights, reflectors, electrical)",1395,3308,0.4217
KIA,CEED,4,4,"Lykter, refleksinnretninger og elektrisk utstyr (lights, reflectors, electrical)",649,742,0.8747
ALFA ROMEO,GIULIETTA,3,4,"Lykter, refleksinnretninger og elektrisk utstyr (lights, reflectors, electrical)",151,258,0.5853
AUDI,Q3,1,4,"Lykter, refleksinnretninger og elektrisk utstyr (lights, reflectors, electrical)",66,911,0.0724
TOYOTA,COROLLA,3,4,"Lykter, refleksinnretninger og elektrisk utstyr (lights, reflectors, electrical)",177,284,0.6232
MAZDA,MAZDA2,1,4,"Lykter, refleksinnretninger og elektrisk utstyr (lights, reflectors, electrical)",24,625,0.0384
BMW,4-serie,2,4,"Lykter, refleksinnretninger og elektrisk utstyr (lights, reflectors, electrical)",89,509,0.1749
TOYOTA,AYGO 3/5-DØRS,2,4,"Lykter, refleksinnretninger og elektrisk utstyr (lights, reflectors, electrical)",83,608,0.1365
FIAT,PANDA,4,4,"Lykter, refleksinnretninger og elektrisk utstyr (lights, reflectors, electrical)",64,101,0.6337
KIA,VENGA,2,4,"Lykter, refleksinnretninger og elektrisk utstyr (lights, reflectors, electrical)",66,273,0.2418
HYUNDAI,I30CW,3,4,"Lykter, refleksinnretninger og elektrisk utstyr (lights, reflectors, electrical)",138,164,0.8415
KIA,Optima,4,4,"Lykter, refleksinnretninger og elektrisk utstyr (lights, reflectors, electrical)",3,1,3.0
MITSUBISHI,OUTLANDER,1,4,"Lykter, refleksinnretninger og elektrisk utstyr (lights, reflectors, electrical)",2316,27166,0.0853
VOLVO,V60,2,4,"Lykter, refleksinnretninger og elektrisk utstyr (lights, reflectors, electrical)",656,6546,0.1002
SKODA,KODIAQ,2,4,"Lykter, refleksinnretninger og elektrisk utstyr (lights, reflectors, electrical)",116,2105,0.0551
VOLKSWAGEN,T-Roc,1,4,"Lykter, refleksinnretninger og elektrisk utstyr (lights, reflectors, electrical)",139,7258,0.0192
TOYOTA,AVENSIS STW,3,4,"Lykter, refleksinnretninger og elektrisk utstyr (lights, reflectors, electrical)",6064,12867,0.4713
SUZUKI,SX4,4,4,"Lykter, refleksinnretninger og elektrisk utstyr (lights, reflectors, electrical)",2729,4809,0.5675
TOYOTA,Toyota C-HR,1,4,"Lykter, refleksinnretninger og elektrisk utstyr (lights, reflectors, electrical)",1079,14399,0.0749
MERCEDES-BENZ,C,1,4,"Lykter, refleksinnretninger og elektrisk utstyr (lights, reflectors, electrical)",165,3637,0.0454
SKODA,OCTAVIA COMBI,3,4,"Lykter, refleksinnretninger og elektrisk utstyr (lights, reflectors, electrical)",8183,19319,0.4236
TOYOTA,AURIS,3,4,"Lykter, refleksinnretninger og elektrisk utstyr (lights, reflectors, electrical)",6947,23427,0.2965
AUDI,A3 CABRIOLET,4,4,"Lykter, refleksinnretninger og elektrisk utstyr (lights, reflectors, electrical)",90,166,0.5422
DACIA,Duster,1,4,"Lykter, refleksinnretninger og elektrisk utstyr (lights, reflectors, electrical)",260,767,0.339
SKODA,RAPID SPACEBACK,3,4,"Lykter, refleksinnretninger og elektrisk utstyr (lights, reflectors, electrical)",450,1667,0.2699
OPEL,INSIGNIA,3,4,"Lykter, refleksinnretninger og elektrisk utstyr (lights, reflectors, electrical)",1431,3483,0.4109
SUZUKI,VITARA,1,4,"Lykter, refleksinnretninger og elektrisk utstyr (lights, reflectors, electrical)",240,3773,0.0636
HYUNDAI,I20,3,4,"Lykter, refleksinnretninger og elektrisk utstyr (lights, reflectors, electrical)",1786,4313,0.4141
BMW,5-Serie,1,4,"Lykter, refleksinnretninger og elektrisk utstyr (lights, reflectors, electrical)",271,4543,0.0597
VOLKSWAGEN,TIGUAN,1,4,"Lykter, refleksinnretninger og elektrisk utstyr (lights, reflectors, electrical)",320,8054,0.0397
MAZDA,CX-3,1,4,"Lykter, refleksinnretninger og elektrisk utstyr (lights, reflectors, electrical)",122,2711,0.045
MERCEDES-BENZ,B-Klasse,1,4,"Lykter, refleksinnretninger og elektrisk utstyr (lights, reflectors, electrical)",89,856,0.104
HYUNDAI,IX20,3,4,"Lykter, refleksinnretninger og elektrisk utstyr (lights, reflectors, electrical)",931,1937,0.4806
NISSAN,QASHQAI,3,4,"Lykter, refleksinnretninger og elektrisk utstyr (lights, reflectors, electrical)",4489,10874,0.4128
SUZUKI,SX4 COMBIBACK,1,4,"Lykter, refleksinnretninger og elektrisk utstyr (lights, reflectors, electrical)",81,2054,0.0394
RENAULT,MEGANE,2,4,"Lykter, refleksinnretninger og elektrisk utstyr (lights, reflectors, electrical)",114,326,0.3497
SUZUKI,SX4 S-Cross,2,4,"Lykter, refleksinnretninger og elektrisk utstyr (lights, reflectors, electrical)",297,2348,0.1265
NISSAN,JUKE,2,4,"Lykter, refleksinnretninger og elektrisk utstyr (lights, reflectors, electrical)",59,531,0.1111
BMW,X3,1,4,"Lykter, refleksinnretninger og elektrisk utstyr (lights, reflectors, electrical)",235,2884,0.0815
CITROËN,C3 PICASSO,2,4,"Lykter, refleksinnretninger og elektrisk utstyr (lights, reflectors, electrical)",27,46,0.587
NISSAN,MICRA,3,4,"Lykter, refleksinnretninger og elektrisk utstyr (lights, reflectors, electrical)",323,871,0.3708
OPEL,CORSA,4,4,"Lykter, refleksinnretninger og elektrisk utstyr (lights, reflectors, electrical)",2246,3017,0.7444
RENAULT,CLIO,3,4,"Lykter, refleksinnretninger og elektrisk utstyr (lights, reflectors, electrical)",808,1622,0.4982
SKODA,RAPID,2,4,"Lykter, refleksinnretninger og elektrisk utstyr (lights, reflectors, electrical)",164,1389,0.1181
HYUNDAI,I 10,4,4,"Lykter, refleksinnretninger og elektrisk utstyr (lights, reflectors, electrical)",528,982,0.5377
SKODA,CITIGO,2,4,"Lykter, refleksinnretninger og elektrisk utstyr (lights, reflectors, electrical)",54,474,0.1139
AUDI,A3 Limousine,3,4,"Lykter, refleksinnretninger og elektrisk utstyr (lights, reflectors, electrical)",101,391,0.2583
OPEL,ZAFIRA,4,4,"Lykter, refleksinnretninger og elektrisk utstyr (lights, reflectors, electrical)",1084,1175,0.9226
CITROËN,C1,2,4,"Lykter, refleksinnretninger og elektrisk utstyr (lights, reflectors, electrical)",107,428,0.25
HYUNDAI,i10 AC3,2,4,"Lykter, refleksinnretninger og elektrisk utstyr (lights, reflectors, electrical)",67,411,0.163
SEAT,LEON,4,4,"Lykter, refleksinnretninger og elektrisk utstyr (lights, reflectors, electrical)",8,7,1.1429
VOLKSWAGEN,GOLF,3,4,"Lykter, refleksinnretninger og elektrisk utstyr (lights, reflectors, electrical)",8964,40607,0.2208
PEUGEOT,108,2,4,"Lykter, refleksinnretninger og elektrisk utstyr (lights, reflectors, electrical)",91,601,0.1514
VOLKSWAGEN,PASSAT VARIANT,3,4,"Lykter, refleksinnretninger og elektrisk utstyr (lights, reflectors, electrical)",4879,16654,0.293
VOLVO,V70,4,4,"Lykter, refleksinnretninger og elektrisk utstyr (lights, reflectors, electrical)",12588,17685,0.7118
FORD,KUGA,3,4,"Lykter, refleksinnretninger og elektrisk utstyr (lights, reflectors, electrical)",2201,7170,0.307
VOLKSWAGEN,TOURAN,4,4,"Lykter, refleksinnretninger og elektrisk utstyr (lights, reflectors, electrical)",7492,10414,0.7194
FORD,S-MAX,3,4,"Lykter, refleksinnretninger og elektrisk utstyr (lights, reflectors, electrical)",2635,5510,0.4782
FORD,MONDEO STATIONCAR,4,4,"Lykter, refleksinnretninger og elektrisk utstyr (lights, reflectors, electrical)",14931,15288,0.9766
TOYOTA,COROLLA,4,4,"Lykter, refleksinnretninger og elektrisk utstyr (lights, reflectors, electrical)",3874,4053,0.9558
BMW,2-Serie,2,4,"Lykter, refleksinnretninger og elektrisk utstyr (lights, reflectors, electrical)",884,5966,0.1482
KIA,RIO,1,4,"Lykter, refleksinnretninger og elektrisk utstyr (lights, reflectors, electrical)",37,599,0.0618
FORD,FOCUS STATIONSVOGN,1,4,"Lykter, refleksinnretninger og elektrisk utstyr (lights, reflectors, electrical)",423,6110,0.0692
TOYOTA,YARIS 5-DØRS,4,4,"Lykter, refleksinnretninger og elektrisk utstyr (lights, reflectors, electrical)",9333,12845,0.7266
MAZDA,3,4,4,"Lykter, refleksinnretninger og elektrisk utstyr (lights, reflectors, electrical)",2544,3328,0.7644
PEUGEOT,508,2,4,"Lykter, refleksinnretninger og elektrisk utstyr (lights, reflectors, electrical)",273,919,0.2971
FIAT,PANDA,3,4,"Lykter, refleksinnretninger og elektrisk utstyr (lights, reflectors, electrical)",94,332,0.2831
TOYOTA,RAV4 Plug in,3,4,"Lykter, refleksinnretninger og elektrisk utstyr (lights, reflectors, electrical)",2834,11242,0.2521
FORD,GALAXY,4,4,"Lykter, refleksinnretninger og elektrisk utstyr (lights, reflectors, electrical)",2376,2069,1.1484
MITSUBISHI,ASX,2,4,"Lykter, refleksinnretninger og elektrisk utstyr (lights, reflectors, electrical)",154,1912,0.0805
MINI,COOPER,4,4,"Lykter, refleksinnretninger og elektrisk utstyr (lights, reflectors, electrical)",2045,2672,0.7653
KIA,Optima,3,4,"Lykter, refleksinnretninger og elektrisk utstyr (lights, reflectors, electrical)",25,86,0.2907
SKODA,OCTAVIA,1,4,"Lykter, refleksinnretninger og elektrisk utstyr (lights, reflectors, electrical)",678,14749,0.046
TOYOTA,AYGO 5-DØRS,4,4,"Lykter, refleksinnretninger og elektrisk utstyr (lights, reflectors, electrical)",1951,3007,0.6488
HYUNDAI,I30CW,4,4,"Lykter, refleksinnretninger og elektrisk utstyr (lights, reflectors, electrical)",3188,3800,0.8389
KIA,CEED,3,4,"Lykter, refleksinnretninger og elektrisk utstyr (lights, reflectors, electrical)",1578,3585,0.4402
TOYOTA,Aygo X,1,4,"Lykter, refleksinnretninger og elektrisk utstyr (lights, reflectors, electrical)",40,689,0.0581
HONDA,CR-V,1,4,"Lykter, refleksinnretninger og elektrisk utstyr (lights, reflectors, electrical)",124,1749,0.0709
KIA,CEE'D SW,1,4,"Lykter, refleksinnretninger og elektrisk utstyr (lights, reflectors, electrical)",64,984,0.065
FORD,KA,4,4,"Lykter, refleksinnretninger og elektrisk utstyr (lights, reflectors, electrical)",293,449,0.6526
AUDI,A6 AVANT,1,4,"Lykter, refleksinnretninger og elektrisk utstyr (lights, reflectors, electrical)",16,526,0.0304
HYUNDAI,I40,1,4,"Lykter, refleksinnretninger og elektrisk utstyr (lights, reflectors, electrical)",0,1,0.0
MERCEDES-BENZ,GLE,3,4,"Lykter, refleksinnretninger og elektrisk utstyr (lights, reflectors, electrical)",15,72,0.2083
AUDI,A3 Sportback,4,4,"Lykter, refleksinnretninger og elektrisk utstyr (lights, reflectors, electrical)",101,227,0.4449
ALFA ROMEO,GIULIETTA,4,4,"Lykter, refleksinnretninger og elektrisk utstyr (lights, reflectors, electrical)",3,1,3.0
VOLVO,V40,2,4,"Lykter, refleksinnretninger og elektrisk utstyr (lights, reflectors, electrical)",598,6391,0.0936
CITROËN,C3,4,4,"Lykter, refleksinnretninger og elektrisk utstyr (lights, reflectors, electrical)",1470,1932,0.7609
SKODA,FABIA COMBI,4,4,"Lykter, refleksinnretninger og elektrisk utstyr (lights, reflectors, electrical)",3009,4252,0.7077
PEUGEOT,3008,1,4,"Lykter, refleksinnretninger og elektrisk utstyr (lights, reflectors, electrical)",773,7489,0.1032
OPEL,ASTRA,4,4,"Lykter, refleksinnretninger og elektrisk utstyr (lights, reflectors, electrical)",2938,5454,0.5387
MAZDA,CX-5,2,4,"Lykter, refleksinnretninger og elektrisk utstyr (lights, reflectors, electrical)",1124,8955,0.1255
SUZUKI,IGNIS,1,4,"Lykter, refleksinnretninger og elektrisk utstyr (lights, reflectors, electrical)",86,1716,0.0501
MERCEDES-BENZ,GLC,2,4,"Lykter, refleksinnretninger og elektrisk utstyr (lights, reflectors, electrical)",222,5064,0.0438
BMW,1-Serie,4,4,"Lykter, refleksinnretninger og elektrisk utstyr (lights, reflectors, electrical)",3361,6307,0.5329
VOLVO,XC60,2,4,"Lykter, refleksinnretninger og elektrisk utstyr (lights, reflectors, electrical)",1370,9732,0.1408
PEUGEOT,308,4,4,"Lykter, refleksinnretninger og elektrisk utstyr (lights, reflectors, electrical)",3386,4655,0.7274
CITROËN,C4,3,4,"Lykter, refleksinnretninger og elektrisk utstyr (lights, reflectors, electrical)",2611,5303,0.4924
NISSAN,X-TRAIL,2,4,"Lykter, refleksinnretninger og elektrisk utstyr (lights, reflectors, electrical)",562,2651,0.212
NISSAN,NOTE,4,4,"Lykter, refleksinnretninger og elektrisk utstyr (lights, reflectors, electrical)",1003,1197,0.8379
MITSUBISHI,SPACE STAR,1,4,"Lykter, refleksinnretninger og elektrisk utstyr (lights, reflectors, electrical)",15,320,0.0469
HONDA,JAZZ,4,4,"Lykter, refleksinnretninger og elektrisk utstyr (lights, reflectors, electrical)",1165,2120,0.5495
BMW,X1,3,4,"Lykter, refleksinnretninger og elektrisk utstyr (lights, reflectors, electrical)",1706,5709,0.2988
OPEL,ASTRA SPORTS TOURER,3,4,"Lykter, refleksinnretninger og elektrisk utstyr (lights, reflectors, electrical)",650,2062,0.3152
NISSAN,Qashqai J11A,4,4,"Lykter, refleksinnretninger og elektrisk utstyr (lights, reflectors, electrical)",8446,9029,0.9354
KIA,PICANTO,4,4,"Lykter, refleksinnretninger og elektrisk utstyr (lights, reflectors, electrical)",384,652,0.589
TOYOTA,YARIS,2,4,"Lykter, refleksinnretninger og elektrisk utstyr (lights, reflectors, electrical)",2305,15223,0.1514
FORD,MONDEO,3,4,"Lykter, refleksinnretninger og elektrisk utstyr (lights, reflectors, electrical)",4493,9588,0.4686
VOLKSWAGEN,PASSAT,3,4,"Lykter, refleksinnretninger og elektrisk utstyr (lights, reflectors, electrical)",4879,16654,0.293
MERCEDES-BENZ,E-Klasse,2,4,"Lykter, refleksinnretninger og elektrisk utstyr (lights, reflectors, electrical)",464,3761,0.1234
FORD,FIESTA,3,4,"Lykter, refleksinnretninger og elektrisk utstyr (lights, reflectors, electrical)",3584,8583,0.4176
FORD,Focus,3,4,"Lykter, refleksinnretninger og elektrisk utstyr (lights, reflectors, electrical)",8104,15257,0.5312
FORD,FOCUS,2,4,"Lykter, refleksinnretninger og elektrisk utstyr (lights, reflectors, electrical)",1137,5076,0.224
SUZUKI,SWIFT,2,4,"Lykter, refleksinnretninger og elektrisk utstyr (lights, reflectors, electrical)",415,2129,0.1949
BMW,3-Serie,1,4,"Lykter, refleksinnretninger og elektrisk utstyr (lights, reflectors, electrical)",417,4744,0.0879
PEUGEOT,107,3,4,"Lykter, refleksinnretninger og elektrisk utstyr (lights, reflectors, electrical)",398,862,0.4617
VOLKSWAGEN,CADDY,3,4,"Lykter, refleksinnretninger og elektrisk utstyr (lights, reflectors, electrical)",384,1122,0.3422
RENAULT,MEGANE SPORT TOURER,4,4,"Lykter, refleksinnretninger og elektrisk utstyr (lights, reflectors, electrical)",1812,1622,1.1171
AUDI,A5 SPORTBACK,2,4,"Lykter, refleksinnretninger og elektrisk utstyr (lights, reflectors, electrical)",31,267,0.1161
HONDA,CIVIC,2,4,"Lykter, refleksinnretninger og elektrisk utstyr (lights, reflectors, electrical)",247,1171,0.2109
RENAULT,Ny Clio,2,4,"Lykter, refleksinnretninger og elektrisk utstyr (lights, reflectors, electrical)",167,641,0.2605
HYUNDAI,Tucson,1,4,"Lykter, refleksinnretninger og elektrisk utstyr (lights, reflectors, electrical)",115,2203,0.0522
MAZDA,MAZDA6,1,4,"Lykter, refleksinnretninger og elektrisk utstyr (lights, reflectors, electrical)",53,1078,0.0492
FIAT,500,4,4,"Lykter, refleksinnretninger og elektrisk utstyr (lights, reflectors, electrical)",2009,2705,0.7427
RENAULT,Captur,3,4,"Lykter, refleksinnretninger og elektrisk utstyr (lights, reflectors, electrical)",193,929,0.2078
AUDI,Q2,2,4,"Lykter, refleksinnretninger og elektrisk utstyr (lights, reflectors, electrical)",33,722,0.0457
CITROËN,C 1,1,4,"Lykter, refleksinnretninger og elektrisk utstyr (lights, reflectors, electrical)",9,58,0.1552
HYUNDAI,KONA,2,4,"Lykter, refleksinnretninger og elektrisk utstyr (lights, reflectors, electrical)",3,42,0.0714
CHEVROLET,SPARK,2,4,"Lykter, refleksinnretninger og elektrisk utstyr (lights, reflectors, electrical)",6,10,0.6
VOLVO,V40,1,4,"Lykter, refleksinnretninger og elektrisk utstyr (lights, reflectors, electrical)",126,3389,0.0372
TOYOTA,AVENSIS STW,4,4,"Lykter, refleksinnretninger og elektrisk utstyr (lights, reflectors, electrical)",21410,20526,1.0431
TOYOTA,AURIS,4,4,"Lykter, refleksinnretninger og elektrisk utstyr (lights, reflectors, electrical)",10491,14992,0.6998
SKODA,OCTAVIA COMBI,4,4,"Lykter, refleksinnretninger og elektrisk utstyr (lights, reflectors, electrical)",13389,12917,1.0365
AUDI,A3 CABRIOLET,3,4,"Lykter, refleksinnretninger og elektrisk utstyr (lights, reflectors, electrical)",16,103,0.1553
VOLVO,XC60,1,4,"Lykter, refleksinnretninger og elektrisk utstyr (lights, reflectors, electrical)",849,16959,0.0501
MAZDA,Mazda CX-30,1,4,"Lykter, refleksinnretninger og elektrisk utstyr (lights, reflectors, electrical)",53,2458,0.0216
HYUNDAI,Tucson,2,4,"Lykter, refleksinnretninger og elektrisk utstyr (lights, reflectors, electrical)",338,2353,0.1436
MERCEDES-BENZ,GLC,1,4,"Lykter, refleksinnretninger og elektrisk utstyr (lights, reflectors, electrical)",208,6276,0.0331
KIA,XCeed,1,4,"Lykter, refleksinnretninger og elektrisk utstyr (lights, reflectors, electrical)",5,264,0.0189
SUZUKI,SX4,3,4,"Lykter, refleksinnretninger og elektrisk utstyr (lights, reflectors, electrical)",1855,6632,0.2797
MAZDA,MAZDA6,2,4,"Lykter, refleksinnretninger og elektrisk utstyr (lights, reflectors, electrical)",282,2276,0.1239
HYUNDAI,I20,4,4,"Lykter, refleksinnretninger og elektrisk utstyr (lights, reflectors, electrical)",2531,3876,0.653
OPEL,ZAFIRA,3,4,"Lykter, refleksinnretninger og elektrisk utstyr (lights, reflectors, electrical)",472,1038,0.4547
SUZUKI,SWIFT,1,4,"Lykter, refleksinnretninger og elektrisk utstyr (lights, reflectors, electrical)",227,4184,0.0543
MAZDA,CX-5,1,4,"Lykter, refleksinnretninger og elektrisk utstyr (lights, reflectors, electrical)",269,6042,0.0445
AUDI,Q2,1,4,"Lykter, refleksinnretninger og elektrisk utstyr (lights, reflectors, electrical)",54,1587,0.034
MERCEDES-BENZ,CLA,3,4,"Lykter, refleksinnretninger og elektrisk utstyr (lights, reflectors, electrical)",428,2171,0.1971
BMW,3-Serie,2,4,"Lykter, refleksinnretninger og elektrisk utstyr (lights, reflectors, electrical)",826,3950,0.2091
PEUGEOT,3008,2,4,"Lykter, refleksinnretninger og elektrisk utstyr (lights, reflectors, electrical)",553,3468,0.1595
TOYOTA,YARIS,1,4,"Lykter, refleksinnretninger og elektrisk utstyr (lights, reflectors, electrical)",1122,16882,0.0665
MERCEDES-BENZ,E-Klasse,1,4,"Lykter, refleksinnretninger og elektrisk utstyr (lights, reflectors, electrical)",128,4198,0.0305
NISSAN,QASHQAI,4,4,"Lykter, refleksinnretninger og elektrisk utstyr (lights, reflectors, electrical)",8446,9029,0.9354
FORD,FOCUS,1,4,"Lykter, refleksinnretninger og elektrisk utstyr (lights, reflectors, electrical)",423,6110,0.0692
OPEL,CORSA,3,4,"Lykter, refleksinnretninger og elektrisk utstyr (lights, reflectors, electrical)",717,2051,0.3496
HYUNDAI,IX20,4,4,"Lykter, refleksinnretninger og elektrisk utstyr (lights, reflectors, electrical)",610,920,0.663
NISSAN,X-TRAIL,1,4,"Lykter, refleksinnretninger og elektrisk utstyr (lights, reflectors, electrical)",58,677,0.0857
OPEL,INSIGNIA,4,4,"Lykter, refleksinnretninger og elektrisk utstyr (lights, reflectors, electrical)",2836,4475,0.6337
RENAULT,CLIO,4,4,"Lykter, refleksinnretninger og elektrisk utstyr (lights, reflectors, electrical)",564,517,1.0909
HYUNDAI,KONA,1,4,"Lykter, refleksinnretninger og elektrisk utstyr (lights, reflectors, electrical)",11,232,0.0474
HYUNDAI,I 10,3,4,"Lykter, refleksinnretninger og elektrisk utstyr (lights, reflectors, electrical)",411,1046,0.3929
SUZUKI,IGNIS,2,4,"Lykter, refleksinnretninger og elektrisk utstyr (lights, reflectors, electrical)",60,813,0.0738
MITSUBISHI,SPACE STAR,2,4,"Lykter, refleksinnretninger og elektrisk utstyr (lights, reflectors, electrical)",106,910,0.1165
NISSAN,MICRA,4,4,"Lykter, refleksinnretninger og elektrisk utstyr (lights, reflectors, electrical)",619,662,0.935
HONDA,CIVIC,1,4,"Lykter, refleksinnretninger og elektrisk utstyr (lights, reflectors, electrical)",77,573,0.1344
RENAULT,Ny Clio,1,4,"Lykter, refleksinnretninger og elektrisk utstyr (lights, reflectors, electrical)",57,563,0.1012
CITROËN,C 1,2,4,"Lykter, refleksinnretninger og elektrisk utstyr (lights, reflectors, electrical)",107,428,0.25
AUDI,A5 SPORTBACK,1,4,"Lykter, refleksinnretninger og elektrisk utstyr (lights, reflectors, electrical)",2,233,0.0086
SEAT,IBIZA,4,4,"Lykter, refleksinnretninger og elektrisk utstyr (lights, reflectors, electrical)",13,7,1.8571
SEAT,LEON,3,4,"Lykter, refleksinnretninger og elektrisk utstyr (lights, reflectors, electrical)",0,2,0.0
MAZDA,CX-5,3,5,"Aksler, hjul, dekk og hjuloppheng (axles, wheels, tyres, suspension)",3798,14518,0.2616
PEUGEOT,207,4,5,"Aksler, hjul, dekk og hjuloppheng (axles, wheels, tyres, suspension)",3011,5486,0.5489
MERCEDES-BENZ,B-Klasse,4,5,"Aksler, hjul, dekk og hjuloppheng (axles, wheels, tyres, suspension)",2130,4180,0.5096
VOLKSWAGEN,TIGUAN,4,5,"Aksler, hjul, dekk og hjuloppheng (axles, wheels, tyres, suspension)",6081,11058,0.5499
BMW,X3,4,5,"Aksler, hjul, dekk og hjuloppheng (axles, wheels, tyres, suspension)",2099,5417,0.3875
BMW,5-Serie,4,5,"Aksler, hjul, dekk og hjuloppheng (axles, wheels, tyres, suspension)",5007,10877,0.4603
MERCEDES-BENZ,CLA,1,5,"Aksler, hjul, dekk og hjuloppheng (axles, wheels, tyres, suspension)",53,1365,0.0388
NISSAN,X-TRAIL,3,5,"Aksler, hjul, dekk og hjuloppheng (axles, wheels, tyres, suspension)",1071,2381,0.4498
SUZUKI,SWIFT,3,5,"Aksler, hjul, dekk og hjuloppheng (axles, wheels, tyres, suspension)",728,4814,0.1512
VOLVO,XC60,3,5,"Aksler, hjul, dekk og hjuloppheng (axles, wheels, tyres, suspension)",3901,13968,0.2793
MITSUBISHI,OUTLANDER,4,5,"Aksler, hjul, dekk og hjuloppheng (axles, wheels, tyres, suspension)",5469,10148,0.5389
MERCEDES-BENZ,C,4,5,"Aksler, hjul, dekk og hjuloppheng (axles, wheels, tyres, suspension)",4653,7755,0.6
TOYOTA,VERSO,4,5,"Aksler, hjul, dekk og hjuloppheng (axles, wheels, tyres, suspension)",578,2396,0.2412
SUZUKI,SX4,1,5,"Aksler, hjul, dekk og hjuloppheng (axles, wheels, tyres, suspension)",24,2054,0.0117
VOLVO,V40,3,5,"Aksler, hjul, dekk og hjuloppheng (axles, wheels, tyres, suspension)",3637,13394,0.2715
CHEVROLET,SPARK,3,5,"Aksler, hjul, dekk og hjuloppheng (axles, wheels, tyres, suspension)",163,308,0.5292
HONDA,CIVIC,3,5,"Aksler, hjul, dekk og hjuloppheng (axles, wheels, tyres, suspension)",284,2369,0.1199
MERCEDES-BENZ,GLC,3,5,"Aksler, hjul, dekk og hjuloppheng (axles, wheels, tyres, suspension)",94,311,0.3023
SKODA,KAROQ,1,5,"Aksler, hjul, dekk og hjuloppheng (axles, wheels, tyres, suspension)",92,2413,0.0381
FIAT,Punto S7,4,5,"Aksler, hjul, dekk og hjuloppheng (axles, wheels, tyres, suspension)",177,347,0.5101
BMW,X1,2,5,"Aksler, hjul, dekk og hjuloppheng (axles, wheels, tyres, suspension)",455,3404,0.1337
FORD,FIESTA,2,5,"Aksler, hjul, dekk og hjuloppheng (axles, wheels, tyres, suspension)",1227,4402,0.2787
VOLKSWAGEN,PASSAT,2,5,"Aksler, hjul, dekk og hjuloppheng (axles, wheels, tyres, suspension)",3290,14320,0.2297
MERCEDES-BENZ,E-Klasse,3,5,"Aksler, hjul, dekk og hjuloppheng (axles, wheels, tyres, suspension)",2402,8181,0.2936
TOYOTA,YARIS,3,5,"Aksler, hjul, dekk og hjuloppheng (axles, wheels, tyres, suspension)",5077,21128,0.2403
SUZUKI,SX4 COMBIBACK,4,5,"Aksler, hjul, dekk og hjuloppheng (axles, wheels, tyres, suspension)",2115,4809,0.4398
FORD,MONDEO,2,5,"Aksler, hjul, dekk og hjuloppheng (axles, wheels, tyres, suspension)",770,5589,0.1378
CITROËN,C4,2,5,"Aksler, hjul, dekk og hjuloppheng (axles, wheels, tyres, suspension)",1325,3636,0.3644
HYUNDAI,I30,4,5,"Aksler, hjul, dekk og hjuloppheng (axles, wheels, tyres, suspension)",2164,3800,0.5695
FORD,Focus,2,5,"Aksler, hjul, dekk og hjuloppheng (axles, wheels, tyres, suspension)",600,5076,0.1182
FORD,FOCUS,3,5,"Aksler, hjul, dekk og hjuloppheng (axles, wheels, tyres, suspension)",5202,15257,0.341
RENAULT,Captur,2,5,"Aksler, hjul, dekk og hjuloppheng (axles, wheels, tyres, suspension)",316,1187,0.2662
SEAT,LEON,1,5,"Aksler, hjul, dekk og hjuloppheng (axles, wheels, tyres, suspension)",9,71,0.1268
OPEL,ASTRA SPORTS TOURER,2,5,"Aksler, hjul, dekk og hjuloppheng (axles, wheels, tyres, suspension)",34,374,0.0909
RENAULT,Ny Clio,3,5,"Aksler, hjul, dekk og hjuloppheng (axles, wheels, tyres, suspension)",898,1622,0.5536
AUDI,A5 SPORTBACK,3,5,"Aksler, hjul, dekk og hjuloppheng (axles, wheels, tyres, suspension)",163,880,0.1852
CITROËN,C3 Aircross,2,5,"Aksler, hjul, dekk og hjuloppheng (axles, wheels, tyres, suspension)",10,91,0.1099
VOLKSWAGEN,CADDY,2,5,"Aksler, hjul, dekk og hjuloppheng (axles, wheels, tyres, suspension)",234,818,0.2861
OPEL,CORSA,1,5,"Aksler, hjul, dekk og hjuloppheng (axles, wheels, tyres, suspension)",43,389,0.1105
DACIA,Duster,4,5,"Aksler, hjul, dekk og hjuloppheng (axles, wheels, tyres, suspension)",6,8,0.75
HYUNDAI,i30 Stc.,3,5,"Aksler, hjul, dekk og hjuloppheng (axles, wheels, tyres, suspension)",67,164,0.4085
HYUNDAI,I 10,1,5,"Aksler, hjul, dekk og hjuloppheng (axles, wheels, tyres, suspension)",9,161,0.0559
AUDI,A3 CABRIOLET,1,5,"Aksler, hjul, dekk og hjuloppheng (axles, wheels, tyres, suspension)",0,7,0.0
OPEL,ZAFIRA,1,5,"Aksler, hjul, dekk og hjuloppheng (axles, wheels, tyres, suspension)",1,47,0.0213
PEUGEOT,107,2,5,"Aksler, hjul, dekk og hjuloppheng (axles, wheels, tyres, suspension)",4,7,0.5714
SEAT,Ibiza GP2,2,5,"Aksler, hjul, dekk og hjuloppheng (axles, wheels, tyres, suspension)",0,1,0.0
FORD,FOCUS STATIONSVOGN,3,5,"Aksler, hjul, dekk og hjuloppheng (axles, wheels, tyres, suspension)",5202,15257,0.341
TOYOTA,RAV4 Plug in,1,5,"Aksler, hjul, dekk og hjuloppheng (axles, wheels, tyres, suspension)",1817,29243,0.0621
VOLKSWAGEN,PASSAT VARIANT,1,5,"Aksler, hjul, dekk og hjuloppheng (axles, wheels, tyres, suspension)",1508,11253,0.134
VOLKSWAGEN,GOLF,1,5,"Aksler, hjul, dekk og hjuloppheng (axles, wheels, tyres, suspension)",639,9446,0.0676
HONDA,CR-V,3,5,"Aksler, hjul, dekk og hjuloppheng (axles, wheels, tyres, suspension)",518,6725,0.077
BMW,X5,4,5,"Aksler, hjul, dekk og hjuloppheng (axles, wheels, tyres, suspension)",2068,3889,0.5318
SKODA,SUPERB COMBI,4,5,"Aksler, hjul, dekk og hjuloppheng (axles, wheels, tyres, suspension)",2241,3621,0.6189
VOLVO,XC90,2,5,"Aksler, hjul, dekk og hjuloppheng (axles, wheels, tyres, suspension)",902,5537,0.1629
FORD,KUGA,1,5,"Aksler, hjul, dekk og hjuloppheng (axles, wheels, tyres, suspension)",135,5193,0.026
MERCEDES-BENZ,GLE,1,5,"Aksler, hjul, dekk og hjuloppheng (axles, wheels, tyres, suspension)",144,2193,0.0657
CITROËN,C4 Cactus,2,5,"Aksler, hjul, dekk og hjuloppheng (axles, wheels, tyres, suspension)",709,1625,0.4363
AUDI,Q3,4,5,"Aksler, hjul, dekk og hjuloppheng (axles, wheels, tyres, suspension)",143,293,0.4881
KIA,RIO,3,5,"Aksler, hjul, dekk og hjuloppheng (axles, wheels, tyres, suspension)",707,2622,0.2696
HYUNDAI,I40,3,5,"Aksler, hjul, dekk og hjuloppheng (axles, wheels, tyres, suspension)",1037,2466,0.4205
CITROËN,DS3,4,5,"Aksler, hjul, dekk og hjuloppheng (axles, wheels, tyres, suspension)",420,696,0.6034
FORD,FIESTA 5 DØRS,2,5,"Aksler, hjul, dekk og hjuloppheng (axles, wheels, tyres, suspension)",1227,4402,0.2787
MAZDA,MAZDA3,2,5,"Aksler, hjul, dekk og hjuloppheng (axles, wheels, tyres, suspension)",397,2010,0.1975
SKODA,OCTAVIA,3,5,"Aksler, hjul, dekk og hjuloppheng (axles, wheels, tyres, suspension)",5636,19319,0.2917
MAZDA,MAZDA2,4,5,"Aksler, hjul, dekk og hjuloppheng (axles, wheels, tyres, suspension)",1188,2075,0.5725
TOYOTA,RAV4,2,5,"Aksler, hjul, dekk og hjuloppheng (axles, wheels, tyres, suspension)",2896,15118,0.1916
KIA,CEE'D SW,3,5,"Aksler, hjul, dekk og hjuloppheng (axles, wheels, tyres, suspension)",1197,3585,0.3339
KIA,CEED,1,5,"Aksler, hjul, dekk og hjuloppheng (axles, wheels, tyres, suspension)",44,984,0.0447
TOYOTA,Aygo X,3,5,"Aksler, hjul, dekk og hjuloppheng (axles, wheels, tyres, suspension)",525,2298,0.2285
VOLKSWAGEN,POLO,2,5,"Aksler, hjul, dekk og hjuloppheng (axles, wheels, tyres, suspension)",718,5290,0.1357
MAZDA,2,2,5,"Aksler, hjul, dekk og hjuloppheng (axles, wheels, tyres, suspension)",157,1120,0.1402
FORD,S-MAX,1,5,"Aksler, hjul, dekk og hjuloppheng (axles, wheels, tyres, suspension)",95,1786,0.0532
AUDI,A6 AVANT,3,5,"Aksler, hjul, dekk og hjuloppheng (axles, wheels, tyres, suspension)",357,2163,0.165
PEUGEOT,208,4,5,"Aksler, hjul, dekk og hjuloppheng (axles, wheels, tyres, suspension)",93,267,0.3483
VOLKSWAGEN,UP!,2,5,"Aksler, hjul, dekk og hjuloppheng (axles, wheels, tyres, suspension)",105,1503,0.0699
HYUNDAI,I10,2,5,"Aksler, hjul, dekk og hjuloppheng (axles, wheels, tyres, suspension)",31,411,0.0754
TOYOTA,AYGO,2,5,"Aksler, hjul, dekk og hjuloppheng (axles, wheels, tyres, suspension)",101,608,0.1661
KIA,Optima,1,5,"Aksler, hjul, dekk og hjuloppheng (axles, wheels, tyres, suspension)",155,1833,0.0846
FORD,B-MAX,2,5,"Aksler, hjul, dekk og hjuloppheng (axles, wheels, tyres, suspension)",47,250,0.188
FIAT,PANDA,1,5,"Aksler, hjul, dekk og hjuloppheng (axles, wheels, tyres, suspension)",8,20,0.4
FORD,FOCUS STATIONSVOGN,4,5,"Aksler, hjul, dekk og hjuloppheng (axles, wheels, tyres, suspension)",7591,12012,0.632
OPEL,Mokka,2,5,"Aksler, hjul, dekk og hjuloppheng (axles, wheels, tyres, suspension)",448,3055,0.1466
TOYOTA,YARIS 5-DØRS,1,5,"Aksler, hjul, dekk og hjuloppheng (axles, wheels, tyres, suspension)",703,16882,0.0416
TOYOTA,Aygo X,4,5,"Aksler, hjul, dekk og hjuloppheng (axles, wheels, tyres, suspension)",1109,3007,0.3688
BMW,X5,3,5,"Aksler, hjul, dekk og hjuloppheng (axles, wheels, tyres, suspension)",947,2684,0.3528
TOYOTA,COROLLA,1,5,"Aksler, hjul, dekk og hjuloppheng (axles, wheels, tyres, suspension)",217,9061,0.0239
AUDI,Q3,3,5,"Aksler, hjul, dekk og hjuloppheng (axles, wheels, tyres, suspension)",1217,2899,0.4198
AUDI,A4 AVANT,2,5,"Aksler, hjul, dekk og hjuloppheng (axles, wheels, tyres, suspension)",337,1848,0.1824
AUDI,A3,2,5,"Aksler, hjul, dekk og hjuloppheng (axles, wheels, tyres, suspension)",1194,9233,0.1293
SKODA,SUPERB COMBI,3,5,"Aksler, hjul, dekk og hjuloppheng (axles, wheels, tyres, suspension)",3251,6121,0.5311
PEUGEOT,208,3,5,"Aksler, hjul, dekk og hjuloppheng (axles, wheels, tyres, suspension)",1526,5152,0.2962
MERCEDES-BENZ,E,2,5,"Aksler, hjul, dekk og hjuloppheng (axles, wheels, tyres, suspension)",950,3761,0.2526
HONDA,CR-V,4,5,"Aksler, hjul, dekk og hjuloppheng (axles, wheels, tyres, suspension)",2930,9204,0.3183
PEUGEOT,2008,3,5,"Aksler, hjul, dekk og hjuloppheng (axles, wheels, tyres, suspension)",1081,2682,0.4031
MAZDA,3,1,5,"Aksler, hjul, dekk og hjuloppheng (axles, wheels, tyres, suspension)",135,1523,0.0886
KIA,CEED SW,2,5,"Aksler, hjul, dekk og hjuloppheng (axles, wheels, tyres, suspension)",260,1150,0.2261
CITROËN,DS3,3,5,"Aksler, hjul, dekk og hjuloppheng (axles, wheels, tyres, suspension)",806,1430,0.5636
SKODA,OCTAVIA,4,5,"Aksler, hjul, dekk og hjuloppheng (axles, wheels, tyres, suspension)",7072,12917,0.5475
SKODA,SUPERB,2,5,"Aksler, hjul, dekk og hjuloppheng (axles, wheels, tyres, suspension)",1713,5609,0.3054
MAZDA,MAZDA2,3,5,"Aksler, hjul, dekk og hjuloppheng (axles, wheels, tyres, suspension)",662,1899,0.3486
TOYOTA,AYGO 5-DØRS,1,5,"Aksler, hjul, dekk og hjuloppheng (axles, wheels, tyres, suspension)",21,689,0.0305
KIA,CEE'D SW,4,5,"Aksler, hjul, dekk og hjuloppheng (axles, wheels, tyres, suspension)",405,742,0.5458
SKODA,FABIA,2,5,"Aksler, hjul, dekk og hjuloppheng (axles, wheels, tyres, suspension)",618,3224,0.1917
CITROËN,BERLINGO,2,5,"Aksler, hjul, dekk og hjuloppheng (axles, wheels, tyres, suspension)",80,293,0.273
HYUNDAI,Ioniq,2,5,"Aksler, hjul, dekk og hjuloppheng (axles, wheels, tyres, suspension)",49,834,0.0588
KIA,Stonic,1,5,"Aksler, hjul, dekk og hjuloppheng (axles, wheels, tyres, suspension)",11,630,0.0175
HYUNDAI,I40,4,5,"Aksler, hjul, dekk og hjuloppheng (axles, wheels, tyres, suspension)",348,753,0.4622
VOLKSWAGEN,Golf Sportsvan,2,5,"Aksler, hjul, dekk og hjuloppheng (axles, wheels, tyres, suspension)",269,2883,0.0933
VOLKSWAGEN,TOURAN,1,5,"Aksler, hjul, dekk og hjuloppheng (axles, wheels, tyres, suspension)",156,1595,0.0978
MERCEDES-BENZ,GLA,1,5,"Aksler, hjul, dekk og hjuloppheng (axles, wheels, tyres, suspension)",37,938,0.0394
KIA,RIO,4,5,"Aksler, hjul, dekk og hjuloppheng (axles, wheels, tyres, suspension)",96,248,0.3871
AUDI,A3 Sportback,1,5,"Aksler, hjul, dekk og hjuloppheng (axles, wheels, tyres, suspension)",242,3698,0.0654
AUDI,A6 AVANT,4,5,"Aksler, hjul, dekk og hjuloppheng (axles, wheels, tyres, suspension)",34,143,0.2378
MINI,COOPER,1,5,"Aksler, hjul, dekk og hjuloppheng (axles, wheels, tyres, suspension)",12,538,0.0223
FORD,MONDEO STATIONCAR,1,5,"Aksler, hjul, dekk og hjuloppheng (axles, wheels, tyres, suspension)",107,1541,0.0694
VOLVO,XC40,2,5,"Aksler, hjul, dekk og hjuloppheng (axles, wheels, tyres, suspension)",2,184,0.0109
FORD,GALAXY,1,5,"Aksler, hjul, dekk og hjuloppheng (axles, wheels, tyres, suspension)",15,191,0.0785
SUZUKI,ALTO,2,5,"Aksler, hjul, dekk og hjuloppheng (axles, wheels, tyres, suspension)",0,5,0.0
OPEL,MERIVA,2,5,"Aksler, hjul, dekk og hjuloppheng (axles, wheels, tyres, suspension)",19,68,0.2794
TOYOTA,AURIS,4,5,"Aksler, hjul, dekk og hjuloppheng (axles, wheels, tyres, suspension)",3282,14992,0.2189
HYUNDAI,Tucson,2,5,"Aksler, hjul, dekk og hjuloppheng (axles, wheels, tyres, suspension)",234,2353,0.0994
TOYOTA,AVENSIS STW,4,5,"Aksler, hjul, dekk og hjuloppheng (axles, wheels, tyres, suspension)",8840,20526,0.4307
PEUGEOT,3008,2,5,"Aksler, hjul, dekk og hjuloppheng (axles, wheels, tyres, suspension)",824,3468,0.2376
MERCEDES-BENZ,GLC,1,5,"Aksler, hjul, dekk og hjuloppheng (axles, wheels, tyres, suspension)",747,6276,0.119
HYUNDAI,I20,4,5,"Aksler, hjul, dekk og hjuloppheng (axles, wheels, tyres, suspension)",859,3876,0.2216
NISSAN,X-TRAIL,1,5,"Aksler, hjul, dekk og hjuloppheng (axles, wheels, tyres, suspension)",24,677,0.0355
VOLVO,XC60,1,5,"Aksler, hjul, dekk og hjuloppheng (axles, wheels, tyres, suspension)",474,16959,0.0279
HYUNDAI,IX20,4,5,"Aksler, hjul, dekk og hjuloppheng (axles, wheels, tyres, suspension)",296,920,0.3217
SKODA,OCTAVIA COMBI,4,5,"Aksler, hjul, dekk og hjuloppheng (axles, wheels, tyres, suspension)",7072,12917,0.5475
SUZUKI,SX4,3,5,"Aksler, hjul, dekk og hjuloppheng (axles, wheels, tyres, suspension)",1142,6632,0.1722
OPEL,CORSA,3,5,"Aksler, hjul, dekk og hjuloppheng (axles, wheels, tyres, suspension)",851,2051,0.4149
OPEL,INSIGNIA,4,5,"Aksler, hjul, dekk og hjuloppheng (axles, wheels, tyres, suspension)",1925,4475,0.4302
MERCEDES-BENZ,CLA,3,5,"Aksler, hjul, dekk og hjuloppheng (axles, wheels, tyres, suspension)",411,2171,0.1893
MAZDA,Mazda CX-30,1,5,"Aksler, hjul, dekk og hjuloppheng (axles, wheels, tyres, suspension)",17,2458,0.0069
SUZUKI,SWIFT,1,5,"Aksler, hjul, dekk og hjuloppheng (axles, wheels, tyres, suspension)",202,4184,0.0483
MAZDA,CX-5,1,5,"Aksler, hjul, dekk og hjuloppheng (axles, wheels, tyres, suspension)",165,6042,0.0273
NISSAN,MICRA,4,5,"Aksler, hjul, dekk og hjuloppheng (axles, wheels, tyres, suspension)",341,662,0.5151
TOYOTA,YARIS,1,5,"Aksler, hjul, dekk og hjuloppheng (axles, wheels, tyres, suspension)",703,16882,0.0416
HYUNDAI,I 10,3,5,"Aksler, hjul, dekk og hjuloppheng (axles, wheels, tyres, suspension)",177,1046,0.1692
NISSAN,QASHQAI,4,5,"Aksler, hjul, dekk og hjuloppheng (axles, wheels, tyres, suspension)",6675,9029,0.7393
FORD,FOCUS,1,5,"Aksler, hjul, dekk og hjuloppheng (axles, wheels, tyres, suspension)",219,6110,0.0358
MAZDA,MAZDA6,2,5,"Aksler, hjul, dekk og hjuloppheng (axles, wheels, tyres, suspension)",430,2276,0.1889
BMW,3-Serie,2,5,"Aksler, hjul, dekk og hjuloppheng (axles, wheels, tyres, suspension)",530,3950,0.1342
VOLVO,V40,1,5,"Aksler, hjul, dekk og hjuloppheng (axles, wheels, tyres, suspension)",417,3389,0.123
AUDI,Q2,1,5,"Aksler, hjul, dekk og hjuloppheng (axles, wheels, tyres, suspension)",27,1587,0.017
OPEL,ZAFIRA,3,5,"Aksler, hjul, dekk og hjuloppheng (axles, wheels, tyres, suspension)",311,1038,0.2996
MERCEDES-BENZ,E-Klasse,1,5,"Aksler, hjul, dekk og hjuloppheng (axles, wheels, tyres, suspension)",652,4198,0.1553
AUDI,A5 SPORTBACK,1,5,"Aksler, hjul, dekk og hjuloppheng (axles, wheels, tyres, suspension)",17,233,0.073
SUZUKI,IGNIS,2,5,"Aksler, hjul, dekk og hjuloppheng (axles, wheels, tyres, suspension)",231,813,0.2841
MITSUBISHI,SPACE STAR,2,5,"Aksler, hjul, dekk og hjuloppheng (axles, wheels, tyres, suspension)",34,910,0.0374
RENAULT,Ny Clio,1,5,"Aksler, hjul, dekk og hjuloppheng (axles, wheels, tyres, suspension)",153,563,0.2718
CITROËN,C 1,2,5,"Aksler, hjul, dekk og hjuloppheng (axles, wheels, tyres, suspension)",74,428,0.1729
AUDI,A3 CABRIOLET,3,5,"Aksler, hjul, dekk og hjuloppheng (axles, wheels, tyres, suspension)",25,103,0.2427
RENAULT,CLIO,4,5,"Aksler, hjul, dekk og hjuloppheng (axles, wheels, tyres, suspension)",434,517,0.8395
HONDA,CIVIC,1,5,"Aksler, hjul, dekk og hjuloppheng (axles, wheels, tyres, suspension)",12,573,0.0209
KIA,XCeed,1,5,"Aksler, hjul, dekk og hjuloppheng (axles, wheels, tyres, suspension)",4,264,0.0152
HYUNDAI,KONA,1,5,"Aksler, hjul, dekk og hjuloppheng (axles, wheels, tyres, suspension)",4,232,0.0172
SEAT,IBIZA,4,5,"Aksler, hjul, dekk og hjuloppheng (axles, wheels, tyres, suspension)",4,7,0.5714
SEAT,LEON,3,5,"Aksler, hjul, dekk og hjuloppheng (axles, wheels, tyres, suspension)",0,2,0.0
AUDI,A3,3,5,"Aksler, hjul, dekk og hjuloppheng (axles, wheels, tyres, suspension)",3303,11732,0.2815
SKODA,SUPERB COMBI,2,5,"Aksler, hjul, dekk og hjuloppheng (axles, wheels, tyres, suspension)",1713,5609,0.3054
FORD,FIESTA 5 DØRS,4,5,"Aksler, hjul, dekk og hjuloppheng (axles, wheels, tyres, suspension)",5387,7906,0.6814
MERCEDES-BENZ,E,3,5,"Aksler, hjul, dekk og hjuloppheng (axles, wheels, tyres, suspension)",2402,8181,0.2936
PEUGEOT,5008,1,5,"Aksler, hjul, dekk og hjuloppheng (axles, wheels, tyres, suspension)",545,4893,0.1114
MERCEDES-BENZ,A-Klasse,1,5,"Aksler, hjul, dekk og hjuloppheng (axles, wheels, tyres, suspension)",68,2726,0.0249
BMW,X5,2,5,"Aksler, hjul, dekk og hjuloppheng (axles, wheels, tyres, suspension)",854,3601,0.2372
AUDI,A1 SPORTBACK,1,5,"Aksler, hjul, dekk og hjuloppheng (axles, wheels, tyres, suspension)",34,902,0.0377
OPEL,Mokka,3,5,"Aksler, hjul, dekk og hjuloppheng (axles, wheels, tyres, suspension)",1519,4582,0.3315
VOLVO,XC90,4,5,"Aksler, hjul, dekk og hjuloppheng (axles, wheels, tyres, suspension)",607,1825,0.3326
MAZDA,2,4,5,"Aksler, hjul, dekk og hjuloppheng (axles, wheels, tyres, suspension)",1188,2075,0.5725
VOLKSWAGEN,Golf Sportsvan,3,5,"Aksler, hjul, dekk og hjuloppheng (axles, wheels, tyres, suspension)",242,1676,0.1444
KIA,CEED SW,3,5,"Aksler, hjul, dekk og hjuloppheng (axles, wheels, tyres, suspension)",1197,3585,0.3339
AUDI,A4 AVANT,3,5,"Aksler, hjul, dekk og hjuloppheng (axles, wheels, tyres, suspension)",628,2969,0.2115
VOLKSWAGEN,POLO,4,5,"Aksler, hjul, dekk og hjuloppheng (axles, wheels, tyres, suspension)",4938,11528,0.4283
PEUGEOT,208,2,5,"Aksler, hjul, dekk og hjuloppheng (axles, wheels, tyres, suspension)",481,2180,0.2206
PEUGEOT,2008,2,5,"Aksler, hjul, dekk og hjuloppheng (axles, wheels, tyres, suspension)",700,3179,0.2202
MAZDA,MAZDA3,4,5,"Aksler, hjul, dekk og hjuloppheng (axles, wheels, tyres, suspension)",2259,3328,0.6788
FORD,NY Focus,1,5,"Aksler, hjul, dekk og hjuloppheng (axles, wheels, tyres, suspension)",219,6110,0.0358
SKODA,SUPERB,3,5,"Aksler, hjul, dekk og hjuloppheng (axles, wheels, tyres, suspension)",3251,6121,0.5311
SKODA,FABIA,3,5,"Aksler, hjul, dekk og hjuloppheng (axles, wheels, tyres, suspension)",1053,3929,0.268
TOYOTA,RAV4,4,5,"Aksler, hjul, dekk og hjuloppheng (axles, wheels, tyres, suspension)",3297,10666,0.3091
MERCEDES-BENZ,C-Klasse,1,5,"Aksler, hjul, dekk og hjuloppheng (axles, wheels, tyres, suspension)",473,3637,0.1301
HYUNDAI,I10,4,5,"Aksler, hjul, dekk og hjuloppheng (axles, wheels, tyres, suspension)",166,982,0.169
TOYOTA,AYGO 3/5-DØRS,1,5,"Aksler, hjul, dekk og hjuloppheng (axles, wheels, tyres, suspension)",21,689,0.0305
TOYOTA,AYGO,4,5,"Aksler, hjul, dekk og hjuloppheng (axles, wheels, tyres, suspension)",1109,3007,0.3688
KIA,SPORTAGE,1,5,"Aksler, hjul, dekk og hjuloppheng (axles, wheels, tyres, suspension)",59,1259,0.0469
OPEL,Crossland X,2,5,"Aksler, hjul, dekk og hjuloppheng (axles, wheels, tyres, suspension)",18,177,0.1017
MAZDA,MAZDA2,2,5,"Aksler, hjul, dekk og hjuloppheng (axles, wheels, tyres, suspension)",157,1120,0.1402
CITROËN,BERLINGO,3,5,"Aksler, hjul, dekk og hjuloppheng (axles, wheels, tyres, suspension)",342,704,0.4858
OPEL,MERIVA,3,5,"Aksler, hjul, dekk og hjuloppheng (axles, wheels, tyres, suspension)",290,854,0.3396
AUDI,Q3,2,5,"Aksler, hjul, dekk og hjuloppheng (axles, wheels, tyres, suspension)",296,1293,0.2289
VOLKSWAGEN,UP!,4,5,"Aksler, hjul, dekk og hjuloppheng (axles, wheels, tyres, suspension)",43,234,0.1838
CITROËN,C4 PICASSO,1,5,"Aksler, hjul, dekk og hjuloppheng (axles, wheels, tyres, suspension)",138,823,0.1677
OPEL,Grandland X,2,5,"Aksler, hjul, dekk og hjuloppheng (axles, wheels, tyres, suspension)",21,125,0.168
AUDI,Q5,1,5,"Aksler, hjul, dekk og hjuloppheng (axles, wheels, tyres, suspension)",96,1438,0.0668
SUZUKI,ALTO,3,5,"Aksler, hjul, dekk og hjuloppheng (axles, wheels, tyres, suspension)",73,285,0.2561
FORD,B-MAX,4,5,"Aksler, hjul, dekk og hjuloppheng (axles, wheels, tyres, suspension)",6,19,0.3158
VOLVO,V50,3,5,"Aksler, hjul, dekk og hjuloppheng (axles, wheels, tyres, suspension)",2002,3281,0.6102
BMW,4-serie,1,5,"Aksler, hjul, dekk og hjuloppheng (axles, wheels, tyres, suspension)",1,85,0.0118
TOYOTA,AVENSIS,1,5,"Aksler, hjul, dekk og hjuloppheng (axles, wheels, tyres, suspension)",13,538,0.0242
FORD,C-MAX,1,5,"Aksler, hjul, dekk og hjuloppheng (axles, wheels, tyres, suspension)",19,235,0.0809
CITROËN,DS3,2,5,"Aksler, hjul, dekk og hjuloppheng (axles, wheels, tyres, suspension)",52,90,0.5778
KIA,VENGA,1,5,"Aksler, hjul, dekk og hjuloppheng (axles, wheels, tyres, suspension)",0,6,0.0
VOLKSWAGEN,GOLF,2,5,"Aksler, hjul, dekk og hjuloppheng (axles, wheels, tyres, suspension)",3059,24534,0.1247
MITSUBISHI,ASX,3,5,"Aksler, hjul, dekk og hjuloppheng (axles, wheels, tyres, suspension)",1434,9126,0.1571
AUDI,Q5,4,5,"Aksler, hjul, dekk og hjuloppheng (axles, wheels, tyres, suspension)",2016,5189,0.3885
VOLKSWAGEN,PASSAT VARIANT,2,5,"Aksler, hjul, dekk og hjuloppheng (axles, wheels, tyres, suspension)",3290,14320,0.2297
FORD,FIESTA 5 DØRS,1,5,"Aksler, hjul, dekk og hjuloppheng (axles, wheels, tyres, suspension)",137,3219,0.0426
TOYOTA,RAV4 Plug in,2,5,"Aksler, hjul, dekk og hjuloppheng (axles, wheels, tyres, suspension)",2896,15118,0.1916
KIA,Optima,2,5,"Aksler, hjul, dekk og hjuloppheng (axles, wheels, tyres, suspension)",154,926,0.1663
VOLVO,XC90,1,5,"Aksler, hjul, dekk og hjuloppheng (axles, wheels, tyres, suspension)",443,8675,0.0511
PEUGEOT,508,3,5,"Aksler, hjul, dekk og hjuloppheng (axles, wheels, tyres, suspension)",1859,4721,0.3938
PEUGEOT,5008,4,5,"Aksler, hjul, dekk og hjuloppheng (axles, wheels, tyres, suspension)",1336,1845,0.7241
FORD,KUGA,2,5,"Aksler, hjul, dekk og hjuloppheng (axles, wheels, tyres, suspension)",441,4067,0.1084
MITSUBISHI,COLT,3,5,"Aksler, hjul, dekk og hjuloppheng (axles, wheels, tyres, suspension)",294,1264,0.2326
FORD,S-MAX,2,5,"Aksler, hjul, dekk og hjuloppheng (axles, wheels, tyres, suspension)",442,3631,0.1217
PEUGEOT,108,3,5,"Aksler, hjul, dekk og hjuloppheng (axles, wheels, tyres, suspension)",56,301,0.186
MERCEDES-BENZ,A-Klasse,4,5,"Aksler, hjul, dekk og hjuloppheng (axles, wheels, tyres, suspension)",1041,2238,0.4651
CITROËN,C4 PICASSO,4,5,"Aksler, hjul, dekk og hjuloppheng (axles, wheels, tyres, suspension)",685,1058,0.6474
TOYOTA,RAV4,1,5,"Aksler, hjul, dekk og hjuloppheng (axles, wheels, tyres, suspension)",1817,29243,0.0621
MERCEDES-BENZ,C-Klasse,4,5,"Aksler, hjul, dekk og hjuloppheng (axles, wheels, tyres, suspension)",4653,7755,0.6
TOYOTA,AVENSIS,4,5,"Aksler, hjul, dekk og hjuloppheng (axles, wheels, tyres, suspension)",8840,20526,0.4307
FORD,NY Focus,4,5,"Aksler, hjul, dekk og hjuloppheng (axles, wheels, tyres, suspension)",7591,12012,0.632
MAZDA,MAZDA3,1,5,"Aksler, hjul, dekk og hjuloppheng (axles, wheels, tyres, suspension)",135,1523,0.0886
TOYOTA,AYGO 3/5-DØRS,4,5,"Aksler, hjul, dekk og hjuloppheng (axles, wheels, tyres, suspension)",1109,3007,0.3688
KIA,CEED,2,5,"Aksler, hjul, dekk og hjuloppheng (axles, wheels, tyres, suspension)",260,1150,0.2261
TOYOTA,AYGO,1,5,"Aksler, hjul, dekk og hjuloppheng (axles, wheels, tyres, suspension)",21,689,0.0305
VOLKSWAGEN,POLO,1,5,"Aksler, hjul, dekk og hjuloppheng (axles, wheels, tyres, suspension)",196,5836,0.0336
KIA,VENGA,4,5,"Aksler, hjul, dekk og hjuloppheng (axles, wheels, tyres, suspension)",249,668,0.3728
CITROËN,C4 Cactus,1,5,"Aksler, hjul, dekk og hjuloppheng (axles, wheels, tyres, suspension)",188,1085,0.1733
FORD,C-MAX,4,5,"Aksler, hjul, dekk og hjuloppheng (axles, wheels, tyres, suspension)",462,1034,0.4468
KIA,SPORTAGE,4,5,"Aksler, hjul, dekk og hjuloppheng (axles, wheels, tyres, suspension)",743,1242,0.5982
BMW,2-Serie,3,5,"Aksler, hjul, dekk og hjuloppheng (axles, wheels, tyres, suspension)",216,949,0.2276
MERCEDES-BENZ,GLE,2,5,"Aksler, hjul, dekk og hjuloppheng (axles, wheels, tyres, suspension)",67,719,0.0932
MAZDA,2,1,5,"Aksler, hjul, dekk og hjuloppheng (axles, wheels, tyres, suspension)",23,625,0.0368
AUDI,A1 SPORTBACK,4,5,"Aksler, hjul, dekk og hjuloppheng (axles, wheels, tyres, suspension)",58,183,0.3169
VOLKSWAGEN,UP!,1,5,"Aksler, hjul, dekk og hjuloppheng (axles, wheels, tyres, suspension)",19,680,0.0279
FIAT,PANDA,2,5,"Aksler, hjul, dekk og hjuloppheng (axles, wheels, tyres, suspension)",38,94,0.4043
HYUNDAI,I10,1,5,"Aksler, hjul, dekk og hjuloppheng (axles, wheels, tyres, suspension)",9,161,0.0559
FORD,B-MAX,1,5,"Aksler, hjul, dekk og hjuloppheng (axles, wheels, tyres, suspension)",0,5,0.0
NISSAN,Qashqai J11A,2,5,"Aksler, hjul, dekk og hjuloppheng (axles, wheels, tyres, suspension)",1048,7503,0.1397
TOYOTA,VERSO,3,5,"Aksler, hjul, dekk og hjuloppheng (axles, wheels, tyres, suspension)",353,3553,0.0994
SUZUKI,VITARA,3,5,"Aksler, hjul, dekk og hjuloppheng (axles, wheels, tyres, suspension)",125,1056,0.1184
VOLVO,XC60,4,5,"Aksler, hjul, dekk og hjuloppheng (axles, wheels, tyres, suspension)",3327,9334,0.3564
MERCEDES-BENZ,C,3,5,"Aksler, hjul, dekk og hjuloppheng (axles, wheels, tyres, suspension)",2371,6797,0.3488
VOLKSWAGEN,TIGUAN,3,5,"Aksler, hjul, dekk og hjuloppheng (axles, wheels, tyres, suspension)",6304,13669,0.4612
BMW,X3,3,5,"Aksler, hjul, dekk og hjuloppheng (axles, wheels, tyres, suspension)",2553,9399,0.2716
MITSUBISHI,OUTLANDER,3,5,"Aksler, hjul, dekk og hjuloppheng (axles, wheels, tyres, suspension)",4201,16791,0.2502
VOLVO,V90,1,5,"Aksler, hjul, dekk og hjuloppheng (axles, wheels, tyres, suspension)",553,10928,0.0506
SUZUKI,SWIFT,4,5,"Aksler, hjul, dekk og hjuloppheng (axles, wheels, tyres, suspension)",1990,4271,0.4659
PEUGEOT,308,2,5,"Aksler, hjul, dekk og hjuloppheng (axles, wheels, tyres, suspension)",1041,4530,0.2298
MERCEDES-BENZ,B-Klasse,3,5,"Aksler, hjul, dekk og hjuloppheng (axles, wheels, tyres, suspension)",725,4025,0.1801
HYUNDAI,I20,1,5,"Aksler, hjul, dekk og hjuloppheng (axles, wheels, tyres, suspension)",20,1113,0.018
KIA,Niro,1,5,"Aksler, hjul, dekk og hjuloppheng (axles, wheels, tyres, suspension)",102,5432,0.0188
HYUNDAI,i30 Stc.,4,5,"Aksler, hjul, dekk og hjuloppheng (axles, wheels, tyres, suspension)",2164,3800,0.5695
SKODA,OCTAVIA COMBI,1,5,"Aksler, hjul, dekk og hjuloppheng (axles, wheels, tyres, suspension)",1408,14749,0.0955
RENAULT,Kadjar,2,5,"Aksler, hjul, dekk og hjuloppheng (axles, wheels, tyres, suspension)",130,688,0.189
SKODA,FABIA COMBI,2,5,"Aksler, hjul, dekk og hjuloppheng (axles, wheels, tyres, suspension)",618,3224,0.1917
CITROËN,C3,2,5,"Aksler, hjul, dekk og hjuloppheng (axles, wheels, tyres, suspension)",353,1100,0.3209
TOYOTA,AURIS,1,5,"Aksler, hjul, dekk og hjuloppheng (axles, wheels, tyres, suspension)",139,6033,0.023
OPEL,INSIGNIA,1,5,"Aksler, hjul, dekk og hjuloppheng (axles, wheels, tyres, suspension)",40,1365,0.0293
MERCEDES-BENZ,E-Klasse,4,5,"Aksler, hjul, dekk og hjuloppheng (axles, wheels, tyres, suspension)",4907,11198,0.4382
SUZUKI,SX4 COMBIBACK,3,5,"Aksler, hjul, dekk og hjuloppheng (axles, wheels, tyres, suspension)",1142,6632,0.1722
TOYOTA,YARIS,4,5,"Aksler, hjul, dekk og hjuloppheng (axles, wheels, tyres, suspension)",4839,12845,0.3767
FORD,FOCUS,4,5,"Aksler, hjul, dekk og hjuloppheng (axles, wheels, tyres, suspension)",7591,12012,0.632
HONDA,JAZZ,2,5,"Aksler, hjul, dekk og hjuloppheng (axles, wheels, tyres, suspension)",34,727,0.0468
OPEL,ASTRA,2,5,"Aksler, hjul, dekk og hjuloppheng (axles, wheels, tyres, suspension)",138,1977,0.0698
NISSAN,MICRA,1,5,"Aksler, hjul, dekk og hjuloppheng (axles, wheels, tyres, suspension)",32,296,0.1081
BMW,5-Serie,3,5,"Aksler, hjul, dekk og hjuloppheng (axles, wheels, tyres, suspension)",3394,8687,0.3907
MAZDA,CX-3,3,5,"Aksler, hjul, dekk og hjuloppheng (axles, wheels, tyres, suspension)",166,1002,0.1657
HONDA,CIVIC,4,5,"Aksler, hjul, dekk og hjuloppheng (axles, wheels, tyres, suspension)",1311,2980,0.4399
DACIA,Duster,3,5,"Aksler, hjul, dekk og hjuloppheng (axles, wheels, tyres, suspension)",271,489,0.5542
MAZDA,CX-5,4,5,"Aksler, hjul, dekk og hjuloppheng (axles, wheels, tyres, suspension)",97,302,0.3212
NISSAN,X-TRAIL,4,5,"Aksler, hjul, dekk og hjuloppheng (axles, wheels, tyres, suspension)",2111,3637,0.5804
NISSAN,QASHQAI,1,5,"Aksler, hjul, dekk og hjuloppheng (axles, wheels, tyres, suspension)",141,4798,0.0294
RENAULT,MEGANE SPORT TOURER,2,5,"Aksler, hjul, dekk og hjuloppheng (axles, wheels, tyres, suspension)",66,326,0.2025
RENAULT,CLIO,1,5,"Aksler, hjul, dekk og hjuloppheng (axles, wheels, tyres, suspension)",153,563,0.2718
AUDI,A3 Limousine,1,5,"Aksler, hjul, dekk og hjuloppheng (axles, wheels, tyres, suspension)",9,109,0.0826
KIA,PICANTO,2,5,"Aksler, hjul, dekk og hjuloppheng (axles, wheels, tyres, suspension)",213,1280,0.1664
AUDI,A5 SPORTBACK,4,5,"Aksler, hjul, dekk og hjuloppheng (axles, wheels, tyres, suspension)",24,69,0.3478
FIAT,500,2,5,"Aksler, hjul, dekk og hjuloppheng (axles, wheels, tyres, suspension)",162,384,0.4219
BMW,1-Serie,2,5,"Aksler, hjul, dekk og hjuloppheng (axles, wheels, tyres, suspension)",142,1319,0.1077
SKODA,SCALA,1,5,"Aksler, hjul, dekk og hjuloppheng (axles, wheels, tyres, suspension)",2,339,0.0059
SKODA,RAPID SPACEBACK,1,5,"Aksler, hjul, dekk og hjuloppheng (axles, wheels, tyres, suspension)",70,482,0.1452
SEAT,IBIZA,1,5,"Aksler, hjul, dekk og hjuloppheng (axles, wheels, tyres, suspension)",5,162,0.0309
RENAULT,Ny Clio,4,5,"Aksler, hjul, dekk og hjuloppheng (axles, wheels, tyres, suspension)",434,517,0.8395
VOLVO,V40,4,5,"Aksler, hjul, dekk og hjuloppheng (axles, wheels, tyres, suspension)",85,243,0.3498
NISSAN,NOTE,2,5,"Aksler, hjul, dekk og hjuloppheng (axles, wheels, tyres, suspension)",32,358,0.0894
CHEVROLET,SPARK,4,5,"Aksler, hjul, dekk og hjuloppheng (axles, wheels, tyres, suspension)",5,21,0.2381
TOYOTA,AVENSIS STW,1,5,"Aksler, hjul, dekk og hjuloppheng (axles, wheels, tyres, suspension)",13,538,0.0242
FIAT,Punto S7,3,5,"Aksler, hjul, dekk og hjuloppheng (axles, wheels, tyres, suspension)",46,91,0.5055
PEUGEOT,207,3,5,"Aksler, hjul, dekk og hjuloppheng (axles, wheels, tyres, suspension)",264,610,0.4328
HYUNDAI,I30,3,5,"Aksler, hjul, dekk og hjuloppheng (axles, wheels, tyres, suspension)",67,164,0.4085
TOYOTA,Yaris Cross,1,5,"Aksler, hjul, dekk og hjuloppheng (axles, wheels, tyres, suspension)",3,261,0.0115
MAZDA,CX-3,1,5,"Aksler, hjul, dekk og hjuloppheng (axles, wheels, tyres, suspension)",55,2711,0.0203
MITSUBISHI,OUTLANDER,1,5,"Aksler, hjul, dekk og hjuloppheng (axles, wheels, tyres, suspension)",946,27166,0.0348
SKODA,OCTAVIA COMBI,3,5,"Aksler, hjul, dekk og hjuloppheng (axles, wheels, tyres, suspension)",5636,19319,0.2917
SUZUKI,VITARA,1,5,"Aksler, hjul, dekk og hjuloppheng (axles, wheels, tyres, suspension)",52,3773,0.0138
TOYOTA,Toyota C-HR,1,5,"Aksler, hjul, dekk og hjuloppheng (axles, wheels, tyres, suspension)",256,14399,0.0178
TOYOTA,AURIS,3,5,"Aksler, hjul, dekk og hjuloppheng (axles, wheels, tyres, suspension)",2248,23427,0.096
SKODA,KODIAQ,2,5,"Aksler, hjul, dekk og hjuloppheng (axles, wheels, tyres, suspension)",142,2105,0.0675
VOLKSWAGEN,T-Roc,1,5,"Aksler, hjul, dekk og hjuloppheng (axles, wheels, tyres, suspension)",227,7258,0.0313
VOLVO,V60,2,5,"Aksler, hjul, dekk og hjuloppheng (axles, wheels, tyres, suspension)",616,6546,0.0941
VOLKSWAGEN,TIGUAN,1,5,"Aksler, hjul, dekk og hjuloppheng (axles, wheels, tyres, suspension)",514,8054,0.0638
BMW,X3,1,5,"Aksler, hjul, dekk og hjuloppheng (axles, wheels, tyres, suspension)",131,2884,0.0454
BMW,5-Serie,1,5,"Aksler, hjul, dekk og hjuloppheng (axles, wheels, tyres, suspension)",286,4543,0.063
SKODA,RAPID SPACEBACK,3,5,"Aksler, hjul, dekk og hjuloppheng (axles, wheels, tyres, suspension)",548,1667,0.3287
MERCEDES-BENZ,C,1,5,"Aksler, hjul, dekk og hjuloppheng (axles, wheels, tyres, suspension)",473,3637,0.1301
SUZUKI,SX4,4,5,"Aksler, hjul, dekk og hjuloppheng (axles, wheels, tyres, suspension)",2115,4809,0.4398
OPEL,INSIGNIA,3,5,"Aksler, hjul, dekk og hjuloppheng (axles, wheels, tyres, suspension)",986,3483,0.2831
HYUNDAI,I20,3,5,"Aksler, hjul, dekk og hjuloppheng (axles, wheels, tyres, suspension)",661,4313,0.1533
HYUNDAI,IX20,3,5,"Aksler, hjul, dekk og hjuloppheng (axles, wheels, tyres, suspension)",435,1937,0.2246
NISSAN,QASHQAI,3,5,"Aksler, hjul, dekk og hjuloppheng (axles, wheels, tyres, suspension)",4713,10874,0.4334
HYUNDAI,I 10,4,5,"Aksler, hjul, dekk og hjuloppheng (axles, wheels, tyres, suspension)",166,982,0.169
CITROËN,C1,2,5,"Aksler, hjul, dekk og hjuloppheng (axles, wheels, tyres, suspension)",74,428,0.1729
SUZUKI,SX4 COMBIBACK,1,5,"Aksler, hjul, dekk og hjuloppheng (axles, wheels, tyres, suspension)",24,2054,0.0117
SKODA,RAPID,2,5,"Aksler, hjul, dekk og hjuloppheng (axles, wheels, tyres, suspension)",299,1389,0.2153
SUZUKI,SX4 S-Cross,2,5,"Aksler, hjul, dekk og hjuloppheng (axles, wheels, tyres, suspension)",146,2348,0.0622
TOYOTA,AVENSIS STW,3,5,"Aksler, hjul, dekk og hjuloppheng (axles, wheels, tyres, suspension)",1919,12867,0.1491
OPEL,CORSA,4,5,"Aksler, hjul, dekk og hjuloppheng (axles, wheels, tyres, suspension)",1681,3017,0.5572
NISSAN,JUKE,2,5,"Aksler, hjul, dekk og hjuloppheng (axles, wheels, tyres, suspension)",76,531,0.1431
RENAULT,CLIO,3,5,"Aksler, hjul, dekk og hjuloppheng (axles, wheels, tyres, suspension)",898,1622,0.5536
AUDI,A3 Limousine,3,5,"Aksler, hjul, dekk og hjuloppheng (axles, wheels, tyres, suspension)",112,391,0.2864
NISSAN,MICRA,3,5,"Aksler, hjul, dekk og hjuloppheng (axles, wheels, tyres, suspension)",250,871,0.287
HYUNDAI,i10 AC3,2,5,"Aksler, hjul, dekk og hjuloppheng (axles, wheels, tyres, suspension)",31,411,0.0754
MERCEDES-BENZ,B-Klasse,1,5,"Aksler, hjul, dekk og hjuloppheng (axles, wheels, tyres, suspension)",33,856,0.0386
RENAULT,MEGANE,2,5,"Aksler, hjul, dekk og hjuloppheng (axles, wheels, tyres, suspension)",66,326,0.2025
SKODA,CITIGO,2,5,"Aksler, hjul, dekk og hjuloppheng (axles, wheels, tyres, suspension)",40,474,0.0844
DACIA,Duster,1,5,"Aksler, hjul, dekk og hjuloppheng (axles, wheels, tyres, suspension)",57,767,0.0743
OPEL,ZAFIRA,4,5,"Aksler, hjul, dekk og hjuloppheng (axles, wheels, tyres, suspension)",773,1175,0.6579
AUDI,A3 CABRIOLET,4,5,"Aksler, hjul, dekk og hjuloppheng (axles, wheels, tyres, suspension)",61,166,0.3675
CITROËN,C3 PICASSO,2,5,"Aksler, hjul, dekk og hjuloppheng (axles, wheels, tyres, suspension)",12,46,0.2609
SEAT,LEON,4,5,"Aksler, hjul, dekk og hjuloppheng (axles, wheels, tyres, suspension)",2,7,0.2857
VOLKSWAGEN,GOLF,4,5,"Aksler, hjul, dekk og hjuloppheng (axles, wheels, tyres, suspension)",15671,32682,0.4795
FORD,KUGA,4,5,"Aksler, hjul, dekk og hjuloppheng (axles, wheels, tyres, suspension)",2619,5780,0.4531
TOYOTA,RAV4 Plug in,4,5,"Aksler, hjul, dekk og hjuloppheng (axles, wheels, tyres, suspension)",3297,10666,0.3091
VOLKSWAGEN,PASSAT VARIANT,4,5,"Aksler, hjul, dekk og hjuloppheng (axles, wheels, tyres, suspension)",9405,15462,0.6083
MAZDA,3,3,5,"Aksler, hjul, dekk og hjuloppheng (axles, wheels, tyres, suspension)",837,2880,0.2906
FORD,S-MAX,4,5,"Aksler, hjul, dekk og hjuloppheng (axles, wheels, tyres, suspension)",3693,6314,0.5849
SKODA,SUPERB COMBI,1,5,"Aksler, hjul, dekk og hjuloppheng (axles, wheels, tyres, suspension)",1374,6713,0.2047
TOYOTA,YARIS 5-DØRS,3,5,"Aksler, hjul, dekk og hjuloppheng (axles, wheels, tyres, suspension)",5077,21128,0.2403
PEUGEOT,2008,1,5,"Aksler, hjul, dekk og hjuloppheng (axles, wheels, tyres, suspension)",190,2747,0.0692
FORD,MONDEO STATIONCAR,3,5,"Aksler, hjul, dekk og hjuloppheng (axles, wheels, tyres, suspension)",3426,9588,0.3573
VOLVO,V70,3,5,"Aksler, hjul, dekk og hjuloppheng (axles, wheels, tyres, suspension)",2785,11477,0.2427
MINI,COOPER,3,5,"Aksler, hjul, dekk og hjuloppheng (axles, wheels, tyres, suspension)",718,3308,0.217
BMW,X5,1,5,"Aksler, hjul, dekk og hjuloppheng (axles, wheels, tyres, suspension)",578,5474,0.1056
AUDI,Q5,2,5,"Aksler, hjul, dekk og hjuloppheng (axles, wheels, tyres, suspension)",286,2270,0.126
CITROËN,C4 PICASSO,2,5,"Aksler, hjul, dekk og hjuloppheng (axles, wheels, tyres, suspension)",474,1511,0.3137
ALFA ROMEO,GIULIETTA,3,5,"Aksler, hjul, dekk og hjuloppheng (axles, wheels, tyres, suspension)",80,258,0.3101
OPEL,Grandland X,1,5,"Aksler, hjul, dekk og hjuloppheng (axles, wheels, tyres, suspension)",125,2268,0.0551
AUDI,A3 Sportback,3,5,"Aksler, hjul, dekk og hjuloppheng (axles, wheels, tyres, suspension)",2261,9047,0.2499
MERCEDES-BENZ,C-Klasse,2,5,"Aksler, hjul, dekk og hjuloppheng (axles, wheels, tyres, suspension)",1641,5861,0.28
TOYOTA,AVENSIS,2,5,"Aksler, hjul, dekk og hjuloppheng (axles, wheels, tyres, suspension)",194,3935,0.0493
FORD,NY Focus,2,5,"Aksler, hjul, dekk og hjuloppheng (axles, wheels, tyres, suspension)",600,5076,0.1182
KIA,CEED,4,5,"Aksler, hjul, dekk og hjuloppheng (axles, wheels, tyres, suspension)",405,742,0.5458
PEUGEOT,208,1,5,"Aksler, hjul, dekk og hjuloppheng (axles, wheels, tyres, suspension)",74,1123,0.0659
PEUGEOT,5008,2,5,"Aksler, hjul, dekk og hjuloppheng (axles, wheels, tyres, suspension)",382,1312,0.2912
MERCEDES-BENZ,GLA,3,5,"Aksler, hjul, dekk og hjuloppheng (axles, wheels, tyres, suspension)",153,1359,0.1126
MERCEDES-BENZ,A-Klasse,2,5,"Aksler, hjul, dekk og hjuloppheng (axles, wheels, tyres, suspension)",162,2268,0.0714
BMW,4-serie,2,5,"Aksler, hjul, dekk og hjuloppheng (axles, wheels, tyres, suspension)",63,509,0.1238
AUDI,A1 SPORTBACK,2,5,"Aksler, hjul, dekk og hjuloppheng (axles, wheels, tyres, suspension)",192,1299,0.1478
VOLKSWAGEN,TOURAN,3,5,"Aksler, hjul, dekk og hjuloppheng (axles, wheels, tyres, suspension)",2474,5455,0.4535
TOYOTA,AYGO 5-DØRS,3,5,"Aksler, hjul, dekk og hjuloppheng (axles, wheels, tyres, suspension)",525,2298,0.2285
OPEL,Crossland X,1,5,"Aksler, hjul, dekk og hjuloppheng (axles, wheels, tyres, suspension)",72,1377,0.0523
KIA,SPORTAGE,2,5,"Aksler, hjul, dekk og hjuloppheng (axles, wheels, tyres, suspension)",423,3281,0.1289
AUDI,Q3,1,5,"Aksler, hjul, dekk og hjuloppheng (axles, wheels, tyres, suspension)",42,911,0.0461
TOYOTA,AYGO 3/5-DØRS,2,5,"Aksler, hjul, dekk og hjuloppheng (axles, wheels, tyres, suspension)",101,608,0.1661
FORD,GALAXY,3,5,"Aksler, hjul, dekk og hjuloppheng (axles, wheels, tyres, suspension)",692,1766,0.3918
FORD,C-MAX,2,5,"Aksler, hjul, dekk og hjuloppheng (axles, wheels, tyres, suspension)",76,749,0.1015
MAZDA,MAZDA2,1,5,"Aksler, hjul, dekk og hjuloppheng (axles, wheels, tyres, suspension)",23,625,0.0368
FORD,KA,3,5,"Aksler, hjul, dekk og hjuloppheng (axles, wheels, tyres, suspension)",212,505,0.4198
KIA,VENGA,2,5,"Aksler, hjul, dekk og hjuloppheng (axles, wheels, tyres, suspension)",20,273,0.0733
FIAT,PANDA,4,5,"Aksler, hjul, dekk og hjuloppheng (axles, wheels, tyres, suspension)",73,101,0.7228
TOYOTA,COROLLA,3,5,"Aksler, hjul, dekk og hjuloppheng (axles, wheels, tyres, suspension)",36,284,0.1268
HYUNDAI,I30CW,3,5,"Aksler, hjul, dekk og hjuloppheng (axles, wheels, tyres, suspension)",67,164,0.4085
KIA,Optima,4,5,"Aksler, hjul, dekk og hjuloppheng (axles, wheels, tyres, suspension)",0,1,0.0
OPEL,CORSA,2,5,"Aksler, hjul, dekk og hjuloppheng (axles, wheels, tyres, suspension)",573,1681,0.3409
HYUNDAI,Tucson,3,5,"Aksler, hjul, dekk og hjuloppheng (axles, wheels, tyres, suspension)",579,2331,0.2484
MAZDA,MAZDA6,3,5,"Aksler, hjul, dekk og hjuloppheng (axles, wheels, tyres, suspension)",997,3352,0.2974
BMW,X1,1,5,"Aksler, hjul, dekk og hjuloppheng (axles, wheels, tyres, suspension)",138,7080,0.0195
BMW,3-Serie,3,5,"Aksler, hjul, dekk og hjuloppheng (axles, wheels, tyres, suspension)",2628,8958,0.2934
VOLVO,V60,4,5,"Aksler, hjul, dekk og hjuloppheng (axles, wheels, tyres, suspension)",1286,3752,0.3428
PEUGEOT,3008,3,5,"Aksler, hjul, dekk og hjuloppheng (axles, wheels, tyres, suspension)",1799,3530,0.5096
CITROËN,C4,1,5,"Aksler, hjul, dekk og hjuloppheng (axles, wheels, tyres, suspension)",380,2520,0.1508
SUZUKI,SX4,2,5,"Aksler, hjul, dekk og hjuloppheng (axles, wheels, tyres, suspension)",163,2476,0.0658
RENAULT,Captur,1,5,"Aksler, hjul, dekk og hjuloppheng (axles, wheels, tyres, suspension)",125,1550,0.0806
MITSUBISHI,SPACE STAR,3,5,"Aksler, hjul, dekk og hjuloppheng (axles, wheels, tyres, suspension)",201,2090,0.0962
MERCEDES-BENZ,CLA,2,5,"Aksler, hjul, dekk og hjuloppheng (axles, wheels, tyres, suspension)",230,2377,0.0968
FORD,FIESTA,1,5,"Aksler, hjul, dekk og hjuloppheng (axles, wheels, tyres, suspension)",137,3219,0.0426
VOLKSWAGEN,PASSAT,1,5,"Aksler, hjul, dekk og hjuloppheng (axles, wheels, tyres, suspension)",1508,11253,0.134
RENAULT,MEGANE,4,5,"Aksler, hjul, dekk og hjuloppheng (axles, wheels, tyres, suspension)",1283,1622,0.791
FORD,Focus,1,5,"Aksler, hjul, dekk og hjuloppheng (axles, wheels, tyres, suspension)",219,6110,0.0358
CITROËN,C 1,3,5,"Aksler, hjul, dekk og hjuloppheng (axles, wheels, tyres, suspension)",228,880,0.2591
OPEL,ZAFIRA,2,5,"Aksler, hjul, dekk og hjuloppheng (axles, wheels, tyres, suspension)",35,235,0.1489
CITROËN,C3 Aircross,1,5,"Aksler, hjul, dekk og hjuloppheng (axles, wheels, tyres, suspension)",45,782,0.0575
HYUNDAI,i10 AC3,4,5,"Aksler, hjul, dekk og hjuloppheng (axles, wheels, tyres, suspension)",166,982,0.169
VOLKSWAGEN,CADDY,1,5,"Aksler, hjul, dekk og hjuloppheng (axles, wheels, tyres, suspension)",127,865,0.1468
HYUNDAI,I 10,2,5,"Aksler, hjul, dekk og hjuloppheng (axles, wheels, tyres, suspension)",31,411,0.0754
CITROËN,C1,4,5,"Aksler, hjul, dekk og hjuloppheng (axles, wheels, tyres, suspension)",348,1119,0.311
FORD,PUMA,1,5,"Aksler, hjul, dekk og hjuloppheng (axles, wheels, tyres, suspension)",2,614,0.0033
SKODA,CITIGO,4,5,"Aksler, hjul, dekk og hjuloppheng (axles, wheels, tyres, suspension)",18,64,0.2812
CITROËN,C3 PICASSO,4,5,"Aksler, hjul, dekk og hjuloppheng (axles, wheels, tyres, suspension)",452,833,0.5426
FORD,MONDEO,1,5,"Aksler, hjul, dekk og hjuloppheng (axles, wheels, tyres, suspension)",107,1541,0.0694
SKODA,KAROQ,2,5,"Aksler, hjul, dekk og hjuloppheng (axles, wheels, tyres, suspension)",10,173,0.0578
NISSAN,JUKE,4,5,"Aksler, hjul, dekk og hjuloppheng (axles, wheels, tyres, suspension)",383,753,0.5086
SEAT,Ibiza GP2,1,5,"Aksler, hjul, dekk og hjuloppheng (axles, wheels, tyres, suspension)",5,162,0.0309
OPEL,ASTRA SPORTS TOURER,1,5,"Aksler, hjul, dekk og hjuloppheng (axles, wheels, tyres, suspension)",0,128,0.0
SEAT,LEON,2,5,"Aksler, hjul, dekk og hjuloppheng (axles, wheels, tyres, suspension)",2,5,0.4
AUDI,A3 CABRIOLET,2,5,"Aksler, hjul, dekk og hjuloppheng (axles, wheels, tyres, suspension)",2,39,0.0513
VOLVO,V60,3,5,"Aksler, hjul, dekk og hjuloppheng (axles, wheels, tyres, suspension)",3508,13953,0.2514
SKODA,OCTAVIA COMBI,2,5,"Aksler, hjul, dekk og hjuloppheng (axles, wheels, tyres, suspension)",1979,13702,0.1444
VOLVO,V90,2,5,"Aksler, hjul, dekk og hjuloppheng (axles, wheels, tyres, suspension)",606,4670,0.1298
TOYOTA,AURIS,2,5,"Aksler, hjul, dekk og hjuloppheng (axles, wheels, tyres, suspension)",858,15458,0.0555
BMW,3-Serie,4,5,"Aksler, hjul, dekk og hjuloppheng (axles, wheels, tyres, suspension)",6158,10635,0.579
TOYOTA,AVENSIS STW,2,5,"Aksler, hjul, dekk og hjuloppheng (axles, wheels, tyres, suspension)",194,3935,0.0493
HYUNDAI,Tucson,4,5,"Aksler, hjul, dekk og hjuloppheng (axles, wheels, tyres, suspension)",184,317,0.5804
KIA,PICANTO,1,5,"Aksler, hjul, dekk og hjuloppheng (axles, wheels, tyres, suspension)",20,563,0.0355
OPEL,ASTRA,1,5,"Aksler, hjul, dekk og hjuloppheng (axles, wheels, tyres, suspension)",16,1077,0.0149
KIA,Niro,2,5,"Aksler, hjul, dekk og hjuloppheng (axles, wheels, tyres, suspension)",107,2639,0.0405
PEUGEOT,3008,4,5,"Aksler, hjul, dekk og hjuloppheng (axles, wheels, tyres, suspension)",3301,4758,0.6938
SKODA,FABIA COMBI,1,5,"Aksler, hjul, dekk og hjuloppheng (axles, wheels, tyres, suspension)",177,2246,0.0788
SKODA,RAPID SPACEBACK,2,5,"Aksler, hjul, dekk og hjuloppheng (axles, wheels, tyres, suspension)",299,1389,0.2153
FIAT,500,1,5,"Aksler, hjul, dekk og hjuloppheng (axles, wheels, tyres, suspension)",44,212,0.2075
SKODA,CITIGO,3,5,"Aksler, hjul, dekk og hjuloppheng (axles, wheels, tyres, suspension)",229,1480,0.1547
NISSAN,QASHQAI,2,5,"Aksler, hjul, dekk og hjuloppheng (axles, wheels, tyres, suspension)",1048,7503,0.1397
SKODA,RAPID,3,5,"Aksler, hjul, dekk og hjuloppheng (axles, wheels, tyres, suspension)",548,1667,0.3287
SUZUKI,SX4 S-Cross,3,5,"Aksler, hjul, dekk og hjuloppheng (axles, wheels, tyres, suspension)",449,4208,0.1067
RENAULT,CLIO,2,5,"Aksler, hjul, dekk og hjuloppheng (axles, wheels, tyres, suspension)",328,641,0.5117
MAZDA,MAZDA6,4,5,"Aksler, hjul, dekk og hjuloppheng (axles, wheels, tyres, suspension)",2585,4254,0.6077
RENAULT,Kadjar,1,5,"Aksler, hjul, dekk og hjuloppheng (axles, wheels, tyres, suspension)",20,356,0.0562
NISSAN,JUKE,3,5,"Aksler, hjul, dekk og hjuloppheng (axles, wheels, tyres, suspension)",743,1806,0.4114
HYUNDAI,I20,2,5,"Aksler, hjul, dekk og hjuloppheng (axles, wheels, tyres, suspension)",91,2116,0.043
OPEL,INSIGNIA,2,5,"Aksler, hjul, dekk og hjuloppheng (axles, wheels, tyres, suspension)",178,1507,0.1181
NISSAN,Qashqai J11A,1,5,"Aksler, hjul, dekk og hjuloppheng (axles, wheels, tyres, suspension)",141,4798,0.0294
NISSAN,MICRA,2,5,"Aksler, hjul, dekk og hjuloppheng (axles, wheels, tyres, suspension)",60,274,0.219
CITROËN,C1,3,5,"Aksler, hjul, dekk og hjuloppheng (axles, wheels, tyres, suspension)",228,880,0.2591
PEUGEOT,308,1,5,"Aksler, hjul, dekk og hjuloppheng (axles, wheels, tyres, suspension)",98,1141,0.0859
CITROËN,C3,1,5,"Aksler, hjul, dekk og hjuloppheng (axles, wheels, tyres, suspension)",289,2416,0.1196
CITROËN,C 1,4,5,"Aksler, hjul, dekk og hjuloppheng (axles, wheels, tyres, suspension)",348,1119,0.311
HYUNDAI,i10 AC3,3,5,"Aksler, hjul, dekk og hjuloppheng (axles, wheels, tyres, suspension)",177,1046,0.1692
AUDI,A3 Limousine,2,5,"Aksler, hjul, dekk og hjuloppheng (axles, wheels, tyres, suspension)",47,290,0.1621
BMW,1-Serie,1,5,"Aksler, hjul, dekk og hjuloppheng (axles, wheels, tyres, suspension)",18,314,0.0573
SUZUKI,IGNIS,4,5,"Aksler, hjul, dekk og hjuloppheng (axles, wheels, tyres, suspension)",197,390,0.5051
HONDA,JAZZ,1,5,"Aksler, hjul, dekk og hjuloppheng (axles, wheels, tyres, suspension)",13,801,0.0162
RENAULT,MEGANE,3,5,"Aksler, hjul, dekk og hjuloppheng (axles, wheels, tyres, suspension)",800,1261,0.6344
CITROËN,C3 PICASSO,3,5,"Aksler, hjul, dekk og hjuloppheng (axles, wheels, tyres, suspension)",184,382,0.4817
RENAULT,MEGANE SPORT TOURER,1,5,"Aksler, hjul, dekk og hjuloppheng (axles, wheels, tyres, suspension)",31,294,0.1054
HYUNDAI,IX20,2,5,"Aksler, hjul, dekk og hjuloppheng (axles, wheels, tyres, suspension)",11,230,0.0478
NISSAN,NOTE,1,5,"Aksler, hjul, dekk og hjuloppheng (axles, wheels, tyres, suspension)",1,25,0.04
SEAT,IBIZA,2,5,"Aksler, hjul, dekk og hjuloppheng (axles, wheels, tyres, suspension)",0,1,0.0
VOLKSWAGEN,POLO,3,5,"Aksler, hjul, dekk og hjuloppheng (axles, wheels, tyres, suspension)",3240,10576,0.3064
FORD,FIESTA 5 DØRS,3,5,"Aksler, hjul, dekk og hjuloppheng (axles, wheels, tyres, suspension)",4227,8583,0.4925
FORD,FOCUS STATIONSVOGN,2,5,"Aksler, hjul, dekk og hjuloppheng (axles, wheels, tyres, suspension)",600,5076,0.1182
BMW,2-Serie,1,5,"Aksler, hjul, dekk og hjuloppheng (axles, wheels, tyres, suspension)",294,7055,0.0417
MAZDA,2,3,5,"Aksler, hjul, dekk og hjuloppheng (axles, wheels, tyres, suspension)",662,1899,0.3486
VOLVO,V50,4,5,"Aksler, hjul, dekk og hjuloppheng (axles, wheels, tyres, suspension)",8019,11296,0.7099
MERCEDES-BENZ,E,4,5,"Aksler, hjul, dekk og hjuloppheng (axles, wheels, tyres, suspension)",4907,11198,0.4382
VOLKSWAGEN,UP!,3,5,"Aksler, hjul, dekk og hjuloppheng (axles, wheels, tyres, suspension)",604,4436,0.1362
PEUGEOT,508,1,5,"Aksler, hjul, dekk og hjuloppheng (axles, wheels, tyres, suspension)",144,1065,0.1352
AUDI,A3,4,5,"Aksler, hjul, dekk og hjuloppheng (axles, wheels, tyres, suspension)",4733,8787,0.5386
AUDI,A6 AVANT,2,5,"Aksler, hjul, dekk og hjuloppheng (axles, wheels, tyres, suspension)",88,1067,0.0825
KIA,CEED SW,4,5,"Aksler, hjul, dekk og hjuloppheng (axles, wheels, tyres, suspension)",405,742,0.5458
FORD,B-MAX,3,5,"Aksler, hjul, dekk og hjuloppheng (axles, wheels, tyres, suspension)",507,1129,0.4491
SKODA,OCTAVIA,2,5,"Aksler, hjul, dekk og hjuloppheng (axles, wheels, tyres, suspension)",1979,13702,0.1444
SKODA,SUPERB,4,5,"Aksler, hjul, dekk og hjuloppheng (axles, wheels, tyres, suspension)",2241,3621,0.6189
TOYOTA,RAV4,3,5,"Aksler, hjul, dekk og hjuloppheng (axles, wheels, tyres, suspension)",1911,11242,0.17
SKODA,FABIA,4,5,"Aksler, hjul, dekk og hjuloppheng (axles, wheels, tyres, suspension)",1844,4252,0.4337
MAZDA,MAZDA3,3,5,"Aksler, hjul, dekk og hjuloppheng (axles, wheels, tyres, suspension)",837,2880,0.2906
KIA,CEE'D SW,2,5,"Aksler, hjul, dekk og hjuloppheng (axles, wheels, tyres, suspension)",260,1150,0.2261
HYUNDAI,I10,3,5,"Aksler, hjul, dekk og hjuloppheng (axles, wheels, tyres, suspension)",177,1046,0.1692
HONDA,CR-V,2,5,"Aksler, hjul, dekk og hjuloppheng (axles, wheels, tyres, suspension)",98,2570,0.0381
KIA,RIO,2,5,"Aksler, hjul, dekk og hjuloppheng (axles, wheels, tyres, suspension)",66,1154,0.0572
CITROËN,C4 Cactus,3,5,"Aksler, hjul, dekk og hjuloppheng (axles, wheels, tyres, suspension)",417,775,0.5381
VOLVO,XC90,3,5,"Aksler, hjul, dekk og hjuloppheng (axles, wheels, tyres, suspension)",197,1135,0.1736
CITROËN,BERLINGO,4,5,"Aksler, hjul, dekk og hjuloppheng (axles, wheels, tyres, suspension)",592,993,0.5962
TOYOTA,AYGO,3,5,"Aksler, hjul, dekk og hjuloppheng (axles, wheels, tyres, suspension)",525,2298,0.2285
OPEL,MERIVA,4,5,"Aksler, hjul, dekk og hjuloppheng (axles, wheels, tyres, suspension)",576,1312,0.439
TOYOTA,Aygo X,2,5,"Aksler, hjul, dekk og hjuloppheng (axles, wheels, tyres, suspension)",101,608,0.1661
SUZUKI,ALTO,4,5,"Aksler, hjul, dekk og hjuloppheng (axles, wheels, tyres, suspension)",110,392,0.2806
HYUNDAI,I40,2,5,"Aksler, hjul, dekk og hjuloppheng (axles, wheels, tyres, suspension)",34,123,0.2764
OPEL,Mokka,4,5,"Aksler, hjul, dekk og hjuloppheng (axles, wheels, tyres, suspension)",10,35,0.2857
AUDI,A4 AVANT,4,5,"Aksler, hjul, dekk og hjuloppheng (axles, wheels, tyres, suspension)",40,152,0.2632
PEUGEOT,108,1,5,"Aksler, hjul, dekk og hjuloppheng (axles, wheels, tyres, suspension)",14,129,0.1085
MITSUBISHI,ASX,1,5,"Aksler, hjul, dekk og hjuloppheng (axles, wheels, tyres, suspension)",13,452,0.0288
PEUGEOT,508,4,5,"Aksler, hjul, dekk og hjuloppheng (axles, wheels, tyres, suspension)",623,1566,0.3978
FORD,MONDEO STATIONCAR,2,5,"Aksler, hjul, dekk og hjuloppheng (axles, wheels, tyres, suspension)",770,5589,0.1378
MITSUBISHI,COLT,4,5,"Aksler, hjul, dekk og hjuloppheng (axles, wheels, tyres, suspension)",1240,3136,0.3954
AUDI,A1 SPORTBACK,3,5,"Aksler, hjul, dekk og hjuloppheng (axles, wheels, tyres, suspension)",790,3090,0.2557
FORD,GALAXY,2,5,"Aksler, hjul, dekk og hjuloppheng (axles, wheels, tyres, suspension)",62,493,0.1258
MITSUBISHI,ASX,4,5,"Aksler, hjul, dekk og hjuloppheng (axles, wheels, tyres, suspension)",1308,5149,0.254
MERCEDES-BENZ,GLA,2,5,"Aksler, hjul, dekk og hjuloppheng (axles, wheels, tyres, suspension)",138,1805,0.0765
KIA,SPORTAGE,3,5,"Aksler, hjul, dekk og hjuloppheng (axles, wheels, tyres, suspension)",2775,7796,0.356
MERCEDES-BENZ,A-Klasse,3,5,"Aksler, hjul, dekk og hjuloppheng (axles, wheels, tyres, suspension)",1075,6182,0.1739
TOYOTA,YARIS 5-DØRS,2,5,"Aksler, hjul, dekk og hjuloppheng (axles, wheels, tyres, suspension)",1502,15223,0.0987
VOLVO,XC40,1,5,"Aksler, hjul, dekk og hjuloppheng (axles, wheels, tyres, suspension)",53,6206,0.0085
CITROËN,C5 Aircross,1,5,"Aksler, hjul, dekk og hjuloppheng (axles, wheels, tyres, suspension)",92,1527,0.0602
CITROËN,C4 PICASSO,3,5,"Aksler, hjul, dekk og hjuloppheng (axles, wheels, tyres, suspension)",607,1484,0.409
KIA,VENGA,3,5,"Aksler, hjul, dekk og hjuloppheng (axles, wheels, tyres, suspension)",262,1099,0.2384
FORD,NY Focus,3,5,"Aksler, hjul, dekk og hjuloppheng (axles, wheels, tyres, suspension)",5202,15257,0.341
MERCEDES-BENZ,C-Klasse,3,5,"Aksler, hjul, dekk og hjuloppheng (axles, wheels, tyres, suspension)",2371,6797,0.3488
AUDI,A3 Sportback,2,5,"Aksler, hjul, dekk og hjuloppheng (axles, wheels, tyres, suspension)",1144,8901,0.1285
TOYOTA,AVENSIS,3,5,"Aksler, hjul, dekk og hjuloppheng (axles, wheels, tyres, suspension)",1919,12867,0.1491
SKODA,FABIA,1,5,"Aksler, hjul, dekk og hjuloppheng (axles, wheels, tyres, suspension)",177,2246,0.0788
SKODA,SUPERB,1,5,"Aksler, hjul, dekk og hjuloppheng (axles, wheels, tyres, suspension)",1374,6713,0.2047
AUDI,Q5,3,5,"Aksler, hjul, dekk og hjuloppheng (axles, wheels, tyres, suspension)",1094,5548,0.1972
MERCEDES-BENZ,E,1,5,"Aksler, hjul, dekk og hjuloppheng (axles, wheels, tyres, suspension)",652,4198,0.1553
MINI,COOPER,2,5,"Aksler, hjul, dekk og hjuloppheng (axles, wheels, tyres, suspension)",152,1205,0.1261
VOLKSWAGEN,T-Cross,1,5,"Aksler, hjul, dekk og hjuloppheng (axles, wheels, tyres, suspension)",22,1210,0.0182
VOLKSWAGEN,TOURAN,2,5,"Aksler, hjul, dekk og hjuloppheng (axles, wheels, tyres, suspension)",443,2051,0.216
PEUGEOT,5008,3,5,"Aksler, hjul, dekk og hjuloppheng (axles, wheels, tyres, suspension)",1032,1911,0.54
AUDI,A4 AVANT,1,5,"Aksler, hjul, dekk og hjuloppheng (axles, wheels, tyres, suspension)",107,1533,0.0698
HYUNDAI,Ioniq,1,5,"Aksler, hjul, dekk og hjuloppheng (axles, wheels, tyres, suspension)",41,1674,0.0245
FORD,C-MAX,3,5,"Aksler, hjul, dekk og hjuloppheng (axles, wheels, tyres, suspension)",416,1829,0.2274
TOYOTA,AYGO 3/5-DØRS,3,5,"Aksler, hjul, dekk og hjuloppheng (axles, wheels, tyres, suspension)",525,2298,0.2285
KIA,CEED SW,1,5,"Aksler, hjul, dekk og hjuloppheng (axles, wheels, tyres, suspension)",44,984,0.0447
MAZDA,3,2,5,"Aksler, hjul, dekk og hjuloppheng (axles, wheels, tyres, suspension)",397,2010,0.1975
TOYOTA,AYGO 5-DØRS,2,5,"Aksler, hjul, dekk og hjuloppheng (axles, wheels, tyres, suspension)",101,608,0.1661
AUDI,A3,1,5,"Aksler, hjul, dekk og hjuloppheng (axles, wheels, tyres, suspension)",260,4115,0.0632
CITROËN,BERLINGO,1,5,"Aksler, hjul, dekk og hjuloppheng (axles, wheels, tyres, suspension)",54,389,0.1388
OPEL,Mokka,1,5,"Aksler, hjul, dekk og hjuloppheng (axles, wheels, tyres, suspension)",63,1060,0.0594
BMW,4-serie,3,5,"Aksler, hjul, dekk og hjuloppheng (axles, wheels, tyres, suspension)",94,422,0.2227
VOLVO,V70,2,5,"Aksler, hjul, dekk og hjuloppheng (axles, wheels, tyres, suspension)",259,2502,0.1035
KIA,Stonic,2,5,"Aksler, hjul, dekk og hjuloppheng (axles, wheels, tyres, suspension)",6,93,0.0645
FORD,KA,2,5,"Aksler, hjul, dekk og hjuloppheng (axles, wheels, tyres, suspension)",10,41,0.2439
VOLKSWAGEN,Golf Sportsvan,1,5,"Aksler, hjul, dekk og hjuloppheng (axles, wheels, tyres, suspension)",28,502,0.0558
PEUGEOT,206 +,4,5,"Aksler, hjul, dekk og hjuloppheng (axles, wheels, tyres, suspension)",79,143,0.5524
ALFA ROMEO,GIULIETTA,2,5,"Aksler, hjul, dekk og hjuloppheng (axles, wheels, tyres, suspension)",12,35,0.3429
TOYOTA,Toyota C-HR,2,5,"Aksler, hjul, dekk og hjuloppheng (axles, wheels, tyres, suspension)",299,4126,0.0725
VOLVO,V60,1,5,"Aksler, hjul, dekk og hjuloppheng (axles, wheels, tyres, suspension)",429,11028,0.0389
NISSAN,Qashqai J11A,3,5,"Aksler, hjul, dekk og hjuloppheng (axles, wheels, tyres, suspension)",4713,10874,0.4334
OPEL,ASTRA,3,5,"Aksler, hjul, dekk og hjuloppheng (axles, wheels, tyres, suspension)",899,3710,0.2423
BMW,5-Serie,2,5,"Aksler, hjul, dekk og hjuloppheng (axles, wheels, tyres, suspension)",588,3263,0.1802
MITSUBISHI,OUTLANDER,2,5,"Aksler, hjul, dekk og hjuloppheng (axles, wheels, tyres, suspension)",2706,22180,0.122
SKODA,FABIA COMBI,3,5,"Aksler, hjul, dekk og hjuloppheng (axles, wheels, tyres, suspension)",1053,3929,0.268
BMW,1-Serie,3,5,"Aksler, hjul, dekk og hjuloppheng (axles, wheels, tyres, suspension)",1504,5856,0.2568
SKODA,KODIAQ,1,5,"Aksler, hjul, dekk og hjuloppheng (axles, wheels, tyres, suspension)",407,7893,0.0516
SUZUKI,VITARA,2,5,"Aksler, hjul, dekk og hjuloppheng (axles, wheels, tyres, suspension)",240,3777,0.0635
OPEL,ASTRA SPORTS TOURER,4,5,"Aksler, hjul, dekk og hjuloppheng (axles, wheels, tyres, suspension)",338,979,0.3453
NISSAN,NOTE,3,5,"Aksler, hjul, dekk og hjuloppheng (axles, wheels, tyres, suspension)",282,946,0.2981
HONDA,JAZZ,3,5,"Aksler, hjul, dekk og hjuloppheng (axles, wheels, tyres, suspension)",119,1643,0.0724
CITROËN,C4,4,5,"Aksler, hjul, dekk og hjuloppheng (axles, wheels, tyres, suspension)",1556,2439,0.638
VOLKSWAGEN,TIGUAN,2,5,"Aksler, hjul, dekk og hjuloppheng (axles, wheels, tyres, suspension)",1103,7466,0.1477
PEUGEOT,107,4,5,"Aksler, hjul, dekk og hjuloppheng (axles, wheels, tyres, suspension)",666,1880,0.3543
BMW,X1,4,5,"Aksler, hjul, dekk og hjuloppheng (axles, wheels, tyres, suspension)",2577,4390,0.587
MERCEDES-BENZ,B-Klasse,2,5,"Aksler, hjul, dekk og hjuloppheng (axles, wheels, tyres, suspension)",107,1185,0.0903
VOLKSWAGEN,T-Roc,2,5,"Aksler, hjul, dekk og hjuloppheng (axles, wheels, tyres, suspension)",11,288,0.0382
MAZDA,CX-3,2,5,"Aksler, hjul, dekk og hjuloppheng (axles, wheels, tyres, suspension)",404,5128,0.0788
KIA,PICANTO,3,5,"Aksler, hjul, dekk og hjuloppheng (axles, wheels, tyres, suspension)",1264,3887,0.3252
VOLKSWAGEN,PASSAT,4,5,"Aksler, hjul, dekk og hjuloppheng (axles, wheels, tyres, suspension)",9405,15462,0.6083
FORD,FIESTA,4,5,"Aksler, hjul, dekk og hjuloppheng (axles, wheels, tyres, suspension)",5387,7906,0.6814
FORD,MONDEO,4,5,"Aksler, hjul, dekk og hjuloppheng (axles, wheels, tyres, suspension)",8820,15288,0.5769
SUZUKI,SX4 COMBIBACK,2,5,"Aksler, hjul, dekk og hjuloppheng (axles, wheels, tyres, suspension)",163,2476,0.0658
FORD,Focus,4,5,"Aksler, hjul, dekk og hjuloppheng (axles, wheels, tyres, suspension)",7591,12012,0.632
FIAT,500,3,5,"Aksler, hjul, dekk og hjuloppheng (axles, wheels, tyres, suspension)",989,2045,0.4836
CITROËN,C3,3,5,"Aksler, hjul, dekk og hjuloppheng (axles, wheels, tyres, suspension)",807,1322,0.6104
PEUGEOT,308,3,5,"Aksler, hjul, dekk og hjuloppheng (axles, wheels, tyres, suspension)",1538,4837,0.318
SKODA,KAMIQ,1,5,"Aksler, hjul, dekk og hjuloppheng (axles, wheels, tyres, suspension)",5,327,0.0153
BMW,X3,2,5,"Aksler, hjul, dekk og hjuloppheng (axles, wheels, tyres, suspension)",675,3055,0.2209
SKODA,CITIGO,1,5,"Aksler, hjul, dekk og hjuloppheng (axles, wheels, tyres, suspension)",10,202,0.0495
RENAULT,Kadjar,3,5,"Aksler, hjul, dekk og hjuloppheng (axles, wheels, tyres, suspension)",41,102,0.402
MERCEDES-BENZ,C,2,5,"Aksler, hjul, dekk og hjuloppheng (axles, wheels, tyres, suspension)",1641,5861,0.28
VOLKSWAGEN,CADDY,4,5,"Aksler, hjul, dekk og hjuloppheng (axles, wheels, tyres, suspension)",590,1082,0.5453
RENAULT,MEGANE SPORT TOURER,3,5,"Aksler, hjul, dekk og hjuloppheng (axles, wheels, tyres, suspension)",800,1261,0.6344
DACIA,Duster,2,5,"Aksler, hjul, dekk og hjuloppheng (axles, wheels, tyres, suspension)",185,542,0.3413
SKODA,RAPID,1,5,"Aksler, hjul, dekk og hjuloppheng (axles, wheels, tyres, suspension)",70,482,0.1452
RENAULT,MEGANE,1,5,"Aksler, hjul, dekk og hjuloppheng (axles, wheels, tyres, suspension)",31,294,0.1054
CITROËN,C1,1,5,"Aksler, hjul, dekk og hjuloppheng (axles, wheels, tyres, suspension)",4,58,0.069
TOYOTA,VERSO,2,5,"Aksler, hjul, dekk og hjuloppheng (axles, wheels, tyres, suspension)",9,178,0.0506
SEAT,Ibiza GP2,4,5,"Aksler, hjul, dekk og hjuloppheng (axles, wheels, tyres, suspension)",4,7,0.5714
NISSAN,JUKE,1,5,"Aksler, hjul, dekk og hjuloppheng (axles, wheels, tyres, suspension)",4,107,0.0374
HYUNDAI,i10 AC3,1,5,"Aksler, hjul, dekk og hjuloppheng (axles, wheels, tyres, suspension)",9,161,0.0559
SUZUKI,SX4 S-Cross,1,5,"Aksler, hjul, dekk og hjuloppheng (axles, wheels, tyres, suspension)",2,80,0.025
CITROËN,C3 PICASSO,1,5,"Aksler, hjul, dekk og hjuloppheng (axles, wheels, tyres, suspension)",1,11,0.0909
BMW,1-Serie,4,5,"Aksler, hjul, dekk og hjuloppheng (axles, wheels, tyres, suspension)",2731,6307,0.433
FIAT,500,4,5,"Aksler, hjul, dekk og hjuloppheng (axles, wheels, tyres, suspension)",1580,2705,0.5841
CITROËN,C4,3,5,"Aksler, hjul, dekk og hjuloppheng (axles, wheels, tyres, suspension)",2310,5303,0.4356
HYUNDAI,Tucson,1,5,"Aksler, hjul, dekk og hjuloppheng (axles, wheels, tyres, suspension)",77,2203,0.035
SKODA,FABIA COMBI,4,5,"Aksler, hjul, dekk og hjuloppheng (axles, wheels, tyres, suspension)",1844,4252,0.4337
RENAULT,MEGANE SPORT TOURER,4,5,"Aksler, hjul, dekk og hjuloppheng (axles, wheels, tyres, suspension)",1283,1622,0.791
VOLVO,V40,2,5,"Aksler, hjul, dekk og hjuloppheng (axles, wheels, tyres, suspension)",1117,6391,0.1748
BMW,X1,3,5,"Aksler, hjul, dekk og hjuloppheng (axles, wheels, tyres, suspension)",2181,5709,0.382
MERCEDES-BENZ,GLC,2,5,"Aksler, hjul, dekk og hjuloppheng (axles, wheels, tyres, suspension)",1223,5064,0.2415
VOLVO,XC60,2,5,"Aksler, hjul, dekk og hjuloppheng (axles, wheels, tyres, suspension)",1306,9732,0.1342
BMW,3-Serie,1,5,"Aksler, hjul, dekk og hjuloppheng (axles, wheels, tyres, suspension)",544,4744,0.1147
KIA,PICANTO,4,5,"Aksler, hjul, dekk og hjuloppheng (axles, wheels, tyres, suspension)",315,652,0.4831
PEUGEOT,3008,1,5,"Aksler, hjul, dekk og hjuloppheng (axles, wheels, tyres, suspension)",655,7489,0.0875
NISSAN,X-TRAIL,2,5,"Aksler, hjul, dekk og hjuloppheng (axles, wheels, tyres, suspension)",848,2651,0.3199
NISSAN,Qashqai J11A,4,5,"Aksler, hjul, dekk og hjuloppheng (axles, wheels, tyres, suspension)",6675,9029,0.7393
MAZDA,CX-5,2,5,"Aksler, hjul, dekk og hjuloppheng (axles, wheels, tyres, suspension)",1555,8955,0.1736
NISSAN,NOTE,4,5,"Aksler, hjul, dekk og hjuloppheng (axles, wheels, tyres, suspension)",935,1197,0.7811
FORD,FIESTA,3,5,"Aksler, hjul, dekk og hjuloppheng (axles, wheels, tyres, suspension)",4227,8583,0.4925
TOYOTA,YARIS,2,5,"Aksler, hjul, dekk og hjuloppheng (axles, wheels, tyres, suspension)",1502,15223,0.0987
FORD,MONDEO,3,5,"Aksler, hjul, dekk og hjuloppheng (axles, wheels, tyres, suspension)",3426,9588,0.3573
MERCEDES-BENZ,E-Klasse,2,5,"Aksler, hjul, dekk og hjuloppheng (axles, wheels, tyres, suspension)",950,3761,0.2526
VOLKSWAGEN,PASSAT,3,5,"Aksler, hjul, dekk og hjuloppheng (axles, wheels, tyres, suspension)",8276,16654,0.4969
OPEL,ASTRA,4,5,"Aksler, hjul, dekk og hjuloppheng (axles, wheels, tyres, suspension)",2491,5454,0.4567
FORD,Focus,3,5,"Aksler, hjul, dekk og hjuloppheng (axles, wheels, tyres, suspension)",5202,15257,0.341
FORD,FOCUS,2,5,"Aksler, hjul, dekk og hjuloppheng (axles, wheels, tyres, suspension)",600,5076,0.1182
RENAULT,Captur,3,5,"Aksler, hjul, dekk og hjuloppheng (axles, wheels, tyres, suspension)",397,929,0.4273
SUZUKI,SWIFT,2,5,"Aksler, hjul, dekk og hjuloppheng (axles, wheels, tyres, suspension)",237,2129,0.1113
PEUGEOT,308,4,5,"Aksler, hjul, dekk og hjuloppheng (axles, wheels, tyres, suspension)",2696,4655,0.5792
AUDI,Q2,2,5,"Aksler, hjul, dekk og hjuloppheng (axles, wheels, tyres, suspension)",46,722,0.0637
VOLKSWAGEN,CADDY,3,5,"Aksler, hjul, dekk og hjuloppheng (axles, wheels, tyres, suspension)",585,1122,0.5214
PEUGEOT,107,3,5,"Aksler, hjul, dekk og hjuloppheng (axles, wheels, tyres, suspension)",172,862,0.1995
SUZUKI,IGNIS,1,5,"Aksler, hjul, dekk og hjuloppheng (axles, wheels, tyres, suspension)",161,1716,0.0938
RENAULT,Ny Clio,2,5,"Aksler, hjul, dekk og hjuloppheng (axles, wheels, tyres, suspension)",328,641,0.5117
HONDA,JAZZ,4,5,"Aksler, hjul, dekk og hjuloppheng (axles, wheels, tyres, suspension)",307,2120,0.1448
OPEL,ASTRA SPORTS TOURER,3,5,"Aksler, hjul, dekk og hjuloppheng (axles, wheels, tyres, suspension)",515,2062,0.2498
HONDA,CIVIC,2,5,"Aksler, hjul, dekk og hjuloppheng (axles, wheels, tyres, suspension)",48,1171,0.041
HYUNDAI,KONA,2,5,"Aksler, hjul, dekk og hjuloppheng (axles, wheels, tyres, suspension)",2,42,0.0476
MAZDA,MAZDA6,1,5,"Aksler, hjul, dekk og hjuloppheng (axles, wheels, tyres, suspension)",53,1078,0.0492
CITROËN,C3,4,5,"Aksler, hjul, dekk og hjuloppheng (axles, wheels, tyres, suspension)",1231,1932,0.6372
MITSUBISHI,SPACE STAR,1,5,"Aksler, hjul, dekk og hjuloppheng (axles, wheels, tyres, suspension)",4,320,0.0125
AUDI,A5 SPORTBACK,2,5,"Aksler, hjul, dekk og hjuloppheng (axles, wheels, tyres, suspension)",39,267,0.1461
CITROËN,C 1,1,5,"Aksler, hjul, dekk og hjuloppheng (axles, wheels, tyres, suspension)",4,58,0.069
CHEVROLET,SPARK,2,5,"Aksler, hjul, dekk og hjuloppheng (axles, wheels, tyres, suspension)",9,10,0.9
VOLKSWAGEN,GOLF,3,5,"Aksler, hjul, dekk og hjuloppheng (axles, wheels, tyres, suspension)",10847,40607,0.2671
VOLKSWAGEN,TOURAN,4,5,"Aksler, hjul, dekk og hjuloppheng (axles, wheels, tyres, suspension)",6386,10414,0.6132
VOLVO,V70,4,5,"Aksler, hjul, dekk og hjuloppheng (axles, wheels, tyres, suspension)",6854,17685,0.3876
FORD,MONDEO STATIONCAR,4,5,"Aksler, hjul, dekk og hjuloppheng (axles, wheels, tyres, suspension)",8820,15288,0.5769
TOYOTA,RAV4 Plug in,3,5,"Aksler, hjul, dekk og hjuloppheng (axles, wheels, tyres, suspension)",1911,11242,0.17
VOLKSWAGEN,PASSAT VARIANT,3,5,"Aksler, hjul, dekk og hjuloppheng (axles, wheels, tyres, suspension)",8276,16654,0.4969
TOYOTA,YARIS 5-DØRS,4,5,"Aksler, hjul, dekk og hjuloppheng (axles, wheels, tyres, suspension)",4839,12845,0.3767
BMW,2-Serie,2,5,"Aksler, hjul, dekk og hjuloppheng (axles, wheels, tyres, suspension)",1073,5966,0.1799
FORD,KUGA,3,5,"Aksler, hjul, dekk og hjuloppheng (axles, wheels, tyres, suspension)",2156,7170,0.3007
FORD,GALAXY,4,5,"Aksler, hjul, dekk og hjuloppheng (axles, wheels, tyres, suspension)",1231,2069,0.595
TOYOTA,Aygo X,1,5,"Aksler, hjul, dekk og hjuloppheng (axles, wheels, tyres, suspension)",21,689,0.0305
MAZDA,3,4,5,"Aksler, hjul, dekk og hjuloppheng (axles, wheels, tyres, suspension)",2259,3328,0.6788
TOYOTA,COROLLA,4,5,"Aksler, hjul, dekk og hjuloppheng (axles, wheels, tyres, suspension)",961,4053,0.2371
MITSUBISHI,ASX,2,5,"Aksler, hjul, dekk og hjuloppheng (axles, wheels, tyres, suspension)",106,1912,0.0554
HONDA,CR-V,1,5,"Aksler, hjul, dekk og hjuloppheng (axles, wheels, tyres, suspension)",24,1749,0.0137
FORD,FOCUS STATIONSVOGN,1,5,"Aksler, hjul, dekk og hjuloppheng (axles, wheels, tyres, suspension)",219,6110,0.0358
SKODA,OCTAVIA,1,5,"Aksler, hjul, dekk og hjuloppheng (axles, wheels, tyres, suspension)",1408,14749,0.0955
TOYOTA,AYGO 5-DØRS,4,5,"Aksler, hjul, dekk og hjuloppheng (axles, wheels, tyres, suspension)",1109,3007,0.3688
AUDI,A3 Sportback,4,5,"Aksler, hjul, dekk og hjuloppheng (axles, wheels, tyres, suspension)",100,227,0.4405
HYUNDAI,I30CW,4,5,"Aksler, hjul, dekk og hjuloppheng (axles, wheels, tyres, suspension)",2164,3800,0.5695
KIA,CEE'D SW,1,5,"Aksler, hjul, dekk og hjuloppheng (axles, wheels, tyres, suspension)",44,984,0.0447
KIA,CEED,3,5,"Aksler, hjul, dekk og hjuloppheng (axles, wheels, tyres, suspension)",1197,3585,0.3339
FORD,S-MAX,3,5,"Aksler, hjul, dekk og hjuloppheng (axles, wheels, tyres, suspension)",2150,5510,0.3902
MINI,COOPER,4,5,"Aksler, hjul, dekk og hjuloppheng (axles, wheels, tyres, suspension)",736,2672,0.2754
FORD,KA,4,5,"Aksler, hjul, dekk og hjuloppheng (axles, wheels, tyres, suspension)",268,449,0.5969
MERCEDES-BENZ,GLE,3,5,"Aksler, hjul, dekk og hjuloppheng (axles, wheels, tyres, suspension)",9,72,0.125
PEUGEOT,108,2,5,"Aksler, hjul, dekk og hjuloppheng (axles, wheels, tyres, suspension)",87,601,0.1448
KIA,RIO,1,5,"Aksler, hjul, dekk og hjuloppheng (axles, wheels, tyres, suspension)",20,599,0.0334
PEUGEOT,508,2,5,"Aksler, hjul, dekk og hjuloppheng (axles, wheels, tyres, suspension)",230,919,0.2503
FIAT,PANDA,3,5,"Aksler, hjul, dekk og hjuloppheng (axles, wheels, tyres, suspension)",188,332,0.5663
AUDI,A6 AVANT,1,5,"Aksler, hjul, dekk og hjuloppheng (axles, wheels, tyres, suspension)",29,526,0.0551
KIA,Optima,3,5,"Aksler, hjul, dekk og hjuloppheng (axles, wheels, tyres, suspension)",20,86,0.2326
HYUNDAI,I40,1,5,"Aksler, hjul, dekk og hjuloppheng (axles, wheels, tyres, suspension)",1,1,1.0
ALFA ROMEO,GIULIETTA,4,5,"Aksler, hjul, dekk og hjuloppheng (axles, wheels, tyres, suspension)",0,1,0.0
AUDI,A6 AVANT,2,6,Understell og understellsutstyr (chassis and chassis equipment),31,1067,0.0291
VOLKSWAGEN,POLO,3,6,Understell og understellsutstyr (chassis and chassis equipment),1416,10576,0.1339
HONDA,CR-V,2,6,Understell og understellsutstyr (chassis and chassis equipment),14,2570,0.0054
VOLVO,V50,4,6,Understell og understellsutstyr (chassis and chassis equipment),1929,11296,0.1708
FORD,FOCUS STATIONSVOGN,2,6,Understell og understellsutstyr (chassis and chassis equipment),229,5076,0.0451
MERCEDES-BENZ,E,4,6,Understell og understellsutstyr (chassis and chassis equipment),1508,11198,0.1347
VOLVO,XC90,3,6,Understell og understellsutstyr (chassis and chassis equipment),24,1135,0.0211
VOLKSWAGEN,UP!,3,6,Understell og understellsutstyr (chassis and chassis equipment),367,4436,0.0827
FORD,FIESTA 5 DØRS,3,6,Understell og understellsutstyr (chassis and chassis equipment),868,8583,0.1011
AUDI,A3,4,6,Understell og understellsutstyr (chassis and chassis equipment),1383,8787,0.1574
BMW,2-Serie,1,6,Understell og understellsutstyr (chassis and chassis equipment),38,7055,0.0054
KIA,CEED SW,4,6,Understell og understellsutstyr (chassis and chassis equipment),63,742,0.0849
FORD,B-MAX,3,6,Understell og understellsutstyr (chassis and chassis equipment),79,1129,0.07
MAZDA,2,3,6,Understell og understellsutstyr (chassis and chassis equipment),44,1899,0.0232
SKODA,OCTAVIA,2,6,Understell og understellsutstyr (chassis and chassis equipment),97,13702,0.0071
TOYOTA,RAV4,3,6,Understell og understellsutstyr (chassis and chassis equipment),385,11242,0.0342
MAZDA,MAZDA3,3,6,Understell og understellsutstyr (chassis and chassis equipment),81,2880,0.0281
SKODA,FABIA,4,6,Understell og understellsutstyr (chassis and chassis equipment),1386,4252,0.326
SKODA,SUPERB,4,6,Understell og understellsutstyr (chassis and chassis equipment),556,3621,0.1535
MITSUBISHI,ASX,1,6,Understell og understellsutstyr (chassis and chassis equipment),6,452,0.0133
PEUGEOT,508,1,6,Understell og understellsutstyr (chassis and chassis equipment),7,1065,0.0066
OPEL,MERIVA,4,6,Understell og understellsutstyr (chassis and chassis equipment),301,1312,0.2294
HYUNDAI,I10,3,6,Understell og understellsutstyr (chassis and chassis equipment),31,1046,0.0296
TOYOTA,AYGO,3,6,Understell og understellsutstyr (chassis and chassis equipment),260,2298,0.1131
TOYOTA,Aygo X,2,6,Understell og understellsutstyr (chassis and chassis equipment),6,608,0.0099
KIA,RIO,2,6,Understell og understellsutstyr (chassis and chassis equipment),13,1154,0.0113
KIA,CEE'D SW,2,6,Understell og understellsutstyr (chassis and chassis equipment),12,1150,0.0104
CITROËN,BERLINGO,4,6,Understell og understellsutstyr (chassis and chassis equipment),292,993,0.2941
PEUGEOT,108,1,6,Understell og understellsutstyr (chassis and chassis equipment),2,129,0.0155
HYUNDAI,I40,2,6,Understell og understellsutstyr (chassis and chassis equipment),2,123,0.0163
SUZUKI,ALTO,4,6,Understell og understellsutstyr (chassis and chassis equipment),30,392,0.0765
CITROËN,C4 Cactus,3,6,Understell og understellsutstyr (chassis and chassis equipment),164,775,0.2116
OPEL,Mokka,4,6,Understell og understellsutstyr (chassis and chassis equipment),5,35,0.1429
AUDI,A4 AVANT,4,6,Understell og understellsutstyr (chassis and chassis equipment),11,152,0.0724
BMW,3-Serie,4,6,Understell og understellsutstyr (chassis and chassis equipment),2157,10635,0.2028
SKODA,OCTAVIA COMBI,2,6,Understell og understellsutstyr (chassis and chassis equipment),97,13702,0.0071
NISSAN,Qashqai J11A,1,6,Understell og understellsutstyr (chassis and chassis equipment),12,4798,0.0025
VOLVO,V60,3,6,Understell og understellsutstyr (chassis and chassis equipment),285,13953,0.0204
PEUGEOT,308,1,6,Understell og understellsutstyr (chassis and chassis equipment),28,1141,0.0245
RENAULT,Kadjar,1,6,Understell og understellsutstyr (chassis and chassis equipment),2,356,0.0056
HYUNDAI,I20,2,6,Understell og understellsutstyr (chassis and chassis equipment),24,2116,0.0113
TOYOTA,AURIS,2,6,Understell og understellsutstyr (chassis and chassis equipment),167,15458,0.0108
SKODA,FABIA COMBI,1,6,Understell og understellsutstyr (chassis and chassis equipment),12,2246,0.0053
NISSAN,JUKE,3,6,Understell og understellsutstyr (chassis and chassis equipment),211,1806,0.1168
RENAULT,CLIO,2,6,Understell og understellsutstyr (chassis and chassis equipment),42,641,0.0655
TOYOTA,AVENSIS STW,2,6,Understell og understellsutstyr (chassis and chassis equipment),37,3935,0.0094
MAZDA,MAZDA6,4,6,Understell og understellsutstyr (chassis and chassis equipment),681,4254,0.1601
PEUGEOT,3008,4,6,Understell og understellsutstyr (chassis and chassis equipment),378,4758,0.0794
SKODA,CITIGO,3,6,Understell og understellsutstyr (chassis and chassis equipment),124,1480,0.0838
CITROËN,C 1,4,6,Understell og understellsutstyr (chassis and chassis equipment),375,1119,0.3351
HYUNDAI,IX20,2,6,Understell og understellsutstyr (chassis and chassis equipment),3,230,0.013
HONDA,JAZZ,1,6,Understell og understellsutstyr (chassis and chassis equipment),3,801,0.0037
NISSAN,QASHQAI,2,6,Understell og understellsutstyr (chassis and chassis equipment),76,7503,0.0101
CITROËN,C3,1,6,Understell og understellsutstyr (chassis and chassis equipment),181,2416,0.0749
OPEL,ASTRA,1,6,Understell og understellsutstyr (chassis and chassis equipment),8,1077,0.0074
SUZUKI,SX4 S-Cross,3,6,Understell og understellsutstyr (chassis and chassis equipment),175,4208,0.0416
AUDI,A3 Limousine,2,6,Understell og understellsutstyr (chassis and chassis equipment),0,290,0.0
OPEL,INSIGNIA,2,6,Understell og understellsutstyr (chassis and chassis equipment),25,1507,0.0166
RENAULT,MEGANE SPORT TOURER,1,6,Understell og understellsutstyr (chassis and chassis equipment),4,294,0.0136
SUZUKI,IGNIS,4,6,Understell og understellsutstyr (chassis and chassis equipment),84,390,0.2154
HYUNDAI,i10 AC3,3,6,Understell og understellsutstyr (chassis and chassis equipment),31,1046,0.0296
CITROËN,C3 PICASSO,3,6,Understell og understellsutstyr (chassis and chassis equipment),108,382,0.2827
KIA,PICANTO,1,6,Understell og understellsutstyr (chassis and chassis equipment),2,563,0.0036
FIAT,500,1,6,Understell og understellsutstyr (chassis and chassis equipment),3,212,0.0142
BMW,1-Serie,1,6,Understell og understellsutstyr (chassis and chassis equipment),1,314,0.0032
CITROËN,C1,3,6,Understell og understellsutstyr (chassis and chassis equipment),83,880,0.0943
SKODA,RAPID,3,6,Understell og understellsutstyr (chassis and chassis equipment),212,1667,0.1272
SKODA,RAPID SPACEBACK,2,6,Understell og understellsutstyr (chassis and chassis equipment),42,1389,0.0302
RENAULT,MEGANE,3,6,Understell og understellsutstyr (chassis and chassis equipment),86,1261,0.0682
NISSAN,MICRA,2,6,Understell og understellsutstyr (chassis and chassis equipment),0,274,0.0
HYUNDAI,Tucson,4,6,Understell og understellsutstyr (chassis and chassis equipment),55,317,0.1735
NISSAN,NOTE,1,6,Understell og understellsutstyr (chassis and chassis equipment),0,25,0.0
VOLVO,V90,2,6,Understell og understellsutstyr (chassis and chassis equipment),398,4670,0.0852
KIA,Niro,2,6,Understell og understellsutstyr (chassis and chassis equipment),27,2639,0.0102
SEAT,IBIZA,2,6,Understell og understellsutstyr (chassis and chassis equipment),0,1,0.0
CITROËN,C4,1,6,Understell og understellsutstyr (chassis and chassis equipment),114,2520,0.0452
OPEL,ZAFIRA,2,6,Understell og understellsutstyr (chassis and chassis equipment),16,235,0.0681
MAZDA,MAZDA6,3,6,Understell og understellsutstyr (chassis and chassis equipment),84,3352,0.0251
BMW,X1,1,6,Understell og understellsutstyr (chassis and chassis equipment),6,7080,0.0008
HYUNDAI,Tucson,3,6,Understell og understellsutstyr (chassis and chassis equipment),58,2331,0.0249
SUZUKI,SX4,2,6,Understell og understellsutstyr (chassis and chassis equipment),41,2476,0.0166
OPEL,CORSA,2,6,Understell og understellsutstyr (chassis and chassis equipment),26,1681,0.0155
BMW,3-Serie,3,6,Understell og understellsutstyr (chassis and chassis equipment),494,8958,0.0551
VOLKSWAGEN,CADDY,1,6,Understell og understellsutstyr (chassis and chassis equipment),20,865,0.0231
MERCEDES-BENZ,CLA,2,6,Understell og understellsutstyr (chassis and chassis equipment),16,2377,0.0067
PEUGEOT,3008,3,6,Understell og understellsutstyr (chassis and chassis equipment),204,3530,0.0578
CITROËN,C3 Aircross,1,6,Understell og understellsutstyr (chassis and chassis equipment),38,782,0.0486
OPEL,ASTRA SPORTS TOURER,1,6,Understell og understellsutstyr (chassis and chassis equipment),1,128,0.0078
FORD,FIESTA,1,6,Understell og understellsutstyr (chassis and chassis equipment),56,3219,0.0174
VOLKSWAGEN,PASSAT,1,6,Understell og understellsutstyr (chassis and chassis equipment),89,11253,0.0079
FORD,MONDEO,1,6,Understell og understellsutstyr (chassis and chassis equipment),4,1541,0.0026
CITROËN,C1,4,6,Understell og understellsutstyr (chassis and chassis equipment),375,1119,0.3351
FORD,Focus,1,6,Understell og understellsutstyr (chassis and chassis equipment),32,6110,0.0052
CITROËN,C 1,3,6,Understell og understellsutstyr (chassis and chassis equipment),83,880,0.0943
CITROËN,C3 PICASSO,4,6,Understell og understellsutstyr (chassis and chassis equipment),285,833,0.3421
MITSUBISHI,SPACE STAR,3,6,Understell og understellsutstyr (chassis and chassis equipment),86,2090,0.0411
RENAULT,MEGANE,4,6,Understell og understellsutstyr (chassis and chassis equipment),140,1622,0.0863
RENAULT,Captur,1,6,Understell og understellsutstyr (chassis and chassis equipment),1,1550,0.0006
HYUNDAI,i10 AC3,4,6,Understell og understellsutstyr (chassis and chassis equipment),61,982,0.0621
HYUNDAI,I 10,2,6,Understell og understellsutstyr (chassis and chassis equipment),4,411,0.0097
SEAT,Ibiza GP2,1,6,Understell og understellsutstyr (chassis and chassis equipment),2,162,0.0123
AUDI,A3 CABRIOLET,2,6,Understell og understellsutstyr (chassis and chassis equipment),0,39,0.0
VOLVO,V60,4,6,Understell og understellsutstyr (chassis and chassis equipment),166,3752,0.0442
SEAT,LEON,2,6,Understell og understellsutstyr (chassis and chassis equipment),0,5,0.0
FORD,PUMA,1,6,Understell og understellsutstyr (chassis and chassis equipment),3,614,0.0049
SKODA,CITIGO,4,6,Understell og understellsutstyr (chassis and chassis equipment),8,64,0.125
SKODA,KAROQ,2,6,Understell og understellsutstyr (chassis and chassis equipment),0,173,0.0
NISSAN,JUKE,4,6,Understell og understellsutstyr (chassis and chassis equipment),113,753,0.1501
MITSUBISHI,OUTLANDER,4,6,Understell og understellsutstyr (chassis and chassis equipment),2358,10148,0.2324
NISSAN,X-TRAIL,3,6,Understell og understellsutstyr (chassis and chassis equipment),177,2381,0.0743
MERCEDES-BENZ,C,4,6,Understell og understellsutstyr (chassis and chassis equipment),881,7755,0.1136
MERCEDES-BENZ,B-Klasse,4,6,Understell og understellsutstyr (chassis and chassis equipment),663,4180,0.1586
VOLVO,XC60,3,6,Understell og understellsutstyr (chassis and chassis equipment),236,13968,0.0169
SKODA,KAROQ,1,6,Understell og understellsutstyr (chassis and chassis equipment),1,2413,0.0004
SUZUKI,SWIFT,3,6,Understell og understellsutstyr (chassis and chassis equipment),655,4814,0.1361
BMW,X1,2,6,Understell og understellsutstyr (chassis and chassis equipment),14,3404,0.0041
MAZDA,CX-5,3,6,Understell og understellsutstyr (chassis and chassis equipment),217,14518,0.0149
VOLVO,V40,3,6,Understell og understellsutstyr (chassis and chassis equipment),766,13394,0.0572
PEUGEOT,207,4,6,Understell og understellsutstyr (chassis and chassis equipment),1919,5486,0.3498
BMW,X3,4,6,Understell og understellsutstyr (chassis and chassis equipment),327,5417,0.0604
HONDA,CIVIC,3,6,Understell og understellsutstyr (chassis and chassis equipment),48,2369,0.0203
BMW,5-Serie,4,6,Understell og understellsutstyr (chassis and chassis equipment),916,10877,0.0842
MERCEDES-BENZ,CLA,1,6,Understell og understellsutstyr (chassis and chassis equipment),5,1365,0.0037
FIAT,Punto S7,4,6,Understell og understellsutstyr (chassis and chassis equipment),73,347,0.2104
VOLKSWAGEN,TIGUAN,4,6,Understell og understellsutstyr (chassis and chassis equipment),1304,11058,0.1179
HYUNDAI,i30 Stc.,3,6,Understell og understellsutstyr (chassis and chassis equipment),4,164,0.0244
SUZUKI,SX4,1,6,Understell og understellsutstyr (chassis and chassis equipment),13,2054,0.0063
TOYOTA,VERSO,4,6,Understell og understellsutstyr (chassis and chassis equipment),488,2396,0.2037
MERCEDES-BENZ,E-Klasse,3,6,Understell og understellsutstyr (chassis and chassis equipment),428,8181,0.0523
TOYOTA,YARIS,3,6,Understell og understellsutstyr (chassis and chassis equipment),829,21128,0.0392
CITROËN,C4,2,6,Understell og understellsutstyr (chassis and chassis equipment),437,3636,0.1202
SUZUKI,SX4 COMBIBACK,4,6,Understell og understellsutstyr (chassis and chassis equipment),538,4809,0.1119
FORD,MONDEO,2,6,Understell og understellsutstyr (chassis and chassis equipment),86,5589,0.0154
RENAULT,Ny Clio,3,6,Understell og understellsutstyr (chassis and chassis equipment),175,1622,0.1079
FORD,FIESTA,2,6,Understell og understellsutstyr (chassis and chassis equipment),330,4402,0.075
VOLKSWAGEN,PASSAT,2,6,Understell og understellsutstyr (chassis and chassis equipment),398,14320,0.0278
FORD,Focus,2,6,Understell og understellsutstyr (chassis and chassis equipment),229,5076,0.0451
HYUNDAI,I30,4,6,Understell og understellsutstyr (chassis and chassis equipment),441,3800,0.1161
FORD,FOCUS,3,6,Understell og understellsutstyr (chassis and chassis equipment),1860,15257,0.1219
OPEL,ASTRA SPORTS TOURER,2,6,Understell og understellsutstyr (chassis and chassis equipment),5,374,0.0134
CHEVROLET,SPARK,3,6,Understell og understellsutstyr (chassis and chassis equipment),72,308,0.2338
AUDI,A5 SPORTBACK,3,6,Understell og understellsutstyr (chassis and chassis equipment),78,880,0.0886
VOLKSWAGEN,CADDY,2,6,Understell og understellsutstyr (chassis and chassis equipment),32,818,0.0391
OPEL,CORSA,1,6,Understell og understellsutstyr (chassis and chassis equipment),1,389,0.0026
HYUNDAI,I 10,1,6,Understell og understellsutstyr (chassis and chassis equipment),2,161,0.0124
RENAULT,Captur,2,6,Understell og understellsutstyr (chassis and chassis equipment),32,1187,0.027
SEAT,LEON,1,6,Understell og understellsutstyr (chassis and chassis equipment),0,71,0.0
OPEL,ZAFIRA,1,6,Understell og understellsutstyr (chassis and chassis equipment),1,47,0.0213
PEUGEOT,107,2,6,Understell og understellsutstyr (chassis and chassis equipment),0,7,0.0
MERCEDES-BENZ,GLC,3,6,Understell og understellsutstyr (chassis and chassis equipment),10,311,0.0322
CITROËN,C3 Aircross,2,6,Understell og understellsutstyr (chassis and chassis equipment),23,91,0.2527
DACIA,Duster,4,6,Understell og understellsutstyr (chassis and chassis equipment),2,8,0.25
AUDI,A3 CABRIOLET,1,6,Understell og understellsutstyr (chassis and chassis equipment),0,7,0.0
SEAT,Ibiza GP2,2,6,Understell og understellsutstyr (chassis and chassis equipment),0,1,0.0
VOLKSWAGEN,CADDY,4,6,Understell og understellsutstyr (chassis and chassis equipment),275,1082,0.2542
MAZDA,CX-3,2,6,Understell og understellsutstyr (chassis and chassis equipment),18,5128,0.0035
MITSUBISHI,OUTLANDER,2,6,Understell og understellsutstyr (chassis and chassis equipment),904,22180,0.0408
KIA,PICANTO,3,6,Understell og understellsutstyr (chassis and chassis equipment),188,3887,0.0484
PEUGEOT,107,4,6,Understell og understellsutstyr (chassis and chassis equipment),609,1880,0.3239
VOLVO,V60,1,6,Understell og understellsutstyr (chassis and chassis equipment),294,11028,0.0267
SKODA,KODIAQ,1,6,Understell og understellsutstyr (chassis and chassis equipment),17,7893,0.0022
MERCEDES-BENZ,C,2,6,Understell og understellsutstyr (chassis and chassis equipment),102,5861,0.0174
NISSAN,Qashqai J11A,3,6,Understell og understellsutstyr (chassis and chassis equipment),603,10874,0.0555
PEUGEOT,308,3,6,Understell og understellsutstyr (chassis and chassis equipment),443,4837,0.0916
CITROËN,C4,4,6,Understell og understellsutstyr (chassis and chassis equipment),489,2439,0.2005
BMW,1-Serie,3,6,Understell og understellsutstyr (chassis and chassis equipment),215,5856,0.0367
BMW,X3,2,6,Understell og understellsutstyr (chassis and chassis equipment),77,3055,0.0252
HONDA,JAZZ,3,6,Understell og understellsutstyr (chassis and chassis equipment),40,1643,0.0243
BMW,X1,4,6,Understell og understellsutstyr (chassis and chassis equipment),532,4390,0.1212
OPEL,ASTRA,3,6,Understell og understellsutstyr (chassis and chassis equipment),456,3710,0.1229
SUZUKI,VITARA,2,6,Understell og understellsutstyr (chassis and chassis equipment),65,3777,0.0172
MERCEDES-BENZ,B-Klasse,2,6,Understell og understellsutstyr (chassis and chassis equipment),7,1185,0.0059
FIAT,500,3,6,Understell og understellsutstyr (chassis and chassis equipment),526,2045,0.2572
CITROËN,C3,3,6,Understell og understellsutstyr (chassis and chassis equipment),339,1322,0.2564
BMW,5-Serie,2,6,Understell og understellsutstyr (chassis and chassis equipment),294,3263,0.0901
VOLKSWAGEN,TIGUAN,2,6,Understell og understellsutstyr (chassis and chassis equipment),39,7466,0.0052
SKODA,FABIA COMBI,3,6,Understell og understellsutstyr (chassis and chassis equipment),513,3929,0.1306
FORD,MONDEO,4,6,Understell og understellsutstyr (chassis and chassis equipment),4210,15288,0.2754
SUZUKI,SX4 COMBIBACK,2,6,Understell og understellsutstyr (chassis and chassis equipment),41,2476,0.0166
FORD,FIESTA,4,6,Understell og understellsutstyr (chassis and chassis equipment),1205,7906,0.1524
VOLKSWAGEN,PASSAT,4,6,Understell og understellsutstyr (chassis and chassis equipment),3615,15462,0.2338
FORD,Focus,4,6,Understell og understellsutstyr (chassis and chassis equipment),2261,12012,0.1882
NISSAN,NOTE,3,6,Understell og understellsutstyr (chassis and chassis equipment),65,946,0.0687
SKODA,CITIGO,1,6,Understell og understellsutstyr (chassis and chassis equipment),0,202,0.0
TOYOTA,VERSO,2,6,Understell og understellsutstyr (chassis and chassis equipment),5,178,0.0281
SKODA,RAPID,1,6,Understell og understellsutstyr (chassis and chassis equipment),3,482,0.0062
RENAULT,MEGANE,1,6,Understell og understellsutstyr (chassis and chassis equipment),4,294,0.0136
HYUNDAI,i10 AC3,1,6,Understell og understellsutstyr (chassis and chassis equipment),2,161,0.0124
RENAULT,MEGANE SPORT TOURER,3,6,Understell og understellsutstyr (chassis and chassis equipment),86,1261,0.0682
SUZUKI,SX4 S-Cross,1,6,Understell og understellsutstyr (chassis and chassis equipment),1,80,0.0125
OPEL,ASTRA SPORTS TOURER,4,6,Understell og understellsutstyr (chassis and chassis equipment),247,979,0.2523
DACIA,Duster,2,6,Understell og understellsutstyr (chassis and chassis equipment),37,542,0.0683
NISSAN,JUKE,1,6,Understell og understellsutstyr (chassis and chassis equipment),1,107,0.0093
CITROËN,C3 PICASSO,1,6,Understell og understellsutstyr (chassis and chassis equipment),1,11,0.0909
CITROËN,C1,1,6,Understell og understellsutstyr (chassis and chassis equipment),2,58,0.0345
TOYOTA,Toyota C-HR,2,6,Understell og understellsutstyr (chassis and chassis equipment),30,4126,0.0073
VOLKSWAGEN,T-Roc,2,6,Understell og understellsutstyr (chassis and chassis equipment),0,288,0.0
SKODA,KAMIQ,1,6,Understell og understellsutstyr (chassis and chassis equipment),1,327,0.0031
RENAULT,Kadjar,3,6,Understell og understellsutstyr (chassis and chassis equipment),1,102,0.0098
SEAT,Ibiza GP2,4,6,Understell og understellsutstyr (chassis and chassis equipment),3,7,0.4286
SUZUKI,SX4,4,6,Understell og understellsutstyr (chassis and chassis equipment),538,4809,0.1119
TOYOTA,AURIS,3,6,Understell og understellsutstyr (chassis and chassis equipment),1067,23427,0.0455
RENAULT,CLIO,3,6,Understell og understellsutstyr (chassis and chassis equipment),175,1622,0.1079
TOYOTA,AVENSIS STW,3,6,Understell og understellsutstyr (chassis and chassis equipment),517,12867,0.0402
MITSUBISHI,OUTLANDER,1,6,Understell og understellsutstyr (chassis and chassis equipment),227,27166,0.0084
SUZUKI,VITARA,1,6,Understell og understellsutstyr (chassis and chassis equipment),27,3773,0.0072
TOYOTA,Toyota C-HR,1,6,Understell og understellsutstyr (chassis and chassis equipment),54,14399,0.0038
VOLKSWAGEN,TIGUAN,1,6,Understell og understellsutstyr (chassis and chassis equipment),19,8054,0.0024
HYUNDAI,I20,3,6,Understell og understellsutstyr (chassis and chassis equipment),195,4313,0.0452
SKODA,OCTAVIA COMBI,3,6,Understell og understellsutstyr (chassis and chassis equipment),1007,19319,0.0521
VOLVO,V60,2,6,Understell og understellsutstyr (chassis and chassis equipment),134,6546,0.0205
MERCEDES-BENZ,C,1,6,Understell og understellsutstyr (chassis and chassis equipment),17,3637,0.0047
OPEL,CORSA,4,6,Understell og understellsutstyr (chassis and chassis equipment),800,3017,0.2652
OPEL,ZAFIRA,4,6,Understell og understellsutstyr (chassis and chassis equipment),319,1175,0.2715
NISSAN,JUKE,2,6,Understell og understellsutstyr (chassis and chassis equipment),13,531,0.0245
HYUNDAI,IX20,3,6,Understell og understellsutstyr (chassis and chassis equipment),63,1937,0.0325
OPEL,INSIGNIA,3,6,Understell og understellsutstyr (chassis and chassis equipment),236,3483,0.0678
MAZDA,CX-3,1,6,Understell og understellsutstyr (chassis and chassis equipment),7,2711,0.0026
BMW,5-Serie,1,6,Understell og understellsutstyr (chassis and chassis equipment),81,4543,0.0178
VOLKSWAGEN,T-Roc,1,6,Understell og understellsutstyr (chassis and chassis equipment),9,7258,0.0012
SUZUKI,SX4 COMBIBACK,1,6,Understell og understellsutstyr (chassis and chassis equipment),13,2054,0.0063
NISSAN,QASHQAI,3,6,Understell og understellsutstyr (chassis and chassis equipment),603,10874,0.0555
SUZUKI,SX4 S-Cross,2,6,Understell og understellsutstyr (chassis and chassis equipment),39,2348,0.0166
SKODA,CITIGO,2,6,Understell og understellsutstyr (chassis and chassis equipment),6,474,0.0127
BMW,X3,1,6,Understell og understellsutstyr (chassis and chassis equipment),10,2884,0.0035
MERCEDES-BENZ,B-Klasse,1,6,Understell og understellsutstyr (chassis and chassis equipment),13,856,0.0152
SKODA,RAPID SPACEBACK,3,6,Understell og understellsutstyr (chassis and chassis equipment),212,1667,0.1272
RENAULT,MEGANE,2,6,Understell og understellsutstyr (chassis and chassis equipment),12,326,0.0368
CITROËN,C1,2,6,Understell og understellsutstyr (chassis and chassis equipment),8,428,0.0187
NISSAN,MICRA,3,6,Understell og understellsutstyr (chassis and chassis equipment),45,871,0.0517
SKODA,RAPID,2,6,Understell og understellsutstyr (chassis and chassis equipment),42,1389,0.0302
HYUNDAI,I 10,4,6,Understell og understellsutstyr (chassis and chassis equipment),61,982,0.0621
HYUNDAI,i10 AC3,2,6,Understell og understellsutstyr (chassis and chassis equipment),4,411,0.0097
DACIA,Duster,1,6,Understell og understellsutstyr (chassis and chassis equipment),24,767,0.0313
AUDI,A3 CABRIOLET,4,6,Understell og understellsutstyr (chassis and chassis equipment),21,166,0.1265
AUDI,A3 Limousine,3,6,Understell og understellsutstyr (chassis and chassis equipment),10,391,0.0256
SKODA,KODIAQ,2,6,Understell og understellsutstyr (chassis and chassis equipment),13,2105,0.0062
CITROËN,C3 PICASSO,2,6,Understell og understellsutstyr (chassis and chassis equipment),7,46,0.1522
SEAT,LEON,4,6,Understell og understellsutstyr (chassis and chassis equipment),6,7,0.8571
SKODA,OCTAVIA COMBI,4,6,Understell og understellsutstyr (chassis and chassis equipment),2272,12917,0.1759
MERCEDES-BENZ,GLC,1,6,Understell og understellsutstyr (chassis and chassis equipment),38,6276,0.0061
SUZUKI,SWIFT,1,6,Understell og understellsutstyr (chassis and chassis equipment),19,4184,0.0045
TOYOTA,AURIS,4,6,Understell og understellsutstyr (chassis and chassis equipment),2179,14992,0.1453
TOYOTA,AVENSIS STW,4,6,Understell og understellsutstyr (chassis and chassis equipment),2685,20526,0.1308
HYUNDAI,Tucson,2,6,Understell og understellsutstyr (chassis and chassis equipment),29,2353,0.0123
HYUNDAI,I20,4,6,Understell og understellsutstyr (chassis and chassis equipment),280,3876,0.0722
VOLVO,XC60,1,6,Understell og understellsutstyr (chassis and chassis equipment),37,16959,0.0022
SUZUKI,SX4,3,6,Understell og understellsutstyr (chassis and chassis equipment),295,6632,0.0445
MITSUBISHI,SPACE STAR,2,6,Understell og understellsutstyr (chassis and chassis equipment),18,910,0.0198
MAZDA,CX-5,1,6,Understell og understellsutstyr (chassis and chassis equipment),10,6042,0.0017
MERCEDES-BENZ,CLA,3,6,Understell og understellsutstyr (chassis and chassis equipment),56,2171,0.0258
OPEL,CORSA,3,6,Understell og understellsutstyr (chassis and chassis equipment),241,2051,0.1175
AUDI,A5 SPORTBACK,1,6,Understell og understellsutstyr (chassis and chassis equipment),1,233,0.0043
VOLVO,V40,1,6,Understell og understellsutstyr (chassis and chassis equipment),105,3389,0.031
BMW,3-Serie,2,6,Understell og understellsutstyr (chassis and chassis equipment),108,3950,0.0273
OPEL,INSIGNIA,4,6,Understell og understellsutstyr (chassis and chassis equipment),615,4475,0.1374
AUDI,Q2,1,6,Understell og understellsutstyr (chassis and chassis equipment),4,1587,0.0025
NISSAN,QASHQAI,4,6,Understell og understellsutstyr (chassis and chassis equipment),2097,9029,0.2323
TOYOTA,YARIS,1,6,Understell og understellsutstyr (chassis and chassis equipment),83,16882,0.0049
MERCEDES-BENZ,E-Klasse,1,6,Understell og understellsutstyr (chassis and chassis equipment),105,4198,0.025
RENAULT,Ny Clio,1,6,Understell og understellsutstyr (chassis and chassis equipment),3,563,0.0053
FORD,FOCUS,1,6,Understell og understellsutstyr (chassis and chassis equipment),32,6110,0.0052
HONDA,CIVIC,1,6,Understell og understellsutstyr (chassis and chassis equipment),4,573,0.007
PEUGEOT,3008,2,6,Understell og understellsutstyr (chassis and chassis equipment),111,3468,0.032
MAZDA,MAZDA6,2,6,Understell og understellsutstyr (chassis and chassis equipment),24,2276,0.0105
OPEL,ZAFIRA,3,6,Understell og understellsutstyr (chassis and chassis equipment),95,1038,0.0915
CITROËN,C 1,2,6,Understell og understellsutstyr (chassis and chassis equipment),8,428,0.0187
HYUNDAI,I 10,3,6,Understell og understellsutstyr (chassis and chassis equipment),31,1046,0.0296
AUDI,A3 CABRIOLET,3,6,Understell og understellsutstyr (chassis and chassis equipment),2,103,0.0194
RENAULT,CLIO,4,6,Understell og understellsutstyr (chassis and chassis equipment),41,517,0.0793
NISSAN,MICRA,4,6,Understell og understellsutstyr (chassis and chassis equipment),74,662,0.1118
MAZDA,Mazda CX-30,1,6,Understell og understellsutstyr (chassis and chassis equipment),1,2458,0.0004
NISSAN,X-TRAIL,1,6,Understell og understellsutstyr (chassis and chassis equipment),4,677,0.0059
SUZUKI,IGNIS,2,6,Understell og understellsutstyr (chassis and chassis equipment),7,813,0.0086
HYUNDAI,KONA,1,6,Understell og understellsutstyr (chassis and chassis equipment),0,232,0.0
HYUNDAI,IX20,4,6,Understell og understellsutstyr (chassis and chassis equipment),80,920,0.087
KIA,XCeed,1,6,Understell og understellsutstyr (chassis and chassis equipment),1,264,0.0038
SEAT,IBIZA,4,6,Understell og understellsutstyr (chassis and chassis equipment),3,7,0.4286
SEAT,LEON,3,6,Understell og understellsutstyr (chassis and chassis equipment),0,2,0.0
FORD,FOCUS STATIONSVOGN,3,6,Understell og understellsutstyr (chassis and chassis equipment),1860,15257,0.1219
TOYOTA,RAV4 Plug in,1,6,Understell og understellsutstyr (chassis and chassis equipment),61,29243,0.0021
VOLKSWAGEN,GOLF,1,6,Understell og understellsutstyr (chassis and chassis equipment),102,9446,0.0108
VOLKSWAGEN,PASSAT VARIANT,1,6,Understell og understellsutstyr (chassis and chassis equipment),89,11253,0.0079
FORD,FIESTA 5 DØRS,2,6,Understell og understellsutstyr (chassis and chassis equipment),330,4402,0.075
FORD,S-MAX,1,6,Understell og understellsutstyr (chassis and chassis equipment),7,1786,0.0039
FORD,KUGA,1,6,Understell og understellsutstyr (chassis and chassis equipment),10,5193,0.0019
CITROËN,C4 Cactus,2,6,Understell og understellsutstyr (chassis and chassis equipment),298,1625,0.1834
MERCEDES-BENZ,GLE,1,6,Understell og understellsutstyr (chassis and chassis equipment),9,2193,0.0041
HONDA,CR-V,3,6,Understell og understellsutstyr (chassis and chassis equipment),126,6725,0.0187
HYUNDAI,I40,3,6,Understell og understellsutstyr (chassis and chassis equipment),171,2466,0.0693
BMW,X5,4,6,Understell og understellsutstyr (chassis and chassis equipment),251,3889,0.0645
KIA,RIO,3,6,Understell og understellsutstyr (chassis and chassis equipment),88,2622,0.0336
VOLVO,XC90,2,6,Understell og understellsutstyr (chassis and chassis equipment),78,5537,0.0141
KIA,Optima,1,6,Understell og understellsutstyr (chassis and chassis equipment),20,1833,0.0109
AUDI,A6 AVANT,3,6,Understell og understellsutstyr (chassis and chassis equipment),176,2163,0.0814
MAZDA,2,2,6,Understell og understellsutstyr (chassis and chassis equipment),2,1120,0.0018
VOLKSWAGEN,POLO,2,6,Understell og understellsutstyr (chassis and chassis equipment),174,5290,0.0329
SKODA,SUPERB COMBI,4,6,Understell og understellsutstyr (chassis and chassis equipment),556,3621,0.1535
TOYOTA,RAV4,2,6,Understell og understellsutstyr (chassis and chassis equipment),64,15118,0.0042
KIA,CEE'D SW,3,6,Understell og understellsutstyr (chassis and chassis equipment),123,3585,0.0343
MAZDA,MAZDA3,2,6,Understell og understellsutstyr (chassis and chassis equipment),15,2010,0.0075
SKODA,OCTAVIA,3,6,Understell og understellsutstyr (chassis and chassis equipment),1007,19319,0.0521
MAZDA,MAZDA2,4,6,Understell og understellsutstyr (chassis and chassis equipment),171,2075,0.0824
TOYOTA,Aygo X,3,6,Understell og understellsutstyr (chassis and chassis equipment),260,2298,0.1131
VOLKSWAGEN,UP!,2,6,Understell og understellsutstyr (chassis and chassis equipment),17,1503,0.0113
KIA,CEED,1,6,Understell og understellsutstyr (chassis and chassis equipment),3,984,0.003
TOYOTA,AYGO,2,6,Understell og understellsutstyr (chassis and chassis equipment),6,608,0.0099
FORD,B-MAX,2,6,Understell og understellsutstyr (chassis and chassis equipment),9,250,0.036
HYUNDAI,I10,2,6,Understell og understellsutstyr (chassis and chassis equipment),4,411,0.0097
FIAT,PANDA,1,6,Understell og understellsutstyr (chassis and chassis equipment),0,20,0.0
CITROËN,DS3,4,6,Understell og understellsutstyr (chassis and chassis equipment),276,696,0.3966
AUDI,Q3,4,6,Understell og understellsutstyr (chassis and chassis equipment),16,293,0.0546
PEUGEOT,208,4,6,Understell og understellsutstyr (chassis and chassis equipment),78,267,0.2921
SKODA,SUPERB COMBI,2,6,Understell og understellsutstyr (chassis and chassis equipment),66,5609,0.0118
FORD,FIESTA 5 DØRS,4,6,Understell og understellsutstyr (chassis and chassis equipment),1205,7906,0.1524
KIA,CEED SW,3,6,Understell og understellsutstyr (chassis and chassis equipment),123,3585,0.0343
MERCEDES-BENZ,E,3,6,Understell og understellsutstyr (chassis and chassis equipment),428,8181,0.0523
MERCEDES-BENZ,A-Klasse,1,6,Understell og understellsutstyr (chassis and chassis equipment),5,2726,0.0018
VOLKSWAGEN,POLO,4,6,Understell og understellsutstyr (chassis and chassis equipment),3599,11528,0.3122
AUDI,A3,3,6,Understell og understellsutstyr (chassis and chassis equipment),461,11732,0.0393
AUDI,A4 AVANT,3,6,Understell og understellsutstyr (chassis and chassis equipment),207,2969,0.0697
CITROËN,BERLINGO,3,6,Understell og understellsutstyr (chassis and chassis equipment),79,704,0.1122
VOLVO,V50,3,6,Understell og understellsutstyr (chassis and chassis equipment),419,3281,0.1277
FORD,C-MAX,1,6,Understell og understellsutstyr (chassis and chassis equipment),4,235,0.017
PEUGEOT,5008,1,6,Understell og understellsutstyr (chassis and chassis equipment),83,4893,0.017
PEUGEOT,2008,2,6,Understell og understellsutstyr (chassis and chassis equipment),474,3179,0.1491
OPEL,Mokka,3,6,Understell og understellsutstyr (chassis and chassis equipment),243,4582,0.053
AUDI,Q3,2,6,Understell og understellsutstyr (chassis and chassis equipment),5,1293,0.0039
VOLVO,XC90,4,6,Understell og understellsutstyr (chassis and chassis equipment),119,1825,0.0652
AUDI,A1 SPORTBACK,1,6,Understell og understellsutstyr (chassis and chassis equipment),1,902,0.0011
BMW,X5,2,6,Understell og understellsutstyr (chassis and chassis equipment),37,3601,0.0103
SUZUKI,ALTO,3,6,Understell og understellsutstyr (chassis and chassis equipment),11,285,0.0386
AUDI,Q5,1,6,Understell og understellsutstyr (chassis and chassis equipment),10,1438,0.007
MAZDA,2,4,6,Understell og understellsutstyr (chassis and chassis equipment),171,2075,0.0824
CITROËN,C4 PICASSO,1,6,Understell og understellsutstyr (chassis and chassis equipment),13,823,0.0158
OPEL,MERIVA,3,6,Understell og understellsutstyr (chassis and chassis equipment),56,854,0.0656
SKODA,SUPERB,3,6,Understell og understellsutstyr (chassis and chassis equipment),463,6121,0.0756
TOYOTA,RAV4,4,6,Understell og understellsutstyr (chassis and chassis equipment),2052,10666,0.1924
FORD,NY Focus,1,6,Understell og understellsutstyr (chassis and chassis equipment),32,6110,0.0052
MERCEDES-BENZ,C-Klasse,1,6,Understell og understellsutstyr (chassis and chassis equipment),17,3637,0.0047
MAZDA,MAZDA3,4,6,Understell og understellsutstyr (chassis and chassis equipment),539,3328,0.162
MAZDA,MAZDA2,2,6,Understell og understellsutstyr (chassis and chassis equipment),2,1120,0.0018
SKODA,FABIA,3,6,Understell og understellsutstyr (chassis and chassis equipment),513,3929,0.1306
TOYOTA,AVENSIS,1,6,Understell og understellsutstyr (chassis and chassis equipment),0,538,0.0
TOYOTA,AYGO 3/5-DØRS,1,6,Understell og understellsutstyr (chassis and chassis equipment),1,689,0.0015
TOYOTA,AYGO,4,6,Understell og understellsutstyr (chassis and chassis equipment),942,3007,0.3133
PEUGEOT,208,2,6,Understell og understellsutstyr (chassis and chassis equipment),291,2180,0.1335
KIA,SPORTAGE,1,6,Understell og understellsutstyr (chassis and chassis equipment),9,1259,0.0071
HYUNDAI,I10,4,6,Understell og understellsutstyr (chassis and chassis equipment),61,982,0.0621
BMW,4-serie,1,6,Understell og understellsutstyr (chassis and chassis equipment),0,85,0.0
CITROËN,DS3,2,6,Understell og understellsutstyr (chassis and chassis equipment),29,90,0.3222
VOLKSWAGEN,Golf Sportsvan,3,6,Understell og understellsutstyr (chassis and chassis equipment),25,1676,0.0149
OPEL,Crossland X,2,6,Understell og understellsutstyr (chassis and chassis equipment),29,177,0.1638
VOLKSWAGEN,UP!,4,6,Understell og understellsutstyr (chassis and chassis equipment),47,234,0.2009
OPEL,Grandland X,2,6,Understell og understellsutstyr (chassis and chassis equipment),2,125,0.016
FORD,B-MAX,4,6,Understell og understellsutstyr (chassis and chassis equipment),0,19,0.0
KIA,VENGA,1,6,Understell og understellsutstyr (chassis and chassis equipment),0,6,0.0
MITSUBISHI,ASX,3,6,Understell og understellsutstyr (chassis and chassis equipment),794,9126,0.087
MAZDA,2,1,6,Understell og understellsutstyr (chassis and chassis equipment),1,625,0.0016
VOLKSWAGEN,UP!,1,6,Understell og understellsutstyr (chassis and chassis equipment),2,680,0.0029
VOLVO,XC90,1,6,Understell og understellsutstyr (chassis and chassis equipment),18,8675,0.0021
PEUGEOT,508,3,6,Understell og understellsutstyr (chassis and chassis equipment),312,4721,0.0661
TOYOTA,RAV4 Plug in,2,6,Understell og understellsutstyr (chassis and chassis equipment),64,15118,0.0042
VOLKSWAGEN,GOLF,2,6,Understell og understellsutstyr (chassis and chassis equipment),540,24534,0.022
VOLKSWAGEN,POLO,1,6,Understell og understellsutstyr (chassis and chassis equipment),11,5836,0.0019
VOLKSWAGEN,PASSAT VARIANT,2,6,Understell og understellsutstyr (chassis and chassis equipment),398,14320,0.0278
MERCEDES-BENZ,A-Klasse,4,6,Understell og understellsutstyr (chassis and chassis equipment),294,2238,0.1314
AUDI,Q5,4,6,Understell og understellsutstyr (chassis and chassis equipment),995,5189,0.1918
FORD,KUGA,2,6,Understell og understellsutstyr (chassis and chassis equipment),73,4067,0.0179
CITROËN,C4 PICASSO,4,6,Understell og understellsutstyr (chassis and chassis equipment),315,1058,0.2977
FORD,FIESTA 5 DØRS,1,6,Understell og understellsutstyr (chassis and chassis equipment),56,3219,0.0174
FORD,S-MAX,2,6,Understell og understellsutstyr (chassis and chassis equipment),142,3631,0.0391
TOYOTA,RAV4,1,6,Understell og understellsutstyr (chassis and chassis equipment),61,29243,0.0021
FORD,NY Focus,4,6,Understell og understellsutstyr (chassis and chassis equipment),2261,12012,0.1882
TOYOTA,AVENSIS,4,6,Understell og understellsutstyr (chassis and chassis equipment),2685,20526,0.1308
MERCEDES-BENZ,C-Klasse,4,6,Understell og understellsutstyr (chassis and chassis equipment),881,7755,0.1136
MAZDA,MAZDA3,1,6,Understell og understellsutstyr (chassis and chassis equipment),7,1523,0.0046
TOYOTA,AYGO 3/5-DØRS,4,6,Understell og understellsutstyr (chassis and chassis equipment),942,3007,0.3133
TOYOTA,AYGO,1,6,Understell og understellsutstyr (chassis and chassis equipment),1,689,0.0015
CITROËN,C4 Cactus,1,6,Understell og understellsutstyr (chassis and chassis equipment),86,1085,0.0793
MITSUBISHI,COLT,3,6,Understell og understellsutstyr (chassis and chassis equipment),87,1264,0.0688
PEUGEOT,5008,4,6,Understell og understellsutstyr (chassis and chassis equipment),354,1845,0.1919
MERCEDES-BENZ,GLE,2,6,Understell og understellsutstyr (chassis and chassis equipment),8,719,0.0111
FORD,C-MAX,4,6,Understell og understellsutstyr (chassis and chassis equipment),174,1034,0.1683
FORD,B-MAX,1,6,Understell og understellsutstyr (chassis and chassis equipment),0,5,0.0
HYUNDAI,I10,1,6,Understell og understellsutstyr (chassis and chassis equipment),2,161,0.0124
KIA,CEED,2,6,Understell og understellsutstyr (chassis and chassis equipment),12,1150,0.0104
KIA,VENGA,4,6,Understell og understellsutstyr (chassis and chassis equipment),66,668,0.0988
FIAT,PANDA,2,6,Understell og understellsutstyr (chassis and chassis equipment),21,94,0.2234
KIA,Optima,2,6,Understell og understellsutstyr (chassis and chassis equipment),28,926,0.0302
KIA,SPORTAGE,4,6,Understell og understellsutstyr (chassis and chassis equipment),62,1242,0.0499
PEUGEOT,108,3,6,Understell og understellsutstyr (chassis and chassis equipment),9,301,0.0299
BMW,2-Serie,3,6,Understell og understellsutstyr (chassis and chassis equipment),13,949,0.0137
AUDI,A1 SPORTBACK,4,6,Understell og understellsutstyr (chassis and chassis equipment),21,183,0.1148
VOLKSWAGEN,TOURAN,3,6,Understell og understellsutstyr (chassis and chassis equipment),185,5455,0.0339
PEUGEOT,2008,1,6,Understell og understellsutstyr (chassis and chassis equipment),127,2747,0.0462
CITROËN,C4 PICASSO,2,6,Understell og understellsutstyr (chassis and chassis equipment),128,1511,0.0847
TOYOTA,YARIS 5-DØRS,3,6,Understell og understellsutstyr (chassis and chassis equipment),829,21128,0.0392
VOLKSWAGEN,GOLF,4,6,Understell og understellsutstyr (chassis and chassis equipment),7054,32682,0.2158
TOYOTA,RAV4 Plug in,4,6,Understell og understellsutstyr (chassis and chassis equipment),2052,10666,0.1924
FORD,S-MAX,4,6,Understell og understellsutstyr (chassis and chassis equipment),2038,6314,0.3228
VOLVO,V70,3,6,Understell og understellsutstyr (chassis and chassis equipment),561,11477,0.0489
FORD,KUGA,4,6,Understell og understellsutstyr (chassis and chassis equipment),912,5780,0.1578
FORD,MONDEO STATIONCAR,3,6,Understell og understellsutstyr (chassis and chassis equipment),1050,9588,0.1095
MERCEDES-BENZ,A-Klasse,2,6,Understell og understellsutstyr (chassis and chassis equipment),14,2268,0.0062
VOLKSWAGEN,PASSAT VARIANT,4,6,Understell og understellsutstyr (chassis and chassis equipment),3615,15462,0.2338
OPEL,Crossland X,1,6,Understell og understellsutstyr (chassis and chassis equipment),72,1377,0.0523
AUDI,A1 SPORTBACK,2,6,Understell og understellsutstyr (chassis and chassis equipment),34,1299,0.0262
OPEL,Grandland X,1,6,Understell og understellsutstyr (chassis and chassis equipment),12,2268,0.0053
MAZDA,3,3,6,Understell og understellsutstyr (chassis and chassis equipment),81,2880,0.0281
FORD,GALAXY,3,6,Understell og understellsutstyr (chassis and chassis equipment),475,1766,0.269
ALFA ROMEO,GIULIETTA,3,6,Understell og understellsutstyr (chassis and chassis equipment),9,258,0.0349
BMW,X5,1,6,Understell og understellsutstyr (chassis and chassis equipment),35,5474,0.0064
SKODA,SUPERB COMBI,1,6,Understell og understellsutstyr (chassis and chassis equipment),36,6713,0.0054
MINI,COOPER,3,6,Understell og understellsutstyr (chassis and chassis equipment),146,3308,0.0441
AUDI,Q5,2,6,Understell og understellsutstyr (chassis and chassis equipment),72,2270,0.0317
KIA,SPORTAGE,2,6,Understell og understellsutstyr (chassis and chassis equipment),61,3281,0.0186
PEUGEOT,5008,2,6,Understell og understellsutstyr (chassis and chassis equipment),71,1312,0.0541
FORD,NY Focus,2,6,Understell og understellsutstyr (chassis and chassis equipment),229,5076,0.0451
MERCEDES-BENZ,C-Klasse,2,6,Understell og understellsutstyr (chassis and chassis equipment),102,5861,0.0174
MAZDA,MAZDA2,1,6,Understell og understellsutstyr (chassis and chassis equipment),1,625,0.0016
TOYOTA,AVENSIS,2,6,Understell og understellsutstyr (chassis and chassis equipment),37,3935,0.0094
AUDI,A3 Sportback,3,6,Understell og understellsutstyr (chassis and chassis equipment),316,9047,0.0349
HYUNDAI,I30CW,3,6,Understell og understellsutstyr (chassis and chassis equipment),4,164,0.0244
KIA,CEED,4,6,Understell og understellsutstyr (chassis and chassis equipment),63,742,0.0849
FORD,KA,3,6,Understell og understellsutstyr (chassis and chassis equipment),113,505,0.2238
FORD,C-MAX,2,6,Understell og understellsutstyr (chassis and chassis equipment),36,749,0.0481
AUDI,Q3,1,6,Understell og understellsutstyr (chassis and chassis equipment),3,911,0.0033
KIA,VENGA,2,6,Understell og understellsutstyr (chassis and chassis equipment),3,273,0.011
TOYOTA,COROLLA,3,6,Understell og understellsutstyr (chassis and chassis equipment),23,284,0.081
PEUGEOT,208,1,6,Understell og understellsutstyr (chassis and chassis equipment),55,1123,0.049
TOYOTA,AYGO 5-DØRS,3,6,Understell og understellsutstyr (chassis and chassis equipment),260,2298,0.1131
TOYOTA,AYGO 3/5-DØRS,2,6,Understell og understellsutstyr (chassis and chassis equipment),6,608,0.0099
BMW,4-serie,2,6,Understell og understellsutstyr (chassis and chassis equipment),13,509,0.0255
FIAT,PANDA,4,6,Understell og understellsutstyr (chassis and chassis equipment),28,101,0.2772
MERCEDES-BENZ,GLA,3,6,Understell og understellsutstyr (chassis and chassis equipment),17,1359,0.0125
KIA,Optima,4,6,Understell og understellsutstyr (chassis and chassis equipment),0,1,0.0
SKODA,SUPERB COMBI,3,6,Understell og understellsutstyr (chassis and chassis equipment),463,6121,0.0756
AUDI,A3,2,6,Understell og understellsutstyr (chassis and chassis equipment),261,9233,0.0283
CITROËN,DS3,3,6,Understell og understellsutstyr (chassis and chassis equipment),491,1430,0.3434
KIA,Stonic,1,6,Understell og understellsutstyr (chassis and chassis equipment),1,630,0.0016
FORD,FOCUS STATIONSVOGN,4,6,Understell og understellsutstyr (chassis and chassis equipment),2261,12012,0.1882
FORD,MONDEO STATIONCAR,1,6,Understell og understellsutstyr (chassis and chassis equipment),4,1541,0.0026
TOYOTA,COROLLA,1,6,Understell og understellsutstyr (chassis and chassis equipment),25,9061,0.0028
HONDA,CR-V,4,6,Understell og understellsutstyr (chassis and chassis equipment),1391,9204,0.1511
OPEL,Mokka,2,6,Understell og understellsutstyr (chassis and chassis equipment),203,3055,0.0664
TOYOTA,YARIS 5-DØRS,1,6,Understell og understellsutstyr (chassis and chassis equipment),83,16882,0.0049
PEUGEOT,208,3,6,Understell og understellsutstyr (chassis and chassis equipment),1243,5152,0.2413
VOLKSWAGEN,Golf Sportsvan,2,6,Understell og understellsutstyr (chassis and chassis equipment),20,2883,0.0069
MAZDA,3,1,6,Understell og understellsutstyr (chassis and chassis equipment),7,1523,0.0046
AUDI,Q3,3,6,Understell og understellsutstyr (chassis and chassis equipment),44,2899,0.0152
MERCEDES-BENZ,GLA,1,6,Understell og understellsutstyr (chassis and chassis equipment),2,938,0.0021
MERCEDES-BENZ,E,2,6,Understell og understellsutstyr (chassis and chassis equipment),118,3761,0.0314
TOYOTA,Aygo X,4,6,Understell og understellsutstyr (chassis and chassis equipment),942,3007,0.3133
BMW,X5,3,6,Understell og understellsutstyr (chassis and chassis equipment),88,2684,0.0328
VOLKSWAGEN,TOURAN,1,6,Understell og understellsutstyr (chassis and chassis equipment),8,1595,0.005
SKODA,SUPERB,2,6,Understell og understellsutstyr (chassis and chassis equipment),66,5609,0.0118
SKODA,OCTAVIA,4,6,Understell og understellsutstyr (chassis and chassis equipment),2272,12917,0.1759
AUDI,A3 Sportback,1,6,Understell og understellsutstyr (chassis and chassis equipment),86,3698,0.0233
SKODA,FABIA,2,6,Understell og understellsutstyr (chassis and chassis equipment),62,3224,0.0192
KIA,CEE'D SW,4,6,Understell og understellsutstyr (chassis and chassis equipment),63,742,0.0849
TOYOTA,AYGO 5-DØRS,1,6,Understell og understellsutstyr (chassis and chassis equipment),1,689,0.0015
MAZDA,MAZDA2,3,6,Understell og understellsutstyr (chassis and chassis equipment),44,1899,0.0232
AUDI,A4 AVANT,2,6,Understell og understellsutstyr (chassis and chassis equipment),39,1848,0.0211
PEUGEOT,2008,3,6,Understell og understellsutstyr (chassis and chassis equipment),692,2682,0.258
KIA,CEED SW,2,6,Understell og understellsutstyr (chassis and chassis equipment),12,1150,0.0104
MINI,COOPER,1,6,Understell og understellsutstyr (chassis and chassis equipment),1,538,0.0019
CITROËN,BERLINGO,2,6,Understell og understellsutstyr (chassis and chassis equipment),25,293,0.0853
FORD,GALAXY,1,6,Understell og understellsutstyr (chassis and chassis equipment),2,191,0.0105
OPEL,MERIVA,2,6,Understell og understellsutstyr (chassis and chassis equipment),2,68,0.0294
HYUNDAI,Ioniq,2,6,Understell og understellsutstyr (chassis and chassis equipment),12,834,0.0144
HYUNDAI,I40,4,6,Understell og understellsutstyr (chassis and chassis equipment),100,753,0.1328
KIA,RIO,4,6,Understell og understellsutstyr (chassis and chassis equipment),11,248,0.0444
AUDI,A6 AVANT,4,6,Understell og understellsutstyr (chassis and chassis equipment),19,143,0.1329
VOLVO,XC40,2,6,Understell og understellsutstyr (chassis and chassis equipment),1,184,0.0054
SUZUKI,ALTO,2,6,Understell og understellsutstyr (chassis and chassis equipment),0,5,0.0
KIA,SPORTAGE,3,6,Understell og understellsutstyr (chassis and chassis equipment),287,7796,0.0368
AUDI,A3,1,6,Understell og understellsutstyr (chassis and chassis equipment),87,4115,0.0211
HYUNDAI,Ioniq,1,6,Understell og understellsutstyr (chassis and chassis equipment),14,1674,0.0084
PEUGEOT,5008,3,6,Understell og understellsutstyr (chassis and chassis equipment),281,1911,0.147
FORD,MONDEO STATIONCAR,2,6,Understell og understellsutstyr (chassis and chassis equipment),86,5589,0.0154
VOLKSWAGEN,TOURAN,2,6,Understell og understellsutstyr (chassis and chassis equipment),17,2051,0.0083
MAZDA,3,2,6,Understell og understellsutstyr (chassis and chassis equipment),15,2010,0.0075
FORD,C-MAX,3,6,Understell og understellsutstyr (chassis and chassis equipment),200,1829,0.1093
VOLVO,V70,2,6,Understell og understellsutstyr (chassis and chassis equipment),86,2502,0.0344
AUDI,A1 SPORTBACK,3,6,Understell og understellsutstyr (chassis and chassis equipment),335,3090,0.1084
OPEL,Mokka,1,6,Understell og understellsutstyr (chassis and chassis equipment),39,1060,0.0368
VOLVO,XC40,1,6,Understell og understellsutstyr (chassis and chassis equipment),22,6206,0.0035
TOYOTA,YARIS 5-DØRS,2,6,Understell og understellsutstyr (chassis and chassis equipment),170,15223,0.0112
MERCEDES-BENZ,E,1,6,Understell og understellsutstyr (chassis and chassis equipment),105,4198,0.025
AUDI,Q5,3,6,Understell og understellsutstyr (chassis and chassis equipment),499,5548,0.0899
MERCEDES-BENZ,A-Klasse,3,6,Understell og understellsutstyr (chassis and chassis equipment),94,6182,0.0152
PEUGEOT,206 +,4,6,Understell og understellsutstyr (chassis and chassis equipment),35,143,0.2448
MINI,COOPER,2,6,Understell og understellsutstyr (chassis and chassis equipment),19,1205,0.0158
MERCEDES-BENZ,GLA,2,6,Understell og understellsutstyr (chassis and chassis equipment),17,1805,0.0094
MITSUBISHI,COLT,4,6,Understell og understellsutstyr (chassis and chassis equipment),538,3136,0.1716
KIA,VENGA,3,6,Understell og understellsutstyr (chassis and chassis equipment),51,1099,0.0464
AUDI,A4 AVANT,1,6,Understell og understellsutstyr (chassis and chassis equipment),8,1533,0.0052
CITROËN,C5 Aircross,1,6,Understell og understellsutstyr (chassis and chassis equipment),11,1527,0.0072
SKODA,FABIA,1,6,Understell og understellsutstyr (chassis and chassis equipment),12,2246,0.0053
FORD,NY Focus,3,6,Understell og understellsutstyr (chassis and chassis equipment),1860,15257,0.1219
TOYOTA,AVENSIS,3,6,Understell og understellsutstyr (chassis and chassis equipment),517,12867,0.0402
AUDI,A3 Sportback,2,6,Understell og understellsutstyr (chassis and chassis equipment),261,8901,0.0293
MERCEDES-BENZ,C-Klasse,3,6,Understell og understellsutstyr (chassis and chassis equipment),350,6797,0.0515
SKODA,SUPERB,1,6,Understell og understellsutstyr (chassis and chassis equipment),36,6713,0.0054
CITROËN,BERLINGO,1,6,Understell og understellsutstyr (chassis and chassis equipment),4,389,0.0103
VOLKSWAGEN,Golf Sportsvan,1,6,Understell og understellsutstyr (chassis and chassis equipment),0,502,0.0
CITROËN,C4 PICASSO,3,6,Understell og understellsutstyr (chassis and chassis equipment),147,1484,0.0991
KIA,CEED SW,1,6,Understell og understellsutstyr (chassis and chassis equipment),3,984,0.003
VOLKSWAGEN,T-Cross,1,6,Understell og understellsutstyr (chassis and chassis equipment),0,1210,0.0
TOYOTA,AYGO 3/5-DØRS,3,6,Understell og understellsutstyr (chassis and chassis equipment),260,2298,0.1131
FORD,GALAXY,2,6,Understell og understellsutstyr (chassis and chassis equipment),12,493,0.0243
TOYOTA,AYGO 5-DØRS,2,6,Understell og understellsutstyr (chassis and chassis equipment),6,608,0.0099
BMW,4-serie,3,6,Understell og understellsutstyr (chassis and chassis equipment),32,422,0.0758
ALFA ROMEO,GIULIETTA,2,6,Understell og understellsutstyr (chassis and chassis equipment),1,35,0.0286
MITSUBISHI,ASX,4,6,Understell og understellsutstyr (chassis and chassis equipment),1194,5149,0.2319
FORD,KA,2,6,Understell og understellsutstyr (chassis and chassis equipment),4,41,0.0976
PEUGEOT,508,4,6,Understell og understellsutstyr (chassis and chassis equipment),157,1566,0.1003
KIA,Stonic,2,6,Understell og understellsutstyr (chassis and chassis equipment),0,93,0.0
FORD,S-MAX,3,6,Understell og understellsutstyr (chassis and chassis equipment),1300,5510,0.2359
VOLKSWAGEN,GOLF,3,6,Understell og understellsutstyr (chassis and chassis equipment),1801,40607,0.0444
TOYOTA,YARIS 5-DØRS,4,6,Understell og understellsutstyr (chassis and chassis equipment),2615,12845,0.2036
TOYOTA,RAV4 Plug in,3,6,Understell og understellsutstyr (chassis and chassis equipment),385,11242,0.0342
FORD,FOCUS STATIONSVOGN,1,6,Understell og understellsutstyr (chassis and chassis equipment),32,6110,0.0052
VOLKSWAGEN,PASSAT VARIANT,3,6,Understell og understellsutstyr (chassis and chassis equipment),1373,16654,0.0824
VOLVO,V70,4,6,Understell og understellsutstyr (chassis and chassis equipment),3411,17685,0.1929
KIA,RIO,1,6,Understell og understellsutstyr (chassis and chassis equipment),6,599,0.01
MITSUBISHI,ASX,2,6,Understell og understellsutstyr (chassis and chassis equipment),35,1912,0.0183
FORD,KUGA,3,6,Understell og understellsutstyr (chassis and chassis equipment),657,7170,0.0916
MAZDA,3,4,6,Understell og understellsutstyr (chassis and chassis equipment),539,3328,0.162
FORD,MONDEO STATIONCAR,4,6,Understell og understellsutstyr (chassis and chassis equipment),4210,15288,0.2754
BMW,2-Serie,2,6,Understell og understellsutstyr (chassis and chassis equipment),77,5966,0.0129
VOLKSWAGEN,TOURAN,4,6,Understell og understellsutstyr (chassis and chassis equipment),2762,10414,0.2652
TOYOTA,COROLLA,4,6,Understell og understellsutstyr (chassis and chassis equipment),832,4053,0.2053
AUDI,A6 AVANT,1,6,Understell og understellsutstyr (chassis and chassis equipment),3,526,0.0057
TOYOTA,Aygo X,1,6,Understell og understellsutstyr (chassis and chassis equipment),1,689,0.0015
FORD,GALAXY,4,6,Understell og understellsutstyr (chassis and chassis equipment),677,2069,0.3272
MINI,COOPER,4,6,Understell og understellsutstyr (chassis and chassis equipment),416,2672,0.1557
FORD,KA,4,6,Understell og understellsutstyr (chassis and chassis equipment),136,449,0.3029
SKODA,OCTAVIA,1,6,Understell og understellsutstyr (chassis and chassis equipment),40,14749,0.0027
HYUNDAI,I30CW,4,6,Understell og understellsutstyr (chassis and chassis equipment),441,3800,0.1161
TOYOTA,AYGO 5-DØRS,4,6,Understell og understellsutstyr (chassis and chassis equipment),942,3007,0.3133
KIA,CEED,3,6,Understell og understellsutstyr (chassis and chassis equipment),123,3585,0.0343
HONDA,CR-V,1,6,Understell og understellsutstyr (chassis and chassis equipment),6,1749,0.0034
KIA,CEE'D SW,1,6,Understell og understellsutstyr (chassis and chassis equipment),3,984,0.003
PEUGEOT,108,2,6,Understell og understellsutstyr (chassis and chassis equipment),5,601,0.0083
PEUGEOT,508,2,6,Understell og understellsutstyr (chassis and chassis equipment),21,919,0.0229
FIAT,PANDA,3,6,Understell og understellsutstyr (chassis and chassis equipment),53,332,0.1596
AUDI,A3 Sportback,4,6,Understell og understellsutstyr (chassis and chassis equipment),18,227,0.0793
MERCEDES-BENZ,GLE,3,6,Understell og understellsutstyr (chassis and chassis equipment),1,72,0.0139
KIA,Optima,3,6,Understell og understellsutstyr (chassis and chassis equipment),5,86,0.0581
HYUNDAI,I40,1,6,Understell og understellsutstyr (chassis and chassis equipment),0,1,0.0
ALFA ROMEO,GIULIETTA,4,6,Understell og understellsutstyr (chassis and chassis equipment),0,1,0.0
PEUGEOT,3008,1,6,Understell og understellsutstyr (chassis and chassis equipment),58,7489,0.0077
MAZDA,CX-5,2,6,Understell og understellsutstyr (chassis and chassis equipment),36,8955,0.004
HONDA,JAZZ,4,6,Understell og understellsutstyr (chassis and chassis equipment),276,2120,0.1302
NISSAN,X-TRAIL,2,6,Understell og understellsutstyr (chassis and chassis equipment),23,2651,0.0087
MITSUBISHI,SPACE STAR,1,6,Understell og understellsutstyr (chassis and chassis equipment),6,320,0.0187
OPEL,ASTRA,4,6,Understell og understellsutstyr (chassis and chassis equipment),1160,5454,0.2127
HYUNDAI,Tucson,1,6,Understell og understellsutstyr (chassis and chassis equipment),2,2203,0.0009
VOLVO,XC60,2,6,Understell og understellsutstyr (chassis and chassis equipment),51,9732,0.0052
CITROËN,C4,3,6,Understell og understellsutstyr (chassis and chassis equipment),464,5303,0.0875
OPEL,ASTRA SPORTS TOURER,3,6,Understell og understellsutstyr (chassis and chassis equipment),273,2062,0.1324
NISSAN,Qashqai J11A,4,6,Understell og understellsutstyr (chassis and chassis equipment),2097,9029,0.2323
SUZUKI,IGNIS,1,6,Understell og understellsutstyr (chassis and chassis equipment),8,1716,0.0047
VOLVO,V40,2,6,Understell og understellsutstyr (chassis and chassis equipment),352,6391,0.0551
BMW,1-Serie,4,6,Understell og understellsutstyr (chassis and chassis equipment),1014,6307,0.1608
PEUGEOT,107,3,6,Understell og understellsutstyr (chassis and chassis equipment),106,862,0.123
PEUGEOT,308,4,6,Understell og understellsutstyr (chassis and chassis equipment),890,4655,0.1912
HONDA,CIVIC,2,6,Understell og understellsutstyr (chassis and chassis equipment),11,1171,0.0094
NISSAN,NOTE,4,6,Understell og understellsutstyr (chassis and chassis equipment),144,1197,0.1203
MAZDA,MAZDA6,1,6,Understell og understellsutstyr (chassis and chassis equipment),4,1078,0.0037
MERCEDES-BENZ,GLC,2,6,Understell og understellsutstyr (chassis and chassis equipment),129,5064,0.0255
BMW,X1,3,6,Understell og understellsutstyr (chassis and chassis equipment),274,5709,0.048
SUZUKI,SWIFT,2,6,Understell og understellsutstyr (chassis and chassis equipment),57,2129,0.0268
SKODA,FABIA COMBI,4,6,Understell og understellsutstyr (chassis and chassis equipment),1386,4252,0.326
VOLKSWAGEN,PASSAT,3,6,Understell og understellsutstyr (chassis and chassis equipment),1373,16654,0.0824
TOYOTA,YARIS,2,6,Understell og understellsutstyr (chassis and chassis equipment),170,15223,0.0112
FORD,FIESTA,3,6,Understell og understellsutstyr (chassis and chassis equipment),868,8583,0.1011
FORD,MONDEO,3,6,Understell og understellsutstyr (chassis and chassis equipment),1050,9588,0.1095
RENAULT,Ny Clio,2,6,Understell og understellsutstyr (chassis and chassis equipment),42,641,0.0655
MERCEDES-BENZ,E-Klasse,2,6,Understell og understellsutstyr (chassis and chassis equipment),118,3761,0.0314
FORD,Focus,3,6,Understell og understellsutstyr (chassis and chassis equipment),1860,15257,0.1219
FORD,FOCUS,2,6,Understell og understellsutstyr (chassis and chassis equipment),229,5076,0.0451
VOLKSWAGEN,CADDY,3,6,Understell og understellsutstyr (chassis and chassis equipment),93,1122,0.0829
FIAT,500,4,6,Understell og understellsutstyr (chassis and chassis equipment),997,2705,0.3686
RENAULT,MEGANE SPORT TOURER,4,6,Understell og understellsutstyr (chassis and chassis equipment),140,1622,0.0863
AUDI,A5 SPORTBACK,2,6,Understell og understellsutstyr (chassis and chassis equipment),17,267,0.0637
CITROËN,C3,4,6,Understell og understellsutstyr (chassis and chassis equipment),689,1932,0.3566
BMW,3-Serie,1,6,Understell og understellsutstyr (chassis and chassis equipment),41,4744,0.0086
RENAULT,Captur,3,6,Understell og understellsutstyr (chassis and chassis equipment),58,929,0.0624
CITROËN,C 1,1,6,Understell og understellsutstyr (chassis and chassis equipment),2,58,0.0345
KIA,PICANTO,4,6,Understell og understellsutstyr (chassis and chassis equipment),86,652,0.1319
AUDI,Q2,2,6,Understell og understellsutstyr (chassis and chassis equipment),2,722,0.0028
HYUNDAI,KONA,2,6,Understell og understellsutstyr (chassis and chassis equipment),0,42,0.0
CHEVROLET,SPARK,2,6,Understell og understellsutstyr (chassis and chassis equipment),1,10,0.1
VOLVO,V90,1,6,Understell og understellsutstyr (chassis and chassis equipment),643,10928,0.0588
MERCEDES-BENZ,B-Klasse,3,6,Understell og understellsutstyr (chassis and chassis equipment),117,4025,0.0291
SKODA,OCTAVIA COMBI,1,6,Understell og understellsutstyr (chassis and chassis equipment),40,14749,0.0027
BMW,X3,3,6,Understell og understellsutstyr (chassis and chassis equipment),208,9399,0.0221
VOLVO,XC60,4,6,Understell og understellsutstyr (chassis and chassis equipment),445,9334,0.0477
MITSUBISHI,OUTLANDER,3,6,Understell og understellsutstyr (chassis and chassis equipment),1514,16791,0.0902
VOLKSWAGEN,TIGUAN,3,6,Understell og understellsutstyr (chassis and chassis equipment),362,13669,0.0265
TOYOTA,AURIS,1,6,Understell og understellsutstyr (chassis and chassis equipment),31,6033,0.0051
KIA,Niro,1,6,Understell og understellsutstyr (chassis and chassis equipment),24,5432,0.0044
SUZUKI,SWIFT,4,6,Understell og understellsutstyr (chassis and chassis equipment),1087,4271,0.2545
MERCEDES-BENZ,C,3,6,Understell og understellsutstyr (chassis and chassis equipment),350,6797,0.0515
NISSAN,X-TRAIL,4,6,Understell og understellsutstyr (chassis and chassis equipment),912,3637,0.2508
TOYOTA,VERSO,3,6,Understell og understellsutstyr (chassis and chassis equipment),268,3553,0.0754
SKODA,FABIA COMBI,2,6,Understell og understellsutstyr (chassis and chassis equipment),62,3224,0.0192
DACIA,Duster,3,6,Understell og understellsutstyr (chassis and chassis equipment),48,489,0.0982
BMW,5-Serie,3,6,Understell og understellsutstyr (chassis and chassis equipment),789,8687,0.0908
HYUNDAI,i30 Stc.,4,6,Understell og understellsutstyr (chassis and chassis equipment),441,3800,0.1161
BMW,1-Serie,2,6,Understell og understellsutstyr (chassis and chassis equipment),36,1319,0.0273
PEUGEOT,308,2,6,Understell og understellsutstyr (chassis and chassis equipment),384,4530,0.0848
NISSAN,Qashqai J11A,2,6,Understell og understellsutstyr (chassis and chassis equipment),76,7503,0.0101
OPEL,INSIGNIA,1,6,Understell og understellsutstyr (chassis and chassis equipment),3,1365,0.0022
OPEL,ASTRA,2,6,Understell og understellsutstyr (chassis and chassis equipment),28,1977,0.0142
KIA,PICANTO,2,6,Understell og understellsutstyr (chassis and chassis equipment),15,1280,0.0117
HONDA,CIVIC,4,6,Understell og understellsutstyr (chassis and chassis equipment),626,2980,0.2101
HONDA,JAZZ,2,6,Understell og understellsutstyr (chassis and chassis equipment),5,727,0.0069
RENAULT,CLIO,1,6,Understell og understellsutstyr (chassis and chassis equipment),3,563,0.0053
FIAT,Punto S7,3,6,Understell og understellsutstyr (chassis and chassis equipment),16,91,0.1758
TOYOTA,AVENSIS STW,1,6,Understell og understellsutstyr (chassis and chassis equipment),0,538,0.0
TOYOTA,YARIS,4,6,Understell og understellsutstyr (chassis and chassis equipment),2615,12845,0.2036
NISSAN,QASHQAI,1,6,Understell og understellsutstyr (chassis and chassis equipment),12,4798,0.0025
SUZUKI,SX4 COMBIBACK,3,6,Understell og understellsutstyr (chassis and chassis equipment),295,6632,0.0445
MERCEDES-BENZ,E-Klasse,4,6,Understell og understellsutstyr (chassis and chassis equipment),1508,11198,0.1347
HYUNDAI,I30,3,6,Understell og understellsutstyr (chassis and chassis equipment),4,164,0.0244
FORD,FOCUS,4,6,Understell og understellsutstyr (chassis and chassis equipment),2261,12012,0.1882
SKODA,RAPID SPACEBACK,1,6,Understell og understellsutstyr (chassis and chassis equipment),3,482,0.0062
RENAULT,MEGANE SPORT TOURER,2,6,Understell og understellsutstyr (chassis and chassis equipment),12,326,0.0368
NISSAN,NOTE,2,6,Understell og understellsutstyr (chassis and chassis equipment),8,358,0.0223
PEUGEOT,207,3,6,Understell og understellsutstyr (chassis and chassis equipment),168,610,0.2754
HYUNDAI,I20,1,6,Understell og understellsutstyr (chassis and chassis equipment),2,1113,0.0018
FIAT,500,2,6,Understell og understellsutstyr (chassis and chassis equipment),44,384,0.1146
AUDI,A3 Limousine,1,6,Understell og understellsutstyr (chassis and chassis equipment),1,109,0.0092
NISSAN,MICRA,1,6,Understell og understellsutstyr (chassis and chassis equipment),3,296,0.0101
RENAULT,Ny Clio,4,6,Understell og understellsutstyr (chassis and chassis equipment),41,517,0.0793
RENAULT,Kadjar,2,6,Understell og understellsutstyr (chassis and chassis equipment),11,688,0.016
SEAT,IBIZA,1,6,Understell og understellsutstyr (chassis and chassis equipment),2,162,0.0123
SKODA,SCALA,1,6,Understell og understellsutstyr (chassis and chassis equipment),0,339,0.0
CITROËN,C3,2,6,Understell og understellsutstyr (chassis and chassis equipment),182,1100,0.1655
SUZUKI,VITARA,3,6,Understell og understellsutstyr (chassis and chassis equipment),32,1056,0.0303
MAZDA,CX-3,3,6,Understell og understellsutstyr (chassis and chassis equipment),4,1002,0.004
MAZDA,CX-5,4,6,Understell og understellsutstyr (chassis and chassis equipment),20,302,0.0662
AUDI,A5 SPORTBACK,4,6,Understell og understellsutstyr (chassis and chassis equipment),3,69,0.0435
VOLVO,V40,4,6,Understell og understellsutstyr (chassis and chassis equipment),30,243,0.1235
CHEVROLET,SPARK,4,6,Understell og understellsutstyr (chassis and chassis equipment),4,21,0.1905
TOYOTA,Yaris Cross,1,6,Understell og understellsutstyr (chassis and chassis equipment),0,261,0.0
SKODA,OCTAVIA,3,7,Annet utstyr (other equipment),617,19319,0.0319
TOYOTA,RAV4,2,7,Annet utstyr (other equipment),64,15118,0.0042
KIA,CEE'D SW,3,7,Annet utstyr (other equipment),71,3585,0.0198
MAZDA,MAZDA2,4,7,Annet utstyr (other equipment),39,2075,0.0188
KIA,CEED,1,7,Annet utstyr (other equipment),5,984,0.0051
TOYOTA,AYGO,2,7,Annet utstyr (other equipment),6,608,0.0099
FORD,KUGA,1,7,Annet utstyr (other equipment),12,5193,0.0023
TOYOTA,RAV4 Plug in,1,7,Annet utstyr (other equipment),32,29243,0.0011
FORD,FOCUS STATIONSVOGN,3,7,Annet utstyr (other equipment),558,15257,0.0366
VOLKSWAGEN,GOLF,1,7,Annet utstyr (other equipment),27,9446,0.0029
VOLVO,XC90,2,7,Annet utstyr (other equipment),73,5537,0.0132
HYUNDAI,I40,3,7,Annet utstyr (other equipment),91,2466,0.0369
VOLKSWAGEN,POLO,2,7,Annet utstyr (other equipment),119,5290,0.0225
FORD,FIESTA 5 DØRS,2,7,Annet utstyr (other equipment),60,4402,0.0136
AUDI,Q3,4,7,Annet utstyr (other equipment),11,293,0.0375
KIA,RIO,3,7,Annet utstyr (other equipment),65,2622,0.0248
HONDA,CR-V,3,7,Annet utstyr (other equipment),74,6725,0.011
AUDI,A6 AVANT,3,7,Annet utstyr (other equipment),34,2163,0.0157
SKODA,SUPERB COMBI,4,7,Annet utstyr (other equipment),308,3621,0.0851
TOYOTA,Aygo X,3,7,Annet utstyr (other equipment),50,2298,0.0218
MERCEDES-BENZ,GLE,1,7,Annet utstyr (other equipment),11,2193,0.005
BMW,X5,4,7,Annet utstyr (other equipment),136,3889,0.035
VOLKSWAGEN,PASSAT VARIANT,1,7,Annet utstyr (other equipment),70,11253,0.0062
MAZDA,2,2,7,Annet utstyr (other equipment),59,1120,0.0527
CITROËN,C4 Cactus,2,7,Annet utstyr (other equipment),45,1625,0.0277
MAZDA,MAZDA3,2,7,Annet utstyr (other equipment),13,2010,0.0065
CITROËN,DS3,4,7,Annet utstyr (other equipment),27,696,0.0388
VOLKSWAGEN,UP!,2,7,Annet utstyr (other equipment),12,1503,0.008
HYUNDAI,I10,2,7,Annet utstyr (other equipment),5,411,0.0122
KIA,Optima,1,7,Annet utstyr (other equipment),12,1833,0.0065
FORD,S-MAX,1,7,Annet utstyr (other equipment),40,1786,0.0224
PEUGEOT,208,4,7,Annet utstyr (other equipment),2,267,0.0075
FORD,B-MAX,2,7,Annet utstyr (other equipment),2,250,0.008
FIAT,PANDA,1,7,Annet utstyr (other equipment),0,20,0.0
SKODA,OCTAVIA,1,7,Annet utstyr (other equipment),38,14749,0.0026
VOLKSWAGEN,GOLF,3,7,Annet utstyr (other equipment),708,40607,0.0174
HYUNDAI,I30CW,4,7,Annet utstyr (other equipment),81,3800,0.0213
KIA,CEE'D SW,1,7,Annet utstyr (other equipment),5,984,0.0051
TOYOTA,AYGO 5-DØRS,4,7,Annet utstyr (other equipment),87,3007,0.0289
AUDI,A3 Sportback,4,7,Annet utstyr (other equipment),11,227,0.0485
KIA,CEED,3,7,Annet utstyr (other equipment),71,3585,0.0198
VOLKSWAGEN,TOURAN,4,7,Annet utstyr (other equipment),1170,10414,0.1123
VOLKSWAGEN,PASSAT VARIANT,3,7,Annet utstyr (other equipment),1001,16654,0.0601
TOYOTA,RAV4 Plug in,3,7,Annet utstyr (other equipment),161,11242,0.0143
VOLVO,V70,4,7,Annet utstyr (other equipment),476,17685,0.0269
FORD,KUGA,3,7,Annet utstyr (other equipment),102,7170,0.0142
MINI,COOPER,4,7,Annet utstyr (other equipment),85,2672,0.0318
HONDA,CR-V,1,7,Annet utstyr (other equipment),3,1749,0.0017
FORD,MONDEO STATIONCAR,4,7,Annet utstyr (other equipment),1058,15288,0.0692
TOYOTA,COROLLA,4,7,Annet utstyr (other equipment),172,4053,0.0424
TOYOTA,Aygo X,1,7,Annet utstyr (other equipment),1,689,0.0015
MAZDA,3,4,7,Annet utstyr (other equipment),59,3328,0.0177
FORD,S-MAX,3,7,Annet utstyr (other equipment),441,5510,0.08
FORD,FOCUS STATIONSVOGN,1,7,Annet utstyr (other equipment),23,6110,0.0038
FORD,KA,4,7,Annet utstyr (other equipment),13,449,0.029
FIAT,PANDA,3,7,Annet utstyr (other equipment),9,332,0.0271
TOYOTA,YARIS 5-DØRS,4,7,Annet utstyr (other equipment),767,12845,0.0597
BMW,2-Serie,2,7,Annet utstyr (other equipment),32,5966,0.0054
MERCEDES-BENZ,GLE,3,7,Annet utstyr (other equipment),0,72,0.0
FORD,GALAXY,4,7,Annet utstyr (other equipment),262,2069,0.1266
AUDI,A6 AVANT,1,7,Annet utstyr (other equipment),3,526,0.0057
KIA,RIO,1,7,Annet utstyr (other equipment),1,599,0.0017
MITSUBISHI,ASX,2,7,Annet utstyr (other equipment),17,1912,0.0089
PEUGEOT,108,2,7,Annet utstyr (other equipment),9,601,0.015
PEUGEOT,508,2,7,Annet utstyr (other equipment),10,919,0.0109
KIA,Optima,3,7,Annet utstyr (other equipment),0,86,0.0
ALFA ROMEO,GIULIETTA,4,7,Annet utstyr (other equipment),0,1,0.0
HYUNDAI,I40,1,7,Annet utstyr (other equipment),0,1,0.0
SKODA,OCTAVIA,4,7,Annet utstyr (other equipment),1210,12917,0.0937
SKODA,SUPERB,2,7,Annet utstyr (other equipment),60,5609,0.0107
KIA,CEE'D SW,4,7,Annet utstyr (other equipment),36,742,0.0485
SKODA,FABIA,2,7,Annet utstyr (other equipment),47,3224,0.0146
TOYOTA,AYGO 5-DØRS,1,7,Annet utstyr (other equipment),1,689,0.0015
MAZDA,MAZDA2,3,7,Annet utstyr (other equipment),40,1899,0.0211
TOYOTA,COROLLA,1,7,Annet utstyr (other equipment),7,9061,0.0008
KIA,RIO,4,7,Annet utstyr (other equipment),11,248,0.0444
MERCEDES-BENZ,GLA,1,7,Annet utstyr (other equipment),6,938,0.0064
PEUGEOT,208,3,7,Annet utstyr (other equipment),88,5152,0.0171
SKODA,SUPERB COMBI,3,7,Annet utstyr (other equipment),337,6121,0.0551
HONDA,CR-V,4,7,Annet utstyr (other equipment),203,9204,0.0221
FORD,FOCUS STATIONSVOGN,4,7,Annet utstyr (other equipment),474,12012,0.0395
HYUNDAI,I40,4,7,Annet utstyr (other equipment),62,753,0.0823
PEUGEOT,2008,3,7,Annet utstyr (other equipment),29,2682,0.0108
TOYOTA,YARIS 5-DØRS,1,7,Annet utstyr (other equipment),57,16882,0.0034
BMW,X5,3,7,Annet utstyr (other equipment),63,2684,0.0235
AUDI,A4 AVANT,2,7,Annet utstyr (other equipment),12,1848,0.0065
MERCEDES-BENZ,E,2,7,Annet utstyr (other equipment),56,3761,0.0149
VOLKSWAGEN,TOURAN,1,7,Annet utstyr (other equipment),48,1595,0.0301
MAZDA,3,1,7,Annet utstyr (other equipment),8,1523,0.0053
AUDI,A3,2,7,Annet utstyr (other equipment),93,9233,0.0101
KIA,CEED SW,2,7,Annet utstyr (other equipment),14,1150,0.0122
HYUNDAI,Ioniq,2,7,Annet utstyr (other equipment),5,834,0.006
AUDI,Q3,3,7,Annet utstyr (other equipment),81,2899,0.0279
TOYOTA,Aygo X,4,7,Annet utstyr (other equipment),87,3007,0.0289
KIA,Stonic,1,7,Annet utstyr (other equipment),1,630,0.0016
AUDI,A3 Sportback,1,7,Annet utstyr (other equipment),25,3698,0.0068
OPEL,Mokka,2,7,Annet utstyr (other equipment),47,3055,0.0154
VOLKSWAGEN,Golf Sportsvan,2,7,Annet utstyr (other equipment),10,2883,0.0035
FORD,MONDEO STATIONCAR,1,7,Annet utstyr (other equipment),10,1541,0.0065
VOLVO,XC40,2,7,Annet utstyr (other equipment),2,184,0.0109
AUDI,A6 AVANT,4,7,Annet utstyr (other equipment),4,143,0.028
CITROËN,DS3,3,7,Annet utstyr (other equipment),36,1430,0.0252
CITROËN,BERLINGO,2,7,Annet utstyr (other equipment),10,293,0.0341
FORD,GALAXY,1,7,Annet utstyr (other equipment),5,191,0.0262
MINI,COOPER,1,7,Annet utstyr (other equipment),2,538,0.0037
OPEL,MERIVA,2,7,Annet utstyr (other equipment),3,68,0.0441
SUZUKI,ALTO,2,7,Annet utstyr (other equipment),2,5,0.4
SKODA,OCTAVIA,2,7,Annet utstyr (other equipment),88,13702,0.0064
MAZDA,MAZDA3,3,7,Annet utstyr (other equipment),27,2880,0.0094
TOYOTA,RAV4,3,7,Annet utstyr (other equipment),161,11242,0.0143
KIA,CEE'D SW,2,7,Annet utstyr (other equipment),14,1150,0.0122
SKODA,SUPERB,4,7,Annet utstyr (other equipment),308,3621,0.0851
SKODA,FABIA,4,7,Annet utstyr (other equipment),190,4252,0.0447
HYUNDAI,I10,3,7,Annet utstyr (other equipment),27,1046,0.0258
VOLKSWAGEN,POLO,3,7,Annet utstyr (other equipment),679,10576,0.0642
FORD,FOCUS STATIONSVOGN,2,7,Annet utstyr (other equipment),47,5076,0.0093
FORD,FIESTA 5 DØRS,3,7,Annet utstyr (other equipment),141,8583,0.0164
AUDI,A3,4,7,Annet utstyr (other equipment),472,8787,0.0537
VOLVO,V50,4,7,Annet utstyr (other equipment),448,11296,0.0397
MAZDA,2,3,7,Annet utstyr (other equipment),40,1899,0.0211
MERCEDES-BENZ,E,4,7,Annet utstyr (other equipment),462,11198,0.0413
VOLVO,XC90,3,7,Annet utstyr (other equipment),22,1135,0.0194
CITROËN,C4 Cactus,3,7,Annet utstyr (other equipment),38,775,0.049
FORD,B-MAX,3,7,Annet utstyr (other equipment),24,1129,0.0213
KIA,CEED SW,4,7,Annet utstyr (other equipment),36,742,0.0485
BMW,2-Serie,1,7,Annet utstyr (other equipment),16,7055,0.0023
PEUGEOT,508,1,7,Annet utstyr (other equipment),3,1065,0.0028
OPEL,MERIVA,4,7,Annet utstyr (other equipment),49,1312,0.0373
AUDI,A6 AVANT,2,7,Annet utstyr (other equipment),19,1067,0.0178
VOLKSWAGEN,UP!,3,7,Annet utstyr (other equipment),232,4436,0.0523
AUDI,A4 AVANT,4,7,Annet utstyr (other equipment),0,152,0.0
KIA,RIO,2,7,Annet utstyr (other equipment),13,1154,0.0113
TOYOTA,AYGO,3,7,Annet utstyr (other equipment),50,2298,0.0218
CITROËN,BERLINGO,4,7,Annet utstyr (other equipment),121,993,0.1219
MITSUBISHI,ASX,1,7,Annet utstyr (other equipment),2,452,0.0044
SUZUKI,ALTO,4,7,Annet utstyr (other equipment),23,392,0.0587
HONDA,CR-V,2,7,Annet utstyr (other equipment),11,2570,0.0043
TOYOTA,Aygo X,2,7,Annet utstyr (other equipment),6,608,0.0099
HYUNDAI,I40,2,7,Annet utstyr (other equipment),3,123,0.0244
PEUGEOT,108,1,7,Annet utstyr (other equipment),2,129,0.0155
OPEL,Mokka,4,7,Annet utstyr (other equipment),1,35,0.0286
TOYOTA,RAV4,4,7,Annet utstyr (other equipment),370,10666,0.0347
SKODA,FABIA,3,7,Annet utstyr (other equipment),56,3929,0.0143
MERCEDES-BENZ,C-Klasse,1,7,Annet utstyr (other equipment),19,3637,0.0052
FORD,NY Focus,1,7,Annet utstyr (other equipment),23,6110,0.0038
SKODA,SUPERB,3,7,Annet utstyr (other equipment),337,6121,0.0551
MAZDA,MAZDA3,4,7,Annet utstyr (other equipment),59,3328,0.0177
HYUNDAI,I10,4,7,Annet utstyr (other equipment),43,982,0.0438
TOYOTA,AYGO 3/5-DØRS,1,7,Annet utstyr (other equipment),1,689,0.0015
TOYOTA,AYGO,4,7,Annet utstyr (other equipment),87,3007,0.0289
BMW,X5,2,7,Annet utstyr (other equipment),48,3601,0.0133
PEUGEOT,5008,1,7,Annet utstyr (other equipment),85,4893,0.0174
FORD,FIESTA 5 DØRS,4,7,Annet utstyr (other equipment),179,7906,0.0226
AUDI,A3,3,7,Annet utstyr (other equipment),236,11732,0.0201
MERCEDES-BENZ,E,3,7,Annet utstyr (other equipment),258,8181,0.0315
PEUGEOT,2008,2,7,Annet utstyr (other equipment),31,3179,0.0098
AUDI,A4 AVANT,3,7,Annet utstyr (other equipment),54,2969,0.0182
OPEL,Mokka,3,7,Annet utstyr (other equipment),74,4582,0.0162
VOLKSWAGEN,POLO,4,7,Annet utstyr (other equipment),833,11528,0.0723
VOLKSWAGEN,Golf Sportsvan,3,7,Annet utstyr (other equipment),7,1676,0.0042
CITROËN,BERLINGO,3,7,Annet utstyr (other equipment),35,704,0.0497
MAZDA,2,4,7,Annet utstyr (other equipment),39,2075,0.0188
MERCEDES-BENZ,A-Klasse,1,7,Annet utstyr (other equipment),40,2726,0.0147
SKODA,SUPERB COMBI,2,7,Annet utstyr (other equipment),60,5609,0.0107
KIA,CEED SW,3,7,Annet utstyr (other equipment),71,3585,0.0198
PEUGEOT,208,2,7,Annet utstyr (other equipment),17,2180,0.0078
MAZDA,MAZDA2,2,7,Annet utstyr (other equipment),59,1120,0.0527
KIA,SPORTAGE,1,7,Annet utstyr (other equipment),4,1259,0.0032
OPEL,Grandland X,2,7,Annet utstyr (other equipment),0,125,0.0
AUDI,Q3,2,7,Annet utstyr (other equipment),22,1293,0.017
VOLVO,XC90,4,7,Annet utstyr (other equipment),164,1825,0.0899
AUDI,Q5,1,7,Annet utstyr (other equipment),0,1438,0.0
OPEL,MERIVA,3,7,Annet utstyr (other equipment),38,854,0.0445
AUDI,A1 SPORTBACK,1,7,Annet utstyr (other equipment),5,902,0.0055
OPEL,Crossland X,2,7,Annet utstyr (other equipment),0,177,0.0
SUZUKI,ALTO,3,7,Annet utstyr (other equipment),19,285,0.0667
VOLKSWAGEN,UP!,4,7,Annet utstyr (other equipment),21,234,0.0897
FORD,C-MAX,1,7,Annet utstyr (other equipment),0,235,0.0
CITROËN,C4 PICASSO,1,7,Annet utstyr (other equipment),13,823,0.0158
VOLVO,V50,3,7,Annet utstyr (other equipment),118,3281,0.036
TOYOTA,AVENSIS,1,7,Annet utstyr (other equipment),2,538,0.0037
BMW,4-serie,1,7,Annet utstyr (other equipment),4,85,0.0471
CITROËN,DS3,2,7,Annet utstyr (other equipment),2,90,0.0222
FORD,B-MAX,4,7,Annet utstyr (other equipment),1,19,0.0526
KIA,VENGA,1,7,Annet utstyr (other equipment),0,6,0.0
AUDI,A3 Sportback,3,7,Annet utstyr (other equipment),169,9047,0.0187
MERCEDES-BENZ,C-Klasse,2,7,Annet utstyr (other equipment),64,5861,0.0109
FORD,NY Focus,2,7,Annet utstyr (other equipment),47,5076,0.0093
TOYOTA,AVENSIS,2,7,Annet utstyr (other equipment),15,3935,0.0038
TOYOTA,AYGO 3/5-DØRS,2,7,Annet utstyr (other equipment),6,608,0.0099
KIA,CEED,4,7,Annet utstyr (other equipment),36,742,0.0485
TOYOTA,YARIS 5-DØRS,3,7,Annet utstyr (other equipment),297,21128,0.0141
OPEL,Crossland X,1,7,Annet utstyr (other equipment),5,1377,0.0036
VOLKSWAGEN,GOLF,4,7,Annet utstyr (other equipment),1528,32682,0.0468
VOLVO,V70,3,7,Annet utstyr (other equipment),108,11477,0.0094
MINI,COOPER,3,7,Annet utstyr (other equipment),51,3308,0.0154
VOLKSWAGEN,TOURAN,3,7,Annet utstyr (other equipment),507,5455,0.0929
FORD,MONDEO STATIONCAR,3,7,Annet utstyr (other equipment),309,9588,0.0322
CITROËN,C4 PICASSO,2,7,Annet utstyr (other equipment),44,1511,0.0291
OPEL,Grandland X,1,7,Annet utstyr (other equipment),10,2268,0.0044
TOYOTA,RAV4 Plug in,4,7,Annet utstyr (other equipment),370,10666,0.0347
VOLKSWAGEN,PASSAT VARIANT,4,7,Annet utstyr (other equipment),1052,15462,0.068
PEUGEOT,2008,1,7,Annet utstyr (other equipment),20,2747,0.0073
FORD,KUGA,4,7,Annet utstyr (other equipment),215,5780,0.0372
AUDI,Q5,2,7,Annet utstyr (other equipment),6,2270,0.0026
MERCEDES-BENZ,A-Klasse,2,7,Annet utstyr (other equipment),25,2268,0.011
SKODA,SUPERB COMBI,1,7,Annet utstyr (other equipment),52,6713,0.0077
BMW,X5,1,7,Annet utstyr (other equipment),45,5474,0.0082
FORD,S-MAX,4,7,Annet utstyr (other equipment),766,6314,0.1213
MAZDA,3,3,7,Annet utstyr (other equipment),27,2880,0.0094
AUDI,A1 SPORTBACK,2,7,Annet utstyr (other equipment),19,1299,0.0146
FORD,GALAXY,3,7,Annet utstyr (other equipment),155,1766,0.0878
BMW,4-serie,2,7,Annet utstyr (other equipment),29,509,0.057
TOYOTA,AYGO 5-DØRS,3,7,Annet utstyr (other equipment),50,2298,0.0218
KIA,SPORTAGE,2,7,Annet utstyr (other equipment),29,3281,0.0088
PEUGEOT,208,1,7,Annet utstyr (other equipment),4,1123,0.0036
PEUGEOT,5008,2,7,Annet utstyr (other equipment),37,1312,0.0282
MERCEDES-BENZ,GLA,3,7,Annet utstyr (other equipment),19,1359,0.014
FORD,C-MAX,2,7,Annet utstyr (other equipment),8,749,0.0107
FORD,KA,3,7,Annet utstyr (other equipment),5,505,0.0099
AUDI,Q3,1,7,Annet utstyr (other equipment),10,911,0.011
ALFA ROMEO,GIULIETTA,3,7,Annet utstyr (other equipment),3,258,0.0116
MAZDA,MAZDA2,1,7,Annet utstyr (other equipment),9,625,0.0144
FIAT,PANDA,4,7,Annet utstyr (other equipment),8,101,0.0792
KIA,VENGA,2,7,Annet utstyr (other equipment),3,273,0.011
TOYOTA,COROLLA,3,7,Annet utstyr (other equipment),19,284,0.0669
HYUNDAI,I30CW,3,7,Annet utstyr (other equipment),3,164,0.0183
KIA,Optima,4,7,Annet utstyr (other equipment),0,1,0.0
TOYOTA,AVENSIS,3,7,Annet utstyr (other equipment),187,12867,0.0145
SKODA,SUPERB,1,7,Annet utstyr (other equipment),52,6713,0.0077
MERCEDES-BENZ,C-Klasse,3,7,Annet utstyr (other equipment),184,6797,0.0271
TOYOTA,AYGO 5-DØRS,2,7,Annet utstyr (other equipment),6,608,0.0099
FORD,NY Focus,3,7,Annet utstyr (other equipment),558,15257,0.0366
AUDI,A3 Sportback,2,7,Annet utstyr (other equipment),91,8901,0.0102
SKODA,FABIA,1,7,Annet utstyr (other equipment),20,2246,0.0089
TOYOTA,YARIS 5-DØRS,2,7,Annet utstyr (other equipment),80,15223,0.0053
CITROËN,C5 Aircross,1,7,Annet utstyr (other equipment),7,1527,0.0046
KIA,CEED SW,1,7,Annet utstyr (other equipment),5,984,0.0051
AUDI,A3,1,7,Annet utstyr (other equipment),25,4115,0.0061
MERCEDES-BENZ,A-Klasse,3,7,Annet utstyr (other equipment),122,6182,0.0197
AUDI,Q5,3,7,Annet utstyr (other equipment),58,5548,0.0105
MITSUBISHI,ASX,4,7,Annet utstyr (other equipment),118,5149,0.0229
VOLVO,XC40,1,7,Annet utstyr (other equipment),4,6206,0.0006
CITROËN,C4 PICASSO,3,7,Annet utstyr (other equipment),82,1484,0.0553
FORD,MONDEO STATIONCAR,2,7,Annet utstyr (other equipment),48,5589,0.0086
AUDI,A4 AVANT,1,7,Annet utstyr (other equipment),11,1533,0.0072
MERCEDES-BENZ,E,1,7,Annet utstyr (other equipment),26,4198,0.0062
MITSUBISHI,COLT,4,7,Annet utstyr (other equipment),219,3136,0.0698
KIA,SPORTAGE,3,7,Annet utstyr (other equipment),131,7796,0.0168
PEUGEOT,508,4,7,Annet utstyr (other equipment),53,1566,0.0338
FORD,C-MAX,3,7,Annet utstyr (other equipment),70,1829,0.0383
MAZDA,3,2,7,Annet utstyr (other equipment),13,2010,0.0065
AUDI,A1 SPORTBACK,3,7,Annet utstyr (other equipment),121,3090,0.0392
PEUGEOT,5008,3,7,Annet utstyr (other equipment),112,1911,0.0586
TOYOTA,AYGO 3/5-DØRS,3,7,Annet utstyr (other equipment),50,2298,0.0218
KIA,VENGA,3,7,Annet utstyr (other equipment),25,1099,0.0227
HYUNDAI,Ioniq,1,7,Annet utstyr (other equipment),2,1674,0.0012
MERCEDES-BENZ,GLA,2,7,Annet utstyr (other equipment),17,1805,0.0094
VOLKSWAGEN,TOURAN,2,7,Annet utstyr (other equipment),94,2051,0.0458
FORD,GALAXY,2,7,Annet utstyr (other equipment),13,493,0.0264
BMW,4-serie,3,7,Annet utstyr (other equipment),17,422,0.0403
MINI,COOPER,2,7,Annet utstyr (other equipment),14,1205,0.0116
VOLKSWAGEN,T-Cross,1,7,Annet utstyr (other equipment),7,1210,0.0058
OPEL,Mokka,1,7,Annet utstyr (other equipment),5,1060,0.0047
KIA,Stonic,2,7,Annet utstyr (other equipment),0,93,0.0
CITROËN,BERLINGO,1,7,Annet utstyr (other equipment),4,389,0.0103
VOLVO,V70,2,7,Annet utstyr (other equipment),9,2502,0.0036
VOLKSWAGEN,Golf Sportsvan,1,7,Annet utstyr (other equipment),1,502,0.002
PEUGEOT,206 +,4,7,Annet utstyr (other equipment),10,143,0.0699
FORD,KA,2,7,Annet utstyr (other equipment),1,41,0.0244
ALFA ROMEO,GIULIETTA,2,7,Annet utstyr (other equipment),0,35,0.0
TOYOTA,RAV4,1,7,Annet utstyr (other equipment),32,29243,0.0011
TOYOTA,AVENSIS,4,7,Annet utstyr (other equipment),771,20526,0.0376
FORD,NY Focus,4,7,Annet utstyr (other equipment),474,12012,0.0395
MERCEDES-BENZ,C-Klasse,4,7,Annet utstyr (other equipment),425,7755,0.0548
MAZDA,MAZDA3,1,7,Annet utstyr (other equipment),8,1523,0.0053
VOLKSWAGEN,GOLF,2,7,Annet utstyr (other equipment),219,24534,0.0089
KIA,CEED,2,7,Annet utstyr (other equipment),14,1150,0.0122
TOYOTA,AYGO 3/5-DØRS,4,7,Annet utstyr (other equipment),87,3007,0.0289
TOYOTA,AYGO,1,7,Annet utstyr (other equipment),1,689,0.0015
FORD,KUGA,2,7,Annet utstyr (other equipment),16,4067,0.0039
MERCEDES-BENZ,A-Klasse,4,7,Annet utstyr (other equipment),136,2238,0.0608
AUDI,Q5,4,7,Annet utstyr (other equipment),83,5189,0.016
MITSUBISHI,ASX,3,7,Annet utstyr (other equipment),139,9126,0.0152
VOLKSWAGEN,PASSAT VARIANT,2,7,Annet utstyr (other equipment),264,14320,0.0184
TOYOTA,RAV4 Plug in,2,7,Annet utstyr (other equipment),64,15118,0.0042
VOLVO,XC90,1,7,Annet utstyr (other equipment),65,8675,0.0075
VOLKSWAGEN,POLO,1,7,Annet utstyr (other equipment),57,5836,0.0098
BMW,2-Serie,3,7,Annet utstyr (other equipment),12,949,0.0126
KIA,VENGA,4,7,Annet utstyr (other equipment),42,668,0.0629
PEUGEOT,508,3,7,Annet utstyr (other equipment),105,4721,0.0222
FORD,C-MAX,4,7,Annet utstyr (other equipment),60,1034,0.058
KIA,SPORTAGE,4,7,Annet utstyr (other equipment),32,1242,0.0258
KIA,Optima,2,7,Annet utstyr (other equipment),12,926,0.013
PEUGEOT,5008,4,7,Annet utstyr (other equipment),143,1845,0.0775
FORD,S-MAX,2,7,Annet utstyr (other equipment),113,3631,0.0311
FORD,FIESTA 5 DØRS,1,7,Annet utstyr (other equipment),31,3219,0.0096
PEUGEOT,108,3,7,Annet utstyr (other equipment),7,301,0.0233
MITSUBISHI,COLT,3,7,Annet utstyr (other equipment),39,1264,0.0309
MERCEDES-BENZ,GLE,2,7,Annet utstyr (other equipment),3,719,0.0042
CITROËN,C4 PICASSO,4,7,Annet utstyr (other equipment),59,1058,0.0558
CITROËN,C4 Cactus,1,7,Annet utstyr (other equipment),5,1085,0.0046
FIAT,PANDA,2,7,Annet utstyr (other equipment),2,94,0.0213
MAZDA,2,1,7,Annet utstyr (other equipment),9,625,0.0144
VOLKSWAGEN,UP!,1,7,Annet utstyr (other equipment),5,680,0.0074
AUDI,A1 SPORTBACK,4,7,Annet utstyr (other equipment),16,183,0.0874
HYUNDAI,I10,1,7,Annet utstyr (other equipment),2,161,0.0124
FORD,B-MAX,1,7,Annet utstyr (other equipment),0,5,0.0
FORD,FIESTA,4,7,Annet utstyr (other equipment),179,7906,0.0226
FORD,MONDEO,4,7,Annet utstyr (other equipment),1058,15288,0.0692
VOLKSWAGEN,PASSAT,4,7,Annet utstyr (other equipment),1052,15462,0.068
CITROËN,C4,4,7,Annet utstyr (other equipment),116,2439,0.0476
OPEL,ASTRA,3,7,Annet utstyr (other equipment),41,3710,0.0111
FORD,Focus,4,7,Annet utstyr (other equipment),474,12012,0.0395
KIA,PICANTO,3,7,Annet utstyr (other equipment),159,3887,0.0409
MITSUBISHI,OUTLANDER,2,7,Annet utstyr (other equipment),240,22180,0.0108
NISSAN,Qashqai J11A,3,7,Annet utstyr (other equipment),308,10874,0.0283
VOLKSWAGEN,TIGUAN,2,7,Annet utstyr (other equipment),83,7466,0.0111
MERCEDES-BENZ,B-Klasse,2,7,Annet utstyr (other equipment),24,1185,0.0203
VOLVO,V60,1,7,Annet utstyr (other equipment),32,11028,0.0029
PEUGEOT,308,3,7,Annet utstyr (other equipment),85,4837,0.0176
MERCEDES-BENZ,C,2,7,Annet utstyr (other equipment),64,5861,0.0109
SKODA,FABIA COMBI,3,7,Annet utstyr (other equipment),56,3929,0.0143
OPEL,ASTRA SPORTS TOURER,4,7,Annet utstyr (other equipment),16,979,0.0163
SKODA,KODIAQ,1,7,Annet utstyr (other equipment),62,7893,0.0079
BMW,5-Serie,2,7,Annet utstyr (other equipment),27,3263,0.0083
BMW,1-Serie,3,7,Annet utstyr (other equipment),153,5856,0.0261
TOYOTA,Toyota C-HR,2,7,Annet utstyr (other equipment),11,4126,0.0027
MAZDA,CX-3,2,7,Annet utstyr (other equipment),183,5128,0.0357
BMW,X1,4,7,Annet utstyr (other equipment),88,4390,0.02
NISSAN,NOTE,3,7,Annet utstyr (other equipment),12,946,0.0127
SUZUKI,VITARA,2,7,Annet utstyr (other equipment),18,3777,0.0048
PEUGEOT,107,4,7,Annet utstyr (other equipment),74,1880,0.0394
VOLKSWAGEN,CADDY,4,7,Annet utstyr (other equipment),100,1082,0.0924
RENAULT,Kadjar,3,7,Annet utstyr (other equipment),1,102,0.0098
VOLKSWAGEN,T-Roc,2,7,Annet utstyr (other equipment),3,288,0.0104
SUZUKI,SX4 COMBIBACK,2,7,Annet utstyr (other equipment),56,2476,0.0226
FIAT,500,3,7,Annet utstyr (other equipment),66,2045,0.0323
RENAULT,MEGANE SPORT TOURER,3,7,Annet utstyr (other equipment),41,1261,0.0325
SKODA,KAMIQ,1,7,Annet utstyr (other equipment),2,327,0.0061
BMW,X3,2,7,Annet utstyr (other equipment),29,3055,0.0095
HONDA,JAZZ,3,7,Annet utstyr (other equipment),57,1643,0.0347
CITROËN,C3,3,7,Annet utstyr (other equipment),25,1322,0.0189
DACIA,Duster,2,7,Annet utstyr (other equipment),61,542,0.1125
RENAULT,MEGANE,1,7,Annet utstyr (other equipment),0,294,0.0
SKODA,CITIGO,1,7,Annet utstyr (other equipment),0,202,0.0
CITROËN,C1,1,7,Annet utstyr (other equipment),0,58,0.0
SKODA,RAPID,1,7,Annet utstyr (other equipment),2,482,0.0041
NISSAN,JUKE,1,7,Annet utstyr (other equipment),0,107,0.0
TOYOTA,VERSO,2,7,Annet utstyr (other equipment),12,178,0.0674
HYUNDAI,i10 AC3,1,7,Annet utstyr (other equipment),2,161,0.0124
SEAT,Ibiza GP2,4,7,Annet utstyr (other equipment),1,7,0.1429
SUZUKI,SX4 S-Cross,1,7,Annet utstyr (other equipment),1,80,0.0125
CITROËN,C3 PICASSO,1,7,Annet utstyr (other equipment),0,11,0.0
NISSAN,QASHQAI,4,7,Annet utstyr (other equipment),548,9029,0.0607
MERCEDES-BENZ,E-Klasse,1,7,Annet utstyr (other equipment),26,4198,0.0062
TOYOTA,YARIS,1,7,Annet utstyr (other equipment),57,16882,0.0034
HYUNDAI,I 10,3,7,Annet utstyr (other equipment),27,1046,0.0258
FORD,FOCUS,1,7,Annet utstyr (other equipment),23,6110,0.0038
SKODA,OCTAVIA COMBI,4,7,Annet utstyr (other equipment),1210,12917,0.0937
VOLVO,XC60,1,7,Annet utstyr (other equipment),27,16959,0.0016
MAZDA,Mazda CX-30,1,7,Annet utstyr (other equipment),10,2458,0.0041
TOYOTA,AVENSIS STW,4,7,Annet utstyr (other equipment),771,20526,0.0376
PEUGEOT,3008,2,7,Annet utstyr (other equipment),48,3468,0.0138
SUZUKI,SWIFT,1,7,Annet utstyr (other equipment),19,4184,0.0045
SUZUKI,SX4,3,7,Annet utstyr (other equipment),178,6632,0.0268
VOLVO,V40,1,7,Annet utstyr (other equipment),8,3389,0.0024
OPEL,CORSA,3,7,Annet utstyr (other equipment),31,2051,0.0151
OPEL,INSIGNIA,4,7,Annet utstyr (other equipment),221,4475,0.0494
MERCEDES-BENZ,CLA,3,7,Annet utstyr (other equipment),43,2171,0.0198
MERCEDES-BENZ,GLC,1,7,Annet utstyr (other equipment),19,6276,0.003
TOYOTA,AURIS,4,7,Annet utstyr (other equipment),684,14992,0.0456
HYUNDAI,KONA,1,7,Annet utstyr (other equipment),0,232,0.0
HYUNDAI,I20,4,7,Annet utstyr (other equipment),211,3876,0.0544
MAZDA,CX-5,1,7,Annet utstyr (other equipment),25,6042,0.0041
MAZDA,MAZDA6,2,7,Annet utstyr (other equipment),6,2276,0.0026
OPEL,ZAFIRA,3,7,Annet utstyr (other equipment),25,1038,0.0241
BMW,3-Serie,2,7,Annet utstyr (other equipment),106,3950,0.0268
NISSAN,MICRA,4,7,Annet utstyr (other equipment),27,662,0.0408
SUZUKI,IGNIS,2,7,Annet utstyr (other equipment),4,813,0.0049
HONDA,CIVIC,1,7,Annet utstyr (other equipment),4,573,0.007
HYUNDAI,IX20,4,7,Annet utstyr (other equipment),18,920,0.0196
AUDI,Q2,1,7,Annet utstyr (other equipment),44,1587,0.0277
HYUNDAI,Tucson,2,7,Annet utstyr (other equipment),19,2353,0.0081
KIA,XCeed,1,7,Annet utstyr (other equipment),0,264,0.0
MITSUBISHI,SPACE STAR,2,7,Annet utstyr (other equipment),15,910,0.0165
RENAULT,CLIO,4,7,Annet utstyr (other equipment),45,517,0.087
AUDI,A5 SPORTBACK,1,7,Annet utstyr (other equipment),0,233,0.0
RENAULT,Ny Clio,1,7,Annet utstyr (other equipment),5,563,0.0089
CITROËN,C 1,2,7,Annet utstyr (other equipment),2,428,0.0047
NISSAN,X-TRAIL,1,7,Annet utstyr (other equipment),3,677,0.0044
AUDI,A3 CABRIOLET,3,7,Annet utstyr (other equipment),1,103,0.0097
SEAT,LEON,3,7,Annet utstyr (other equipment),1,2,0.5
SEAT,IBIZA,4,7,Annet utstyr (other equipment),1,7,0.1429
VOLKSWAGEN,PASSAT,1,7,Annet utstyr (other equipment),70,11253,0.0062
FORD,MONDEO,1,7,Annet utstyr (other equipment),10,1541,0.0065
CITROËN,C4,1,7,Annet utstyr (other equipment),24,2520,0.0095
FORD,FIESTA,1,7,Annet utstyr (other equipment),31,3219,0.0096
RENAULT,MEGANE,4,7,Annet utstyr (other equipment),97,1622,0.0598
FORD,Focus,1,7,Annet utstyr (other equipment),23,6110,0.0038
SEAT,Ibiza GP2,1,7,Annet utstyr (other equipment),2,162,0.0123
MITSUBISHI,SPACE STAR,3,7,Annet utstyr (other equipment),55,2090,0.0263
BMW,X1,1,7,Annet utstyr (other equipment),19,7080,0.0027
BMW,3-Serie,3,7,Annet utstyr (other equipment),285,8958,0.0318
MERCEDES-BENZ,CLA,2,7,Annet utstyr (other equipment),45,2377,0.0189
NISSAN,JUKE,4,7,Annet utstyr (other equipment),33,753,0.0438
HYUNDAI,Tucson,3,7,Annet utstyr (other equipment),18,2331,0.0077
VOLVO,V60,4,7,Annet utstyr (other equipment),99,3752,0.0264
RENAULT,Captur,1,7,Annet utstyr (other equipment),12,1550,0.0077
MAZDA,MAZDA6,3,7,Annet utstyr (other equipment),34,3352,0.0101
HYUNDAI,i10 AC3,4,7,Annet utstyr (other equipment),43,982,0.0438
CITROËN,C3 PICASSO,4,7,Annet utstyr (other equipment),29,833,0.0348
SUZUKI,SX4,2,7,Annet utstyr (other equipment),56,2476,0.0226
PEUGEOT,3008,3,7,Annet utstyr (other equipment),113,3530,0.032
OPEL,CORSA,2,7,Annet utstyr (other equipment),18,1681,0.0107
FORD,PUMA,1,7,Annet utstyr (other equipment),1,614,0.0016
CITROËN,C 1,3,7,Annet utstyr (other equipment),15,880,0.017
HYUNDAI,I 10,2,7,Annet utstyr (other equipment),5,411,0.0122
VOLKSWAGEN,CADDY,1,7,Annet utstyr (other equipment),51,865,0.059
CITROËN,C3 Aircross,1,7,Annet utstyr (other equipment),2,782,0.0026
SKODA,KAROQ,2,7,Annet utstyr (other equipment),0,173,0.0
CITROËN,C1,4,7,Annet utstyr (other equipment),50,1119,0.0447
OPEL,ZAFIRA,2,7,Annet utstyr (other equipment),3,235,0.0128
SKODA,CITIGO,4,7,Annet utstyr (other equipment),3,64,0.0469
AUDI,A3 CABRIOLET,2,7,Annet utstyr (other equipment),0,39,0.0
OPEL,ASTRA SPORTS TOURER,1,7,Annet utstyr (other equipment),1,128,0.0078
SEAT,LEON,2,7,Annet utstyr (other equipment),0,5,0.0
SKODA,RAPID,3,7,Annet utstyr (other equipment),10,1667,0.006
NISSAN,QASHQAI,2,7,Annet utstyr (other equipment),64,7503,0.0085
RENAULT,MEGANE,3,7,Annet utstyr (other equipment),41,1261,0.0325
SUZUKI,SX4 S-Cross,3,7,Annet utstyr (other equipment),154,4208,0.0366
SUZUKI,IGNIS,4,7,Annet utstyr (other equipment),26,390,0.0667
CITROËN,C3,1,7,Annet utstyr (other equipment),6,2416,0.0025
VOLVO,V60,3,7,Annet utstyr (other equipment),204,13953,0.0146
SKODA,RAPID SPACEBACK,2,7,Annet utstyr (other equipment),11,1389,0.0079
TOYOTA,AVENSIS STW,2,7,Annet utstyr (other equipment),15,3935,0.0038
SKODA,OCTAVIA COMBI,2,7,Annet utstyr (other equipment),88,13702,0.0064
KIA,Niro,2,7,Annet utstyr (other equipment),11,2639,0.0042
TOYOTA,AURIS,2,7,Annet utstyr (other equipment),72,15458,0.0047
SKODA,CITIGO,3,7,Annet utstyr (other equipment),78,1480,0.0527
OPEL,INSIGNIA,2,7,Annet utstyr (other equipment),10,1507,0.0066
BMW,3-Serie,4,7,Annet utstyr (other equipment),571,10635,0.0537
VOLVO,V90,2,7,Annet utstyr (other equipment),18,4670,0.0039
NISSAN,JUKE,3,7,Annet utstyr (other equipment),93,1806,0.0515
PEUGEOT,3008,4,7,Annet utstyr (other equipment),244,4758,0.0513
NISSAN,Qashqai J11A,1,7,Annet utstyr (other equipment),16,4798,0.0033
HONDA,JAZZ,1,7,Annet utstyr (other equipment),7,801,0.0087
MAZDA,MAZDA6,4,7,Annet utstyr (other equipment),255,4254,0.0599
HYUNDAI,i10 AC3,3,7,Annet utstyr (other equipment),27,1046,0.0258
HYUNDAI,I20,2,7,Annet utstyr (other equipment),26,2116,0.0123
CITROËN,C1,3,7,Annet utstyr (other equipment),15,880,0.017
OPEL,ASTRA,1,7,Annet utstyr (other equipment),6,1077,0.0056
SKODA,FABIA COMBI,1,7,Annet utstyr (other equipment),20,2246,0.0089
BMW,1-Serie,1,7,Annet utstyr (other equipment),1,314,0.0032
PEUGEOT,308,1,7,Annet utstyr (other equipment),5,1141,0.0044
HYUNDAI,Tucson,4,7,Annet utstyr (other equipment),20,317,0.0631
CITROËN,C3 PICASSO,3,7,Annet utstyr (other equipment),9,382,0.0236
NISSAN,MICRA,2,7,Annet utstyr (other equipment),3,274,0.0109
CITROËN,C 1,4,7,Annet utstyr (other equipment),50,1119,0.0447
RENAULT,CLIO,2,7,Annet utstyr (other equipment),9,641,0.014
RENAULT,Kadjar,1,7,Annet utstyr (other equipment),3,356,0.0084
RENAULT,MEGANE SPORT TOURER,1,7,Annet utstyr (other equipment),0,294,0.0
KIA,PICANTO,1,7,Annet utstyr (other equipment),6,563,0.0107
AUDI,A3 Limousine,2,7,Annet utstyr (other equipment),1,290,0.0034
FIAT,500,1,7,Annet utstyr (other equipment),2,212,0.0094
HYUNDAI,IX20,2,7,Annet utstyr (other equipment),3,230,0.013
NISSAN,NOTE,1,7,Annet utstyr (other equipment),0,25,0.0
SEAT,IBIZA,2,7,Annet utstyr (other equipment),0,1,0.0
MERCEDES-BENZ,E-Klasse,4,7,Annet utstyr (other equipment),462,11198,0.0413
TOYOTA,YARIS,4,7,Annet utstyr (other equipment),767,12845,0.0597
SUZUKI,SX4 COMBIBACK,3,7,Annet utstyr (other equipment),178,6632,0.0268
SEAT,IBIZA,1,7,Annet utstyr (other equipment),2,162,0.0123
NISSAN,QASHQAI,1,7,Annet utstyr (other equipment),16,4798,0.0033
FORD,FOCUS,4,7,Annet utstyr (other equipment),474,12012,0.0395
MITSUBISHI,OUTLANDER,3,7,Annet utstyr (other equipment),323,16791,0.0192
MERCEDES-BENZ,C,3,7,Annet utstyr (other equipment),184,6797,0.0271
SKODA,OCTAVIA COMBI,1,7,Annet utstyr (other equipment),38,14749,0.0026
VOLKSWAGEN,TIGUAN,3,7,Annet utstyr (other equipment),324,13669,0.0237
TOYOTA,AURIS,1,7,Annet utstyr (other equipment),11,6033,0.0018
VOLVO,V90,1,7,Annet utstyr (other equipment),37,10928,0.0034
OPEL,ASTRA,2,7,Annet utstyr (other equipment),6,1977,0.003
SUZUKI,SWIFT,4,7,Annet utstyr (other equipment),116,4271,0.0272
HYUNDAI,I20,1,7,Annet utstyr (other equipment),7,1113,0.0063
TOYOTA,VERSO,3,7,Annet utstyr (other equipment),199,3553,0.056
BMW,5-Serie,3,7,Annet utstyr (other equipment),129,8687,0.0148
CHEVROLET,SPARK,4,7,Annet utstyr (other equipment),1,21,0.0476
SUZUKI,VITARA,3,7,Annet utstyr (other equipment),11,1056,0.0104
NISSAN,X-TRAIL,4,7,Annet utstyr (other equipment),239,3637,0.0657
KIA,Niro,1,7,Annet utstyr (other equipment),13,5432,0.0024
VOLVO,XC60,4,7,Annet utstyr (other equipment),280,9334,0.03
FIAT,500,2,7,Annet utstyr (other equipment),9,384,0.0234
NISSAN,Qashqai J11A,2,7,Annet utstyr (other equipment),64,7503,0.0085
BMW,X3,3,7,Annet utstyr (other equipment),140,9399,0.0149
PEUGEOT,308,2,7,Annet utstyr (other equipment),46,4530,0.0102
HYUNDAI,i30 Stc.,4,7,Annet utstyr (other equipment),81,3800,0.0213
CITROËN,C3,2,7,Annet utstyr (other equipment),6,1100,0.0055
HONDA,JAZZ,2,7,Annet utstyr (other equipment),5,727,0.0069
RENAULT,MEGANE SPORT TOURER,2,7,Annet utstyr (other equipment),3,326,0.0092
HONDA,CIVIC,4,7,Annet utstyr (other equipment),96,2980,0.0322
MERCEDES-BENZ,B-Klasse,3,7,Annet utstyr (other equipment),79,4025,0.0196
BMW,1-Serie,2,7,Annet utstyr (other equipment),13,1319,0.0099
DACIA,Duster,3,7,Annet utstyr (other equipment),56,489,0.1145
SKODA,FABIA COMBI,2,7,Annet utstyr (other equipment),47,3224,0.0146
MAZDA,CX-3,3,7,Annet utstyr (other equipment),60,1002,0.0599
OPEL,INSIGNIA,1,7,Annet utstyr (other equipment),6,1365,0.0044
VOLVO,V40,4,7,Annet utstyr (other equipment),8,243,0.0329
RENAULT,Kadjar,2,7,Annet utstyr (other equipment),13,688,0.0189
KIA,PICANTO,2,7,Annet utstyr (other equipment),16,1280,0.0125
RENAULT,Ny Clio,4,7,Annet utstyr (other equipment),45,517,0.087
SKODA,SCALA,1,7,Annet utstyr (other equipment),3,339,0.0088
NISSAN,MICRA,1,7,Annet utstyr (other equipment),2,296,0.0068
RENAULT,CLIO,1,7,Annet utstyr (other equipment),5,563,0.0089
AUDI,A3 Limousine,1,7,Annet utstyr (other equipment),0,109,0.0
AUDI,A5 SPORTBACK,4,7,Annet utstyr (other equipment),3,69,0.0435
MAZDA,CX-5,4,7,Annet utstyr (other equipment),1,302,0.0033
NISSAN,NOTE,2,7,Annet utstyr (other equipment),6,358,0.0168
FIAT,Punto S7,3,7,Annet utstyr (other equipment),8,91,0.0879
SKODA,RAPID SPACEBACK,1,7,Annet utstyr (other equipment),2,482,0.0041
TOYOTA,AVENSIS STW,1,7,Annet utstyr (other equipment),2,538,0.0037
PEUGEOT,207,3,7,Annet utstyr (other equipment),15,610,0.0246
TOYOTA,Yaris Cross,1,7,Annet utstyr (other equipment),0,261,0.0
HYUNDAI,I30,3,7,Annet utstyr (other equipment),3,164,0.0183
VOLKSWAGEN,PASSAT,3,7,Annet utstyr (other equipment),1001,16654,0.0601
FORD,FIESTA,3,7,Annet utstyr (other equipment),141,8583,0.0164
TOYOTA,YARIS,2,7,Annet utstyr (other equipment),80,15223,0.0053
FORD,MONDEO,3,7,Annet utstyr (other equipment),309,9588,0.0322
MERCEDES-BENZ,E-Klasse,2,7,Annet utstyr (other equipment),56,3761,0.0149
CITROËN,C4,3,7,Annet utstyr (other equipment),214,5303,0.0404
CITROËN,C3,4,7,Annet utstyr (other equipment),66,1932,0.0342
OPEL,ASTRA,4,7,Annet utstyr (other equipment),206,5454,0.0378
FORD,Focus,3,7,Annet utstyr (other equipment),558,15257,0.0366
FORD,FOCUS,2,7,Annet utstyr (other equipment),47,5076,0.0093
NISSAN,Qashqai J11A,4,7,Annet utstyr (other equipment),548,9029,0.0607
VOLVO,XC60,2,7,Annet utstyr (other equipment),30,9732,0.0031
BMW,X1,3,7,Annet utstyr (other equipment),42,5709,0.0074
MERCEDES-BENZ,GLC,2,7,Annet utstyr (other equipment),27,5064,0.0053
PEUGEOT,3008,1,7,Annet utstyr (other equipment),55,7489,0.0073
HONDA,JAZZ,4,7,Annet utstyr (other equipment),54,2120,0.0255
BMW,1-Serie,4,7,Annet utstyr (other equipment),253,6307,0.0401
MAZDA,CX-5,2,7,Annet utstyr (other equipment),35,8955,0.0039
PEUGEOT,308,4,7,Annet utstyr (other equipment),232,4655,0.0498
SKODA,FABIA COMBI,4,7,Annet utstyr (other equipment),190,4252,0.0447
FIAT,500,4,7,Annet utstyr (other equipment),72,2705,0.0266
VOLVO,V40,2,7,Annet utstyr (other equipment),43,6391,0.0067
HONDA,CIVIC,2,7,Annet utstyr (other equipment),10,1171,0.0085
PEUGEOT,107,3,7,Annet utstyr (other equipment),14,862,0.0162
BMW,3-Serie,1,7,Annet utstyr (other equipment),53,4744,0.0112
SUZUKI,SWIFT,2,7,Annet utstyr (other equipment),16,2129,0.0075
SUZUKI,IGNIS,1,7,Annet utstyr (other equipment),7,1716,0.0041
RENAULT,MEGANE SPORT TOURER,4,7,Annet utstyr (other equipment),97,1622,0.0598
OPEL,ASTRA SPORTS TOURER,3,7,Annet utstyr (other equipment),28,2062,0.0136
NISSAN,X-TRAIL,2,7,Annet utstyr (other equipment),22,2651,0.0083
HYUNDAI,Tucson,1,7,Annet utstyr (other equipment),4,2203,0.0018
RENAULT,Captur,3,7,Annet utstyr (other equipment),15,929,0.0161
AUDI,A5 SPORTBACK,2,7,Annet utstyr (other equipment),2,267,0.0075
VOLKSWAGEN,CADDY,3,7,Annet utstyr (other equipment),57,1122,0.0508
AUDI,Q2,2,7,Annet utstyr (other equipment),37,722,0.0512
MAZDA,MAZDA6,1,7,Annet utstyr (other equipment),1,1078,0.0009
NISSAN,NOTE,4,7,Annet utstyr (other equipment),51,1197,0.0426
MITSUBISHI,SPACE STAR,1,7,Annet utstyr (other equipment),1,320,0.0031
KIA,PICANTO,4,7,Annet utstyr (other equipment),39,652,0.0598
RENAULT,Ny Clio,2,7,Annet utstyr (other equipment),9,641,0.014
HYUNDAI,KONA,2,7,Annet utstyr (other equipment),0,42,0.0
CITROËN,C 1,1,7,Annet utstyr (other equipment),0,58,0.0
CHEVROLET,SPARK,2,7,Annet utstyr (other equipment),1,10,0.1
NISSAN,QASHQAI,3,7,Annet utstyr (other equipment),308,10874,0.0283
SUZUKI,SX4 COMBIBACK,1,7,Annet utstyr (other equipment),3,2054,0.0015
BMW,5-Serie,1,7,Annet utstyr (other equipment),26,4543,0.0057
TOYOTA,AVENSIS STW,3,7,Annet utstyr (other equipment),187,12867,0.0145
SKODA,OCTAVIA COMBI,3,7,Annet utstyr (other equipment),617,19319,0.0319
MITSUBISHI,OUTLANDER,1,7,Annet utstyr (other equipment),153,27166,0.0056
HYUNDAI,IX20,3,7,Annet utstyr (other equipment),19,1937,0.0098
DACIA,Duster,1,7,Annet utstyr (other equipment),11,767,0.0143
SUZUKI,VITARA,1,7,Annet utstyr (other equipment),8,3773,0.0021
VOLKSWAGEN,TIGUAN,1,7,Annet utstyr (other equipment),36,8054,0.0045
OPEL,CORSA,4,7,Annet utstyr (other equipment),128,3017,0.0424
RENAULT,CLIO,3,7,Annet utstyr (other equipment),30,1622,0.0185
VOLKSWAGEN,T-Roc,1,7,Annet utstyr (other equipment),34,7258,0.0047
SKODA,RAPID SPACEBACK,3,7,Annet utstyr (other equipment),10,1667,0.006
TOYOTA,Toyota C-HR,1,7,Annet utstyr (other equipment),21,14399,0.0015
BMW,X3,1,7,Annet utstyr (other equipment),11,2884,0.0038
TOYOTA,AURIS,3,7,Annet utstyr (other equipment),313,23427,0.0134
SKODA,KODIAQ,2,7,Annet utstyr (other equipment),13,2105,0.0062
SUZUKI,SX4,4,7,Annet utstyr (other equipment),101,4809,0.021
MAZDA,CX-3,1,7,Annet utstyr (other equipment),28,2711,0.0103
HYUNDAI,I20,3,7,Annet utstyr (other equipment),150,4313,0.0348
VOLVO,V60,2,7,Annet utstyr (other equipment),31,6546,0.0047
SKODA,CITIGO,2,7,Annet utstyr (other equipment),3,474,0.0063
SKODA,RAPID,2,7,Annet utstyr (other equipment),11,1389,0.0079
HYUNDAI,I 10,4,7,Annet utstyr (other equipment),43,982,0.0438
RENAULT,MEGANE,2,7,Annet utstyr (other equipment),3,326,0.0092
SUZUKI,SX4 S-Cross,2,7,Annet utstyr (other equipment),54,2348,0.023
OPEL,INSIGNIA,3,7,Annet utstyr (other equipment),80,3483,0.023
NISSAN,JUKE,2,7,Annet utstyr (other equipment),6,531,0.0113
OPEL,ZAFIRA,4,7,Annet utstyr (other equipment),118,1175,0.1004
MERCEDES-BENZ,B-Klasse,1,7,Annet utstyr (other equipment),14,856,0.0164
HYUNDAI,i10 AC3,2,7,Annet utstyr (other equipment),5,411,0.0122
AUDI,A3 Limousine,3,7,Annet utstyr (other equipment),9,391,0.023
MERCEDES-BENZ,C,1,7,Annet utstyr (other equipment),19,3637,0.0052
NISSAN,MICRA,3,7,Annet utstyr (other equipment),7,871,0.008
AUDI,A3 CABRIOLET,4,7,Annet utstyr (other equipment),11,166,0.0663
CITROËN,C1,2,7,Annet utstyr (other equipment),2,428,0.0047
CITROËN,C3 PICASSO,2,7,Annet utstyr (other equipment),0,46,0.0
SEAT,LEON,4,7,Annet utstyr (other equipment),0,7,0.0
TOYOTA,YARIS,3,7,Annet utstyr (other equipment),297,21128,0.0141
VOLKSWAGEN,PASSAT,2,7,Annet utstyr (other equipment),264,14320,0.0184
MERCEDES-BENZ,E-Klasse,3,7,Annet utstyr (other equipment),258,8181,0.0315
FORD,MONDEO,2,7,Annet utstyr (other equipment),48,5589,0.0086
SUZUKI,SX4 COMBIBACK,4,7,Annet utstyr (other equipment),101,4809,0.021
FORD,FIESTA,2,7,Annet utstyr (other equipment),60,4402,0.0136
RENAULT,Ny Clio,3,7,Annet utstyr (other equipment),30,1622,0.0185
HYUNDAI,I30,4,7,Annet utstyr (other equipment),81,3800,0.0213
FORD,Focus,2,7,Annet utstyr (other equipment),47,5076,0.0093
FORD,FOCUS,3,7,Annet utstyr (other equipment),558,15257,0.0366
MITSUBISHI,OUTLANDER,4,7,Annet utstyr (other equipment),392,10148,0.0386
TOYOTA,VERSO,4,7,Annet utstyr (other equipment),179,2396,0.0747
MERCEDES-BENZ,C,4,7,Annet utstyr (other equipment),425,7755,0.0548
VOLKSWAGEN,TIGUAN,4,7,Annet utstyr (other equipment),328,11058,0.0297
SKODA,KAROQ,1,7,Annet utstyr (other equipment),7,2413,0.0029
VOLVO,XC60,3,7,Annet utstyr (other equipment),144,13968,0.0103
PEUGEOT,207,4,7,Annet utstyr (other equipment),207,5486,0.0377
NISSAN,X-TRAIL,3,7,Annet utstyr (other equipment),56,2381,0.0235
SUZUKI,SX4,1,7,Annet utstyr (other equipment),3,2054,0.0015
BMW,X1,2,7,Annet utstyr (other equipment),22,3404,0.0065
VOLVO,V40,3,7,Annet utstyr (other equipment),205,13394,0.0153
RENAULT,Captur,2,7,Annet utstyr (other equipment),9,1187,0.0076
BMW,X3,4,7,Annet utstyr (other equipment),364,5417,0.0672
BMW,5-Serie,4,7,Annet utstyr (other equipment),379,10877,0.0348
MAZDA,CX-5,3,7,Annet utstyr (other equipment),60,14518,0.0041
SUZUKI,SWIFT,3,7,Annet utstyr (other equipment),74,4814,0.0154
MERCEDES-BENZ,B-Klasse,4,7,Annet utstyr (other equipment),355,4180,0.0849
HONDA,CIVIC,3,7,Annet utstyr (other equipment),58,2369,0.0245
CITROËN,C4,2,7,Annet utstyr (other equipment),97,3636,0.0267
VOLKSWAGEN,CADDY,2,7,Annet utstyr (other equipment),47,818,0.0575
AUDI,A5 SPORTBACK,3,7,Annet utstyr (other equipment),15,880,0.017
FIAT,Punto S7,4,7,Annet utstyr (other equipment),30,347,0.0865
MERCEDES-BENZ,CLA,1,7,Annet utstyr (other equipment),10,1365,0.0073
OPEL,ASTRA SPORTS TOURER,2,7,Annet utstyr (other equipment),0,374,0.0
CHEVROLET,SPARK,3,7,Annet utstyr (other equipment),15,308,0.0487
MERCEDES-BENZ,GLC,3,7,Annet utstyr (other equipment),1,311,0.0032
SEAT,LEON,1,7,Annet utstyr (other equipment),0,71,0.0
OPEL,CORSA,1,7,Annet utstyr (other equipment),0,389,0.0
CITROËN,C3 Aircross,2,7,Annet utstyr (other equipment),0,91,0.0
HYUNDAI,I 10,1,7,Annet utstyr (other equipment),2,161,0.0124
AUDI,A3 CABRIOLET,1,7,Annet utstyr (other equipment),0,7,0.0
DACIA,Duster,4,7,Annet utstyr (other equipment),4,8,0.5
OPEL,ZAFIRA,1,7,Annet utstyr (other equipment),0,47,0.0
HYUNDAI,i30 Stc.,3,7,Annet utstyr (other equipment),3,164,0.0183
PEUGEOT,107,2,7,Annet utstyr (other equipment),0,7,0.0
SEAT,Ibiza GP2,2,7,Annet utstyr (other equipment),0,1,0.0
OPEL,Mokka,3,8,"Skadevirkninger (noise, exhaust/emissions nuisance)",314,4582,0.0685
KIA,CEED SW,3,8,"Skadevirkninger (noise, exhaust/emissions nuisance)",69,3585,0.0192
MERCEDES-BENZ,E,3,8,"Skadevirkninger (noise, exhaust/emissions nuisance)",606,8181,0.0741
VOLKSWAGEN,POLO,4,8,"Skadevirkninger (noise, exhaust/emissions nuisance)",1439,11528,0.1248
AUDI,A3,3,8,"Skadevirkninger (noise, exhaust/emissions nuisance)",382,11732,0.0326
SKODA,SUPERB COMBI,2,8,"Skadevirkninger (noise, exhaust/emissions nuisance)",180,5609,0.0321
FORD,FIESTA 5 DØRS,4,8,"Skadevirkninger (noise, exhaust/emissions nuisance)",541,7906,0.0684
PEUGEOT,5008,1,8,"Skadevirkninger (noise, exhaust/emissions nuisance)",89,4893,0.0182
AUDI,A4 AVANT,3,8,"Skadevirkninger (noise, exhaust/emissions nuisance)",118,2969,0.0397
AUDI,Q3,2,8,"Skadevirkninger (noise, exhaust/emissions nuisance)",11,1293,0.0085
VOLVO,XC90,4,8,"Skadevirkninger (noise, exhaust/emissions nuisance)",86,1825,0.0471
MAZDA,2,4,8,"Skadevirkninger (noise, exhaust/emissions nuisance)",153,2075,0.0737
PEUGEOT,2008,2,8,"Skadevirkninger (noise, exhaust/emissions nuisance)",59,3179,0.0186
MERCEDES-BENZ,A-Klasse,1,8,"Skadevirkninger (noise, exhaust/emissions nuisance)",24,2726,0.0088
AUDI,A1 SPORTBACK,1,8,"Skadevirkninger (noise, exhaust/emissions nuisance)",7,902,0.0078
BMW,X5,2,8,"Skadevirkninger (noise, exhaust/emissions nuisance)",70,3601,0.0194
TOYOTA,RAV4,4,8,"Skadevirkninger (noise, exhaust/emissions nuisance)",902,10666,0.0846
MAZDA,MAZDA3,4,8,"Skadevirkninger (noise, exhaust/emissions nuisance)",570,3328,0.1713
SKODA,FABIA,3,8,"Skadevirkninger (noise, exhaust/emissions nuisance)",218,3929,0.0555
SKODA,SUPERB,3,8,"Skadevirkninger (noise, exhaust/emissions nuisance)",308,6121,0.0503
FORD,NY Focus,1,8,"Skadevirkninger (noise, exhaust/emissions nuisance)",80,6110,0.0131
TOYOTA,AYGO,4,8,"Skadevirkninger (noise, exhaust/emissions nuisance)",217,3007,0.0722
KIA,SPORTAGE,1,8,"Skadevirkninger (noise, exhaust/emissions nuisance)",21,1259,0.0167
VOLKSWAGEN,Golf Sportsvan,3,8,"Skadevirkninger (noise, exhaust/emissions nuisance)",24,1676,0.0143
PEUGEOT,208,2,8,"Skadevirkninger (noise, exhaust/emissions nuisance)",51,2180,0.0234
MAZDA,MAZDA2,2,8,"Skadevirkninger (noise, exhaust/emissions nuisance)",3,1120,0.0027
MERCEDES-BENZ,C-Klasse,1,8,"Skadevirkninger (noise, exhaust/emissions nuisance)",57,3637,0.0157
HYUNDAI,I10,4,8,"Skadevirkninger (noise, exhaust/emissions nuisance)",87,982,0.0886
TOYOTA,AYGO 3/5-DØRS,1,8,"Skadevirkninger (noise, exhaust/emissions nuisance)",2,689,0.0029
VOLKSWAGEN,UP!,4,8,"Skadevirkninger (noise, exhaust/emissions nuisance)",8,234,0.0342
AUDI,Q5,1,8,"Skadevirkninger (noise, exhaust/emissions nuisance)",23,1438,0.016
OPEL,MERIVA,3,8,"Skadevirkninger (noise, exhaust/emissions nuisance)",69,854,0.0808
CITROËN,BERLINGO,3,8,"Skadevirkninger (noise, exhaust/emissions nuisance)",30,704,0.0426
OPEL,Crossland X,2,8,"Skadevirkninger (noise, exhaust/emissions nuisance)",3,177,0.0169
FORD,C-MAX,1,8,"Skadevirkninger (noise, exhaust/emissions nuisance)",3,235,0.0128
SUZUKI,ALTO,3,8,"Skadevirkninger (noise, exhaust/emissions nuisance)",9,285,0.0316
OPEL,Grandland X,2,8,"Skadevirkninger (noise, exhaust/emissions nuisance)",0,125,0.0
CITROËN,C4 PICASSO,1,8,"Skadevirkninger (noise, exhaust/emissions nuisance)",14,823,0.017
VOLVO,V50,3,8,"Skadevirkninger (noise, exhaust/emissions nuisance)",139,3281,0.0424
BMW,4-serie,1,8,"Skadevirkninger (noise, exhaust/emissions nuisance)",1,85,0.0118
TOYOTA,AVENSIS,1,8,"Skadevirkninger (noise, exhaust/emissions nuisance)",1,538,0.0019
CITROËN,DS3,2,8,"Skadevirkninger (noise, exhaust/emissions nuisance)",1,90,0.0111
FORD,B-MAX,4,8,"Skadevirkninger (noise, exhaust/emissions nuisance)",0,19,0.0
KIA,VENGA,1,8,"Skadevirkninger (noise, exhaust/emissions nuisance)",0,6,0.0
VOLVO,V60,3,8,"Skadevirkninger (noise, exhaust/emissions nuisance)",299,13953,0.0214
VOLVO,V90,2,8,"Skadevirkninger (noise, exhaust/emissions nuisance)",54,4670,0.0116
PEUGEOT,3008,4,8,"Skadevirkninger (noise, exhaust/emissions nuisance)",541,4758,0.1137
CITROËN,C 1,4,8,"Skadevirkninger (noise, exhaust/emissions nuisance)",109,1119,0.0974
SKODA,OCTAVIA COMBI,2,8,"Skadevirkninger (noise, exhaust/emissions nuisance)",287,13702,0.0209
SKODA,FABIA COMBI,1,8,"Skadevirkninger (noise, exhaust/emissions nuisance)",15,2246,0.0067
OPEL,INSIGNIA,2,8,"Skadevirkninger (noise, exhaust/emissions nuisance)",61,1507,0.0405
TOYOTA,AURIS,2,8,"Skadevirkninger (noise, exhaust/emissions nuisance)",30,15458,0.0019
BMW,3-Serie,4,8,"Skadevirkninger (noise, exhaust/emissions nuisance)",1553,10635,0.146
KIA,Niro,2,8,"Skadevirkninger (noise, exhaust/emissions nuisance)",33,2639,0.0125
RENAULT,CLIO,2,8,"Skadevirkninger (noise, exhaust/emissions nuisance)",6,641,0.0094
KIA,PICANTO,1,8,"Skadevirkninger (noise, exhaust/emissions nuisance)",7,563,0.0124
SKODA,CITIGO,3,8,"Skadevirkninger (noise, exhaust/emissions nuisance)",36,1480,0.0243
NISSAN,Qashqai J11A,1,8,"Skadevirkninger (noise, exhaust/emissions nuisance)",39,4798,0.0081
SKODA,RAPID SPACEBACK,2,8,"Skadevirkninger (noise, exhaust/emissions nuisance)",30,1389,0.0216
NISSAN,QASHQAI,2,8,"Skadevirkninger (noise, exhaust/emissions nuisance)",162,7503,0.0216
SKODA,RAPID,3,8,"Skadevirkninger (noise, exhaust/emissions nuisance)",42,1667,0.0252
CITROËN,C3,1,8,"Skadevirkninger (noise, exhaust/emissions nuisance)",21,2416,0.0087
SUZUKI,SX4 S-Cross,3,8,"Skadevirkninger (noise, exhaust/emissions nuisance)",12,4208,0.0029
TOYOTA,AVENSIS STW,2,8,"Skadevirkninger (noise, exhaust/emissions nuisance)",26,3935,0.0066
HYUNDAI,i10 AC3,3,8,"Skadevirkninger (noise, exhaust/emissions nuisance)",69,1046,0.066
RENAULT,MEGANE SPORT TOURER,1,8,"Skadevirkninger (noise, exhaust/emissions nuisance)",5,294,0.017
CITROËN,C3 PICASSO,3,8,"Skadevirkninger (noise, exhaust/emissions nuisance)",10,382,0.0262
MAZDA,MAZDA6,4,8,"Skadevirkninger (noise, exhaust/emissions nuisance)",639,4254,0.1502
NISSAN,JUKE,3,8,"Skadevirkninger (noise, exhaust/emissions nuisance)",93,1806,0.0515
RENAULT,Kadjar,1,8,"Skadevirkninger (noise, exhaust/emissions nuisance)",4,356,0.0112
HYUNDAI,I20,2,8,"Skadevirkninger (noise, exhaust/emissions nuisance)",47,2116,0.0222
OPEL,ASTRA,1,8,"Skadevirkninger (noise, exhaust/emissions nuisance)",14,1077,0.013
HONDA,JAZZ,1,8,"Skadevirkninger (noise, exhaust/emissions nuisance)",0,801,0.0
SUZUKI,IGNIS,4,8,"Skadevirkninger (noise, exhaust/emissions nuisance)",25,390,0.0641
AUDI,A3 Limousine,2,8,"Skadevirkninger (noise, exhaust/emissions nuisance)",9,290,0.031
CITROËN,C1,3,8,"Skadevirkninger (noise, exhaust/emissions nuisance)",34,880,0.0386
NISSAN,MICRA,2,8,"Skadevirkninger (noise, exhaust/emissions nuisance)",4,274,0.0146
RENAULT,MEGANE,3,8,"Skadevirkninger (noise, exhaust/emissions nuisance)",77,1261,0.0611
HYUNDAI,Tucson,4,8,"Skadevirkninger (noise, exhaust/emissions nuisance)",48,317,0.1514
PEUGEOT,308,1,8,"Skadevirkninger (noise, exhaust/emissions nuisance)",10,1141,0.0088
FIAT,500,1,8,"Skadevirkninger (noise, exhaust/emissions nuisance)",6,212,0.0283
HYUNDAI,IX20,2,8,"Skadevirkninger (noise, exhaust/emissions nuisance)",1,230,0.0043
BMW,1-Serie,1,8,"Skadevirkninger (noise, exhaust/emissions nuisance)",7,314,0.0223
NISSAN,NOTE,1,8,"Skadevirkninger (noise, exhaust/emissions nuisance)",0,25,0.0
SEAT,IBIZA,2,8,"Skadevirkninger (noise, exhaust/emissions nuisance)",0,1,0.0
VOLVO,V40,3,8,"Skadevirkninger (noise, exhaust/emissions nuisance)",193,13394,0.0144
VOLKSWAGEN,TIGUAN,4,8,"Skadevirkninger (noise, exhaust/emissions nuisance)",992,11058,0.0897
MITSUBISHI,OUTLANDER,4,8,"Skadevirkninger (noise, exhaust/emissions nuisance)",1836,10148,0.1809
VOLVO,XC60,3,8,"Skadevirkninger (noise, exhaust/emissions nuisance)",133,13968,0.0095
NISSAN,X-TRAIL,3,8,"Skadevirkninger (noise, exhaust/emissions nuisance)",64,2381,0.0269
MAZDA,CX-5,3,8,"Skadevirkninger (noise, exhaust/emissions nuisance)",318,14518,0.0219
BMW,X3,4,8,"Skadevirkninger (noise, exhaust/emissions nuisance)",408,5417,0.0753
MERCEDES-BENZ,C,4,8,"Skadevirkninger (noise, exhaust/emissions nuisance)",705,7755,0.0909
SKODA,KAROQ,1,8,"Skadevirkninger (noise, exhaust/emissions nuisance)",13,2413,0.0054
MERCEDES-BENZ,B-Klasse,4,8,"Skadevirkninger (noise, exhaust/emissions nuisance)",396,4180,0.0947
BMW,5-Serie,4,8,"Skadevirkninger (noise, exhaust/emissions nuisance)",1112,10877,0.1022
SUZUKI,SX4,1,8,"Skadevirkninger (noise, exhaust/emissions nuisance)",2,2054,0.001
BMW,X1,2,8,"Skadevirkninger (noise, exhaust/emissions nuisance)",57,3404,0.0167
RENAULT,Ny Clio,3,8,"Skadevirkninger (noise, exhaust/emissions nuisance)",52,1622,0.0321
TOYOTA,YARIS,3,8,"Skadevirkninger (noise, exhaust/emissions nuisance)",198,21128,0.0094
VOLKSWAGEN,PASSAT,2,8,"Skadevirkninger (noise, exhaust/emissions nuisance)",291,14320,0.0203
FORD,FIESTA,2,8,"Skadevirkninger (noise, exhaust/emissions nuisance)",88,4402,0.02
FORD,MONDEO,2,8,"Skadevirkninger (noise, exhaust/emissions nuisance)",61,5589,0.0109
MERCEDES-BENZ,E-Klasse,3,8,"Skadevirkninger (noise, exhaust/emissions nuisance)",606,8181,0.0741
SUZUKI,SX4 COMBIBACK,4,8,"Skadevirkninger (noise, exhaust/emissions nuisance)",408,4809,0.0848
CITROËN,C4,2,8,"Skadevirkninger (noise, exhaust/emissions nuisance)",147,3636,0.0404
HYUNDAI,I30,4,8,"Skadevirkninger (noise, exhaust/emissions nuisance)",262,3800,0.0689
FORD,Focus,2,8,"Skadevirkninger (noise, exhaust/emissions nuisance)",112,5076,0.0221
FORD,FOCUS,3,8,"Skadevirkninger (noise, exhaust/emissions nuisance)",601,15257,0.0394
TOYOTA,VERSO,4,8,"Skadevirkninger (noise, exhaust/emissions nuisance)",81,2396,0.0338
SUZUKI,SWIFT,3,8,"Skadevirkninger (noise, exhaust/emissions nuisance)",114,4814,0.0237
VOLKSWAGEN,CADDY,2,8,"Skadevirkninger (noise, exhaust/emissions nuisance)",44,818,0.0538
PEUGEOT,207,4,8,"Skadevirkninger (noise, exhaust/emissions nuisance)",727,5486,0.1325
HONDA,CIVIC,3,8,"Skadevirkninger (noise, exhaust/emissions nuisance)",29,2369,0.0122
MERCEDES-BENZ,GLC,3,8,"Skadevirkninger (noise, exhaust/emissions nuisance)",12,311,0.0386
AUDI,A5 SPORTBACK,3,8,"Skadevirkninger (noise, exhaust/emissions nuisance)",42,880,0.0477
RENAULT,Captur,2,8,"Skadevirkninger (noise, exhaust/emissions nuisance)",11,1187,0.0093
CHEVROLET,SPARK,3,8,"Skadevirkninger (noise, exhaust/emissions nuisance)",23,308,0.0747
OPEL,ASTRA SPORTS TOURER,2,8,"Skadevirkninger (noise, exhaust/emissions nuisance)",13,374,0.0348
MERCEDES-BENZ,CLA,1,8,"Skadevirkninger (noise, exhaust/emissions nuisance)",11,1365,0.0081
OPEL,CORSA,1,8,"Skadevirkninger (noise, exhaust/emissions nuisance)",3,389,0.0077
FIAT,Punto S7,4,8,"Skadevirkninger (noise, exhaust/emissions nuisance)",30,347,0.0865
CITROËN,C3 Aircross,2,8,"Skadevirkninger (noise, exhaust/emissions nuisance)",0,91,0.0
SEAT,LEON,1,8,"Skadevirkninger (noise, exhaust/emissions nuisance)",1,71,0.0141
DACIA,Duster,4,8,"Skadevirkninger (noise, exhaust/emissions nuisance)",0,8,0.0
HYUNDAI,I 10,1,8,"Skadevirkninger (noise, exhaust/emissions nuisance)",3,161,0.0186
OPEL,ZAFIRA,1,8,"Skadevirkninger (noise, exhaust/emissions nuisance)",0,47,0.0
HYUNDAI,i30 Stc.,3,8,"Skadevirkninger (noise, exhaust/emissions nuisance)",4,164,0.0244
PEUGEOT,107,2,8,"Skadevirkninger (noise, exhaust/emissions nuisance)",0,7,0.0
AUDI,A3 CABRIOLET,1,8,"Skadevirkninger (noise, exhaust/emissions nuisance)",0,7,0.0
SEAT,Ibiza GP2,2,8,"Skadevirkninger (noise, exhaust/emissions nuisance)",0,1,0.0
MERCEDES-BENZ,A-Klasse,3,8,"Skadevirkninger (noise, exhaust/emissions nuisance)",308,6182,0.0498
AUDI,A1 SPORTBACK,3,8,"Skadevirkninger (noise, exhaust/emissions nuisance)",102,3090,0.033
HYUNDAI,Ioniq,1,8,"Skadevirkninger (noise, exhaust/emissions nuisance)",20,1674,0.0119
VOLVO,XC40,1,8,"Skadevirkninger (noise, exhaust/emissions nuisance)",35,6206,0.0056
TOYOTA,YARIS 5-DØRS,2,8,"Skadevirkninger (noise, exhaust/emissions nuisance)",18,15223,0.0012
VOLKSWAGEN,TOURAN,2,8,"Skadevirkninger (noise, exhaust/emissions nuisance)",70,2051,0.0341
MITSUBISHI,ASX,4,8,"Skadevirkninger (noise, exhaust/emissions nuisance)",348,5149,0.0676
KIA,VENGA,3,8,"Skadevirkninger (noise, exhaust/emissions nuisance)",34,1099,0.0309
KIA,SPORTAGE,3,8,"Skadevirkninger (noise, exhaust/emissions nuisance)",199,7796,0.0255
AUDI,Q5,3,8,"Skadevirkninger (noise, exhaust/emissions nuisance)",292,5548,0.0526
MITSUBISHI,COLT,4,8,"Skadevirkninger (noise, exhaust/emissions nuisance)",262,3136,0.0835
CITROËN,C5 Aircross,1,8,"Skadevirkninger (noise, exhaust/emissions nuisance)",13,1527,0.0085
FORD,MONDEO STATIONCAR,2,8,"Skadevirkninger (noise, exhaust/emissions nuisance)",61,5589,0.0109
MAZDA,3,2,8,"Skadevirkninger (noise, exhaust/emissions nuisance)",12,2010,0.006
MERCEDES-BENZ,C-Klasse,3,8,"Skadevirkninger (noise, exhaust/emissions nuisance)",377,6797,0.0555
FORD,NY Focus,3,8,"Skadevirkninger (noise, exhaust/emissions nuisance)",601,15257,0.0394
AUDI,A3 Sportback,2,8,"Skadevirkninger (noise, exhaust/emissions nuisance)",123,8901,0.0138
TOYOTA,AVENSIS,3,8,"Skadevirkninger (noise, exhaust/emissions nuisance)",176,12867,0.0137
SKODA,SUPERB,1,8,"Skadevirkninger (noise, exhaust/emissions nuisance)",100,6713,0.0149
SKODA,FABIA,1,8,"Skadevirkninger (noise, exhaust/emissions nuisance)",15,2246,0.0067
TOYOTA,AYGO 3/5-DØRS,3,8,"Skadevirkninger (noise, exhaust/emissions nuisance)",58,2298,0.0252
CITROËN,C4 PICASSO,3,8,"Skadevirkninger (noise, exhaust/emissions nuisance)",105,1484,0.0708
MINI,COOPER,2,8,"Skadevirkninger (noise, exhaust/emissions nuisance)",25,1205,0.0207
AUDI,A4 AVANT,1,8,"Skadevirkninger (noise, exhaust/emissions nuisance)",22,1533,0.0144
OPEL,Mokka,1,8,"Skadevirkninger (noise, exhaust/emissions nuisance)",18,1060,0.017
PEUGEOT,508,4,8,"Skadevirkninger (noise, exhaust/emissions nuisance)",148,1566,0.0945
VOLKSWAGEN,T-Cross,1,8,"Skadevirkninger (noise, exhaust/emissions nuisance)",2,1210,0.0017
MERCEDES-BENZ,E,1,8,"Skadevirkninger (noise, exhaust/emissions nuisance)",130,4198,0.031
AUDI,A3,1,8,"Skadevirkninger (noise, exhaust/emissions nuisance)",32,4115,0.0078
MERCEDES-BENZ,GLA,2,8,"Skadevirkninger (noise, exhaust/emissions nuisance)",31,1805,0.0172
PEUGEOT,5008,3,8,"Skadevirkninger (noise, exhaust/emissions nuisance)",183,1911,0.0958
FORD,C-MAX,3,8,"Skadevirkninger (noise, exhaust/emissions nuisance)",47,1829,0.0257
BMW,4-serie,3,8,"Skadevirkninger (noise, exhaust/emissions nuisance)",24,422,0.0569
KIA,CEED SW,1,8,"Skadevirkninger (noise, exhaust/emissions nuisance)",11,984,0.0112
CITROËN,BERLINGO,1,8,"Skadevirkninger (noise, exhaust/emissions nuisance)",8,389,0.0206
TOYOTA,AYGO 5-DØRS,2,8,"Skadevirkninger (noise, exhaust/emissions nuisance)",6,608,0.0099
FORD,GALAXY,2,8,"Skadevirkninger (noise, exhaust/emissions nuisance)",11,493,0.0223
VOLVO,V70,2,8,"Skadevirkninger (noise, exhaust/emissions nuisance)",54,2502,0.0216
KIA,Stonic,2,8,"Skadevirkninger (noise, exhaust/emissions nuisance)",0,93,0.0
FORD,KA,2,8,"Skadevirkninger (noise, exhaust/emissions nuisance)",1,41,0.0244
VOLKSWAGEN,Golf Sportsvan,1,8,"Skadevirkninger (noise, exhaust/emissions nuisance)",0,502,0.0
PEUGEOT,206 +,4,8,"Skadevirkninger (noise, exhaust/emissions nuisance)",30,143,0.2098
ALFA ROMEO,GIULIETTA,2,8,"Skadevirkninger (noise, exhaust/emissions nuisance)",1,35,0.0286
VOLVO,V60,4,8,"Skadevirkninger (noise, exhaust/emissions nuisance)",133,3752,0.0354
MERCEDES-BENZ,CLA,2,8,"Skadevirkninger (noise, exhaust/emissions nuisance)",37,2377,0.0156
CITROËN,C3 Aircross,1,8,"Skadevirkninger (noise, exhaust/emissions nuisance)",11,782,0.0141
MAZDA,MAZDA6,3,8,"Skadevirkninger (noise, exhaust/emissions nuisance)",146,3352,0.0436
BMW,X1,1,8,"Skadevirkninger (noise, exhaust/emissions nuisance)",149,7080,0.021
SEAT,Ibiza GP2,1,8,"Skadevirkninger (noise, exhaust/emissions nuisance)",3,162,0.0185
CITROËN,C4,1,8,"Skadevirkninger (noise, exhaust/emissions nuisance)",40,2520,0.0159
MITSUBISHI,SPACE STAR,3,8,"Skadevirkninger (noise, exhaust/emissions nuisance)",32,2090,0.0153
OPEL,CORSA,2,8,"Skadevirkninger (noise, exhaust/emissions nuisance)",41,1681,0.0244
VOLKSWAGEN,CADDY,1,8,"Skadevirkninger (noise, exhaust/emissions nuisance)",11,865,0.0127
NISSAN,JUKE,4,8,"Skadevirkninger (noise, exhaust/emissions nuisance)",56,753,0.0744
RENAULT,Captur,1,8,"Skadevirkninger (noise, exhaust/emissions nuisance)",5,1550,0.0032
PEUGEOT,3008,3,8,"Skadevirkninger (noise, exhaust/emissions nuisance)",145,3530,0.0411
HYUNDAI,Tucson,3,8,"Skadevirkninger (noise, exhaust/emissions nuisance)",55,2331,0.0236
CITROËN,C3 PICASSO,4,8,"Skadevirkninger (noise, exhaust/emissions nuisance)",139,833,0.1669
SKODA,KAROQ,2,8,"Skadevirkninger (noise, exhaust/emissions nuisance)",0,173,0.0
FORD,FIESTA,1,8,"Skadevirkninger (noise, exhaust/emissions nuisance)",22,3219,0.0068
HYUNDAI,I 10,2,8,"Skadevirkninger (noise, exhaust/emissions nuisance)",7,411,0.017
VOLKSWAGEN,PASSAT,1,8,"Skadevirkninger (noise, exhaust/emissions nuisance)",126,11253,0.0112
RENAULT,MEGANE,4,8,"Skadevirkninger (noise, exhaust/emissions nuisance)",137,1622,0.0845
CITROËN,C1,4,8,"Skadevirkninger (noise, exhaust/emissions nuisance)",109,1119,0.0974
FORD,Focus,1,8,"Skadevirkninger (noise, exhaust/emissions nuisance)",80,6110,0.0131
HYUNDAI,i10 AC3,4,8,"Skadevirkninger (noise, exhaust/emissions nuisance)",87,982,0.0886
BMW,3-Serie,3,8,"Skadevirkninger (noise, exhaust/emissions nuisance)",383,8958,0.0428
FORD,PUMA,1,8,"Skadevirkninger (noise, exhaust/emissions nuisance)",2,614,0.0033
SUZUKI,SX4,2,8,"Skadevirkninger (noise, exhaust/emissions nuisance)",8,2476,0.0032
CITROËN,C 1,3,8,"Skadevirkninger (noise, exhaust/emissions nuisance)",34,880,0.0386
FORD,MONDEO,1,8,"Skadevirkninger (noise, exhaust/emissions nuisance)",10,1541,0.0065
SKODA,CITIGO,4,8,"Skadevirkninger (noise, exhaust/emissions nuisance)",2,64,0.0312
OPEL,ZAFIRA,2,8,"Skadevirkninger (noise, exhaust/emissions nuisance)",18,235,0.0766
AUDI,A3 CABRIOLET,2,8,"Skadevirkninger (noise, exhaust/emissions nuisance)",1,39,0.0256
SEAT,LEON,2,8,"Skadevirkninger (noise, exhaust/emissions nuisance)",0,5,0.0
OPEL,ASTRA SPORTS TOURER,1,8,"Skadevirkninger (noise, exhaust/emissions nuisance)",2,128,0.0156
TOYOTA,RAV4 Plug in,1,8,"Skadevirkninger (noise, exhaust/emissions nuisance)",24,29243,0.0008
FORD,FOCUS STATIONSVOGN,3,8,"Skadevirkninger (noise, exhaust/emissions nuisance)",601,15257,0.0394
KIA,RIO,3,8,"Skadevirkninger (noise, exhaust/emissions nuisance)",124,2622,0.0473
VOLKSWAGEN,POLO,2,8,"Skadevirkninger (noise, exhaust/emissions nuisance)",93,5290,0.0176
VOLVO,XC90,2,8,"Skadevirkninger (noise, exhaust/emissions nuisance)",56,5537,0.0101
HONDA,CR-V,3,8,"Skadevirkninger (noise, exhaust/emissions nuisance)",141,6725,0.021
MERCEDES-BENZ,GLE,1,8,"Skadevirkninger (noise, exhaust/emissions nuisance)",14,2193,0.0064
TOYOTA,Aygo X,3,8,"Skadevirkninger (noise, exhaust/emissions nuisance)",58,2298,0.0252
BMW,X5,4,8,"Skadevirkninger (noise, exhaust/emissions nuisance)",312,3889,0.0802
CITROËN,DS3,4,8,"Skadevirkninger (noise, exhaust/emissions nuisance)",52,696,0.0747
HYUNDAI,I40,3,8,"Skadevirkninger (noise, exhaust/emissions nuisance)",136,2466,0.0552
SKODA,SUPERB COMBI,4,8,"Skadevirkninger (noise, exhaust/emissions nuisance)",312,3621,0.0862
FORD,KUGA,1,8,"Skadevirkninger (noise, exhaust/emissions nuisance)",19,5193,0.0037
CITROËN,C4 Cactus,2,8,"Skadevirkninger (noise, exhaust/emissions nuisance)",66,1625,0.0406
TOYOTA,RAV4,2,8,"Skadevirkninger (noise, exhaust/emissions nuisance)",53,15118,0.0035
SKODA,OCTAVIA,3,8,"Skadevirkninger (noise, exhaust/emissions nuisance)",837,19319,0.0433
KIA,CEE'D SW,3,8,"Skadevirkninger (noise, exhaust/emissions nuisance)",69,3585,0.0192
MAZDA,MAZDA2,4,8,"Skadevirkninger (noise, exhaust/emissions nuisance)",153,2075,0.0737
MAZDA,MAZDA3,2,8,"Skadevirkninger (noise, exhaust/emissions nuisance)",12,2010,0.006
HYUNDAI,I10,2,8,"Skadevirkninger (noise, exhaust/emissions nuisance)",7,411,0.017
KIA,CEED,1,8,"Skadevirkninger (noise, exhaust/emissions nuisance)",11,984,0.0112
VOLKSWAGEN,GOLF,1,8,"Skadevirkninger (noise, exhaust/emissions nuisance)",51,9446,0.0054
MAZDA,2,2,8,"Skadevirkninger (noise, exhaust/emissions nuisance)",3,1120,0.0027
VOLKSWAGEN,PASSAT VARIANT,1,8,"Skadevirkninger (noise, exhaust/emissions nuisance)",126,11253,0.0112
AUDI,A6 AVANT,3,8,"Skadevirkninger (noise, exhaust/emissions nuisance)",79,2163,0.0365
FORD,FIESTA 5 DØRS,2,8,"Skadevirkninger (noise, exhaust/emissions nuisance)",88,4402,0.02
VOLKSWAGEN,UP!,2,8,"Skadevirkninger (noise, exhaust/emissions nuisance)",21,1503,0.014
KIA,Optima,1,8,"Skadevirkninger (noise, exhaust/emissions nuisance)",28,1833,0.0153
FORD,S-MAX,1,8,"Skadevirkninger (noise, exhaust/emissions nuisance)",37,1786,0.0207
AUDI,Q3,4,8,"Skadevirkninger (noise, exhaust/emissions nuisance)",15,293,0.0512
TOYOTA,AYGO,2,8,"Skadevirkninger (noise, exhaust/emissions nuisance)",6,608,0.0099
FORD,B-MAX,2,8,"Skadevirkninger (noise, exhaust/emissions nuisance)",4,250,0.016
PEUGEOT,208,4,8,"Skadevirkninger (noise, exhaust/emissions nuisance)",18,267,0.0674
FIAT,PANDA,1,8,"Skadevirkninger (noise, exhaust/emissions nuisance)",0,20,0.0
TOYOTA,AURIS,3,8,"Skadevirkninger (noise, exhaust/emissions nuisance)",151,23427,0.0064
MAZDA,CX-3,1,8,"Skadevirkninger (noise, exhaust/emissions nuisance)",5,2711,0.0018
MITSUBISHI,OUTLANDER,1,8,"Skadevirkninger (noise, exhaust/emissions nuisance)",26,27166,0.001
TOYOTA,Toyota C-HR,1,8,"Skadevirkninger (noise, exhaust/emissions nuisance)",3,14399,0.0002
SKODA,KODIAQ,2,8,"Skadevirkninger (noise, exhaust/emissions nuisance)",93,2105,0.0442
TOYOTA,AVENSIS STW,3,8,"Skadevirkninger (noise, exhaust/emissions nuisance)",176,12867,0.0137
VOLKSWAGEN,T-Roc,1,8,"Skadevirkninger (noise, exhaust/emissions nuisance)",37,7258,0.0051
NISSAN,MICRA,3,8,"Skadevirkninger (noise, exhaust/emissions nuisance)",47,871,0.054
SKODA,OCTAVIA COMBI,3,8,"Skadevirkninger (noise, exhaust/emissions nuisance)",837,19319,0.0433
SUZUKI,VITARA,1,8,"Skadevirkninger (noise, exhaust/emissions nuisance)",12,3773,0.0032
SUZUKI,SX4,4,8,"Skadevirkninger (noise, exhaust/emissions nuisance)",408,4809,0.0848
HYUNDAI,I20,3,8,"Skadevirkninger (noise, exhaust/emissions nuisance)",155,4313,0.0359
VOLVO,V60,2,8,"Skadevirkninger (noise, exhaust/emissions nuisance)",127,6546,0.0194
OPEL,CORSA,4,8,"Skadevirkninger (noise, exhaust/emissions nuisance)",507,3017,0.168
SKODA,RAPID SPACEBACK,3,8,"Skadevirkninger (noise, exhaust/emissions nuisance)",42,1667,0.0252
RENAULT,CLIO,3,8,"Skadevirkninger (noise, exhaust/emissions nuisance)",52,1622,0.0321
VOLKSWAGEN,TIGUAN,1,8,"Skadevirkninger (noise, exhaust/emissions nuisance)",119,8054,0.0148
MERCEDES-BENZ,B-Klasse,1,8,"Skadevirkninger (noise, exhaust/emissions nuisance)",17,856,0.0199
OPEL,INSIGNIA,3,8,"Skadevirkninger (noise, exhaust/emissions nuisance)",135,3483,0.0388
SUZUKI,SX4 COMBIBACK,1,8,"Skadevirkninger (noise, exhaust/emissions nuisance)",2,2054,0.001
NISSAN,QASHQAI,3,8,"Skadevirkninger (noise, exhaust/emissions nuisance)",472,10874,0.0434
SKODA,RAPID,2,8,"Skadevirkninger (noise, exhaust/emissions nuisance)",30,1389,0.0216
BMW,X3,1,8,"Skadevirkninger (noise, exhaust/emissions nuisance)",35,2884,0.0121
MERCEDES-BENZ,C,1,8,"Skadevirkninger (noise, exhaust/emissions nuisance)",57,3637,0.0157
AUDI,A3 Limousine,3,8,"Skadevirkninger (noise, exhaust/emissions nuisance)",9,391,0.023
BMW,5-Serie,1,8,"Skadevirkninger (noise, exhaust/emissions nuisance)",78,4543,0.0172
NISSAN,JUKE,2,8,"Skadevirkninger (noise, exhaust/emissions nuisance)",17,531,0.032
OPEL,ZAFIRA,4,8,"Skadevirkninger (noise, exhaust/emissions nuisance)",253,1175,0.2153
HYUNDAI,IX20,3,8,"Skadevirkninger (noise, exhaust/emissions nuisance)",66,1937,0.0341
HYUNDAI,I 10,4,8,"Skadevirkninger (noise, exhaust/emissions nuisance)",87,982,0.0886
RENAULT,MEGANE,2,8,"Skadevirkninger (noise, exhaust/emissions nuisance)",4,326,0.0123
SKODA,CITIGO,2,8,"Skadevirkninger (noise, exhaust/emissions nuisance)",10,474,0.0211
SUZUKI,SX4 S-Cross,2,8,"Skadevirkninger (noise, exhaust/emissions nuisance)",8,2348,0.0034
HYUNDAI,i10 AC3,2,8,"Skadevirkninger (noise, exhaust/emissions nuisance)",7,411,0.017
DACIA,Duster,1,8,"Skadevirkninger (noise, exhaust/emissions nuisance)",22,767,0.0287
CITROËN,C1,2,8,"Skadevirkninger (noise, exhaust/emissions nuisance)",3,428,0.007
CITROËN,C3 PICASSO,2,8,"Skadevirkninger (noise, exhaust/emissions nuisance)",0,46,0.0
AUDI,A3 CABRIOLET,4,8,"Skadevirkninger (noise, exhaust/emissions nuisance)",13,166,0.0783
SEAT,LEON,4,8,"Skadevirkninger (noise, exhaust/emissions nuisance)",0,7,0.0
TOYOTA,AVENSIS STW,4,8,"Skadevirkninger (noise, exhaust/emissions nuisance)",1115,20526,0.0543
SKODA,OCTAVIA COMBI,4,8,"Skadevirkninger (noise, exhaust/emissions nuisance)",1269,12917,0.0982
OPEL,INSIGNIA,4,8,"Skadevirkninger (noise, exhaust/emissions nuisance)",319,4475,0.0713
PEUGEOT,3008,2,8,"Skadevirkninger (noise, exhaust/emissions nuisance)",144,3468,0.0415
SUZUKI,SX4,3,8,"Skadevirkninger (noise, exhaust/emissions nuisance)",81,6632,0.0122
OPEL,ZAFIRA,3,8,"Skadevirkninger (noise, exhaust/emissions nuisance)",98,1038,0.0944
HYUNDAI,I20,4,8,"Skadevirkninger (noise, exhaust/emissions nuisance)",203,3876,0.0524
OPEL,CORSA,3,8,"Skadevirkninger (noise, exhaust/emissions nuisance)",128,2051,0.0624
VOLVO,XC60,1,8,"Skadevirkninger (noise, exhaust/emissions nuisance)",44,16959,0.0026
HYUNDAI,IX20,4,8,"Skadevirkninger (noise, exhaust/emissions nuisance)",41,920,0.0446
SUZUKI,SWIFT,1,8,"Skadevirkninger (noise, exhaust/emissions nuisance)",9,4184,0.0022
TOYOTA,AURIS,4,8,"Skadevirkninger (noise, exhaust/emissions nuisance)",707,14992,0.0472
MERCEDES-BENZ,CLA,3,8,"Skadevirkninger (noise, exhaust/emissions nuisance)",122,2171,0.0562
MAZDA,CX-5,1,8,"Skadevirkninger (noise, exhaust/emissions nuisance)",61,6042,0.0101
SUZUKI,IGNIS,2,8,"Skadevirkninger (noise, exhaust/emissions nuisance)",4,813,0.0049
MAZDA,MAZDA6,2,8,"Skadevirkninger (noise, exhaust/emissions nuisance)",51,2276,0.0224
RENAULT,CLIO,4,8,"Skadevirkninger (noise, exhaust/emissions nuisance)",42,517,0.0812
MAZDA,Mazda CX-30,1,8,"Skadevirkninger (noise, exhaust/emissions nuisance)",20,2458,0.0081
HYUNDAI,Tucson,2,8,"Skadevirkninger (noise, exhaust/emissions nuisance)",40,2353,0.017
BMW,3-Serie,2,8,"Skadevirkninger (noise, exhaust/emissions nuisance)",107,3950,0.0271
TOYOTA,YARIS,1,8,"Skadevirkninger (noise, exhaust/emissions nuisance)",7,16882,0.0004
NISSAN,QASHQAI,4,8,"Skadevirkninger (noise, exhaust/emissions nuisance)",722,9029,0.08
FORD,FOCUS,1,8,"Skadevirkninger (noise, exhaust/emissions nuisance)",80,6110,0.0131
MERCEDES-BENZ,GLC,1,8,"Skadevirkninger (noise, exhaust/emissions nuisance)",68,6276,0.0108
VOLVO,V40,1,8,"Skadevirkninger (noise, exhaust/emissions nuisance)",13,3389,0.0038
MITSUBISHI,SPACE STAR,2,8,"Skadevirkninger (noise, exhaust/emissions nuisance)",3,910,0.0033
NISSAN,MICRA,4,8,"Skadevirkninger (noise, exhaust/emissions nuisance)",71,662,0.1073
AUDI,Q2,1,8,"Skadevirkninger (noise, exhaust/emissions nuisance)",6,1587,0.0038
NISSAN,X-TRAIL,1,8,"Skadevirkninger (noise, exhaust/emissions nuisance)",8,677,0.0118
HYUNDAI,I 10,3,8,"Skadevirkninger (noise, exhaust/emissions nuisance)",69,1046,0.066
RENAULT,Ny Clio,1,8,"Skadevirkninger (noise, exhaust/emissions nuisance)",0,563,0.0
MERCEDES-BENZ,E-Klasse,1,8,"Skadevirkninger (noise, exhaust/emissions nuisance)",130,4198,0.031
KIA,XCeed,1,8,"Skadevirkninger (noise, exhaust/emissions nuisance)",2,264,0.0076
SEAT,LEON,3,8,"Skadevirkninger (noise, exhaust/emissions nuisance)",0,2,0.0
CITROËN,C 1,2,8,"Skadevirkninger (noise, exhaust/emissions nuisance)",3,428,0.007
HONDA,CIVIC,1,8,"Skadevirkninger (noise, exhaust/emissions nuisance)",3,573,0.0052
AUDI,A5 SPORTBACK,1,8,"Skadevirkninger (noise, exhaust/emissions nuisance)",4,233,0.0172
HYUNDAI,KONA,1,8,"Skadevirkninger (noise, exhaust/emissions nuisance)",4,232,0.0172
SEAT,IBIZA,4,8,"Skadevirkninger (noise, exhaust/emissions nuisance)",1,7,0.1429
AUDI,A3 CABRIOLET,3,8,"Skadevirkninger (noise, exhaust/emissions nuisance)",2,103,0.0194
TOYOTA,AURIS,1,8,"Skadevirkninger (noise, exhaust/emissions nuisance)",3,6033,0.0005
BMW,X3,3,8,"Skadevirkninger (noise, exhaust/emissions nuisance)",164,9399,0.0174
KIA,Niro,1,8,"Skadevirkninger (noise, exhaust/emissions nuisance)",43,5432,0.0079
MITSUBISHI,OUTLANDER,3,8,"Skadevirkninger (noise, exhaust/emissions nuisance)",758,16791,0.0451
VOLVO,XC60,4,8,"Skadevirkninger (noise, exhaust/emissions nuisance)",215,9334,0.023
VOLKSWAGEN,TIGUAN,3,8,"Skadevirkninger (noise, exhaust/emissions nuisance)",429,13669,0.0314
SUZUKI,SWIFT,4,8,"Skadevirkninger (noise, exhaust/emissions nuisance)",330,4271,0.0773
CITROËN,C3,2,8,"Skadevirkninger (noise, exhaust/emissions nuisance)",10,1100,0.0091
SUZUKI,VITARA,3,8,"Skadevirkninger (noise, exhaust/emissions nuisance)",15,1056,0.0142
DACIA,Duster,3,8,"Skadevirkninger (noise, exhaust/emissions nuisance)",17,489,0.0348
NISSAN,Qashqai J11A,2,8,"Skadevirkninger (noise, exhaust/emissions nuisance)",162,7503,0.0216
SKODA,OCTAVIA COMBI,1,8,"Skadevirkninger (noise, exhaust/emissions nuisance)",92,14749,0.0062
SKODA,FABIA COMBI,2,8,"Skadevirkninger (noise, exhaust/emissions nuisance)",40,3224,0.0124
TOYOTA,VERSO,3,8,"Skadevirkninger (noise, exhaust/emissions nuisance)",59,3553,0.0166
MERCEDES-BENZ,C,3,8,"Skadevirkninger (noise, exhaust/emissions nuisance)",377,6797,0.0555
BMW,5-Serie,3,8,"Skadevirkninger (noise, exhaust/emissions nuisance)",454,8687,0.0523
MAZDA,CX-3,3,8,"Skadevirkninger (noise, exhaust/emissions nuisance)",7,1002,0.007
MERCEDES-BENZ,B-Klasse,3,8,"Skadevirkninger (noise, exhaust/emissions nuisance)",142,4025,0.0353
HYUNDAI,i30 Stc.,4,8,"Skadevirkninger (noise, exhaust/emissions nuisance)",262,3800,0.0689
VOLVO,V90,1,8,"Skadevirkninger (noise, exhaust/emissions nuisance)",66,10928,0.006
NISSAN,X-TRAIL,4,8,"Skadevirkninger (noise, exhaust/emissions nuisance)",510,3637,0.1402
TOYOTA,YARIS,4,8,"Skadevirkninger (noise, exhaust/emissions nuisance)",1070,12845,0.0833
RENAULT,Ny Clio,4,8,"Skadevirkninger (noise, exhaust/emissions nuisance)",42,517,0.0812
MERCEDES-BENZ,E-Klasse,4,8,"Skadevirkninger (noise, exhaust/emissions nuisance)",1255,11198,0.1121
NISSAN,QASHQAI,1,8,"Skadevirkninger (noise, exhaust/emissions nuisance)",39,4798,0.0081
SUZUKI,SX4 COMBIBACK,3,8,"Skadevirkninger (noise, exhaust/emissions nuisance)",81,6632,0.0122
SEAT,IBIZA,1,8,"Skadevirkninger (noise, exhaust/emissions nuisance)",3,162,0.0185
FORD,FOCUS,4,8,"Skadevirkninger (noise, exhaust/emissions nuisance)",1404,12012,0.1169
RENAULT,Kadjar,2,8,"Skadevirkninger (noise, exhaust/emissions nuisance)",20,688,0.0291
OPEL,INSIGNIA,1,8,"Skadevirkninger (noise, exhaust/emissions nuisance)",18,1365,0.0132
KIA,PICANTO,2,8,"Skadevirkninger (noise, exhaust/emissions nuisance)",16,1280,0.0125
HONDA,CIVIC,4,8,"Skadevirkninger (noise, exhaust/emissions nuisance)",184,2980,0.0617
RENAULT,CLIO,1,8,"Skadevirkninger (noise, exhaust/emissions nuisance)",0,563,0.0
HONDA,JAZZ,2,8,"Skadevirkninger (noise, exhaust/emissions nuisance)",0,727,0.0
BMW,1-Serie,2,8,"Skadevirkninger (noise, exhaust/emissions nuisance)",30,1319,0.0227
OPEL,ASTRA,2,8,"Skadevirkninger (noise, exhaust/emissions nuisance)",70,1977,0.0354
PEUGEOT,308,2,8,"Skadevirkninger (noise, exhaust/emissions nuisance)",238,4530,0.0525
HYUNDAI,I20,1,8,"Skadevirkninger (noise, exhaust/emissions nuisance)",7,1113,0.0063
RENAULT,MEGANE SPORT TOURER,2,8,"Skadevirkninger (noise, exhaust/emissions nuisance)",4,326,0.0123
MAZDA,CX-5,4,8,"Skadevirkninger (noise, exhaust/emissions nuisance)",7,302,0.0232
VOLVO,V40,4,8,"Skadevirkninger (noise, exhaust/emissions nuisance)",7,243,0.0288
FIAT,500,2,8,"Skadevirkninger (noise, exhaust/emissions nuisance)",19,384,0.0495
CHEVROLET,SPARK,4,8,"Skadevirkninger (noise, exhaust/emissions nuisance)",1,21,0.0476
NISSAN,NOTE,2,8,"Skadevirkninger (noise, exhaust/emissions nuisance)",7,358,0.0196
AUDI,A5 SPORTBACK,4,8,"Skadevirkninger (noise, exhaust/emissions nuisance)",6,69,0.087
SKODA,SCALA,1,8,"Skadevirkninger (noise, exhaust/emissions nuisance)",2,339,0.0059
SKODA,RAPID SPACEBACK,1,8,"Skadevirkninger (noise, exhaust/emissions nuisance)",2,482,0.0041
AUDI,A3 Limousine,1,8,"Skadevirkninger (noise, exhaust/emissions nuisance)",0,109,0.0
NISSAN,MICRA,1,8,"Skadevirkninger (noise, exhaust/emissions nuisance)",0,296,0.0
TOYOTA,AVENSIS STW,1,8,"Skadevirkninger (noise, exhaust/emissions nuisance)",1,538,0.0019
FIAT,Punto S7,3,8,"Skadevirkninger (noise, exhaust/emissions nuisance)",9,91,0.0989
PEUGEOT,207,3,8,"Skadevirkninger (noise, exhaust/emissions nuisance)",30,610,0.0492
TOYOTA,Yaris Cross,1,8,"Skadevirkninger (noise, exhaust/emissions nuisance)",0,261,0.0
HYUNDAI,I30,3,8,"Skadevirkninger (noise, exhaust/emissions nuisance)",4,164,0.0244
VOLKSWAGEN,PASSAT VARIANT,3,8,"Skadevirkninger (noise, exhaust/emissions nuisance)",801,16654,0.0481
TOYOTA,RAV4 Plug in,3,8,"Skadevirkninger (noise, exhaust/emissions nuisance)",138,11242,0.0123
VOLVO,V70,4,8,"Skadevirkninger (noise, exhaust/emissions nuisance)",1457,17685,0.0824
FORD,KUGA,3,8,"Skadevirkninger (noise, exhaust/emissions nuisance)",201,7170,0.028
FORD,S-MAX,3,8,"Skadevirkninger (noise, exhaust/emissions nuisance)",175,5510,0.0318
FORD,MONDEO STATIONCAR,4,8,"Skadevirkninger (noise, exhaust/emissions nuisance)",2013,15288,0.1317
BMW,2-Serie,2,8,"Skadevirkninger (noise, exhaust/emissions nuisance)",85,5966,0.0142
VOLKSWAGEN,TOURAN,4,8,"Skadevirkninger (noise, exhaust/emissions nuisance)",1129,10414,0.1084
VOLKSWAGEN,GOLF,3,8,"Skadevirkninger (noise, exhaust/emissions nuisance)",1200,40607,0.0296
TOYOTA,YARIS 5-DØRS,4,8,"Skadevirkninger (noise, exhaust/emissions nuisance)",1070,12845,0.0833
MITSUBISHI,ASX,2,8,"Skadevirkninger (noise, exhaust/emissions nuisance)",10,1912,0.0052
FORD,GALAXY,4,8,"Skadevirkninger (noise, exhaust/emissions nuisance)",293,2069,0.1416
FORD,FOCUS STATIONSVOGN,1,8,"Skadevirkninger (noise, exhaust/emissions nuisance)",80,6110,0.0131
MAZDA,3,4,8,"Skadevirkninger (noise, exhaust/emissions nuisance)",570,3328,0.1713
HONDA,CR-V,1,8,"Skadevirkninger (noise, exhaust/emissions nuisance)",8,1749,0.0046
HYUNDAI,I30CW,4,8,"Skadevirkninger (noise, exhaust/emissions nuisance)",262,3800,0.0689
TOYOTA,AYGO 5-DØRS,4,8,"Skadevirkninger (noise, exhaust/emissions nuisance)",217,3007,0.0722
SKODA,OCTAVIA,1,8,"Skadevirkninger (noise, exhaust/emissions nuisance)",92,14749,0.0062
KIA,CEE'D SW,1,8,"Skadevirkninger (noise, exhaust/emissions nuisance)",11,984,0.0112
KIA,CEED,3,8,"Skadevirkninger (noise, exhaust/emissions nuisance)",69,3585,0.0192
FIAT,PANDA,3,8,"Skadevirkninger (noise, exhaust/emissions nuisance)",13,332,0.0392
TOYOTA,COROLLA,4,8,"Skadevirkninger (noise, exhaust/emissions nuisance)",314,4053,0.0775
MINI,COOPER,4,8,"Skadevirkninger (noise, exhaust/emissions nuisance)",399,2672,0.1493
TOYOTA,Aygo X,1,8,"Skadevirkninger (noise, exhaust/emissions nuisance)",2,689,0.0029
FORD,KA,4,8,"Skadevirkninger (noise, exhaust/emissions nuisance)",58,449,0.1292
KIA,RIO,1,8,"Skadevirkninger (noise, exhaust/emissions nuisance)",7,599,0.0117
MERCEDES-BENZ,GLE,3,8,"Skadevirkninger (noise, exhaust/emissions nuisance)",4,72,0.0556
PEUGEOT,108,2,8,"Skadevirkninger (noise, exhaust/emissions nuisance)",13,601,0.0216
AUDI,A3 Sportback,4,8,"Skadevirkninger (noise, exhaust/emissions nuisance)",15,227,0.0661
AUDI,A6 AVANT,1,8,"Skadevirkninger (noise, exhaust/emissions nuisance)",11,526,0.0209
PEUGEOT,508,2,8,"Skadevirkninger (noise, exhaust/emissions nuisance)",58,919,0.0631
KIA,Optima,3,8,"Skadevirkninger (noise, exhaust/emissions nuisance)",1,86,0.0116
HYUNDAI,I40,1,8,"Skadevirkninger (noise, exhaust/emissions nuisance)",0,1,0.0
ALFA ROMEO,GIULIETTA,4,8,"Skadevirkninger (noise, exhaust/emissions nuisance)",0,1,0.0
VOLKSWAGEN,GOLF,2,8,"Skadevirkninger (noise, exhaust/emissions nuisance)",329,24534,0.0134
KIA,Optima,2,8,"Skadevirkninger (noise, exhaust/emissions nuisance)",13,926,0.014
MITSUBISHI,ASX,3,8,"Skadevirkninger (noise, exhaust/emissions nuisance)",333,9126,0.0365
VOLKSWAGEN,POLO,1,8,"Skadevirkninger (noise, exhaust/emissions nuisance)",25,5836,0.0043
VOLVO,XC90,1,8,"Skadevirkninger (noise, exhaust/emissions nuisance)",19,8675,0.0022
VOLKSWAGEN,PASSAT VARIANT,2,8,"Skadevirkninger (noise, exhaust/emissions nuisance)",291,14320,0.0203
PEUGEOT,508,3,8,"Skadevirkninger (noise, exhaust/emissions nuisance)",395,4721,0.0837
PEUGEOT,5008,4,8,"Skadevirkninger (noise, exhaust/emissions nuisance)",347,1845,0.1881
VOLKSWAGEN,UP!,1,8,"Skadevirkninger (noise, exhaust/emissions nuisance)",3,680,0.0044
AUDI,Q5,4,8,"Skadevirkninger (noise, exhaust/emissions nuisance)",455,5189,0.0877
CITROËN,C4 Cactus,1,8,"Skadevirkninger (noise, exhaust/emissions nuisance)",20,1085,0.0184
AUDI,A1 SPORTBACK,4,8,"Skadevirkninger (noise, exhaust/emissions nuisance)",7,183,0.0383
BMW,2-Serie,3,8,"Skadevirkninger (noise, exhaust/emissions nuisance)",24,949,0.0253
FORD,FIESTA 5 DØRS,1,8,"Skadevirkninger (noise, exhaust/emissions nuisance)",22,3219,0.0068
TOYOTA,RAV4 Plug in,2,8,"Skadevirkninger (noise, exhaust/emissions nuisance)",53,15118,0.0035
TOYOTA,RAV4,1,8,"Skadevirkninger (noise, exhaust/emissions nuisance)",24,29243,0.0008
FORD,NY Focus,4,8,"Skadevirkninger (noise, exhaust/emissions nuisance)",1404,12012,0.1169
TOYOTA,AVENSIS,4,8,"Skadevirkninger (noise, exhaust/emissions nuisance)",1115,20526,0.0543
MERCEDES-BENZ,C-Klasse,4,8,"Skadevirkninger (noise, exhaust/emissions nuisance)",705,7755,0.0909
MAZDA,MAZDA3,1,8,"Skadevirkninger (noise, exhaust/emissions nuisance)",5,1523,0.0033
TOYOTA,AYGO 3/5-DØRS,4,8,"Skadevirkninger (noise, exhaust/emissions nuisance)",217,3007,0.0722
FORD,KUGA,2,8,"Skadevirkninger (noise, exhaust/emissions nuisance)",39,4067,0.0096
PEUGEOT,108,3,8,"Skadevirkninger (noise, exhaust/emissions nuisance)",8,301,0.0266
FORD,S-MAX,2,8,"Skadevirkninger (noise, exhaust/emissions nuisance)",37,3631,0.0102
FORD,C-MAX,4,8,"Skadevirkninger (noise, exhaust/emissions nuisance)",102,1034,0.0986
KIA,SPORTAGE,4,8,"Skadevirkninger (noise, exhaust/emissions nuisance)",65,1242,0.0523
MITSUBISHI,COLT,3,8,"Skadevirkninger (noise, exhaust/emissions nuisance)",26,1264,0.0206
MERCEDES-BENZ,GLE,2,8,"Skadevirkninger (noise, exhaust/emissions nuisance)",12,719,0.0167
TOYOTA,AYGO,1,8,"Skadevirkninger (noise, exhaust/emissions nuisance)",2,689,0.0029
KIA,VENGA,4,8,"Skadevirkninger (noise, exhaust/emissions nuisance)",40,668,0.0599
MERCEDES-BENZ,A-Klasse,4,8,"Skadevirkninger (noise, exhaust/emissions nuisance)",197,2238,0.088
MAZDA,2,1,8,"Skadevirkninger (noise, exhaust/emissions nuisance)",1,625,0.0016
KIA,CEED,2,8,"Skadevirkninger (noise, exhaust/emissions nuisance)",16,1150,0.0139
CITROËN,C4 PICASSO,4,8,"Skadevirkninger (noise, exhaust/emissions nuisance)",233,1058,0.2202
FIAT,PANDA,2,8,"Skadevirkninger (noise, exhaust/emissions nuisance)",4,94,0.0426
HYUNDAI,I10,1,8,"Skadevirkninger (noise, exhaust/emissions nuisance)",3,161,0.0186
FORD,B-MAX,1,8,"Skadevirkninger (noise, exhaust/emissions nuisance)",0,5,0.0
FORD,FIESTA 5 DØRS,3,8,"Skadevirkninger (noise, exhaust/emissions nuisance)",244,8583,0.0284
BMW,2-Serie,1,8,"Skadevirkninger (noise, exhaust/emissions nuisance)",27,7055,0.0038
VOLVO,V50,4,8,"Skadevirkninger (noise, exhaust/emissions nuisance)",1709,11296,0.1513
VOLKSWAGEN,POLO,3,8,"Skadevirkninger (noise, exhaust/emissions nuisance)",522,10576,0.0494
PEUGEOT,508,1,8,"Skadevirkninger (noise, exhaust/emissions nuisance)",10,1065,0.0094
VOLKSWAGEN,UP!,3,8,"Skadevirkninger (noise, exhaust/emissions nuisance)",95,4436,0.0214
HONDA,CR-V,2,8,"Skadevirkninger (noise, exhaust/emissions nuisance)",61,2570,0.0237
MERCEDES-BENZ,E,4,8,"Skadevirkninger (noise, exhaust/emissions nuisance)",1255,11198,0.1121
FORD,FOCUS STATIONSVOGN,2,8,"Skadevirkninger (noise, exhaust/emissions nuisance)",112,5076,0.0221
OPEL,MERIVA,4,8,"Skadevirkninger (noise, exhaust/emissions nuisance)",169,1312,0.1288
VOLVO,XC90,3,8,"Skadevirkninger (noise, exhaust/emissions nuisance)",19,1135,0.0167
AUDI,A3,4,8,"Skadevirkninger (noise, exhaust/emissions nuisance)",871,8787,0.0991
FORD,B-MAX,3,8,"Skadevirkninger (noise, exhaust/emissions nuisance)",24,1129,0.0213
TOYOTA,RAV4,3,8,"Skadevirkninger (noise, exhaust/emissions nuisance)",138,11242,0.0123
SKODA,OCTAVIA,2,8,"Skadevirkninger (noise, exhaust/emissions nuisance)",287,13702,0.0209
SKODA,SUPERB,4,8,"Skadevirkninger (noise, exhaust/emissions nuisance)",312,3621,0.0862
MAZDA,MAZDA3,3,8,"Skadevirkninger (noise, exhaust/emissions nuisance)",58,2880,0.0201
SKODA,FABIA,4,8,"Skadevirkninger (noise, exhaust/emissions nuisance)",622,4252,0.1463
TOYOTA,AYGO,3,8,"Skadevirkninger (noise, exhaust/emissions nuisance)",58,2298,0.0252
CITROËN,C4 Cactus,3,8,"Skadevirkninger (noise, exhaust/emissions nuisance)",25,775,0.0323
CITROËN,BERLINGO,4,8,"Skadevirkninger (noise, exhaust/emissions nuisance)",152,993,0.1531
KIA,CEED SW,4,8,"Skadevirkninger (noise, exhaust/emissions nuisance)",47,742,0.0633
MAZDA,2,3,8,"Skadevirkninger (noise, exhaust/emissions nuisance)",32,1899,0.0169
AUDI,A6 AVANT,2,8,"Skadevirkninger (noise, exhaust/emissions nuisance)",44,1067,0.0412
KIA,RIO,2,8,"Skadevirkninger (noise, exhaust/emissions nuisance)",28,1154,0.0243
MITSUBISHI,ASX,1,8,"Skadevirkninger (noise, exhaust/emissions nuisance)",3,452,0.0066
HYUNDAI,I10,3,8,"Skadevirkninger (noise, exhaust/emissions nuisance)",69,1046,0.066
KIA,CEE'D SW,2,8,"Skadevirkninger (noise, exhaust/emissions nuisance)",16,1150,0.0139
SUZUKI,ALTO,4,8,"Skadevirkninger (noise, exhaust/emissions nuisance)",12,392,0.0306
TOYOTA,Aygo X,2,8,"Skadevirkninger (noise, exhaust/emissions nuisance)",6,608,0.0099
PEUGEOT,108,1,8,"Skadevirkninger (noise, exhaust/emissions nuisance)",3,129,0.0233
OPEL,Mokka,4,8,"Skadevirkninger (noise, exhaust/emissions nuisance)",3,35,0.0857
AUDI,A4 AVANT,4,8,"Skadevirkninger (noise, exhaust/emissions nuisance)",8,152,0.0526
HYUNDAI,I40,2,8,"Skadevirkninger (noise, exhaust/emissions nuisance)",4,123,0.0325
MAZDA,CX-3,2,8,"Skadevirkninger (noise, exhaust/emissions nuisance)",21,5128,0.0041
BMW,X1,4,8,"Skadevirkninger (noise, exhaust/emissions nuisance)",165,4390,0.0376
MERCEDES-BENZ,C,2,8,"Skadevirkninger (noise, exhaust/emissions nuisance)",267,5861,0.0456
SUZUKI,VITARA,2,8,"Skadevirkninger (noise, exhaust/emissions nuisance)",20,3777,0.0053
BMW,1-Serie,3,8,"Skadevirkninger (noise, exhaust/emissions nuisance)",192,5856,0.0328
PEUGEOT,107,4,8,"Skadevirkninger (noise, exhaust/emissions nuisance)",138,1880,0.0734
NISSAN,Qashqai J11A,3,8,"Skadevirkninger (noise, exhaust/emissions nuisance)",472,10874,0.0434
BMW,5-Serie,2,8,"Skadevirkninger (noise, exhaust/emissions nuisance)",146,3263,0.0447
MITSUBISHI,OUTLANDER,2,8,"Skadevirkninger (noise, exhaust/emissions nuisance)",118,22180,0.0053
VOLKSWAGEN,CADDY,4,8,"Skadevirkninger (noise, exhaust/emissions nuisance)",97,1082,0.0896
SKODA,FABIA COMBI,3,8,"Skadevirkninger (noise, exhaust/emissions nuisance)",218,3929,0.0555
NISSAN,NOTE,3,8,"Skadevirkninger (noise, exhaust/emissions nuisance)",49,946,0.0518
VOLKSWAGEN,TIGUAN,2,8,"Skadevirkninger (noise, exhaust/emissions nuisance)",178,7466,0.0238
BMW,X3,2,8,"Skadevirkninger (noise, exhaust/emissions nuisance)",48,3055,0.0157
KIA,PICANTO,3,8,"Skadevirkninger (noise, exhaust/emissions nuisance)",135,3887,0.0347
PEUGEOT,308,3,8,"Skadevirkninger (noise, exhaust/emissions nuisance)",259,4837,0.0535
FIAT,500,3,8,"Skadevirkninger (noise, exhaust/emissions nuisance)",194,2045,0.0949
VOLVO,V60,1,8,"Skadevirkninger (noise, exhaust/emissions nuisance)",108,11028,0.0098
TOYOTA,Toyota C-HR,2,8,"Skadevirkninger (noise, exhaust/emissions nuisance)",8,4126,0.0019
FORD,FIESTA,4,8,"Skadevirkninger (noise, exhaust/emissions nuisance)",541,7906,0.0684
CITROËN,C4,4,8,"Skadevirkninger (noise, exhaust/emissions nuisance)",342,2439,0.1402
VOLKSWAGEN,PASSAT,4,8,"Skadevirkninger (noise, exhaust/emissions nuisance)",2038,15462,0.1318
FORD,MONDEO,4,8,"Skadevirkninger (noise, exhaust/emissions nuisance)",2013,15288,0.1317
FORD,Focus,4,8,"Skadevirkninger (noise, exhaust/emissions nuisance)",1404,12012,0.1169
HONDA,JAZZ,3,8,"Skadevirkninger (noise, exhaust/emissions nuisance)",7,1643,0.0043
MERCEDES-BENZ,B-Klasse,2,8,"Skadevirkninger (noise, exhaust/emissions nuisance)",32,1185,0.027
CITROËN,C3,3,8,"Skadevirkninger (noise, exhaust/emissions nuisance)",59,1322,0.0446
SKODA,KODIAQ,1,8,"Skadevirkninger (noise, exhaust/emissions nuisance)",170,7893,0.0215
SKODA,KAMIQ,1,8,"Skadevirkninger (noise, exhaust/emissions nuisance)",0,327,0.0
OPEL,ASTRA SPORTS TOURER,4,8,"Skadevirkninger (noise, exhaust/emissions nuisance)",130,979,0.1328
RENAULT,MEGANE,1,8,"Skadevirkninger (noise, exhaust/emissions nuisance)",5,294,0.017
OPEL,ASTRA,3,8,"Skadevirkninger (noise, exhaust/emissions nuisance)",336,3710,0.0906
VOLKSWAGEN,T-Roc,2,8,"Skadevirkninger (noise, exhaust/emissions nuisance)",2,288,0.0069
RENAULT,Kadjar,3,8,"Skadevirkninger (noise, exhaust/emissions nuisance)",1,102,0.0098
SUZUKI,SX4 COMBIBACK,2,8,"Skadevirkninger (noise, exhaust/emissions nuisance)",8,2476,0.0032
RENAULT,MEGANE SPORT TOURER,3,8,"Skadevirkninger (noise, exhaust/emissions nuisance)",77,1261,0.0611
DACIA,Duster,2,8,"Skadevirkninger (noise, exhaust/emissions nuisance)",17,542,0.0314
SKODA,CITIGO,1,8,"Skadevirkninger (noise, exhaust/emissions nuisance)",0,202,0.0
SKODA,RAPID,1,8,"Skadevirkninger (noise, exhaust/emissions nuisance)",2,482,0.0041
CITROËN,C1,1,8,"Skadevirkninger (noise, exhaust/emissions nuisance)",0,58,0.0
TOYOTA,VERSO,2,8,"Skadevirkninger (noise, exhaust/emissions nuisance)",4,178,0.0225
SEAT,Ibiza GP2,4,8,"Skadevirkninger (noise, exhaust/emissions nuisance)",1,7,0.1429
NISSAN,JUKE,1,8,"Skadevirkninger (noise, exhaust/emissions nuisance)",2,107,0.0187
HYUNDAI,i10 AC3,1,8,"Skadevirkninger (noise, exhaust/emissions nuisance)",3,161,0.0186
SUZUKI,SX4 S-Cross,1,8,"Skadevirkninger (noise, exhaust/emissions nuisance)",0,80,0.0
CITROËN,C3 PICASSO,1,8,"Skadevirkninger (noise, exhaust/emissions nuisance)",0,11,0.0
OPEL,ASTRA,4,8,"Skadevirkninger (noise, exhaust/emissions nuisance)",874,5454,0.1602
BMW,X1,3,8,"Skadevirkninger (noise, exhaust/emissions nuisance)",138,5709,0.0242
KIA,PICANTO,4,8,"Skadevirkninger (noise, exhaust/emissions nuisance)",49,652,0.0752
MERCEDES-BENZ,GLC,2,8,"Skadevirkninger (noise, exhaust/emissions nuisance)",103,5064,0.0203
AUDI,Q2,2,8,"Skadevirkninger (noise, exhaust/emissions nuisance)",8,722,0.0111
SUZUKI,SWIFT,2,8,"Skadevirkninger (noise, exhaust/emissions nuisance)",8,2129,0.0038
BMW,3-Serie,1,8,"Skadevirkninger (noise, exhaust/emissions nuisance)",84,4744,0.0177
NISSAN,Qashqai J11A,4,8,"Skadevirkninger (noise, exhaust/emissions nuisance)",722,9029,0.08
HYUNDAI,Tucson,1,8,"Skadevirkninger (noise, exhaust/emissions nuisance)",57,2203,0.0259
MAZDA,CX-5,2,8,"Skadevirkninger (noise, exhaust/emissions nuisance)",108,8955,0.0121
PEUGEOT,3008,1,8,"Skadevirkninger (noise, exhaust/emissions nuisance)",83,7489,0.0111
VOLVO,V40,2,8,"Skadevirkninger (noise, exhaust/emissions nuisance)",62,6391,0.0097
HONDA,CIVIC,2,8,"Skadevirkninger (noise, exhaust/emissions nuisance)",12,1171,0.0102
SKODA,FABIA COMBI,4,8,"Skadevirkninger (noise, exhaust/emissions nuisance)",622,4252,0.1463
SUZUKI,IGNIS,1,8,"Skadevirkninger (noise, exhaust/emissions nuisance)",1,1716,0.0006
BMW,1-Serie,4,8,"Skadevirkninger (noise, exhaust/emissions nuisance)",616,6307,0.0977
VOLKSWAGEN,CADDY,3,8,"Skadevirkninger (noise, exhaust/emissions nuisance)",63,1122,0.0561
VOLVO,XC60,2,8,"Skadevirkninger (noise, exhaust/emissions nuisance)",49,9732,0.005
FIAT,500,4,8,"Skadevirkninger (noise, exhaust/emissions nuisance)",365,2705,0.1349
FORD,FIESTA,3,8,"Skadevirkninger (noise, exhaust/emissions nuisance)",244,8583,0.0284
TOYOTA,YARIS,2,8,"Skadevirkninger (noise, exhaust/emissions nuisance)",18,15223,0.0012
FORD,MONDEO,3,8,"Skadevirkninger (noise, exhaust/emissions nuisance)",285,9588,0.0297
VOLKSWAGEN,PASSAT,3,8,"Skadevirkninger (noise, exhaust/emissions nuisance)",801,16654,0.0481
CITROËN,C4,3,8,"Skadevirkninger (noise, exhaust/emissions nuisance)",229,5303,0.0432
RENAULT,Ny Clio,2,8,"Skadevirkninger (noise, exhaust/emissions nuisance)",6,641,0.0094
CITROËN,C3,4,8,"Skadevirkninger (noise, exhaust/emissions nuisance)",226,1932,0.117
FORD,Focus,3,8,"Skadevirkninger (noise, exhaust/emissions nuisance)",601,15257,0.0394
FORD,FOCUS,2,8,"Skadevirkninger (noise, exhaust/emissions nuisance)",112,5076,0.0221
RENAULT,MEGANE SPORT TOURER,4,8,"Skadevirkninger (noise, exhaust/emissions nuisance)",137,1622,0.0845
PEUGEOT,308,4,8,"Skadevirkninger (noise, exhaust/emissions nuisance)",655,4655,0.1407
PEUGEOT,107,3,8,"Skadevirkninger (noise, exhaust/emissions nuisance)",25,862,0.029
HONDA,JAZZ,4,8,"Skadevirkninger (noise, exhaust/emissions nuisance)",68,2120,0.0321
NISSAN,X-TRAIL,2,8,"Skadevirkninger (noise, exhaust/emissions nuisance)",86,2651,0.0324
HYUNDAI,KONA,2,8,"Skadevirkninger (noise, exhaust/emissions nuisance)",1,42,0.0238
MAZDA,MAZDA6,1,8,"Skadevirkninger (noise, exhaust/emissions nuisance)",14,1078,0.013
RENAULT,Captur,3,8,"Skadevirkninger (noise, exhaust/emissions nuisance)",12,929,0.0129
OPEL,ASTRA SPORTS TOURER,3,8,"Skadevirkninger (noise, exhaust/emissions nuisance)",194,2062,0.0941
MERCEDES-BENZ,E-Klasse,2,8,"Skadevirkninger (noise, exhaust/emissions nuisance)",317,3761,0.0843
NISSAN,NOTE,4,8,"Skadevirkninger (noise, exhaust/emissions nuisance)",124,1197,0.1036
AUDI,A5 SPORTBACK,2,8,"Skadevirkninger (noise, exhaust/emissions nuisance)",5,267,0.0187
MITSUBISHI,SPACE STAR,1,8,"Skadevirkninger (noise, exhaust/emissions nuisance)",4,320,0.0125
CITROËN,C 1,1,8,"Skadevirkninger (noise, exhaust/emissions nuisance)",0,58,0.0
CHEVROLET,SPARK,2,8,"Skadevirkninger (noise, exhaust/emissions nuisance)",2,10,0.2
VOLKSWAGEN,PASSAT VARIANT,4,8,"Skadevirkninger (noise, exhaust/emissions nuisance)",2038,15462,0.1318
FORD,KUGA,4,8,"Skadevirkninger (noise, exhaust/emissions nuisance)",631,5780,0.1092
VOLKSWAGEN,GOLF,4,8,"Skadevirkninger (noise, exhaust/emissions nuisance)",2693,32682,0.0824
TOYOTA,YARIS 5-DØRS,3,8,"Skadevirkninger (noise, exhaust/emissions nuisance)",198,21128,0.0094
MAZDA,3,3,8,"Skadevirkninger (noise, exhaust/emissions nuisance)",58,2880,0.0201
FORD,MONDEO STATIONCAR,3,8,"Skadevirkninger (noise, exhaust/emissions nuisance)",285,9588,0.0297
PEUGEOT,2008,1,8,"Skadevirkninger (noise, exhaust/emissions nuisance)",17,2747,0.0062
VOLVO,V70,3,8,"Skadevirkninger (noise, exhaust/emissions nuisance)",305,11477,0.0266
TOYOTA,RAV4 Plug in,4,8,"Skadevirkninger (noise, exhaust/emissions nuisance)",902,10666,0.0846
BMW,X5,1,8,"Skadevirkninger (noise, exhaust/emissions nuisance)",44,5474,0.008
OPEL,Crossland X,1,8,"Skadevirkninger (noise, exhaust/emissions nuisance)",5,1377,0.0036
FORD,KA,3,8,"Skadevirkninger (noise, exhaust/emissions nuisance)",33,505,0.0653
FORD,GALAXY,3,8,"Skadevirkninger (noise, exhaust/emissions nuisance)",69,1766,0.0391
CITROËN,C4 PICASSO,2,8,"Skadevirkninger (noise, exhaust/emissions nuisance)",70,1511,0.0463
FORD,S-MAX,4,8,"Skadevirkninger (noise, exhaust/emissions nuisance)",973,6314,0.1541
VOLKSWAGEN,TOURAN,3,8,"Skadevirkninger (noise, exhaust/emissions nuisance)",231,5455,0.0423
MERCEDES-BENZ,C-Klasse,2,8,"Skadevirkninger (noise, exhaust/emissions nuisance)",267,5861,0.0456
TOYOTA,AVENSIS,2,8,"Skadevirkninger (noise, exhaust/emissions nuisance)",26,3935,0.0066
AUDI,A3 Sportback,3,8,"Skadevirkninger (noise, exhaust/emissions nuisance)",262,9047,0.029
TOYOTA,AYGO 5-DØRS,3,8,"Skadevirkninger (noise, exhaust/emissions nuisance)",58,2298,0.0252
FORD,NY Focus,2,8,"Skadevirkninger (noise, exhaust/emissions nuisance)",112,5076,0.0221
KIA,SPORTAGE,2,8,"Skadevirkninger (noise, exhaust/emissions nuisance)",37,3281,0.0113
SKODA,SUPERB COMBI,1,8,"Skadevirkninger (noise, exhaust/emissions nuisance)",100,6713,0.0149
AUDI,A1 SPORTBACK,2,8,"Skadevirkninger (noise, exhaust/emissions nuisance)",15,1299,0.0115
OPEL,Grandland X,1,8,"Skadevirkninger (noise, exhaust/emissions nuisance)",12,2268,0.0053
PEUGEOT,5008,2,8,"Skadevirkninger (noise, exhaust/emissions nuisance)",106,1312,0.0808
AUDI,Q3,1,8,"Skadevirkninger (noise, exhaust/emissions nuisance)",3,911,0.0033
MERCEDES-BENZ,GLA,3,8,"Skadevirkninger (noise, exhaust/emissions nuisance)",48,1359,0.0353
MINI,COOPER,3,8,"Skadevirkninger (noise, exhaust/emissions nuisance)",139,3308,0.042
KIA,CEED,4,8,"Skadevirkninger (noise, exhaust/emissions nuisance)",47,742,0.0633
AUDI,Q5,2,8,"Skadevirkninger (noise, exhaust/emissions nuisance)",69,2270,0.0304
MERCEDES-BENZ,A-Klasse,2,8,"Skadevirkninger (noise, exhaust/emissions nuisance)",36,2268,0.0159
MAZDA,MAZDA2,1,8,"Skadevirkninger (noise, exhaust/emissions nuisance)",1,625,0.0016
FORD,C-MAX,2,8,"Skadevirkninger (noise, exhaust/emissions nuisance)",6,749,0.008
PEUGEOT,208,1,8,"Skadevirkninger (noise, exhaust/emissions nuisance)",8,1123,0.0071
BMW,4-serie,2,8,"Skadevirkninger (noise, exhaust/emissions nuisance)",16,509,0.0314
TOYOTA,AYGO 3/5-DØRS,2,8,"Skadevirkninger (noise, exhaust/emissions nuisance)",6,608,0.0099
FIAT,PANDA,4,8,"Skadevirkninger (noise, exhaust/emissions nuisance)",12,101,0.1188
ALFA ROMEO,GIULIETTA,3,8,"Skadevirkninger (noise, exhaust/emissions nuisance)",11,258,0.0426
KIA,VENGA,2,8,"Skadevirkninger (noise, exhaust/emissions nuisance)",3,273,0.011
TOYOTA,COROLLA,3,8,"Skadevirkninger (noise, exhaust/emissions nuisance)",14,284,0.0493
HYUNDAI,I30CW,3,8,"Skadevirkninger (noise, exhaust/emissions nuisance)",4,164,0.0244
KIA,Optima,4,8,"Skadevirkninger (noise, exhaust/emissions nuisance)",0,1,0.0
TOYOTA,COROLLA,1,8,"Skadevirkninger (noise, exhaust/emissions nuisance)",3,9061,0.0003
AUDI,Q3,3,8,"Skadevirkninger (noise, exhaust/emissions nuisance)",99,2899,0.0341
TOYOTA,YARIS 5-DØRS,1,8,"Skadevirkninger (noise, exhaust/emissions nuisance)",7,16882,0.0004
BMW,X5,3,8,"Skadevirkninger (noise, exhaust/emissions nuisance)",123,2684,0.0458
SKODA,SUPERB COMBI,3,8,"Skadevirkninger (noise, exhaust/emissions nuisance)",308,6121,0.0503
OPEL,Mokka,2,8,"Skadevirkninger (noise, exhaust/emissions nuisance)",125,3055,0.0409
PEUGEOT,208,3,8,"Skadevirkninger (noise, exhaust/emissions nuisance)",376,5152,0.073
TOYOTA,Aygo X,4,8,"Skadevirkninger (noise, exhaust/emissions nuisance)",217,3007,0.0722
PEUGEOT,2008,3,8,"Skadevirkninger (noise, exhaust/emissions nuisance)",126,2682,0.047
AUDI,A4 AVANT,2,8,"Skadevirkninger (noise, exhaust/emissions nuisance)",55,1848,0.0298
FORD,FOCUS STATIONSVOGN,4,8,"Skadevirkninger (noise, exhaust/emissions nuisance)",1404,12012,0.1169
AUDI,A3,2,8,"Skadevirkninger (noise, exhaust/emissions nuisance)",133,9233,0.0144
VOLKSWAGEN,Golf Sportsvan,2,8,"Skadevirkninger (noise, exhaust/emissions nuisance)",22,2883,0.0076
KIA,RIO,4,8,"Skadevirkninger (noise, exhaust/emissions nuisance)",17,248,0.0685
MAZDA,3,1,8,"Skadevirkninger (noise, exhaust/emissions nuisance)",5,1523,0.0033
HONDA,CR-V,4,8,"Skadevirkninger (noise, exhaust/emissions nuisance)",684,9204,0.0743
HYUNDAI,Ioniq,2,8,"Skadevirkninger (noise, exhaust/emissions nuisance)",17,834,0.0204
SKODA,OCTAVIA,4,8,"Skadevirkninger (noise, exhaust/emissions nuisance)",1269,12917,0.0982
SKODA,SUPERB,2,8,"Skadevirkninger (noise, exhaust/emissions nuisance)",180,5609,0.0321
SKODA,FABIA,2,8,"Skadevirkninger (noise, exhaust/emissions nuisance)",40,3224,0.0124
MERCEDES-BENZ,E,2,8,"Skadevirkninger (noise, exhaust/emissions nuisance)",317,3761,0.0843
KIA,Stonic,1,8,"Skadevirkninger (noise, exhaust/emissions nuisance)",5,630,0.0079
HYUNDAI,I40,4,8,"Skadevirkninger (noise, exhaust/emissions nuisance)",57,753,0.0757
MINI,COOPER,1,8,"Skadevirkninger (noise, exhaust/emissions nuisance)",1,538,0.0019
KIA,CEE'D SW,4,8,"Skadevirkninger (noise, exhaust/emissions nuisance)",47,742,0.0633
MAZDA,MAZDA2,3,8,"Skadevirkninger (noise, exhaust/emissions nuisance)",32,1899,0.0169
TOYOTA,AYGO 5-DØRS,1,8,"Skadevirkninger (noise, exhaust/emissions nuisance)",2,689,0.0029
AUDI,A3 Sportback,1,8,"Skadevirkninger (noise, exhaust/emissions nuisance)",31,3698,0.0084
MERCEDES-BENZ,GLA,1,8,"Skadevirkninger (noise, exhaust/emissions nuisance)",11,938,0.0117
VOLKSWAGEN,TOURAN,1,8,"Skadevirkninger (noise, exhaust/emissions nuisance)",16,1595,0.01
KIA,CEED SW,2,8,"Skadevirkninger (noise, exhaust/emissions nuisance)",16,1150,0.0139
CITROËN,DS3,3,8,"Skadevirkninger (noise, exhaust/emissions nuisance)",89,1430,0.0622
VOLVO,XC40,2,8,"Skadevirkninger (noise, exhaust/emissions nuisance)",0,184,0.0
FORD,MONDEO STATIONCAR,1,8,"Skadevirkninger (noise, exhaust/emissions nuisance)",10,1541,0.0065
CITROËN,BERLINGO,2,8,"Skadevirkninger (noise, exhaust/emissions nuisance)",18,293,0.0614
AUDI,A6 AVANT,4,8,"Skadevirkninger (noise, exhaust/emissions nuisance)",11,143,0.0769
FORD,GALAXY,1,8,"Skadevirkninger (noise, exhaust/emissions nuisance)",5,191,0.0262
SUZUKI,ALTO,2,8,"Skadevirkninger (noise, exhaust/emissions nuisance)",0,5,0.0
OPEL,MERIVA,2,8,"Skadevirkninger (noise, exhaust/emissions nuisance)",2,68,0.0294
HYUNDAI,I40,3,9,Tilleggskontroller for M2/M3 buss (bus-only supplementary checks -- not applicable to M1/PERSONBIL),0,2466,0.0
VOLKSWAGEN,POLO,2,9,Tilleggskontroller for M2/M3 buss (bus-only supplementary checks -- not applicable to M1/PERSONBIL),0,5290,0.0
VOLKSWAGEN,PASSAT VARIANT,1,9,Tilleggskontroller for M2/M3 buss (bus-only supplementary checks -- not applicable to M1/PERSONBIL),0,11253,0.0
SKODA,SUPERB COMBI,4,9,Tilleggskontroller for M2/M3 buss (bus-only supplementary checks -- not applicable to M1/PERSONBIL),1,3621,0.0003
FORD,FOCUS STATIONSVOGN,3,9,Tilleggskontroller for M2/M3 buss (bus-only supplementary checks -- not applicable to M1/PERSONBIL),1,15257,0.0001
VOLKSWAGEN,GOLF,1,9,Tilleggskontroller for M2/M3 buss (bus-only supplementary checks -- not applicable to M1/PERSONBIL),0,9446,0.0
TOYOTA,RAV4 Plug in,1,9,Tilleggskontroller for M2/M3 buss (bus-only supplementary checks -- not applicable to M1/PERSONBIL),0,29243,0.0
KIA,RIO,3,9,Tilleggskontroller for M2/M3 buss (bus-only supplementary checks -- not applicable to M1/PERSONBIL),0,2622,0.0
FORD,S-MAX,1,9,Tilleggskontroller for M2/M3 buss (bus-only supplementary checks -- not applicable to M1/PERSONBIL),0,1786,0.0
TOYOTA,Aygo X,3,9,Tilleggskontroller for M2/M3 buss (bus-only supplementary checks -- not applicable to M1/PERSONBIL),0,2298,0.0
CITROËN,C4 Cactus,2,9,Tilleggskontroller for M2/M3 buss (bus-only supplementary checks -- not applicable to M1/PERSONBIL),0,1625,0.0
HONDA,CR-V,3,9,Tilleggskontroller for M2/M3 buss (bus-only supplementary checks -- not applicable to M1/PERSONBIL),0,6725,0.0
AUDI,A6 AVANT,3,9,Tilleggskontroller for M2/M3 buss (bus-only supplementary checks -- not applicable to M1/PERSONBIL),0,2163,0.0
VOLKSWAGEN,UP!,2,9,Tilleggskontroller for M2/M3 buss (bus-only supplementary checks -- not applicable to M1/PERSONBIL),1,1503,0.0007
FORD,FIESTA 5 DØRS,2,9,Tilleggskontroller for M2/M3 buss (bus-only supplementary checks -- not applicable to M1/PERSONBIL),0,4402,0.0
VOLVO,XC90,2,9,Tilleggskontroller for M2/M3 buss (bus-only supplementary checks -- not applicable to M1/PERSONBIL),1,5537,0.0002
FORD,KUGA,1,9,Tilleggskontroller for M2/M3 buss (bus-only supplementary checks -- not applicable to M1/PERSONBIL),0,5193,0.0
SKODA,OCTAVIA,3,9,Tilleggskontroller for M2/M3 buss (bus-only supplementary checks -- not applicable to M1/PERSONBIL),0,19319,0.0
KIA,CEE'D SW,3,9,Tilleggskontroller for M2/M3 buss (bus-only supplementary checks -- not applicable to M1/PERSONBIL),0,3585,0.0
TOYOTA,RAV4,2,9,Tilleggskontroller for M2/M3 buss (bus-only supplementary checks -- not applicable to M1/PERSONBIL),0,15118,0.0
MAZDA,MAZDA3,2,9,Tilleggskontroller for M2/M3 buss (bus-only supplementary checks -- not applicable to M1/PERSONBIL),0,2010,0.0
MAZDA,MAZDA2,4,9,Tilleggskontroller for M2/M3 buss (bus-only supplementary checks -- not applicable to M1/PERSONBIL),0,2075,0.0
TOYOTA,AYGO,2,9,Tilleggskontroller for M2/M3 buss (bus-only supplementary checks -- not applicable to M1/PERSONBIL),0,608,0.0
KIA,Optima,1,9,Tilleggskontroller for M2/M3 buss (bus-only supplementary checks -- not applicable to M1/PERSONBIL),0,1833,0.0
BMW,X5,4,9,Tilleggskontroller for M2/M3 buss (bus-only supplementary checks -- not applicable to M1/PERSONBIL),0,3889,0.0
HYUNDAI,I10,2,9,Tilleggskontroller for M2/M3 buss (bus-only supplementary checks -- not applicable to M1/PERSONBIL),0,411,0.0
MERCEDES-BENZ,GLE,1,9,Tilleggskontroller for M2/M3 buss (bus-only supplementary checks -- not applicable to M1/PERSONBIL),0,2193,0.0
MAZDA,2,2,9,Tilleggskontroller for M2/M3 buss (bus-only supplementary checks -- not applicable to M1/PERSONBIL),0,1120,0.0
FORD,B-MAX,2,9,Tilleggskontroller for M2/M3 buss (bus-only supplementary checks -- not applicable to M1/PERSONBIL),0,250,0.0
KIA,CEED,1,9,Tilleggskontroller for M2/M3 buss (bus-only supplementary checks -- not applicable to M1/PERSONBIL),0,984,0.0
CITROËN,DS3,4,9,Tilleggskontroller for M2/M3 buss (bus-only supplementary checks -- not applicable to M1/PERSONBIL),0,696,0.0
FIAT,PANDA,1,9,Tilleggskontroller for M2/M3 buss (bus-only supplementary checks -- not applicable to M1/PERSONBIL),0,20,0.0
AUDI,Q3,4,9,Tilleggskontroller for M2/M3 buss (bus-only supplementary checks -- not applicable to M1/PERSONBIL),0,293,0.0
PEUGEOT,208,4,9,Tilleggskontroller for M2/M3 buss (bus-only supplementary checks -- not applicable to M1/PERSONBIL),0,267,0.0
KIA,SPORTAGE,1,9,Tilleggskontroller for M2/M3 buss (bus-only supplementary checks -- not applicable to M1/PERSONBIL),0,1259,0.0
VOLKSWAGEN,POLO,4,9,Tilleggskontroller for M2/M3 buss (bus-only supplementary checks -- not applicable to M1/PERSONBIL),5,11528,0.0004
AUDI,A3,3,9,Tilleggskontroller for M2/M3 buss (bus-only supplementary checks -- not applicable to M1/PERSONBIL),0,11732,0.0
KIA,CEED SW,3,9,Tilleggskontroller for M2/M3 buss (bus-only supplementary checks -- not applicable to M1/PERSONBIL),0,3585,0.0
MERCEDES-BENZ,E,3,9,Tilleggskontroller for M2/M3 buss (bus-only supplementary checks -- not applicable to M1/PERSONBIL),0,8181,0.0
MERCEDES-BENZ,A-Klasse,1,9,Tilleggskontroller for M2/M3 buss (bus-only supplementary checks -- not applicable to M1/PERSONBIL),0,2726,0.0
MAZDA,2,4,9,Tilleggskontroller for M2/M3 buss (bus-only supplementary checks -- not applicable to M1/PERSONBIL),0,2075,0.0
SKODA,SUPERB COMBI,2,9,Tilleggskontroller for M2/M3 buss (bus-only supplementary checks -- not applicable to M1/PERSONBIL),0,5609,0.0
VOLVO,XC90,4,9,Tilleggskontroller for M2/M3 buss (bus-only supplementary checks -- not applicable to M1/PERSONBIL),1,1825,0.0005
AUDI,A4 AVANT,3,9,Tilleggskontroller for M2/M3 buss (bus-only supplementary checks -- not applicable to M1/PERSONBIL),0,2969,0.0
OPEL,MERIVA,3,9,Tilleggskontroller for M2/M3 buss (bus-only supplementary checks -- not applicable to M1/PERSONBIL),0,854,0.0
OPEL,Mokka,3,9,Tilleggskontroller for M2/M3 buss (bus-only supplementary checks -- not applicable to M1/PERSONBIL),0,4582,0.0
VOLVO,V50,3,9,Tilleggskontroller for M2/M3 buss (bus-only supplementary checks -- not applicable to M1/PERSONBIL),0,3281,0.0
FORD,FIESTA 5 DØRS,4,9,Tilleggskontroller for M2/M3 buss (bus-only supplementary checks -- not applicable to M1/PERSONBIL),0,7906,0.0
TOYOTA,RAV4,4,9,Tilleggskontroller for M2/M3 buss (bus-only supplementary checks -- not applicable to M1/PERSONBIL),0,10666,0.0
MAZDA,MAZDA3,4,9,Tilleggskontroller for M2/M3 buss (bus-only supplementary checks -- not applicable to M1/PERSONBIL),0,3328,0.0
MAZDA,MAZDA2,2,9,Tilleggskontroller for M2/M3 buss (bus-only supplementary checks -- not applicable to M1/PERSONBIL),0,1120,0.0
FORD,NY Focus,1,9,Tilleggskontroller for M2/M3 buss (bus-only supplementary checks -- not applicable to M1/PERSONBIL),0,6110,0.0
SKODA,FABIA,3,9,Tilleggskontroller for M2/M3 buss (bus-only supplementary checks -- not applicable to M1/PERSONBIL),0,3929,0.0
SKODA,SUPERB,3,9,Tilleggskontroller for M2/M3 buss (bus-only supplementary checks -- not applicable to M1/PERSONBIL),0,6121,0.0
MERCEDES-BENZ,C-Klasse,1,9,Tilleggskontroller for M2/M3 buss (bus-only supplementary checks -- not applicable to M1/PERSONBIL),0,3637,0.0
TOYOTA,AVENSIS,1,9,Tilleggskontroller for M2/M3 buss (bus-only supplementary checks -- not applicable to M1/PERSONBIL),0,538,0.0
TOYOTA,AYGO 3/5-DØRS,1,9,Tilleggskontroller for M2/M3 buss (bus-only supplementary checks -- not applicable to M1/PERSONBIL),0,689,0.0
TOYOTA,AYGO,4,9,Tilleggskontroller for M2/M3 buss (bus-only supplementary checks -- not applicable to M1/PERSONBIL),0,3007,0.0
PEUGEOT,208,2,9,Tilleggskontroller for M2/M3 buss (bus-only supplementary checks -- not applicable to M1/PERSONBIL),0,2180,0.0
PEUGEOT,5008,1,9,Tilleggskontroller for M2/M3 buss (bus-only supplementary checks -- not applicable to M1/PERSONBIL),0,4893,0.0
AUDI,Q5,1,9,Tilleggskontroller for M2/M3 buss (bus-only supplementary checks -- not applicable to M1/PERSONBIL),0,1438,0.0
AUDI,Q3,2,9,Tilleggskontroller for M2/M3 buss (bus-only supplementary checks -- not applicable to M1/PERSONBIL),0,1293,0.0
PEUGEOT,2008,2,9,Tilleggskontroller for M2/M3 buss (bus-only supplementary checks -- not applicable to M1/PERSONBIL),0,3179,0.0
CITROËN,C4 PICASSO,1,9,Tilleggskontroller for M2/M3 buss (bus-only supplementary checks -- not applicable to M1/PERSONBIL),0,823,0.0
CITROËN,BERLINGO,3,9,Tilleggskontroller for M2/M3 buss (bus-only supplementary checks -- not applicable to M1/PERSONBIL),0,704,0.0
FORD,C-MAX,1,9,Tilleggskontroller for M2/M3 buss (bus-only supplementary checks -- not applicable to M1/PERSONBIL),0,235,0.0
CITROËN,DS3,2,9,Tilleggskontroller for M2/M3 buss (bus-only supplementary checks -- not applicable to M1/PERSONBIL),0,90,0.0
AUDI,A1 SPORTBACK,1,9,Tilleggskontroller for M2/M3 buss (bus-only supplementary checks -- not applicable to M1/PERSONBIL),0,902,0.0
BMW,X5,2,9,Tilleggskontroller for M2/M3 buss (bus-only supplementary checks -- not applicable to M1/PERSONBIL),0,3601,0.0
HYUNDAI,I10,4,9,Tilleggskontroller for M2/M3 buss (bus-only supplementary checks -- not applicable to M1/PERSONBIL),0,982,0.0
SUZUKI,ALTO,3,9,Tilleggskontroller for M2/M3 buss (bus-only supplementary checks -- not applicable to M1/PERSONBIL),0,285,0.0
BMW,4-serie,1,9,Tilleggskontroller for M2/M3 buss (bus-only supplementary checks -- not applicable to M1/PERSONBIL),0,85,0.0
KIA,VENGA,1,9,Tilleggskontroller for M2/M3 buss (bus-only supplementary checks -- not applicable to M1/PERSONBIL),0,6,0.0
VOLKSWAGEN,Golf Sportsvan,3,9,Tilleggskontroller for M2/M3 buss (bus-only supplementary checks -- not applicable to M1/PERSONBIL),0,1676,0.0
OPEL,Crossland X,2,9,Tilleggskontroller for M2/M3 buss (bus-only supplementary checks -- not applicable to M1/PERSONBIL),0,177,0.0
OPEL,Grandland X,2,9,Tilleggskontroller for M2/M3 buss (bus-only supplementary checks -- not applicable to M1/PERSONBIL),0,125,0.0
FORD,B-MAX,4,9,Tilleggskontroller for M2/M3 buss (bus-only supplementary checks -- not applicable to M1/PERSONBIL),0,19,0.0
VOLKSWAGEN,UP!,4,9,Tilleggskontroller for M2/M3 buss (bus-only supplementary checks -- not applicable to M1/PERSONBIL),0,234,0.0
SKODA,KODIAQ,1,9,Tilleggskontroller for M2/M3 buss (bus-only supplementary checks -- not applicable to M1/PERSONBIL),0,7893,0.0
BMW,X3,2,9,Tilleggskontroller for M2/M3 buss (bus-only supplementary checks -- not applicable to M1/PERSONBIL),0,3055,0.0
MITSUBISHI,OUTLANDER,2,9,Tilleggskontroller for M2/M3 buss (bus-only supplementary checks -- not applicable to M1/PERSONBIL),0,22180,0.0
BMW,1-Serie,3,9,Tilleggskontroller for M2/M3 buss (bus-only supplementary checks -- not applicable to M1/PERSONBIL),0,5856,0.0
FIAT,500,3,9,Tilleggskontroller for M2/M3 buss (bus-only supplementary checks -- not applicable to M1/PERSONBIL),0,2045,0.0
CITROËN,C4,4,9,Tilleggskontroller for M2/M3 buss (bus-only supplementary checks -- not applicable to M1/PERSONBIL),0,2439,0.0
NISSAN,Qashqai J11A,3,9,Tilleggskontroller for M2/M3 buss (bus-only supplementary checks -- not applicable to M1/PERSONBIL),0,10874,0.0
MAZDA,CX-3,2,9,Tilleggskontroller for M2/M3 buss (bus-only supplementary checks -- not applicable to M1/PERSONBIL),0,5128,0.0
OPEL,ASTRA,3,9,Tilleggskontroller for M2/M3 buss (bus-only supplementary checks -- not applicable to M1/PERSONBIL),0,3710,0.0
HONDA,JAZZ,3,9,Tilleggskontroller for M2/M3 buss (bus-only supplementary checks -- not applicable to M1/PERSONBIL),0,1643,0.0
BMW,X1,4,9,Tilleggskontroller for M2/M3 buss (bus-only supplementary checks -- not applicable to M1/PERSONBIL),0,4390,0.0
VOLKSWAGEN,TIGUAN,2,9,Tilleggskontroller for M2/M3 buss (bus-only supplementary checks -- not applicable to M1/PERSONBIL),0,7466,0.0
MERCEDES-BENZ,B-Klasse,2,9,Tilleggskontroller for M2/M3 buss (bus-only supplementary checks -- not applicable to M1/PERSONBIL),0,1185,0.0
VOLVO,V60,1,9,Tilleggskontroller for M2/M3 buss (bus-only supplementary checks -- not applicable to M1/PERSONBIL),0,11028,0.0
SKODA,FABIA COMBI,3,9,Tilleggskontroller for M2/M3 buss (bus-only supplementary checks -- not applicable to M1/PERSONBIL),0,3929,0.0
PEUGEOT,107,4,9,Tilleggskontroller for M2/M3 buss (bus-only supplementary checks -- not applicable to M1/PERSONBIL),0,1880,0.0
BMW,5-Serie,2,9,Tilleggskontroller for M2/M3 buss (bus-only supplementary checks -- not applicable to M1/PERSONBIL),0,3263,0.0
KIA,PICANTO,3,9,Tilleggskontroller for M2/M3 buss (bus-only supplementary checks -- not applicable to M1/PERSONBIL),0,3887,0.0
FORD,FIESTA,4,9,Tilleggskontroller for M2/M3 buss (bus-only supplementary checks -- not applicable to M1/PERSONBIL),0,7906,0.0
FORD,MONDEO,4,9,Tilleggskontroller for M2/M3 buss (bus-only supplementary checks -- not applicable to M1/PERSONBIL),0,15288,0.0
SKODA,RAPID,1,9,Tilleggskontroller for M2/M3 buss (bus-only supplementary checks -- not applicable to M1/PERSONBIL),0,482,0.0
VOLKSWAGEN,PASSAT,4,9,Tilleggskontroller for M2/M3 buss (bus-only supplementary checks -- not applicable to M1/PERSONBIL),1,15462,0.0001
SUZUKI,SX4 COMBIBACK,2,9,Tilleggskontroller for M2/M3 buss (bus-only supplementary checks -- not applicable to M1/PERSONBIL),0,2476,0.0
CITROËN,C3,3,9,Tilleggskontroller for M2/M3 buss (bus-only supplementary checks -- not applicable to M1/PERSONBIL),0,1322,0.0
FORD,Focus,4,9,Tilleggskontroller for M2/M3 buss (bus-only supplementary checks -- not applicable to M1/PERSONBIL),1,12012,0.0001
SUZUKI,SX4 S-Cross,1,9,Tilleggskontroller for M2/M3 buss (bus-only supplementary checks -- not applicable to M1/PERSONBIL),0,80,0.0
MERCEDES-BENZ,C,2,9,Tilleggskontroller for M2/M3 buss (bus-only supplementary checks -- not applicable to M1/PERSONBIL),0,5861,0.0
SUZUKI,VITARA,2,9,Tilleggskontroller for M2/M3 buss (bus-only supplementary checks -- not applicable to M1/PERSONBIL),0,3777,0.0
PEUGEOT,308,3,9,Tilleggskontroller for M2/M3 buss (bus-only supplementary checks -- not applicable to M1/PERSONBIL),1,4837,0.0002
DACIA,Duster,2,9,Tilleggskontroller for M2/M3 buss (bus-only supplementary checks -- not applicable to M1/PERSONBIL),0,542,0.0
VOLKSWAGEN,CADDY,4,9,Tilleggskontroller for M2/M3 buss (bus-only supplementary checks -- not applicable to M1/PERSONBIL),3,1082,0.0028
NISSAN,JUKE,1,9,Tilleggskontroller for M2/M3 buss (bus-only supplementary checks -- not applicable to M1/PERSONBIL),0,107,0.0
NISSAN,NOTE,3,9,Tilleggskontroller for M2/M3 buss (bus-only supplementary checks -- not applicable to M1/PERSONBIL),0,946,0.0
HYUNDAI,i10 AC3,1,9,Tilleggskontroller for M2/M3 buss (bus-only supplementary checks -- not applicable to M1/PERSONBIL),0,161,0.0
TOYOTA,VERSO,2,9,Tilleggskontroller for M2/M3 buss (bus-only supplementary checks -- not applicable to M1/PERSONBIL),0,178,0.0
RENAULT,MEGANE SPORT TOURER,3,9,Tilleggskontroller for M2/M3 buss (bus-only supplementary checks -- not applicable to M1/PERSONBIL),0,1261,0.0
CITROËN,C1,1,9,Tilleggskontroller for M2/M3 buss (bus-only supplementary checks -- not applicable to M1/PERSONBIL),0,58,0.0
RENAULT,MEGANE,1,9,Tilleggskontroller for M2/M3 buss (bus-only supplementary checks -- not applicable to M1/PERSONBIL),0,294,0.0
SKODA,CITIGO,1,9,Tilleggskontroller for M2/M3 buss (bus-only supplementary checks -- not applicable to M1/PERSONBIL),0,202,0.0
CITROËN,C3 PICASSO,1,9,Tilleggskontroller for M2/M3 buss (bus-only supplementary checks -- not applicable to M1/PERSONBIL),0,11,0.0
OPEL,ASTRA SPORTS TOURER,4,9,Tilleggskontroller for M2/M3 buss (bus-only supplementary checks -- not applicable to M1/PERSONBIL),0,979,0.0
TOYOTA,Toyota C-HR,2,9,Tilleggskontroller for M2/M3 buss (bus-only supplementary checks -- not applicable to M1/PERSONBIL),0,4126,0.0
SKODA,KAMIQ,1,9,Tilleggskontroller for M2/M3 buss (bus-only supplementary checks -- not applicable to M1/PERSONBIL),0,327,0.0
SEAT,Ibiza GP2,4,9,Tilleggskontroller for M2/M3 buss (bus-only supplementary checks -- not applicable to M1/PERSONBIL),0,7,0.0
VOLKSWAGEN,T-Roc,2,9,Tilleggskontroller for M2/M3 buss (bus-only supplementary checks -- not applicable to M1/PERSONBIL),0,288,0.0
RENAULT,Kadjar,3,9,Tilleggskontroller for M2/M3 buss (bus-only supplementary checks -- not applicable to M1/PERSONBIL),0,102,0.0
VOLVO,V70,4,9,Tilleggskontroller for M2/M3 buss (bus-only supplementary checks -- not applicable to M1/PERSONBIL),2,17685,0.0001
VOLKSWAGEN,TOURAN,4,9,Tilleggskontroller for M2/M3 buss (bus-only supplementary checks -- not applicable to M1/PERSONBIL),0,10414,0.0
TOYOTA,YARIS 5-DØRS,4,9,Tilleggskontroller for M2/M3 buss (bus-only supplementary checks -- not applicable to M1/PERSONBIL),0,12845,0.0
MITSUBISHI,ASX,2,9,Tilleggskontroller for M2/M3 buss (bus-only supplementary checks -- not applicable to M1/PERSONBIL),0,1912,0.0
VOLKSWAGEN,GOLF,3,9,Tilleggskontroller for M2/M3 buss (bus-only supplementary checks -- not applicable to M1/PERSONBIL),0,40607,0.0
FORD,FOCUS STATIONSVOGN,1,9,Tilleggskontroller for M2/M3 buss (bus-only supplementary checks -- not applicable to M1/PERSONBIL),0,6110,0.0
FORD,MONDEO STATIONCAR,4,9,Tilleggskontroller for M2/M3 buss (bus-only supplementary checks -- not applicable to M1/PERSONBIL),0,15288,0.0
PEUGEOT,108,2,9,Tilleggskontroller for M2/M3 buss (bus-only supplementary checks -- not applicable to M1/PERSONBIL),0,601,0.0
VOLKSWAGEN,PASSAT VARIANT,3,9,Tilleggskontroller for M2/M3 buss (bus-only supplementary checks -- not applicable to M1/PERSONBIL),0,16654,0.0
BMW,2-Serie,2,9,Tilleggskontroller for M2/M3 buss (bus-only supplementary checks -- not applicable to M1/PERSONBIL),0,5966,0.0
TOYOTA,COROLLA,4,9,Tilleggskontroller for M2/M3 buss (bus-only supplementary checks -- not applicable to M1/PERSONBIL),0,4053,0.0
MINI,COOPER,4,9,Tilleggskontroller for M2/M3 buss (bus-only supplementary checks -- not applicable to M1/PERSONBIL),0,2672,0.0
TOYOTA,RAV4 Plug in,3,9,Tilleggskontroller for M2/M3 buss (bus-only supplementary checks -- not applicable to M1/PERSONBIL),0,11242,0.0
FORD,GALAXY,4,9,Tilleggskontroller for M2/M3 buss (bus-only supplementary checks -- not applicable to M1/PERSONBIL),0,2069,0.0
FORD,KUGA,3,9,Tilleggskontroller for M2/M3 buss (bus-only supplementary checks -- not applicable to M1/PERSONBIL),0,7170,0.0
KIA,RIO,1,9,Tilleggskontroller for M2/M3 buss (bus-only supplementary checks -- not applicable to M1/PERSONBIL),0,599,0.0
FORD,S-MAX,3,9,Tilleggskontroller for M2/M3 buss (bus-only supplementary checks -- not applicable to M1/PERSONBIL),0,5510,0.0
FORD,KA,4,9,Tilleggskontroller for M2/M3 buss (bus-only supplementary checks -- not applicable to M1/PERSONBIL),0,449,0.0
TOYOTA,Aygo X,1,9,Tilleggskontroller for M2/M3 buss (bus-only supplementary checks -- not applicable to M1/PERSONBIL),0,689,0.0
HYUNDAI,I30CW,4,9,Tilleggskontroller for M2/M3 buss (bus-only supplementary checks -- not applicable to M1/PERSONBIL),0,3800,0.0
TOYOTA,AYGO 5-DØRS,4,9,Tilleggskontroller for M2/M3 buss (bus-only supplementary checks -- not applicable to M1/PERSONBIL),0,3007,0.0
SKODA,OCTAVIA,1,9,Tilleggskontroller for M2/M3 buss (bus-only supplementary checks -- not applicable to M1/PERSONBIL),0,14749,0.0
KIA,CEED,3,9,Tilleggskontroller for M2/M3 buss (bus-only supplementary checks -- not applicable to M1/PERSONBIL),0,3585,0.0
MAZDA,3,4,9,Tilleggskontroller for M2/M3 buss (bus-only supplementary checks -- not applicable to M1/PERSONBIL),0,3328,0.0
PEUGEOT,508,2,9,Tilleggskontroller for M2/M3 buss (bus-only supplementary checks -- not applicable to M1/PERSONBIL),0,919,0.0
HONDA,CR-V,1,9,Tilleggskontroller for M2/M3 buss (bus-only supplementary checks -- not applicable to M1/PERSONBIL),0,1749,0.0
AUDI,A6 AVANT,1,9,Tilleggskontroller for M2/M3 buss (bus-only supplementary checks -- not applicable to M1/PERSONBIL),0,526,0.0
FIAT,PANDA,3,9,Tilleggskontroller for M2/M3 buss (bus-only supplementary checks -- not applicable to M1/PERSONBIL),0,332,0.0
KIA,CEE'D SW,1,9,Tilleggskontroller for M2/M3 buss (bus-only supplementary checks -- not applicable to M1/PERSONBIL),0,984,0.0
HYUNDAI,I40,1,9,Tilleggskontroller for M2/M3 buss (bus-only supplementary checks -- not applicable to M1/PERSONBIL),0,1,0.0
KIA,Optima,3,9,Tilleggskontroller for M2/M3 buss (bus-only supplementary checks -- not applicable to M1/PERSONBIL),0,86,0.0
MERCEDES-BENZ,GLE,3,9,Tilleggskontroller for M2/M3 buss (bus-only supplementary checks -- not applicable to M1/PERSONBIL),0,72,0.0
AUDI,A3 Sportback,4,9,Tilleggskontroller for M2/M3 buss (bus-only supplementary checks -- not applicable to M1/PERSONBIL),0,227,0.0
ALFA ROMEO,GIULIETTA,4,9,Tilleggskontroller for M2/M3 buss (bus-only supplementary checks -- not applicable to M1/PERSONBIL),0,1,0.0
TOYOTA,RAV4 Plug in,2,9,Tilleggskontroller for M2/M3 buss (bus-only supplementary checks -- not applicable to M1/PERSONBIL),0,15118,0.0
VOLKSWAGEN,GOLF,2,9,Tilleggskontroller for M2/M3 buss (bus-only supplementary checks -- not applicable to M1/PERSONBIL),0,24534,0.0
AUDI,Q5,4,9,Tilleggskontroller for M2/M3 buss (bus-only supplementary checks -- not applicable to M1/PERSONBIL),1,5189,0.0002
VOLKSWAGEN,PASSAT VARIANT,2,9,Tilleggskontroller for M2/M3 buss (bus-only supplementary checks -- not applicable to M1/PERSONBIL),0,14320,0.0
VOLVO,XC90,1,9,Tilleggskontroller for M2/M3 buss (bus-only supplementary checks -- not applicable to M1/PERSONBIL),0,8675,0.0
MITSUBISHI,ASX,3,9,Tilleggskontroller for M2/M3 buss (bus-only supplementary checks -- not applicable to M1/PERSONBIL),0,9126,0.0
FORD,S-MAX,2,9,Tilleggskontroller for M2/M3 buss (bus-only supplementary checks -- not applicable to M1/PERSONBIL),0,3631,0.0
FORD,FIESTA 5 DØRS,1,9,Tilleggskontroller for M2/M3 buss (bus-only supplementary checks -- not applicable to M1/PERSONBIL),0,3219,0.0
VOLKSWAGEN,POLO,1,9,Tilleggskontroller for M2/M3 buss (bus-only supplementary checks -- not applicable to M1/PERSONBIL),0,5836,0.0
FORD,KUGA,2,9,Tilleggskontroller for M2/M3 buss (bus-only supplementary checks -- not applicable to M1/PERSONBIL),0,4067,0.0
PEUGEOT,508,3,9,Tilleggskontroller for M2/M3 buss (bus-only supplementary checks -- not applicable to M1/PERSONBIL),1,4721,0.0002
FORD,NY Focus,4,9,Tilleggskontroller for M2/M3 buss (bus-only supplementary checks -- not applicable to M1/PERSONBIL),1,12012,0.0001
MERCEDES-BENZ,C-Klasse,4,9,Tilleggskontroller for M2/M3 buss (bus-only supplementary checks -- not applicable to M1/PERSONBIL),1,7755,0.0001
TOYOTA,AVENSIS,4,9,Tilleggskontroller for M2/M3 buss (bus-only supplementary checks -- not applicable to M1/PERSONBIL),1,20526,0.0
TOYOTA,RAV4,1,9,Tilleggskontroller for M2/M3 buss (bus-only supplementary checks -- not applicable to M1/PERSONBIL),0,29243,0.0
MAZDA,MAZDA3,1,9,Tilleggskontroller for M2/M3 buss (bus-only supplementary checks -- not applicable to M1/PERSONBIL),0,1523,0.0
TOYOTA,AYGO 3/5-DØRS,4,9,Tilleggskontroller for M2/M3 buss (bus-only supplementary checks -- not applicable to M1/PERSONBIL),0,3007,0.0
KIA,CEED,2,9,Tilleggskontroller for M2/M3 buss (bus-only supplementary checks -- not applicable to M1/PERSONBIL),0,1150,0.0
TOYOTA,AYGO,1,9,Tilleggskontroller for M2/M3 buss (bus-only supplementary checks -- not applicable to M1/PERSONBIL),0,689,0.0
CITROËN,C4 Cactus,1,9,Tilleggskontroller for M2/M3 buss (bus-only supplementary checks -- not applicable to M1/PERSONBIL),0,1085,0.0
KIA,Optima,2,9,Tilleggskontroller for M2/M3 buss (bus-only supplementary checks -- not applicable to M1/PERSONBIL),0,926,0.0
MERCEDES-BENZ,A-Klasse,4,9,Tilleggskontroller for M2/M3 buss (bus-only supplementary checks -- not applicable to M1/PERSONBIL),0,2238,0.0
MITSUBISHI,COLT,3,9,Tilleggskontroller for M2/M3 buss (bus-only supplementary checks -- not applicable to M1/PERSONBIL),0,1264,0.0
VOLKSWAGEN,UP!,1,9,Tilleggskontroller for M2/M3 buss (bus-only supplementary checks -- not applicable to M1/PERSONBIL),0,680,0.0
FORD,C-MAX,4,9,Tilleggskontroller for M2/M3 buss (bus-only supplementary checks -- not applicable to M1/PERSONBIL),0,1034,0.0
HYUNDAI,I10,1,9,Tilleggskontroller for M2/M3 buss (bus-only supplementary checks -- not applicable to M1/PERSONBIL),0,161,0.0
MAZDA,2,1,9,Tilleggskontroller for M2/M3 buss (bus-only supplementary checks -- not applicable to M1/PERSONBIL),0,625,0.0
CITROËN,C4 PICASSO,4,9,Tilleggskontroller for M2/M3 buss (bus-only supplementary checks -- not applicable to M1/PERSONBIL),0,1058,0.0
FIAT,PANDA,2,9,Tilleggskontroller for M2/M3 buss (bus-only supplementary checks -- not applicable to M1/PERSONBIL),0,94,0.0
PEUGEOT,5008,4,9,Tilleggskontroller for M2/M3 buss (bus-only supplementary checks -- not applicable to M1/PERSONBIL),0,1845,0.0
MERCEDES-BENZ,GLE,2,9,Tilleggskontroller for M2/M3 buss (bus-only supplementary checks -- not applicable to M1/PERSONBIL),0,719,0.0
KIA,VENGA,4,9,Tilleggskontroller for M2/M3 buss (bus-only supplementary checks -- not applicable to M1/PERSONBIL),0,668,0.0
KIA,SPORTAGE,4,9,Tilleggskontroller for M2/M3 buss (bus-only supplementary checks -- not applicable to M1/PERSONBIL),0,1242,0.0
PEUGEOT,108,3,9,Tilleggskontroller for M2/M3 buss (bus-only supplementary checks -- not applicable to M1/PERSONBIL),0,301,0.0
BMW,2-Serie,3,9,Tilleggskontroller for M2/M3 buss (bus-only supplementary checks -- not applicable to M1/PERSONBIL),0,949,0.0
AUDI,A1 SPORTBACK,4,9,Tilleggskontroller for M2/M3 buss (bus-only supplementary checks -- not applicable to M1/PERSONBIL),0,183,0.0
FORD,B-MAX,1,9,Tilleggskontroller for M2/M3 buss (bus-only supplementary checks -- not applicable to M1/PERSONBIL),0,5,0.0
SUZUKI,SX4,3,9,Tilleggskontroller for M2/M3 buss (bus-only supplementary checks -- not applicable to M1/PERSONBIL),0,6632,0.0
VOLVO,XC60,1,9,Tilleggskontroller for M2/M3 buss (bus-only supplementary checks -- not applicable to M1/PERSONBIL),0,16959,0.0
HYUNDAI,Tucson,2,9,Tilleggskontroller for M2/M3 buss (bus-only supplementary checks -- not applicable to M1/PERSONBIL),0,2353,0.0
TOYOTA,AURIS,4,9,Tilleggskontroller for M2/M3 buss (bus-only supplementary checks -- not applicable to M1/PERSONBIL),0,14992,0.0
TOYOTA,AVENSIS STW,4,9,Tilleggskontroller for M2/M3 buss (bus-only supplementary checks -- not applicable to M1/PERSONBIL),1,20526,0.0
MAZDA,CX-5,1,9,Tilleggskontroller for M2/M3 buss (bus-only supplementary checks -- not applicable to M1/PERSONBIL),0,6042,0.0
MERCEDES-BENZ,GLC,1,9,Tilleggskontroller for M2/M3 buss (bus-only supplementary checks -- not applicable to M1/PERSONBIL),0,6276,0.0
MAZDA,MAZDA6,2,9,Tilleggskontroller for M2/M3 buss (bus-only supplementary checks -- not applicable to M1/PERSONBIL),0,2276,0.0
BMW,3-Serie,2,9,Tilleggskontroller for M2/M3 buss (bus-only supplementary checks -- not applicable to M1/PERSONBIL),0,3950,0.0
SKODA,OCTAVIA COMBI,4,9,Tilleggskontroller for M2/M3 buss (bus-only supplementary checks -- not applicable to M1/PERSONBIL),0,12917,0.0
HYUNDAI,I20,4,9,Tilleggskontroller for M2/M3 buss (bus-only supplementary checks -- not applicable to M1/PERSONBIL),0,3876,0.0
SUZUKI,SWIFT,1,9,Tilleggskontroller for M2/M3 buss (bus-only supplementary checks -- not applicable to M1/PERSONBIL),0,4184,0.0
AUDI,Q2,1,9,Tilleggskontroller for M2/M3 buss (bus-only supplementary checks -- not applicable to M1/PERSONBIL),0,1587,0.0
VOLVO,V40,1,9,Tilleggskontroller for M2/M3 buss (bus-only supplementary checks -- not applicable to M1/PERSONBIL),0,3389,0.0
NISSAN,MICRA,4,9,Tilleggskontroller for M2/M3 buss (bus-only supplementary checks -- not applicable to M1/PERSONBIL),0,662,0.0
HONDA,CIVIC,1,9,Tilleggskontroller for M2/M3 buss (bus-only supplementary checks -- not applicable to M1/PERSONBIL),0,573,0.0
TOYOTA,YARIS,1,9,Tilleggskontroller for M2/M3 buss (bus-only supplementary checks -- not applicable to M1/PERSONBIL),0,16882,0.0
NISSAN,QASHQAI,4,9,Tilleggskontroller for M2/M3 buss (bus-only supplementary checks -- not applicable to M1/PERSONBIL),2,9029,0.0002
MERCEDES-BENZ,E-Klasse,1,9,Tilleggskontroller for M2/M3 buss (bus-only supplementary checks -- not applicable to M1/PERSONBIL),0,4198,0.0
HYUNDAI,I 10,3,9,Tilleggskontroller for M2/M3 buss (bus-only supplementary checks -- not applicable to M1/PERSONBIL),0,1046,0.0
FORD,FOCUS,1,9,Tilleggskontroller for M2/M3 buss (bus-only supplementary checks -- not applicable to M1/PERSONBIL),0,6110,0.0
OPEL,CORSA,3,9,Tilleggskontroller for M2/M3 buss (bus-only supplementary checks -- not applicable to M1/PERSONBIL),0,2051,0.0
PEUGEOT,3008,2,9,Tilleggskontroller for M2/M3 buss (bus-only supplementary checks -- not applicable to M1/PERSONBIL),0,3468,0.0
NISSAN,X-TRAIL,1,9,Tilleggskontroller for M2/M3 buss (bus-only supplementary checks -- not applicable to M1/PERSONBIL),0,677,0.0
AUDI,A5 SPORTBACK,1,9,Tilleggskontroller for M2/M3 buss (bus-only supplementary checks -- not applicable to M1/PERSONBIL),0,233,0.0
OPEL,INSIGNIA,4,9,Tilleggskontroller for M2/M3 buss (bus-only supplementary checks -- not applicable to M1/PERSONBIL),0,4475,0.0
OPEL,ZAFIRA,3,9,Tilleggskontroller for M2/M3 buss (bus-only supplementary checks -- not applicable to M1/PERSONBIL),0,1038,0.0
RENAULT,CLIO,4,9,Tilleggskontroller for M2/M3 buss (bus-only supplementary checks -- not applicable to M1/PERSONBIL),0,517,0.0
MERCEDES-BENZ,CLA,3,9,Tilleggskontroller for M2/M3 buss (bus-only supplementary checks -- not applicable to M1/PERSONBIL),0,2171,0.0
RENAULT,Ny Clio,1,9,Tilleggskontroller for M2/M3 buss (bus-only supplementary checks -- not applicable to M1/PERSONBIL),0,563,0.0
CITROËN,C 1,2,9,Tilleggskontroller for M2/M3 buss (bus-only supplementary checks -- not applicable to M1/PERSONBIL),0,428,0.0
MITSUBISHI,SPACE STAR,2,9,Tilleggskontroller for M2/M3 buss (bus-only supplementary checks -- not applicable to M1/PERSONBIL),0,910,0.0
HYUNDAI,KONA,1,9,Tilleggskontroller for M2/M3 buss (bus-only supplementary checks -- not applicable to M1/PERSONBIL),0,232,0.0
AUDI,A3 CABRIOLET,3,9,Tilleggskontroller for M2/M3 buss (bus-only supplementary checks -- not applicable to M1/PERSONBIL),0,103,0.0
MAZDA,Mazda CX-30,1,9,Tilleggskontroller for M2/M3 buss (bus-only supplementary checks -- not applicable to M1/PERSONBIL),0,2458,0.0
SUZUKI,IGNIS,2,9,Tilleggskontroller for M2/M3 buss (bus-only supplementary checks -- not applicable to M1/PERSONBIL),0,813,0.0
HYUNDAI,IX20,4,9,Tilleggskontroller for M2/M3 buss (bus-only supplementary checks -- not applicable to M1/PERSONBIL),0,920,0.0
KIA,XCeed,1,9,Tilleggskontroller for M2/M3 buss (bus-only supplementary checks -- not applicable to M1/PERSONBIL),0,264,0.0
SEAT,IBIZA,4,9,Tilleggskontroller for M2/M3 buss (bus-only supplementary checks -- not applicable to M1/PERSONBIL),0,7,0.0
SEAT,LEON,3,9,Tilleggskontroller for M2/M3 buss (bus-only supplementary checks -- not applicable to M1/PERSONBIL),0,2,0.0
RENAULT,Kadjar,1,9,Tilleggskontroller for M2/M3 buss (bus-only supplementary checks -- not applicable to M1/PERSONBIL),0,356,0.0
TOYOTA,AURIS,2,9,Tilleggskontroller for M2/M3 buss (bus-only supplementary checks -- not applicable to M1/PERSONBIL),0,15458,0.0
VOLVO,V60,3,9,Tilleggskontroller for M2/M3 buss (bus-only supplementary checks -- not applicable to M1/PERSONBIL),0,13953,0.0
PEUGEOT,308,1,9,Tilleggskontroller for M2/M3 buss (bus-only supplementary checks -- not applicable to M1/PERSONBIL),0,1141,0.0
MAZDA,MAZDA6,4,9,Tilleggskontroller for M2/M3 buss (bus-only supplementary checks -- not applicable to M1/PERSONBIL),0,4254,0.0
PEUGEOT,3008,4,9,Tilleggskontroller for M2/M3 buss (bus-only supplementary checks -- not applicable to M1/PERSONBIL),0,4758,0.0
SKODA,OCTAVIA COMBI,2,9,Tilleggskontroller for M2/M3 buss (bus-only supplementary checks -- not applicable to M1/PERSONBIL),0,13702,0.0
CITROËN,C3,1,9,Tilleggskontroller for M2/M3 buss (bus-only supplementary checks -- not applicable to M1/PERSONBIL),0,2416,0.0
SKODA,CITIGO,3,9,Tilleggskontroller for M2/M3 buss (bus-only supplementary checks -- not applicable to M1/PERSONBIL),0,1480,0.0
BMW,3-Serie,4,9,Tilleggskontroller for M2/M3 buss (bus-only supplementary checks -- not applicable to M1/PERSONBIL),1,10635,0.0001
NISSAN,Qashqai J11A,1,9,Tilleggskontroller for M2/M3 buss (bus-only supplementary checks -- not applicable to M1/PERSONBIL),0,4798,0.0
CITROËN,C3 PICASSO,3,9,Tilleggskontroller for M2/M3 buss (bus-only supplementary checks -- not applicable to M1/PERSONBIL),0,382,0.0
SKODA,FABIA COMBI,1,9,Tilleggskontroller for M2/M3 buss (bus-only supplementary checks -- not applicable to M1/PERSONBIL),0,2246,0.0
SKODA,RAPID SPACEBACK,2,9,Tilleggskontroller for M2/M3 buss (bus-only supplementary checks -- not applicable to M1/PERSONBIL),0,1389,0.0
HYUNDAI,i10 AC3,3,9,Tilleggskontroller for M2/M3 buss (bus-only supplementary checks -- not applicable to M1/PERSONBIL),0,1046,0.0
OPEL,INSIGNIA,2,9,Tilleggskontroller for M2/M3 buss (bus-only supplementary checks -- not applicable to M1/PERSONBIL),0,1507,0.0
TOYOTA,AVENSIS STW,2,9,Tilleggskontroller for M2/M3 buss (bus-only supplementary checks -- not applicable to M1/PERSONBIL),0,3935,0.0
NISSAN,QASHQAI,2,9,Tilleggskontroller for M2/M3 buss (bus-only supplementary checks -- not applicable to M1/PERSONBIL),0,7503,0.0
SUZUKI,SX4 S-Cross,3,9,Tilleggskontroller for M2/M3 buss (bus-only supplementary checks -- not applicable to M1/PERSONBIL),0,4208,0.0
NISSAN,JUKE,3,9,Tilleggskontroller for M2/M3 buss (bus-only supplementary checks -- not applicable to M1/PERSONBIL),0,1806,0.0
HYUNDAI,I20,2,9,Tilleggskontroller for M2/M3 buss (bus-only supplementary checks -- not applicable to M1/PERSONBIL),0,2116,0.0
RENAULT,CLIO,2,9,Tilleggskontroller for M2/M3 buss (bus-only supplementary checks -- not applicable to M1/PERSONBIL),0,641,0.0
KIA,PICANTO,1,9,Tilleggskontroller for M2/M3 buss (bus-only supplementary checks -- not applicable to M1/PERSONBIL),0,563,0.0
HONDA,JAZZ,1,9,Tilleggskontroller for M2/M3 buss (bus-only supplementary checks -- not applicable to M1/PERSONBIL),0,801,0.0
HYUNDAI,Tucson,4,9,Tilleggskontroller for M2/M3 buss (bus-only supplementary checks -- not applicable to M1/PERSONBIL),0,317,0.0
AUDI,A3 Limousine,2,9,Tilleggskontroller for M2/M3 buss (bus-only supplementary checks -- not applicable to M1/PERSONBIL),0,290,0.0
FIAT,500,1,9,Tilleggskontroller for M2/M3 buss (bus-only supplementary checks -- not applicable to M1/PERSONBIL),0,212,0.0
SUZUKI,IGNIS,4,9,Tilleggskontroller for M2/M3 buss (bus-only supplementary checks -- not applicable to M1/PERSONBIL),0,390,0.0
OPEL,ASTRA,1,9,Tilleggskontroller for M2/M3 buss (bus-only supplementary checks -- not applicable to M1/PERSONBIL),1,1077,0.0009
BMW,1-Serie,1,9,Tilleggskontroller for M2/M3 buss (bus-only supplementary checks -- not applicable to M1/PERSONBIL),0,314,0.0
SKODA,RAPID,3,9,Tilleggskontroller for M2/M3 buss (bus-only supplementary checks -- not applicable to M1/PERSONBIL),0,1667,0.0
RENAULT,MEGANE SPORT TOURER,1,9,Tilleggskontroller for M2/M3 buss (bus-only supplementary checks -- not applicable to M1/PERSONBIL),0,294,0.0
HYUNDAI,IX20,2,9,Tilleggskontroller for M2/M3 buss (bus-only supplementary checks -- not applicable to M1/PERSONBIL),0,230,0.0
CITROËN,C 1,4,9,Tilleggskontroller for M2/M3 buss (bus-only supplementary checks -- not applicable to M1/PERSONBIL),0,1119,0.0
RENAULT,MEGANE,3,9,Tilleggskontroller for M2/M3 buss (bus-only supplementary checks -- not applicable to M1/PERSONBIL),0,1261,0.0
CITROËN,C1,3,9,Tilleggskontroller for M2/M3 buss (bus-only supplementary checks -- not applicable to M1/PERSONBIL),0,880,0.0
NISSAN,MICRA,2,9,Tilleggskontroller for M2/M3 buss (bus-only supplementary checks -- not applicable to M1/PERSONBIL),0,274,0.0
VOLVO,V90,2,9,Tilleggskontroller for M2/M3 buss (bus-only supplementary checks -- not applicable to M1/PERSONBIL),0,4670,0.0
KIA,Niro,2,9,Tilleggskontroller for M2/M3 buss (bus-only supplementary checks -- not applicable to M1/PERSONBIL),0,2639,0.0
NISSAN,NOTE,1,9,Tilleggskontroller for M2/M3 buss (bus-only supplementary checks -- not applicable to M1/PERSONBIL),0,25,0.0
SEAT,IBIZA,2,9,Tilleggskontroller for M2/M3 buss (bus-only supplementary checks -- not applicable to M1/PERSONBIL),0,1,0.0
MERCEDES-BENZ,E,1,9,Tilleggskontroller for M2/M3 buss (bus-only supplementary checks -- not applicable to M1/PERSONBIL),0,4198,0.0
TOYOTA,YARIS 5-DØRS,2,9,Tilleggskontroller for M2/M3 buss (bus-only supplementary checks -- not applicable to M1/PERSONBIL),0,15223,0.0
MAZDA,3,2,9,Tilleggskontroller for M2/M3 buss (bus-only supplementary checks -- not applicable to M1/PERSONBIL),0,2010,0.0
VOLVO,XC40,1,9,Tilleggskontroller for M2/M3 buss (bus-only supplementary checks -- not applicable to M1/PERSONBIL),0,6206,0.0
AUDI,Q5,3,9,Tilleggskontroller for M2/M3 buss (bus-only supplementary checks -- not applicable to M1/PERSONBIL),0,5548,0.0
PEUGEOT,5008,3,9,Tilleggskontroller for M2/M3 buss (bus-only supplementary checks -- not applicable to M1/PERSONBIL),0,1911,0.0
AUDI,A3,1,9,Tilleggskontroller for M2/M3 buss (bus-only supplementary checks -- not applicable to M1/PERSONBIL),0,4115,0.0
KIA,SPORTAGE,3,9,Tilleggskontroller for M2/M3 buss (bus-only supplementary checks -- not applicable to M1/PERSONBIL),0,7796,0.0
VOLKSWAGEN,TOURAN,2,9,Tilleggskontroller for M2/M3 buss (bus-only supplementary checks -- not applicable to M1/PERSONBIL),0,2051,0.0
FORD,MONDEO STATIONCAR,2,9,Tilleggskontroller for M2/M3 buss (bus-only supplementary checks -- not applicable to M1/PERSONBIL),0,5589,0.0
CITROËN,C4 PICASSO,3,9,Tilleggskontroller for M2/M3 buss (bus-only supplementary checks -- not applicable to M1/PERSONBIL),1,1484,0.0007
MERCEDES-BENZ,A-Klasse,3,9,Tilleggskontroller for M2/M3 buss (bus-only supplementary checks -- not applicable to M1/PERSONBIL),0,6182,0.0
AUDI,A4 AVANT,1,9,Tilleggskontroller for M2/M3 buss (bus-only supplementary checks -- not applicable to M1/PERSONBIL),0,1533,0.0
VOLVO,V70,2,9,Tilleggskontroller for M2/M3 buss (bus-only supplementary checks -- not applicable to M1/PERSONBIL),1,2502,0.0004
OPEL,Mokka,1,9,Tilleggskontroller for M2/M3 buss (bus-only supplementary checks -- not applicable to M1/PERSONBIL),0,1060,0.0
MINI,COOPER,2,9,Tilleggskontroller for M2/M3 buss (bus-only supplementary checks -- not applicable to M1/PERSONBIL),0,1205,0.0
AUDI,A1 SPORTBACK,3,9,Tilleggskontroller for M2/M3 buss (bus-only supplementary checks -- not applicable to M1/PERSONBIL),0,3090,0.0
MERCEDES-BENZ,GLA,2,9,Tilleggskontroller for M2/M3 buss (bus-only supplementary checks -- not applicable to M1/PERSONBIL),0,1805,0.0
MITSUBISHI,COLT,4,9,Tilleggskontroller for M2/M3 buss (bus-only supplementary checks -- not applicable to M1/PERSONBIL),0,3136,0.0
TOYOTA,AVENSIS,3,9,Tilleggskontroller for M2/M3 buss (bus-only supplementary checks -- not applicable to M1/PERSONBIL),0,12867,0.0
FORD,NY Focus,3,9,Tilleggskontroller for M2/M3 buss (bus-only supplementary checks -- not applicable to M1/PERSONBIL),1,15257,0.0001
SKODA,SUPERB,1,9,Tilleggskontroller for M2/M3 buss (bus-only supplementary checks -- not applicable to M1/PERSONBIL),0,6713,0.0
TOYOTA,AYGO 5-DØRS,2,9,Tilleggskontroller for M2/M3 buss (bus-only supplementary checks -- not applicable to M1/PERSONBIL),0,608,0.0
MERCEDES-BENZ,C-Klasse,3,9,Tilleggskontroller for M2/M3 buss (bus-only supplementary checks -- not applicable to M1/PERSONBIL),0,6797,0.0
AUDI,A3 Sportback,2,9,Tilleggskontroller for M2/M3 buss (bus-only supplementary checks -- not applicable to M1/PERSONBIL),0,8901,0.0
SKODA,FABIA,1,9,Tilleggskontroller for M2/M3 buss (bus-only supplementary checks -- not applicable to M1/PERSONBIL),0,2246,0.0
TOYOTA,AYGO 3/5-DØRS,3,9,Tilleggskontroller for M2/M3 buss (bus-only supplementary checks -- not applicable to M1/PERSONBIL),0,2298,0.0
FORD,C-MAX,3,9,Tilleggskontroller for M2/M3 buss (bus-only supplementary checks -- not applicable to M1/PERSONBIL),0,1829,0.0
HYUNDAI,Ioniq,1,9,Tilleggskontroller for M2/M3 buss (bus-only supplementary checks -- not applicable to M1/PERSONBIL),0,1674,0.0
VOLKSWAGEN,Golf Sportsvan,1,9,Tilleggskontroller for M2/M3 buss (bus-only supplementary checks -- not applicable to M1/PERSONBIL),0,502,0.0
FORD,GALAXY,2,9,Tilleggskontroller for M2/M3 buss (bus-only supplementary checks -- not applicable to M1/PERSONBIL),0,493,0.0
KIA,VENGA,3,9,Tilleggskontroller for M2/M3 buss (bus-only supplementary checks -- not applicable to M1/PERSONBIL),0,1099,0.0
PEUGEOT,206 +,4,9,Tilleggskontroller for M2/M3 buss (bus-only supplementary checks -- not applicable to M1/PERSONBIL),0,143,0.0
KIA,CEED SW,1,9,Tilleggskontroller for M2/M3 buss (bus-only supplementary checks -- not applicable to M1/PERSONBIL),0,984,0.0
CITROËN,C5 Aircross,1,9,Tilleggskontroller for M2/M3 buss (bus-only supplementary checks -- not applicable to M1/PERSONBIL),0,1527,0.0
CITROËN,BERLINGO,1,9,Tilleggskontroller for M2/M3 buss (bus-only supplementary checks -- not applicable to M1/PERSONBIL),0,389,0.0
MITSUBISHI,ASX,4,9,Tilleggskontroller for M2/M3 buss (bus-only supplementary checks -- not applicable to M1/PERSONBIL),0,5149,0.0
FORD,KA,2,9,Tilleggskontroller for M2/M3 buss (bus-only supplementary checks -- not applicable to M1/PERSONBIL),0,41,0.0
ALFA ROMEO,GIULIETTA,2,9,Tilleggskontroller for M2/M3 buss (bus-only supplementary checks -- not applicable to M1/PERSONBIL),0,35,0.0
VOLKSWAGEN,T-Cross,1,9,Tilleggskontroller for M2/M3 buss (bus-only supplementary checks -- not applicable to M1/PERSONBIL),0,1210,0.0
BMW,4-serie,3,9,Tilleggskontroller for M2/M3 buss (bus-only supplementary checks -- not applicable to M1/PERSONBIL),0,422,0.0
PEUGEOT,508,4,9,Tilleggskontroller for M2/M3 buss (bus-only supplementary checks -- not applicable to M1/PERSONBIL),0,1566,0.0
KIA,Stonic,2,9,Tilleggskontroller for M2/M3 buss (bus-only supplementary checks -- not applicable to M1/PERSONBIL),0,93,0.0
VOLKSWAGEN,TOURAN,3,9,Tilleggskontroller for M2/M3 buss (bus-only supplementary checks -- not applicable to M1/PERSONBIL),0,5455,0.0
VOLKSWAGEN,PASSAT VARIANT,4,9,Tilleggskontroller for M2/M3 buss (bus-only supplementary checks -- not applicable to M1/PERSONBIL),1,15462,0.0001
TOYOTA,YARIS 5-DØRS,3,9,Tilleggskontroller for M2/M3 buss (bus-only supplementary checks -- not applicable to M1/PERSONBIL),1,21128,0.0
FORD,MONDEO STATIONCAR,3,9,Tilleggskontroller for M2/M3 buss (bus-only supplementary checks -- not applicable to M1/PERSONBIL),0,9588,0.0
VOLKSWAGEN,GOLF,4,9,Tilleggskontroller for M2/M3 buss (bus-only supplementary checks -- not applicable to M1/PERSONBIL),2,32682,0.0001
MINI,COOPER,3,9,Tilleggskontroller for M2/M3 buss (bus-only supplementary checks -- not applicable to M1/PERSONBIL),0,3308,0.0
VOLVO,V70,3,9,Tilleggskontroller for M2/M3 buss (bus-only supplementary checks -- not applicable to M1/PERSONBIL),1,11477,0.0001
ALFA ROMEO,GIULIETTA,3,9,Tilleggskontroller for M2/M3 buss (bus-only supplementary checks -- not applicable to M1/PERSONBIL),0,258,0.0
FORD,S-MAX,4,9,Tilleggskontroller for M2/M3 buss (bus-only supplementary checks -- not applicable to M1/PERSONBIL),0,6314,0.0
SKODA,SUPERB COMBI,1,9,Tilleggskontroller for M2/M3 buss (bus-only supplementary checks -- not applicable to M1/PERSONBIL),0,6713,0.0
FORD,GALAXY,3,9,Tilleggskontroller for M2/M3 buss (bus-only supplementary checks -- not applicable to M1/PERSONBIL),0,1766,0.0
AUDI,A1 SPORTBACK,2,9,Tilleggskontroller for M2/M3 buss (bus-only supplementary checks -- not applicable to M1/PERSONBIL),0,1299,0.0
TOYOTA,RAV4 Plug in,4,9,Tilleggskontroller for M2/M3 buss (bus-only supplementary checks -- not applicable to M1/PERSONBIL),0,10666,0.0
AUDI,Q5,2,9,Tilleggskontroller for M2/M3 buss (bus-only supplementary checks -- not applicable to M1/PERSONBIL),0,2270,0.0
PEUGEOT,2008,1,9,Tilleggskontroller for M2/M3 buss (bus-only supplementary checks -- not applicable to M1/PERSONBIL),0,2747,0.0
FORD,KUGA,4,9,Tilleggskontroller for M2/M3 buss (bus-only supplementary checks -- not applicable to M1/PERSONBIL),1,5780,0.0002
KIA,SPORTAGE,2,9,Tilleggskontroller for M2/M3 buss (bus-only supplementary checks -- not applicable to M1/PERSONBIL),0,3281,0.0
PEUGEOT,5008,2,9,Tilleggskontroller for M2/M3 buss (bus-only supplementary checks -- not applicable to M1/PERSONBIL),0,1312,0.0
PEUGEOT,208,1,9,Tilleggskontroller for M2/M3 buss (bus-only supplementary checks -- not applicable to M1/PERSONBIL),0,1123,0.0
AUDI,Q3,1,9,Tilleggskontroller for M2/M3 buss (bus-only supplementary checks -- not applicable to M1/PERSONBIL),0,911,0.0
MERCEDES-BENZ,A-Klasse,2,9,Tilleggskontroller for M2/M3 buss (bus-only supplementary checks -- not applicable to M1/PERSONBIL),0,2268,0.0
AUDI,A3 Sportback,3,9,Tilleggskontroller for M2/M3 buss (bus-only supplementary checks -- not applicable to M1/PERSONBIL),0,9047,0.0
TOYOTA,AVENSIS,2,9,Tilleggskontroller for M2/M3 buss (bus-only supplementary checks -- not applicable to M1/PERSONBIL),0,3935,0.0
FORD,NY Focus,2,9,Tilleggskontroller for M2/M3 buss (bus-only supplementary checks -- not applicable to M1/PERSONBIL),0,5076,0.0
TOYOTA,AYGO 5-DØRS,3,9,Tilleggskontroller for M2/M3 buss (bus-only supplementary checks -- not applicable to M1/PERSONBIL),0,2298,0.0
TOYOTA,AYGO 3/5-DØRS,2,9,Tilleggskontroller for M2/M3 buss (bus-only supplementary checks -- not applicable to M1/PERSONBIL),0,608,0.0
MAZDA,3,3,9,Tilleggskontroller for M2/M3 buss (bus-only supplementary checks -- not applicable to M1/PERSONBIL),0,2880,0.0
TOYOTA,COROLLA,3,9,Tilleggskontroller for M2/M3 buss (bus-only supplementary checks -- not applicable to M1/PERSONBIL),0,284,0.0
BMW,X5,1,9,Tilleggskontroller for M2/M3 buss (bus-only supplementary checks -- not applicable to M1/PERSONBIL),0,5474,0.0
OPEL,Grandland X,1,9,Tilleggskontroller for M2/M3 buss (bus-only supplementary checks -- not applicable to M1/PERSONBIL),0,2268,0.0
OPEL,Crossland X,1,9,Tilleggskontroller for M2/M3 buss (bus-only supplementary checks -- not applicable to M1/PERSONBIL),0,1377,0.0
CITROËN,C4 PICASSO,2,9,Tilleggskontroller for M2/M3 buss (bus-only supplementary checks -- not applicable to M1/PERSONBIL),0,1511,0.0
HYUNDAI,I30CW,3,9,Tilleggskontroller for M2/M3 buss (bus-only supplementary checks -- not applicable to M1/PERSONBIL),0,164,0.0
MERCEDES-BENZ,C-Klasse,2,9,Tilleggskontroller for M2/M3 buss (bus-only supplementary checks -- not applicable to M1/PERSONBIL),0,5861,0.0
FORD,KA,3,9,Tilleggskontroller for M2/M3 buss (bus-only supplementary checks -- not applicable to M1/PERSONBIL),0,505,0.0
FORD,C-MAX,2,9,Tilleggskontroller for M2/M3 buss (bus-only supplementary checks -- not applicable to M1/PERSONBIL),0,749,0.0
BMW,4-serie,2,9,Tilleggskontroller for M2/M3 buss (bus-only supplementary checks -- not applicable to M1/PERSONBIL),0,509,0.0
KIA,VENGA,2,9,Tilleggskontroller for M2/M3 buss (bus-only supplementary checks -- not applicable to M1/PERSONBIL),0,273,0.0
MAZDA,MAZDA2,1,9,Tilleggskontroller for M2/M3 buss (bus-only supplementary checks -- not applicable to M1/PERSONBIL),0,625,0.0
KIA,CEED,4,9,Tilleggskontroller for M2/M3 buss (bus-only supplementary checks -- not applicable to M1/PERSONBIL),0,742,0.0
FIAT,PANDA,4,9,Tilleggskontroller for M2/M3 buss (bus-only supplementary checks -- not applicable to M1/PERSONBIL),0,101,0.0
MERCEDES-BENZ,GLA,3,9,Tilleggskontroller for M2/M3 buss (bus-only supplementary checks -- not applicable to M1/PERSONBIL),0,1359,0.0
KIA,Optima,4,9,Tilleggskontroller for M2/M3 buss (bus-only supplementary checks -- not applicable to M1/PERSONBIL),0,1,0.0
FORD,FIESTA 5 DØRS,3,9,Tilleggskontroller for M2/M3 buss (bus-only supplementary checks -- not applicable to M1/PERSONBIL),0,8583,0.0
MERCEDES-BENZ,E,4,9,Tilleggskontroller for M2/M3 buss (bus-only supplementary checks -- not applicable to M1/PERSONBIL),0,11198,0.0
VOLKSWAGEN,UP!,3,9,Tilleggskontroller for M2/M3 buss (bus-only supplementary checks -- not applicable to M1/PERSONBIL),0,4436,0.0
VOLVO,V50,4,9,Tilleggskontroller for M2/M3 buss (bus-only supplementary checks -- not applicable to M1/PERSONBIL),0,11296,0.0
PEUGEOT,508,1,9,Tilleggskontroller for M2/M3 buss (bus-only supplementary checks -- not applicable to M1/PERSONBIL),0,1065,0.0
VOLKSWAGEN,POLO,3,9,Tilleggskontroller for M2/M3 buss (bus-only supplementary checks -- not applicable to M1/PERSONBIL),1,10576,0.0001
MAZDA,2,3,9,Tilleggskontroller for M2/M3 buss (bus-only supplementary checks -- not applicable to M1/PERSONBIL),0,1899,0.0
VOLVO,XC90,3,9,Tilleggskontroller for M2/M3 buss (bus-only supplementary checks -- not applicable to M1/PERSONBIL),0,1135,0.0
AUDI,A3,4,9,Tilleggskontroller for M2/M3 buss (bus-only supplementary checks -- not applicable to M1/PERSONBIL),1,8787,0.0001
HONDA,CR-V,2,9,Tilleggskontroller for M2/M3 buss (bus-only supplementary checks -- not applicable to M1/PERSONBIL),0,2570,0.0
FORD,FOCUS STATIONSVOGN,2,9,Tilleggskontroller for M2/M3 buss (bus-only supplementary checks -- not applicable to M1/PERSONBIL),0,5076,0.0
BMW,2-Serie,1,9,Tilleggskontroller for M2/M3 buss (bus-only supplementary checks -- not applicable to M1/PERSONBIL),0,7055,0.0
AUDI,A6 AVANT,2,9,Tilleggskontroller for M2/M3 buss (bus-only supplementary checks -- not applicable to M1/PERSONBIL),0,1067,0.0
SKODA,FABIA,4,9,Tilleggskontroller for M2/M3 buss (bus-only supplementary checks -- not applicable to M1/PERSONBIL),1,4252,0.0002
KIA,CEE'D SW,2,9,Tilleggskontroller for M2/M3 buss (bus-only supplementary checks -- not applicable to M1/PERSONBIL),0,1150,0.0
SKODA,OCTAVIA,2,9,Tilleggskontroller for M2/M3 buss (bus-only supplementary checks -- not applicable to M1/PERSONBIL),0,13702,0.0
SKODA,SUPERB,4,9,Tilleggskontroller for M2/M3 buss (bus-only supplementary checks -- not applicable to M1/PERSONBIL),1,3621,0.0003
TOYOTA,RAV4,3,9,Tilleggskontroller for M2/M3 buss (bus-only supplementary checks -- not applicable to M1/PERSONBIL),0,11242,0.0
HYUNDAI,I10,3,9,Tilleggskontroller for M2/M3 buss (bus-only supplementary checks -- not applicable to M1/PERSONBIL),0,1046,0.0
TOYOTA,AYGO,3,9,Tilleggskontroller for M2/M3 buss (bus-only supplementary checks -- not applicable to M1/PERSONBIL),0,2298,0.0
OPEL,MERIVA,4,9,Tilleggskontroller for M2/M3 buss (bus-only supplementary checks -- not applicable to M1/PERSONBIL),0,1312,0.0
FORD,B-MAX,3,9,Tilleggskontroller for M2/M3 buss (bus-only supplementary checks -- not applicable to M1/PERSONBIL),0,1129,0.0
TOYOTA,Aygo X,2,9,Tilleggskontroller for M2/M3 buss (bus-only supplementary checks -- not applicable to M1/PERSONBIL),0,608,0.0
MAZDA,MAZDA3,3,9,Tilleggskontroller for M2/M3 buss (bus-only supplementary checks -- not applicable to M1/PERSONBIL),0,2880,0.0
KIA,RIO,2,9,Tilleggskontroller for M2/M3 buss (bus-only supplementary checks -- not applicable to M1/PERSONBIL),0,1154,0.0
MITSUBISHI,ASX,1,9,Tilleggskontroller for M2/M3 buss (bus-only supplementary checks -- not applicable to M1/PERSONBIL),0,452,0.0
HYUNDAI,I40,2,9,Tilleggskontroller for M2/M3 buss (bus-only supplementary checks -- not applicable to M1/PERSONBIL),0,123,0.0
PEUGEOT,108,1,9,Tilleggskontroller for M2/M3 buss (bus-only supplementary checks -- not applicable to M1/PERSONBIL),0,129,0.0
KIA,CEED SW,4,9,Tilleggskontroller for M2/M3 buss (bus-only supplementary checks -- not applicable to M1/PERSONBIL),0,742,0.0
CITROËN,BERLINGO,4,9,Tilleggskontroller for M2/M3 buss (bus-only supplementary checks -- not applicable to M1/PERSONBIL),0,993,0.0
SUZUKI,ALTO,4,9,Tilleggskontroller for M2/M3 buss (bus-only supplementary checks -- not applicable to M1/PERSONBIL),0,392,0.0
CITROËN,C4 Cactus,3,9,Tilleggskontroller for M2/M3 buss (bus-only supplementary checks -- not applicable to M1/PERSONBIL),0,775,0.0
AUDI,A4 AVANT,4,9,Tilleggskontroller for M2/M3 buss (bus-only supplementary checks -- not applicable to M1/PERSONBIL),0,152,0.0
OPEL,Mokka,4,9,Tilleggskontroller for M2/M3 buss (bus-only supplementary checks -- not applicable to M1/PERSONBIL),0,35,0.0
SKODA,RAPID SPACEBACK,1,9,Tilleggskontroller for M2/M3 buss (bus-only supplementary checks -- not applicable to M1/PERSONBIL),0,482,0.0
VOLVO,V90,1,9,Tilleggskontroller for M2/M3 buss (bus-only supplementary checks -- not applicable to M1/PERSONBIL),0,10928,0.0
PEUGEOT,308,2,9,Tilleggskontroller for M2/M3 buss (bus-only supplementary checks -- not applicable to M1/PERSONBIL),0,4530,0.0
TOYOTA,AURIS,1,9,Tilleggskontroller for M2/M3 buss (bus-only supplementary checks -- not applicable to M1/PERSONBIL),0,6033,0.0
VOLKSWAGEN,TIGUAN,3,9,Tilleggskontroller for M2/M3 buss (bus-only supplementary checks -- not applicable to M1/PERSONBIL),0,13669,0.0
TOYOTA,VERSO,3,9,Tilleggskontroller for M2/M3 buss (bus-only supplementary checks -- not applicable to M1/PERSONBIL),1,3553,0.0003
BMW,X3,3,9,Tilleggskontroller for M2/M3 buss (bus-only supplementary checks -- not applicable to M1/PERSONBIL),0,9399,0.0
MITSUBISHI,OUTLANDER,3,9,Tilleggskontroller for M2/M3 buss (bus-only supplementary checks -- not applicable to M1/PERSONBIL),0,16791,0.0
KIA,Niro,1,9,Tilleggskontroller for M2/M3 buss (bus-only supplementary checks -- not applicable to M1/PERSONBIL),0,5432,0.0
BMW,5-Serie,3,9,Tilleggskontroller for M2/M3 buss (bus-only supplementary checks -- not applicable to M1/PERSONBIL),0,8687,0.0
SKODA,OCTAVIA COMBI,1,9,Tilleggskontroller for M2/M3 buss (bus-only supplementary checks -- not applicable to M1/PERSONBIL),0,14749,0.0
BMW,1-Serie,2,9,Tilleggskontroller for M2/M3 buss (bus-only supplementary checks -- not applicable to M1/PERSONBIL),0,1319,0.0
MERCEDES-BENZ,C,3,9,Tilleggskontroller for M2/M3 buss (bus-only supplementary checks -- not applicable to M1/PERSONBIL),0,6797,0.0
VOLVO,XC60,4,9,Tilleggskontroller for M2/M3 buss (bus-only supplementary checks -- not applicable to M1/PERSONBIL),0,9334,0.0
TOYOTA,AVENSIS STW,1,9,Tilleggskontroller for M2/M3 buss (bus-only supplementary checks -- not applicable to M1/PERSONBIL),0,538,0.0
SUZUKI,SWIFT,4,9,Tilleggskontroller for M2/M3 buss (bus-only supplementary checks -- not applicable to M1/PERSONBIL),0,4271,0.0
NISSAN,Qashqai J11A,2,9,Tilleggskontroller for M2/M3 buss (bus-only supplementary checks -- not applicable to M1/PERSONBIL),0,7503,0.0
NISSAN,X-TRAIL,4,9,Tilleggskontroller for M2/M3 buss (bus-only supplementary checks -- not applicable to M1/PERSONBIL),0,3637,0.0
PEUGEOT,207,3,9,Tilleggskontroller for M2/M3 buss (bus-only supplementary checks -- not applicable to M1/PERSONBIL),0,610,0.0
OPEL,INSIGNIA,1,9,Tilleggskontroller for M2/M3 buss (bus-only supplementary checks -- not applicable to M1/PERSONBIL),0,1365,0.0
AUDI,A3 Limousine,1,9,Tilleggskontroller for M2/M3 buss (bus-only supplementary checks -- not applicable to M1/PERSONBIL),0,109,0.0
TOYOTA,YARIS,4,9,Tilleggskontroller for M2/M3 buss (bus-only supplementary checks -- not applicable to M1/PERSONBIL),0,12845,0.0
SUZUKI,SX4 COMBIBACK,3,9,Tilleggskontroller for M2/M3 buss (bus-only supplementary checks -- not applicable to M1/PERSONBIL),0,6632,0.0
MERCEDES-BENZ,E-Klasse,4,9,Tilleggskontroller for M2/M3 buss (bus-only supplementary checks -- not applicable to M1/PERSONBIL),0,11198,0.0
NISSAN,QASHQAI,1,9,Tilleggskontroller for M2/M3 buss (bus-only supplementary checks -- not applicable to M1/PERSONBIL),0,4798,0.0
FORD,FOCUS,4,9,Tilleggskontroller for M2/M3 buss (bus-only supplementary checks -- not applicable to M1/PERSONBIL),1,12012,0.0001
NISSAN,NOTE,2,9,Tilleggskontroller for M2/M3 buss (bus-only supplementary checks -- not applicable to M1/PERSONBIL),0,358,0.0
MERCEDES-BENZ,B-Klasse,3,9,Tilleggskontroller for M2/M3 buss (bus-only supplementary checks -- not applicable to M1/PERSONBIL),0,4025,0.0
KIA,PICANTO,2,9,Tilleggskontroller for M2/M3 buss (bus-only supplementary checks -- not applicable to M1/PERSONBIL),0,1280,0.0
HYUNDAI,i30 Stc.,4,9,Tilleggskontroller for M2/M3 buss (bus-only supplementary checks -- not applicable to M1/PERSONBIL),0,3800,0.0
SKODA,FABIA COMBI,2,9,Tilleggskontroller for M2/M3 buss (bus-only supplementary checks -- not applicable to M1/PERSONBIL),0,3224,0.0
HONDA,JAZZ,2,9,Tilleggskontroller for M2/M3 buss (bus-only supplementary checks -- not applicable to M1/PERSONBIL),0,727,0.0
HONDA,CIVIC,4,9,Tilleggskontroller for M2/M3 buss (bus-only supplementary checks -- not applicable to M1/PERSONBIL),0,2980,0.0
FIAT,Punto S7,3,9,Tilleggskontroller for M2/M3 buss (bus-only supplementary checks -- not applicable to M1/PERSONBIL),0,91,0.0
HYUNDAI,I20,1,9,Tilleggskontroller for M2/M3 buss (bus-only supplementary checks -- not applicable to M1/PERSONBIL),0,1113,0.0
RENAULT,Ny Clio,4,9,Tilleggskontroller for M2/M3 buss (bus-only supplementary checks -- not applicable to M1/PERSONBIL),0,517,0.0
HYUNDAI,I30,3,9,Tilleggskontroller for M2/M3 buss (bus-only supplementary checks -- not applicable to M1/PERSONBIL),0,164,0.0
RENAULT,Kadjar,2,9,Tilleggskontroller for M2/M3 buss (bus-only supplementary checks -- not applicable to M1/PERSONBIL),0,688,0.0
DACIA,Duster,3,9,Tilleggskontroller for M2/M3 buss (bus-only supplementary checks -- not applicable to M1/PERSONBIL),0,489,0.0
CITROËN,C3,2,9,Tilleggskontroller for M2/M3 buss (bus-only supplementary checks -- not applicable to M1/PERSONBIL),0,1100,0.0
RENAULT,MEGANE SPORT TOURER,2,9,Tilleggskontroller for M2/M3 buss (bus-only supplementary checks -- not applicable to M1/PERSONBIL),0,326,0.0
RENAULT,CLIO,1,9,Tilleggskontroller for M2/M3 buss (bus-only supplementary checks -- not applicable to M1/PERSONBIL),0,563,0.0
FIAT,500,2,9,Tilleggskontroller for M2/M3 buss (bus-only supplementary checks -- not applicable to M1/PERSONBIL),0,384,0.0
NISSAN,MICRA,1,9,Tilleggskontroller for M2/M3 buss (bus-only supplementary checks -- not applicable to M1/PERSONBIL),0,296,0.0
OPEL,ASTRA,2,9,Tilleggskontroller for M2/M3 buss (bus-only supplementary checks -- not applicable to M1/PERSONBIL),0,1977,0.0
SEAT,IBIZA,1,9,Tilleggskontroller for M2/M3 buss (bus-only supplementary checks -- not applicable to M1/PERSONBIL),0,162,0.0
SKODA,SCALA,1,9,Tilleggskontroller for M2/M3 buss (bus-only supplementary checks -- not applicable to M1/PERSONBIL),0,339,0.0
CHEVROLET,SPARK,4,9,Tilleggskontroller for M2/M3 buss (bus-only supplementary checks -- not applicable to M1/PERSONBIL),0,21,0.0
AUDI,A5 SPORTBACK,4,9,Tilleggskontroller for M2/M3 buss (bus-only supplementary checks -- not applicable to M1/PERSONBIL),0,69,0.0
SUZUKI,VITARA,3,9,Tilleggskontroller for M2/M3 buss (bus-only supplementary checks -- not applicable to M1/PERSONBIL),0,1056,0.0
MAZDA,CX-3,3,9,Tilleggskontroller for M2/M3 buss (bus-only supplementary checks -- not applicable to M1/PERSONBIL),0,1002,0.0
MAZDA,CX-5,4,9,Tilleggskontroller for M2/M3 buss (bus-only supplementary checks -- not applicable to M1/PERSONBIL),0,302,0.0
VOLVO,V40,4,9,Tilleggskontroller for M2/M3 buss (bus-only supplementary checks -- not applicable to M1/PERSONBIL),0,243,0.0
TOYOTA,Yaris Cross,1,9,Tilleggskontroller for M2/M3 buss (bus-only supplementary checks -- not applicable to M1/PERSONBIL),0,261,0.0
TOYOTA,YARIS 5-DØRS,1,9,Tilleggskontroller for M2/M3 buss (bus-only supplementary checks -- not applicable to M1/PERSONBIL),0,16882,0.0
SKODA,SUPERB COMBI,3,9,Tilleggskontroller for M2/M3 buss (bus-only supplementary checks -- not applicable to M1/PERSONBIL),0,6121,0.0
HONDA,CR-V,4,9,Tilleggskontroller for M2/M3 buss (bus-only supplementary checks -- not applicable to M1/PERSONBIL),1,9204,0.0001
CITROËN,DS3,3,9,Tilleggskontroller for M2/M3 buss (bus-only supplementary checks -- not applicable to M1/PERSONBIL),0,1430,0.0
FORD,FOCUS STATIONSVOGN,4,9,Tilleggskontroller for M2/M3 buss (bus-only supplementary checks -- not applicable to M1/PERSONBIL),1,12012,0.0001
OPEL,Mokka,2,9,Tilleggskontroller for M2/M3 buss (bus-only supplementary checks -- not applicable to M1/PERSONBIL),0,3055,0.0
MERCEDES-BENZ,GLA,1,9,Tilleggskontroller for M2/M3 buss (bus-only supplementary checks -- not applicable to M1/PERSONBIL),0,938,0.0
FORD,MONDEO STATIONCAR,1,9,Tilleggskontroller for M2/M3 buss (bus-only supplementary checks -- not applicable to M1/PERSONBIL),0,1541,0.0
TOYOTA,COROLLA,1,9,Tilleggskontroller for M2/M3 buss (bus-only supplementary checks -- not applicable to M1/PERSONBIL),0,9061,0.0
PEUGEOT,208,3,9,Tilleggskontroller for M2/M3 buss (bus-only supplementary checks -- not applicable to M1/PERSONBIL),1,5152,0.0002
PEUGEOT,2008,3,9,Tilleggskontroller for M2/M3 buss (bus-only supplementary checks -- not applicable to M1/PERSONBIL),0,2682,0.0
AUDI,A3,2,9,Tilleggskontroller for M2/M3 buss (bus-only supplementary checks -- not applicable to M1/PERSONBIL),0,9233,0.0
MERCEDES-BENZ,E,2,9,Tilleggskontroller for M2/M3 buss (bus-only supplementary checks -- not applicable to M1/PERSONBIL),0,3761,0.0
MINI,COOPER,1,9,Tilleggskontroller for M2/M3 buss (bus-only supplementary checks -- not applicable to M1/PERSONBIL),0,538,0.0
VOLKSWAGEN,Golf Sportsvan,2,9,Tilleggskontroller for M2/M3 buss (bus-only supplementary checks -- not applicable to M1/PERSONBIL),0,2883,0.0
MAZDA,3,1,9,Tilleggskontroller for M2/M3 buss (bus-only supplementary checks -- not applicable to M1/PERSONBIL),0,1523,0.0
VOLKSWAGEN,TOURAN,1,9,Tilleggskontroller for M2/M3 buss (bus-only supplementary checks -- not applicable to M1/PERSONBIL),0,1595,0.0
TOYOTA,Aygo X,4,9,Tilleggskontroller for M2/M3 buss (bus-only supplementary checks -- not applicable to M1/PERSONBIL),0,3007,0.0
SKODA,FABIA,2,9,Tilleggskontroller for M2/M3 buss (bus-only supplementary checks -- not applicable to M1/PERSONBIL),0,3224,0.0
SKODA,OCTAVIA,4,9,Tilleggskontroller for M2/M3 buss (bus-only supplementary checks -- not applicable to M1/PERSONBIL),0,12917,0.0
AUDI,A3 Sportback,1,9,Tilleggskontroller for M2/M3 buss (bus-only supplementary checks -- not applicable to M1/PERSONBIL),0,3698,0.0
MAZDA,MAZDA2,3,9,Tilleggskontroller for M2/M3 buss (bus-only supplementary checks -- not applicable to M1/PERSONBIL),0,1899,0.0
SKODA,SUPERB,2,9,Tilleggskontroller for M2/M3 buss (bus-only supplementary checks -- not applicable to M1/PERSONBIL),0,5609,0.0
TOYOTA,AYGO 5-DØRS,1,9,Tilleggskontroller for M2/M3 buss (bus-only supplementary checks -- not applicable to M1/PERSONBIL),0,689,0.0
KIA,CEED SW,2,9,Tilleggskontroller for M2/M3 buss (bus-only supplementary checks -- not applicable to M1/PERSONBIL),0,1150,0.0
AUDI,Q3,3,9,Tilleggskontroller for M2/M3 buss (bus-only supplementary checks -- not applicable to M1/PERSONBIL),0,2899,0.0
BMW,X5,3,9,Tilleggskontroller for M2/M3 buss (bus-only supplementary checks -- not applicable to M1/PERSONBIL),0,2684,0.0
FORD,GALAXY,1,9,Tilleggskontroller for M2/M3 buss (bus-only supplementary checks -- not applicable to M1/PERSONBIL),0,191,0.0
KIA,Stonic,1,9,Tilleggskontroller for M2/M3 buss (bus-only supplementary checks -- not applicable to M1/PERSONBIL),0,630,0.0
AUDI,A4 AVANT,2,9,Tilleggskontroller for M2/M3 buss (bus-only supplementary checks -- not applicable to M1/PERSONBIL),0,1848,0.0
KIA,CEE'D SW,4,9,Tilleggskontroller for M2/M3 buss (bus-only supplementary checks -- not applicable to M1/PERSONBIL),0,742,0.0
CITROËN,BERLINGO,2,9,Tilleggskontroller for M2/M3 buss (bus-only supplementary checks -- not applicable to M1/PERSONBIL),0,293,0.0
OPEL,MERIVA,2,9,Tilleggskontroller for M2/M3 buss (bus-only supplementary checks -- not applicable to M1/PERSONBIL),0,68,0.0
HYUNDAI,Ioniq,2,9,Tilleggskontroller for M2/M3 buss (bus-only supplementary checks -- not applicable to M1/PERSONBIL),0,834,0.0
HYUNDAI,I40,4,9,Tilleggskontroller for M2/M3 buss (bus-only supplementary checks -- not applicable to M1/PERSONBIL),0,753,0.0
SUZUKI,ALTO,2,9,Tilleggskontroller for M2/M3 buss (bus-only supplementary checks -- not applicable to M1/PERSONBIL),0,5,0.0
KIA,RIO,4,9,Tilleggskontroller for M2/M3 buss (bus-only supplementary checks -- not applicable to M1/PERSONBIL),0,248,0.0
AUDI,A6 AVANT,4,9,Tilleggskontroller for M2/M3 buss (bus-only supplementary checks -- not applicable to M1/PERSONBIL),0,143,0.0
VOLVO,XC40,2,9,Tilleggskontroller for M2/M3 buss (bus-only supplementary checks -- not applicable to M1/PERSONBIL),0,184,0.0
CITROËN,C3 Aircross,1,9,Tilleggskontroller for M2/M3 buss (bus-only supplementary checks -- not applicable to M1/PERSONBIL),0,782,0.0
SUZUKI,SX4,2,9,Tilleggskontroller for M2/M3 buss (bus-only supplementary checks -- not applicable to M1/PERSONBIL),0,2476,0.0
MAZDA,MAZDA6,3,9,Tilleggskontroller for M2/M3 buss (bus-only supplementary checks -- not applicable to M1/PERSONBIL),1,3352,0.0003
MERCEDES-BENZ,CLA,2,9,Tilleggskontroller for M2/M3 buss (bus-only supplementary checks -- not applicable to M1/PERSONBIL),0,2377,0.0
BMW,3-Serie,3,9,Tilleggskontroller for M2/M3 buss (bus-only supplementary checks -- not applicable to M1/PERSONBIL),0,8958,0.0
PEUGEOT,3008,3,9,Tilleggskontroller for M2/M3 buss (bus-only supplementary checks -- not applicable to M1/PERSONBIL),0,3530,0.0
HYUNDAI,Tucson,3,9,Tilleggskontroller for M2/M3 buss (bus-only supplementary checks -- not applicable to M1/PERSONBIL),0,2331,0.0
VOLKSWAGEN,CADDY,1,9,Tilleggskontroller for M2/M3 buss (bus-only supplementary checks -- not applicable to M1/PERSONBIL),0,865,0.0
BMW,X1,1,9,Tilleggskontroller for M2/M3 buss (bus-only supplementary checks -- not applicable to M1/PERSONBIL),0,7080,0.0
VOLKSWAGEN,PASSAT,1,9,Tilleggskontroller for M2/M3 buss (bus-only supplementary checks -- not applicable to M1/PERSONBIL),0,11253,0.0
FORD,FIESTA,1,9,Tilleggskontroller for M2/M3 buss (bus-only supplementary checks -- not applicable to M1/PERSONBIL),0,3219,0.0
RENAULT,MEGANE,4,9,Tilleggskontroller for M2/M3 buss (bus-only supplementary checks -- not applicable to M1/PERSONBIL),0,1622,0.0
FORD,MONDEO,1,9,Tilleggskontroller for M2/M3 buss (bus-only supplementary checks -- not applicable to M1/PERSONBIL),0,1541,0.0
FORD,Focus,1,9,Tilleggskontroller for M2/M3 buss (bus-only supplementary checks -- not applicable to M1/PERSONBIL),0,6110,0.0
OPEL,CORSA,2,9,Tilleggskontroller for M2/M3 buss (bus-only supplementary checks -- not applicable to M1/PERSONBIL),0,1681,0.0
CITROËN,C3 PICASSO,4,9,Tilleggskontroller for M2/M3 buss (bus-only supplementary checks -- not applicable to M1/PERSONBIL),0,833,0.0
MITSUBISHI,SPACE STAR,3,9,Tilleggskontroller for M2/M3 buss (bus-only supplementary checks -- not applicable to M1/PERSONBIL),0,2090,0.0
CITROËN,C4,1,9,Tilleggskontroller for M2/M3 buss (bus-only supplementary checks -- not applicable to M1/PERSONBIL),0,2520,0.0
HYUNDAI,I 10,2,9,Tilleggskontroller for M2/M3 buss (bus-only supplementary checks -- not applicable to M1/PERSONBIL),0,411,0.0
RENAULT,Captur,1,9,Tilleggskontroller for M2/M3 buss (bus-only supplementary checks -- not applicable to M1/PERSONBIL),0,1550,0.0
HYUNDAI,i10 AC3,4,9,Tilleggskontroller for M2/M3 buss (bus-only supplementary checks -- not applicable to M1/PERSONBIL),0,982,0.0
VOLVO,V60,4,9,Tilleggskontroller for M2/M3 buss (bus-only supplementary checks -- not applicable to M1/PERSONBIL),0,3752,0.0
CITROËN,C 1,3,9,Tilleggskontroller for M2/M3 buss (bus-only supplementary checks -- not applicable to M1/PERSONBIL),0,880,0.0
CITROËN,C1,4,9,Tilleggskontroller for M2/M3 buss (bus-only supplementary checks -- not applicable to M1/PERSONBIL),0,1119,0.0
SEAT,Ibiza GP2,1,9,Tilleggskontroller for M2/M3 buss (bus-only supplementary checks -- not applicable to M1/PERSONBIL),0,162,0.0
OPEL,ASTRA SPORTS TOURER,1,9,Tilleggskontroller for M2/M3 buss (bus-only supplementary checks -- not applicable to M1/PERSONBIL),0,128,0.0
NISSAN,JUKE,4,9,Tilleggskontroller for M2/M3 buss (bus-only supplementary checks -- not applicable to M1/PERSONBIL),0,753,0.0
AUDI,A3 CABRIOLET,2,9,Tilleggskontroller for M2/M3 buss (bus-only supplementary checks -- not applicable to M1/PERSONBIL),0,39,0.0
OPEL,ZAFIRA,2,9,Tilleggskontroller for M2/M3 buss (bus-only supplementary checks -- not applicable to M1/PERSONBIL),0,235,0.0
FORD,PUMA,1,9,Tilleggskontroller for M2/M3 buss (bus-only supplementary checks -- not applicable to M1/PERSONBIL),0,614,0.0
SKODA,KAROQ,2,9,Tilleggskontroller for M2/M3 buss (bus-only supplementary checks -- not applicable to M1/PERSONBIL),0,173,0.0
SKODA,CITIGO,4,9,Tilleggskontroller for M2/M3 buss (bus-only supplementary checks -- not applicable to M1/PERSONBIL),0,64,0.0
SEAT,LEON,2,9,Tilleggskontroller for M2/M3 buss (bus-only supplementary checks -- not applicable to M1/PERSONBIL),0,5,0.0
TOYOTA,AURIS,3,9,Tilleggskontroller for M2/M3 buss (bus-only supplementary checks -- not applicable to M1/PERSONBIL),0,23427,0.0
MERCEDES-BENZ,C,1,9,Tilleggskontroller for M2/M3 buss (bus-only supplementary checks -- not applicable to M1/PERSONBIL),0,3637,0.0
HYUNDAI,I20,3,9,Tilleggskontroller for M2/M3 buss (bus-only supplementary checks -- not applicable to M1/PERSONBIL),0,4313,0.0
TOYOTA,AVENSIS STW,3,9,Tilleggskontroller for M2/M3 buss (bus-only supplementary checks -- not applicable to M1/PERSONBIL),0,12867,0.0
AUDI,A3 Limousine,3,9,Tilleggskontroller for M2/M3 buss (bus-only supplementary checks -- not applicable to M1/PERSONBIL),0,391,0.0
SKODA,OCTAVIA COMBI,3,9,Tilleggskontroller for M2/M3 buss (bus-only supplementary checks -- not applicable to M1/PERSONBIL),0,19319,0.0
MITSUBISHI,OUTLANDER,1,9,Tilleggskontroller for M2/M3 buss (bus-only supplementary checks -- not applicable to M1/PERSONBIL),0,27166,0.0
VOLKSWAGEN,TIGUAN,1,9,Tilleggskontroller for M2/M3 buss (bus-only supplementary checks -- not applicable to M1/PERSONBIL),0,8054,0.0
BMW,5-Serie,1,9,Tilleggskontroller for M2/M3 buss (bus-only supplementary checks -- not applicable to M1/PERSONBIL),0,4543,0.0
SUZUKI,SX4,4,9,Tilleggskontroller for M2/M3 buss (bus-only supplementary checks -- not applicable to M1/PERSONBIL),0,4809,0.0
SUZUKI,VITARA,1,9,Tilleggskontroller for M2/M3 buss (bus-only supplementary checks -- not applicable to M1/PERSONBIL),0,3773,0.0
NISSAN,MICRA,3,9,Tilleggskontroller for M2/M3 buss (bus-only supplementary checks -- not applicable to M1/PERSONBIL),0,871,0.0
MERCEDES-BENZ,B-Klasse,1,9,Tilleggskontroller for M2/M3 buss (bus-only supplementary checks -- not applicable to M1/PERSONBIL),0,856,0.0
VOLVO,V60,2,9,Tilleggskontroller for M2/M3 buss (bus-only supplementary checks -- not applicable to M1/PERSONBIL),0,6546,0.0
VOLKSWAGEN,T-Roc,1,9,Tilleggskontroller for M2/M3 buss (bus-only supplementary checks -- not applicable to M1/PERSONBIL),0,7258,0.0
OPEL,INSIGNIA,3,9,Tilleggskontroller for M2/M3 buss (bus-only supplementary checks -- not applicable to M1/PERSONBIL),0,3483,0.0
MAZDA,CX-3,1,9,Tilleggskontroller for M2/M3 buss (bus-only supplementary checks -- not applicable to M1/PERSONBIL),0,2711,0.0
BMW,X3,1,9,Tilleggskontroller for M2/M3 buss (bus-only supplementary checks -- not applicable to M1/PERSONBIL),0,2884,0.0
TOYOTA,Toyota C-HR,1,9,Tilleggskontroller for M2/M3 buss (bus-only supplementary checks -- not applicable to M1/PERSONBIL),0,14399,0.0
SKODA,RAPID,2,9,Tilleggskontroller for M2/M3 buss (bus-only supplementary checks -- not applicable to M1/PERSONBIL),0,1389,0.0
NISSAN,QASHQAI,3,9,Tilleggskontroller for M2/M3 buss (bus-only supplementary checks -- not applicable to M1/PERSONBIL),0,10874,0.0
SUZUKI,SX4 COMBIBACK,1,9,Tilleggskontroller for M2/M3 buss (bus-only supplementary checks -- not applicable to M1/PERSONBIL),0,2054,0.0
SUZUKI,SX4 S-Cross,2,9,Tilleggskontroller for M2/M3 buss (bus-only supplementary checks -- not applicable to M1/PERSONBIL),0,2348,0.0
OPEL,ZAFIRA,4,9,Tilleggskontroller for M2/M3 buss (bus-only supplementary checks -- not applicable to M1/PERSONBIL),0,1175,0.0
HYUNDAI,IX20,3,9,Tilleggskontroller for M2/M3 buss (bus-only supplementary checks -- not applicable to M1/PERSONBIL),0,1937,0.0
HYUNDAI,i10 AC3,2,9,Tilleggskontroller for M2/M3 buss (bus-only supplementary checks -- not applicable to M1/PERSONBIL),0,411,0.0
RENAULT,CLIO,3,9,Tilleggskontroller for M2/M3 buss (bus-only supplementary checks -- not applicable to M1/PERSONBIL),0,1622,0.0
OPEL,CORSA,4,9,Tilleggskontroller for M2/M3 buss (bus-only supplementary checks -- not applicable to M1/PERSONBIL),0,3017,0.0
SKODA,RAPID SPACEBACK,3,9,Tilleggskontroller for M2/M3 buss (bus-only supplementary checks -- not applicable to M1/PERSONBIL),0,1667,0.0
RENAULT,MEGANE,2,9,Tilleggskontroller for M2/M3 buss (bus-only supplementary checks -- not applicable to M1/PERSONBIL),0,326,0.0
NISSAN,JUKE,2,9,Tilleggskontroller for M2/M3 buss (bus-only supplementary checks -- not applicable to M1/PERSONBIL),0,531,0.0
DACIA,Duster,1,9,Tilleggskontroller for M2/M3 buss (bus-only supplementary checks -- not applicable to M1/PERSONBIL),0,767,0.0
CITROËN,C1,2,9,Tilleggskontroller for M2/M3 buss (bus-only supplementary checks -- not applicable to M1/PERSONBIL),0,428,0.0
HYUNDAI,I 10,4,9,Tilleggskontroller for M2/M3 buss (bus-only supplementary checks -- not applicable to M1/PERSONBIL),0,982,0.0
SKODA,CITIGO,2,9,Tilleggskontroller for M2/M3 buss (bus-only supplementary checks -- not applicable to M1/PERSONBIL),0,474,0.0
AUDI,A3 CABRIOLET,4,9,Tilleggskontroller for M2/M3 buss (bus-only supplementary checks -- not applicable to M1/PERSONBIL),0,166,0.0
CITROËN,C3 PICASSO,2,9,Tilleggskontroller for M2/M3 buss (bus-only supplementary checks -- not applicable to M1/PERSONBIL),0,46,0.0
SKODA,KODIAQ,2,9,Tilleggskontroller for M2/M3 buss (bus-only supplementary checks -- not applicable to M1/PERSONBIL),0,2105,0.0
SEAT,LEON,4,9,Tilleggskontroller for M2/M3 buss (bus-only supplementary checks -- not applicable to M1/PERSONBIL),0,7,0.0
MERCEDES-BENZ,B-Klasse,4,9,Tilleggskontroller for M2/M3 buss (bus-only supplementary checks -- not applicable to M1/PERSONBIL),0,4180,0.0
MERCEDES-BENZ,C,4,9,Tilleggskontroller for M2/M3 buss (bus-only supplementary checks -- not applicable to M1/PERSONBIL),1,7755,0.0001
VOLVO,XC60,3,9,Tilleggskontroller for M2/M3 buss (bus-only supplementary checks -- not applicable to M1/PERSONBIL),0,13968,0.0
MAZDA,CX-5,3,9,Tilleggskontroller for M2/M3 buss (bus-only supplementary checks -- not applicable to M1/PERSONBIL),0,14518,0.0
PEUGEOT,207,4,9,Tilleggskontroller for M2/M3 buss (bus-only supplementary checks -- not applicable to M1/PERSONBIL),0,5486,0.0
MITSUBISHI,OUTLANDER,4,9,Tilleggskontroller for M2/M3 buss (bus-only supplementary checks -- not applicable to M1/PERSONBIL),0,10148,0.0
RENAULT,Captur,2,9,Tilleggskontroller for M2/M3 buss (bus-only supplementary checks -- not applicable to M1/PERSONBIL),0,1187,0.0
SKODA,KAROQ,1,9,Tilleggskontroller for M2/M3 buss (bus-only supplementary checks -- not applicable to M1/PERSONBIL),0,2413,0.0
VOLVO,V40,3,9,Tilleggskontroller for M2/M3 buss (bus-only supplementary checks -- not applicable to M1/PERSONBIL),0,13394,0.0
HONDA,CIVIC,3,9,Tilleggskontroller for M2/M3 buss (bus-only supplementary checks -- not applicable to M1/PERSONBIL),0,2369,0.0
BMW,5-Serie,4,9,Tilleggskontroller for M2/M3 buss (bus-only supplementary checks -- not applicable to M1/PERSONBIL),1,10877,0.0001
SUZUKI,SWIFT,3,9,Tilleggskontroller for M2/M3 buss (bus-only supplementary checks -- not applicable to M1/PERSONBIL),0,4814,0.0
VOLKSWAGEN,TIGUAN,4,9,Tilleggskontroller for M2/M3 buss (bus-only supplementary checks -- not applicable to M1/PERSONBIL),0,11058,0.0
MERCEDES-BENZ,CLA,1,9,Tilleggskontroller for M2/M3 buss (bus-only supplementary checks -- not applicable to M1/PERSONBIL),0,1365,0.0
SUZUKI,SX4,1,9,Tilleggskontroller for M2/M3 buss (bus-only supplementary checks -- not applicable to M1/PERSONBIL),0,2054,0.0
CITROËN,C4,2,9,Tilleggskontroller for M2/M3 buss (bus-only supplementary checks -- not applicable to M1/PERSONBIL),0,3636,0.0
BMW,X3,4,9,Tilleggskontroller for M2/M3 buss (bus-only supplementary checks -- not applicable to M1/PERSONBIL),0,5417,0.0
BMW,X1,2,9,Tilleggskontroller for M2/M3 buss (bus-only supplementary checks -- not applicable to M1/PERSONBIL),0,3404,0.0
VOLKSWAGEN,CADDY,2,9,Tilleggskontroller for M2/M3 buss (bus-only supplementary checks -- not applicable to M1/PERSONBIL),0,818,0.0
FORD,MONDEO,2,9,Tilleggskontroller for M2/M3 buss (bus-only supplementary checks -- not applicable to M1/PERSONBIL),0,5589,0.0
TOYOTA,YARIS,3,9,Tilleggskontroller for M2/M3 buss (bus-only supplementary checks -- not applicable to M1/PERSONBIL),1,21128,0.0
MERCEDES-BENZ,E-Klasse,3,9,Tilleggskontroller for M2/M3 buss (bus-only supplementary checks -- not applicable to M1/PERSONBIL),0,8181,0.0
VOLKSWAGEN,PASSAT,2,9,Tilleggskontroller for M2/M3 buss (bus-only supplementary checks -- not applicable to M1/PERSONBIL),0,14320,0.0
SUZUKI,SX4 COMBIBACK,4,9,Tilleggskontroller for M2/M3 buss (bus-only supplementary checks -- not applicable to M1/PERSONBIL),0,4809,0.0
FORD,FIESTA,2,9,Tilleggskontroller for M2/M3 buss (bus-only supplementary checks -- not applicable to M1/PERSONBIL),0,4402,0.0
FORD,Focus,2,9,Tilleggskontroller for M2/M3 buss (bus-only supplementary checks -- not applicable to M1/PERSONBIL),0,5076,0.0
HYUNDAI,I30,4,9,Tilleggskontroller for M2/M3 buss (bus-only supplementary checks -- not applicable to M1/PERSONBIL),0,3800,0.0
FORD,FOCUS,3,9,Tilleggskontroller for M2/M3 buss (bus-only supplementary checks -- not applicable to M1/PERSONBIL),1,15257,0.0001
HYUNDAI,i30 Stc.,3,9,Tilleggskontroller for M2/M3 buss (bus-only supplementary checks -- not applicable to M1/PERSONBIL),0,164,0.0
NISSAN,X-TRAIL,3,9,Tilleggskontroller for M2/M3 buss (bus-only supplementary checks -- not applicable to M1/PERSONBIL),0,2381,0.0
TOYOTA,VERSO,4,9,Tilleggskontroller for M2/M3 buss (bus-only supplementary checks -- not applicable to M1/PERSONBIL),0,2396,0.0
RENAULT,Ny Clio,3,9,Tilleggskontroller for M2/M3 buss (bus-only supplementary checks -- not applicable to M1/PERSONBIL),0,1622,0.0
CHEVROLET,SPARK,3,9,Tilleggskontroller for M2/M3 buss (bus-only supplementary checks -- not applicable to M1/PERSONBIL),0,308,0.0
HYUNDAI,I 10,1,9,Tilleggskontroller for M2/M3 buss (bus-only supplementary checks -- not applicable to M1/PERSONBIL),0,161,0.0
OPEL,ASTRA SPORTS TOURER,2,9,Tilleggskontroller for M2/M3 buss (bus-only supplementary checks -- not applicable to M1/PERSONBIL),0,374,0.0
SEAT,LEON,1,9,Tilleggskontroller for M2/M3 buss (bus-only supplementary checks -- not applicable to M1/PERSONBIL),0,71,0.0
AUDI,A5 SPORTBACK,3,9,Tilleggskontroller for M2/M3 buss (bus-only supplementary checks -- not applicable to M1/PERSONBIL),0,880,0.0
OPEL,ZAFIRA,1,9,Tilleggskontroller for M2/M3 buss (bus-only supplementary checks -- not applicable to M1/PERSONBIL),0,47,0.0
FIAT,Punto S7,4,9,Tilleggskontroller for M2/M3 buss (bus-only supplementary checks -- not applicable to M1/PERSONBIL),0,347,0.0
OPEL,CORSA,1,9,Tilleggskontroller for M2/M3 buss (bus-only supplementary checks -- not applicable to M1/PERSONBIL),0,389,0.0
CITROËN,C3 Aircross,2,9,Tilleggskontroller for M2/M3 buss (bus-only supplementary checks -- not applicable to M1/PERSONBIL),0,91,0.0
DACIA,Duster,4,9,Tilleggskontroller for M2/M3 buss (bus-only supplementary checks -- not applicable to M1/PERSONBIL),0,8,0.0
MERCEDES-BENZ,GLC,3,9,Tilleggskontroller for M2/M3 buss (bus-only supplementary checks -- not applicable to M1/PERSONBIL),0,311,0.0
AUDI,A3 CABRIOLET,1,9,Tilleggskontroller for M2/M3 buss (bus-only supplementary checks -- not applicable to M1/PERSONBIL),0,7,0.0
PEUGEOT,107,2,9,Tilleggskontroller for M2/M3 buss (bus-only supplementary checks -- not applicable to M1/PERSONBIL),0,7,0.0
SEAT,Ibiza GP2,2,9,Tilleggskontroller for M2/M3 buss (bus-only supplementary checks -- not applicable to M1/PERSONBIL),0,1,0.0
VOLKSWAGEN,CADDY,3,9,Tilleggskontroller for M2/M3 buss (bus-only supplementary checks -- not applicable to M1/PERSONBIL),0,1122,0.0
OPEL,ASTRA,4,9,Tilleggskontroller for M2/M3 buss (bus-only supplementary checks -- not applicable to M1/PERSONBIL),0,5454,0.0
PEUGEOT,308,4,9,Tilleggskontroller for M2/M3 buss (bus-only supplementary checks -- not applicable to M1/PERSONBIL),0,4655,0.0
NISSAN,Qashqai J11A,4,9,Tilleggskontroller for M2/M3 buss (bus-only supplementary checks -- not applicable to M1/PERSONBIL),2,9029,0.0002
VOLVO,XC60,2,9,Tilleggskontroller for M2/M3 buss (bus-only supplementary checks -- not applicable to M1/PERSONBIL),0,9732,0.0
SKODA,FABIA COMBI,4,9,Tilleggskontroller for M2/M3 buss (bus-only supplementary checks -- not applicable to M1/PERSONBIL),1,4252,0.0002
HYUNDAI,Tucson,1,9,Tilleggskontroller for M2/M3 buss (bus-only supplementary checks -- not applicable to M1/PERSONBIL),0,2203,0.0
SUZUKI,IGNIS,1,9,Tilleggskontroller for M2/M3 buss (bus-only supplementary checks -- not applicable to M1/PERSONBIL),0,1716,0.0
MAZDA,CX-5,2,9,Tilleggskontroller for M2/M3 buss (bus-only supplementary checks -- not applicable to M1/PERSONBIL),0,8955,0.0
VOLVO,V40,2,9,Tilleggskontroller for M2/M3 buss (bus-only supplementary checks -- not applicable to M1/PERSONBIL),0,6391,0.0
PEUGEOT,3008,1,9,Tilleggskontroller for M2/M3 buss (bus-only supplementary checks -- not applicable to M1/PERSONBIL),0,7489,0.0
NISSAN,NOTE,4,9,Tilleggskontroller for M2/M3 buss (bus-only supplementary checks -- not applicable to M1/PERSONBIL),0,1197,0.0
BMW,X1,3,9,Tilleggskontroller for M2/M3 buss (bus-only supplementary checks -- not applicable to M1/PERSONBIL),0,5709,0.0
SUZUKI,SWIFT,2,9,Tilleggskontroller for M2/M3 buss (bus-only supplementary checks -- not applicable to M1/PERSONBIL),0,2129,0.0
AUDI,A5 SPORTBACK,2,9,Tilleggskontroller for M2/M3 buss (bus-only supplementary checks -- not applicable to M1/PERSONBIL),0,267,0.0
CITROËN,C4,3,9,Tilleggskontroller for M2/M3 buss (bus-only supplementary checks -- not applicable to M1/PERSONBIL),1,5303,0.0002
BMW,3-Serie,1,9,Tilleggskontroller for M2/M3 buss (bus-only supplementary checks -- not applicable to M1/PERSONBIL),0,4744,0.0
OPEL,ASTRA SPORTS TOURER,3,9,Tilleggskontroller for M2/M3 buss (bus-only supplementary checks -- not applicable to M1/PERSONBIL),0,2062,0.0
MAZDA,MAZDA6,1,9,Tilleggskontroller for M2/M3 buss (bus-only supplementary checks -- not applicable to M1/PERSONBIL),0,1078,0.0
BMW,1-Serie,4,9,Tilleggskontroller for M2/M3 buss (bus-only supplementary checks -- not applicable to M1/PERSONBIL),2,6307,0.0003
VOLKSWAGEN,PASSAT,3,9,Tilleggskontroller for M2/M3 buss (bus-only supplementary checks -- not applicable to M1/PERSONBIL),0,16654,0.0
MERCEDES-BENZ,E-Klasse,2,9,Tilleggskontroller for M2/M3 buss (bus-only supplementary checks -- not applicable to M1/PERSONBIL),0,3761,0.0
FORD,FIESTA,3,9,Tilleggskontroller for M2/M3 buss (bus-only supplementary checks -- not applicable to M1/PERSONBIL),0,8583,0.0
CITROËN,C3,4,9,Tilleggskontroller for M2/M3 buss (bus-only supplementary checks -- not applicable to M1/PERSONBIL),0,1932,0.0
TOYOTA,YARIS,2,9,Tilleggskontroller for M2/M3 buss (bus-only supplementary checks -- not applicable to M1/PERSONBIL),0,15223,0.0
FORD,MONDEO,3,9,Tilleggskontroller for M2/M3 buss (bus-only supplementary checks -- not applicable to M1/PERSONBIL),0,9588,0.0
FORD,Focus,3,9,Tilleggskontroller for M2/M3 buss (bus-only supplementary checks -- not applicable to M1/PERSONBIL),1,15257,0.0001
FORD,FOCUS,2,9,Tilleggskontroller for M2/M3 buss (bus-only supplementary checks -- not applicable to M1/PERSONBIL),0,5076,0.0
PEUGEOT,107,3,9,Tilleggskontroller for M2/M3 buss (bus-only supplementary checks -- not applicable to M1/PERSONBIL),0,862,0.0
MITSUBISHI,SPACE STAR,1,9,Tilleggskontroller for M2/M3 buss (bus-only supplementary checks -- not applicable to M1/PERSONBIL),0,320,0.0
HONDA,CIVIC,2,9,Tilleggskontroller for M2/M3 buss (bus-only supplementary checks -- not applicable to M1/PERSONBIL),0,1171,0.0
FIAT,500,4,9,Tilleggskontroller for M2/M3 buss (bus-only supplementary checks -- not applicable to M1/PERSONBIL),1,2705,0.0004
RENAULT,MEGANE SPORT TOURER,4,9,Tilleggskontroller for M2/M3 buss (bus-only supplementary checks -- not applicable to M1/PERSONBIL),0,1622,0.0
RENAULT,Ny Clio,2,9,Tilleggskontroller for M2/M3 buss (bus-only supplementary checks -- not applicable to M1/PERSONBIL),0,641,0.0
NISSAN,X-TRAIL,2,9,Tilleggskontroller for M2/M3 buss (bus-only supplementary checks -- not applicable to M1/PERSONBIL),0,2651,0.0
MERCEDES-BENZ,GLC,2,9,Tilleggskontroller for M2/M3 buss (bus-only supplementary checks -- not applicable to M1/PERSONBIL),0,5064,0.0
KIA,PICANTO,4,9,Tilleggskontroller for M2/M3 buss (bus-only supplementary checks -- not applicable to M1/PERSONBIL),0,652,0.0
HONDA,JAZZ,4,9,Tilleggskontroller for M2/M3 buss (bus-only supplementary checks -- not applicable to M1/PERSONBIL),0,2120,0.0
CITROËN,C 1,1,9,Tilleggskontroller for M2/M3 buss (bus-only supplementary checks -- not applicable to M1/PERSONBIL),0,58,0.0
RENAULT,Captur,3,9,Tilleggskontroller for M2/M3 buss (bus-only supplementary checks -- not applicable to M1/PERSONBIL),0,929,0.0
AUDI,Q2,2,9,Tilleggskontroller for M2/M3 buss (bus-only supplementary checks -- not applicable to M1/PERSONBIL),0,722,0.0
HYUNDAI,KONA,2,9,Tilleggskontroller for M2/M3 buss (bus-only supplementary checks -- not applicable to M1/PERSONBIL),0,42,0.0
CHEVROLET,SPARK,2,9,Tilleggskontroller for M2/M3 buss (bus-only supplementary checks -- not applicable to M1/PERSONBIL),0,10,0.0
OPEL,MERIVA,3,10,Forevisning for trafikkstasjon (administrative referral to the traffic station),0,854,0.0
VOLVO,V50,3,10,Forevisning for trafikkstasjon (administrative referral to the traffic station),2,3281,0.0006
AUDI,A3,3,10,Forevisning for trafikkstasjon (administrative referral to the traffic station),6,11732,0.0005
MERCEDES-BENZ,E,3,10,Forevisning for trafikkstasjon (administrative referral to the traffic station),19,8181,0.0023
OPEL,Mokka,3,10,Forevisning for trafikkstasjon (administrative referral to the traffic station),0,4582,0.0
VOLKSWAGEN,POLO,4,10,Forevisning for trafikkstasjon (administrative referral to the traffic station),10,11528,0.0009
PEUGEOT,2008,2,10,Forevisning for trafikkstasjon (administrative referral to the traffic station),0,3179,0.0
FORD,FIESTA 5 DØRS,4,10,Forevisning for trafikkstasjon (administrative referral to the traffic station),7,7906,0.0009
PEUGEOT,5008,1,10,Forevisning for trafikkstasjon (administrative referral to the traffic station),0,4893,0.0
AUDI,Q5,1,10,Forevisning for trafikkstasjon (administrative referral to the traffic station),0,1438,0.0
AUDI,A4 AVANT,3,10,Forevisning for trafikkstasjon (administrative referral to the traffic station),9,2969,0.003
MAZDA,2,4,10,Forevisning for trafikkstasjon (administrative referral to the traffic station),0,2075,0.0
BMW,X5,2,10,Forevisning for trafikkstasjon (administrative referral to the traffic station),9,3601,0.0025
VOLKSWAGEN,Golf Sportsvan,3,10,Forevisning for trafikkstasjon (administrative referral to the traffic station),0,1676,0.0
KIA,SPORTAGE,1,10,Forevisning for trafikkstasjon (administrative referral to the traffic station),0,1259,0.0
SKODA,SUPERB COMBI,2,10,Forevisning for trafikkstasjon (administrative referral to the traffic station),0,5609,0.0
KIA,CEED SW,3,10,Forevisning for trafikkstasjon (administrative referral to the traffic station),0,3585,0.0
MERCEDES-BENZ,C-Klasse,1,10,Forevisning for trafikkstasjon (administrative referral to the traffic station),0,3637,0.0
FORD,NY Focus,1,10,Forevisning for trafikkstasjon (administrative referral to the traffic station),2,6110,0.0003
SKODA,SUPERB,3,10,Forevisning for trafikkstasjon (administrative referral to the traffic station),4,6121,0.0007
TOYOTA,RAV4,4,10,Forevisning for trafikkstasjon (administrative referral to the traffic station),9,10666,0.0008
MAZDA,MAZDA3,4,10,Forevisning for trafikkstasjon (administrative referral to the traffic station),0,3328,0.0
SKODA,FABIA,3,10,Forevisning for trafikkstasjon (administrative referral to the traffic station),0,3929,0.0
MAZDA,MAZDA2,2,10,Forevisning for trafikkstasjon (administrative referral to the traffic station),0,1120,0.0
TOYOTA,AYGO,4,10,Forevisning for trafikkstasjon (administrative referral to the traffic station),0,3007,0.0
AUDI,A1 SPORTBACK,1,10,Forevisning for trafikkstasjon (administrative referral to the traffic station),0,902,0.0
MERCEDES-BENZ,A-Klasse,1,10,Forevisning for trafikkstasjon (administrative referral to the traffic station),1,2726,0.0004
TOYOTA,AVENSIS,1,10,Forevisning for trafikkstasjon (administrative referral to the traffic station),0,538,0.0
TOYOTA,AYGO 3/5-DØRS,1,10,Forevisning for trafikkstasjon (administrative referral to the traffic station),0,689,0.0
HYUNDAI,I10,4,10,Forevisning for trafikkstasjon (administrative referral to the traffic station),0,982,0.0
PEUGEOT,208,2,10,Forevisning for trafikkstasjon (administrative referral to the traffic station),0,2180,0.0
AUDI,Q3,2,10,Forevisning for trafikkstasjon (administrative referral to the traffic station),0,1293,0.0
VOLVO,XC90,4,10,Forevisning for trafikkstasjon (administrative referral to the traffic station),2,1825,0.0011
CITROËN,BERLINGO,3,10,Forevisning for trafikkstasjon (administrative referral to the traffic station),3,704,0.0043
CITROËN,C4 PICASSO,1,10,Forevisning for trafikkstasjon (administrative referral to the traffic station),0,823,0.0
SUZUKI,ALTO,3,10,Forevisning for trafikkstasjon (administrative referral to the traffic station),0,285,0.0
FORD,C-MAX,1,10,Forevisning for trafikkstasjon (administrative referral to the traffic station),0,235,0.0
BMW,4-serie,1,10,Forevisning for trafikkstasjon (administrative referral to the traffic station),0,85,0.0
CITROËN,DS3,2,10,Forevisning for trafikkstasjon (administrative referral to the traffic station),0,90,0.0
OPEL,Crossland X,2,10,Forevisning for trafikkstasjon (administrative referral to the traffic station),0,177,0.0
VOLKSWAGEN,UP!,4,10,Forevisning for trafikkstasjon (administrative referral to the traffic station),0,234,0.0
OPEL,Grandland X,2,10,Forevisning for trafikkstasjon (administrative referral to the traffic station),0,125,0.0
FORD,B-MAX,4,10,Forevisning for trafikkstasjon (administrative referral to the traffic station),0,19,0.0
KIA,VENGA,1,10,Forevisning for trafikkstasjon (administrative referral to the traffic station),0,6,0.0
VOLVO,V40,2,10,Forevisning for trafikkstasjon (administrative referral to the traffic station),3,6391,0.0005
CITROËN,C3,4,10,Forevisning for trafikkstasjon (administrative referral to the traffic station),1,1932,0.0005
SKODA,FABIA COMBI,4,10,Forevisning for trafikkstasjon (administrative referral to the traffic station),3,4252,0.0007
PEUGEOT,3008,1,10,Forevisning for trafikkstasjon (administrative referral to the traffic station),1,7489,0.0001
OPEL,ASTRA,4,10,Forevisning for trafikkstasjon (administrative referral to the traffic station),3,5454,0.0006
MAZDA,CX-5,2,10,Forevisning for trafikkstasjon (administrative referral to the traffic station),1,8955,0.0001
SUZUKI,IGNIS,1,10,Forevisning for trafikkstasjon (administrative referral to the traffic station),0,1716,0.0
MERCEDES-BENZ,GLC,2,10,Forevisning for trafikkstasjon (administrative referral to the traffic station),0,5064,0.0
BMW,1-Serie,4,10,Forevisning for trafikkstasjon (administrative referral to the traffic station),27,6307,0.0043
VOLVO,XC60,2,10,Forevisning for trafikkstasjon (administrative referral to the traffic station),3,9732,0.0003
PEUGEOT,308,4,10,Forevisning for trafikkstasjon (administrative referral to the traffic station),1,4655,0.0002
CITROËN,C4,3,10,Forevisning for trafikkstasjon (administrative referral to the traffic station),2,5303,0.0004
NISSAN,X-TRAIL,2,10,Forevisning for trafikkstasjon (administrative referral to the traffic station),1,2651,0.0004
NISSAN,NOTE,4,10,Forevisning for trafikkstasjon (administrative referral to the traffic station),0,1197,0.0
MITSUBISHI,SPACE STAR,1,10,Forevisning for trafikkstasjon (administrative referral to the traffic station),0,320,0.0
HONDA,JAZZ,4,10,Forevisning for trafikkstasjon (administrative referral to the traffic station),0,2120,0.0
BMW,X1,3,10,Forevisning for trafikkstasjon (administrative referral to the traffic station),2,5709,0.0004
OPEL,ASTRA SPORTS TOURER,3,10,Forevisning for trafikkstasjon (administrative referral to the traffic station),2,2062,0.001
NISSAN,Qashqai J11A,4,10,Forevisning for trafikkstasjon (administrative referral to the traffic station),4,9029,0.0004
KIA,PICANTO,4,10,Forevisning for trafikkstasjon (administrative referral to the traffic station),0,652,0.0
TOYOTA,YARIS,2,10,Forevisning for trafikkstasjon (administrative referral to the traffic station),0,15223,0.0
FORD,MONDEO,3,10,Forevisning for trafikkstasjon (administrative referral to the traffic station),4,9588,0.0004
VOLKSWAGEN,PASSAT,3,10,Forevisning for trafikkstasjon (administrative referral to the traffic station),16,16654,0.001
MERCEDES-BENZ,E-Klasse,2,10,Forevisning for trafikkstasjon (administrative referral to the traffic station),7,3761,0.0019
FORD,FIESTA,3,10,Forevisning for trafikkstasjon (administrative referral to the traffic station),6,8583,0.0007
FORD,Focus,3,10,Forevisning for trafikkstasjon (administrative referral to the traffic station),8,15257,0.0005
FORD,FOCUS,2,10,Forevisning for trafikkstasjon (administrative referral to the traffic station),0,5076,0.0
SUZUKI,SWIFT,2,10,Forevisning for trafikkstasjon (administrative referral to the traffic station),0,2129,0.0
BMW,3-Serie,1,10,Forevisning for trafikkstasjon (administrative referral to the traffic station),24,4744,0.0051
PEUGEOT,107,3,10,Forevisning for trafikkstasjon (administrative referral to the traffic station),0,862,0.0
VOLKSWAGEN,CADDY,3,10,Forevisning for trafikkstasjon (administrative referral to the traffic station),3,1122,0.0027
RENAULT,MEGANE SPORT TOURER,4,10,Forevisning for trafikkstasjon (administrative referral to the traffic station),2,1622,0.0012
AUDI,A5 SPORTBACK,2,10,Forevisning for trafikkstasjon (administrative referral to the traffic station),0,267,0.0
HONDA,CIVIC,2,10,Forevisning for trafikkstasjon (administrative referral to the traffic station),2,1171,0.0017
RENAULT,Ny Clio,2,10,Forevisning for trafikkstasjon (administrative referral to the traffic station),0,641,0.0
HYUNDAI,Tucson,1,10,Forevisning for trafikkstasjon (administrative referral to the traffic station),0,2203,0.0
MAZDA,MAZDA6,1,10,Forevisning for trafikkstasjon (administrative referral to the traffic station),3,1078,0.0028
FIAT,500,4,10,Forevisning for trafikkstasjon (administrative referral to the traffic station),2,2705,0.0007
RENAULT,Captur,3,10,Forevisning for trafikkstasjon (administrative referral to the traffic station),0,929,0.0
AUDI,Q2,2,10,Forevisning for trafikkstasjon (administrative referral to the traffic station),0,722,0.0
CITROËN,C 1,1,10,Forevisning for trafikkstasjon (administrative referral to the traffic station),0,58,0.0
HYUNDAI,KONA,2,10,Forevisning for trafikkstasjon (administrative referral to the traffic station),0,42,0.0
CHEVROLET,SPARK,2,10,Forevisning for trafikkstasjon (administrative referral to the traffic station),0,10,0.0
NISSAN,Qashqai J11A,1,10,Forevisning for trafikkstasjon (administrative referral to the traffic station),0,4798,0.0
SKODA,OCTAVIA COMBI,2,10,Forevisning for trafikkstasjon (administrative referral to the traffic station),11,13702,0.0008
PEUGEOT,3008,4,10,Forevisning for trafikkstasjon (administrative referral to the traffic station),0,4758,0.0
TOYOTA,AURIS,2,10,Forevisning for trafikkstasjon (administrative referral to the traffic station),0,15458,0.0
KIA,Niro,2,10,Forevisning for trafikkstasjon (administrative referral to the traffic station),0,2639,0.0
VOLVO,V60,3,10,Forevisning for trafikkstasjon (administrative referral to the traffic station),1,13953,0.0001
TOYOTA,AVENSIS STW,2,10,Forevisning for trafikkstasjon (administrative referral to the traffic station),0,3935,0.0
BMW,3-Serie,4,10,Forevisning for trafikkstasjon (administrative referral to the traffic station),129,10635,0.0121
PEUGEOT,308,1,10,Forevisning for trafikkstasjon (administrative referral to the traffic station),1,1141,0.0009
CITROËN,C3,1,10,Forevisning for trafikkstasjon (administrative referral to the traffic station),0,2416,0.0
VOLVO,V90,2,10,Forevisning for trafikkstasjon (administrative referral to the traffic station),4,4670,0.0009
SKODA,FABIA COMBI,1,10,Forevisning for trafikkstasjon (administrative referral to the traffic station),0,2246,0.0
MAZDA,MAZDA6,4,10,Forevisning for trafikkstasjon (administrative referral to the traffic station),2,4254,0.0005
NISSAN,JUKE,3,10,Forevisning for trafikkstasjon (administrative referral to the traffic station),0,1806,0.0
NISSAN,QASHQAI,2,10,Forevisning for trafikkstasjon (administrative referral to the traffic station),0,7503,0.0
RENAULT,MEGANE,3,10,Forevisning for trafikkstasjon (administrative referral to the traffic station),0,1261,0.0
SKODA,RAPID,3,10,Forevisning for trafikkstasjon (administrative referral to the traffic station),1,1667,0.0006
CITROËN,C1,3,10,Forevisning for trafikkstasjon (administrative referral to the traffic station),0,880,0.0
SUZUKI,SX4 S-Cross,3,10,Forevisning for trafikkstasjon (administrative referral to the traffic station),0,4208,0.0
SKODA,CITIGO,3,10,Forevisning for trafikkstasjon (administrative referral to the traffic station),0,1480,0.0
HYUNDAI,I20,2,10,Forevisning for trafikkstasjon (administrative referral to the traffic station),1,2116,0.0005
OPEL,ASTRA,1,10,Forevisning for trafikkstasjon (administrative referral to the traffic station),2,1077,0.0019
HYUNDAI,i10 AC3,3,10,Forevisning for trafikkstasjon (administrative referral to the traffic station),0,1046,0.0
OPEL,INSIGNIA,2,10,Forevisning for trafikkstasjon (administrative referral to the traffic station),0,1507,0.0
SKODA,RAPID SPACEBACK,2,10,Forevisning for trafikkstasjon (administrative referral to the traffic station),0,1389,0.0
HONDA,JAZZ,1,10,Forevisning for trafikkstasjon (administrative referral to the traffic station),0,801,0.0
CITROËN,C 1,4,10,Forevisning for trafikkstasjon (administrative referral to the traffic station),2,1119,0.0018
RENAULT,CLIO,2,10,Forevisning for trafikkstasjon (administrative referral to the traffic station),0,641,0.0
FIAT,500,1,10,Forevisning for trafikkstasjon (administrative referral to the traffic station),1,212,0.0047
HYUNDAI,Tucson,4,10,Forevisning for trafikkstasjon (administrative referral to the traffic station),1,317,0.0032
RENAULT,MEGANE SPORT TOURER,1,10,Forevisning for trafikkstasjon (administrative referral to the traffic station),1,294,0.0034
BMW,1-Serie,1,10,Forevisning for trafikkstasjon (administrative referral to the traffic station),0,314,0.0
SUZUKI,IGNIS,4,10,Forevisning for trafikkstasjon (administrative referral to the traffic station),0,390,0.0
CITROËN,C3 PICASSO,3,10,Forevisning for trafikkstasjon (administrative referral to the traffic station),0,382,0.0
AUDI,A3 Limousine,2,10,Forevisning for trafikkstasjon (administrative referral to the traffic station),0,290,0.0
KIA,PICANTO,1,10,Forevisning for trafikkstasjon (administrative referral to the traffic station),0,563,0.0
HYUNDAI,IX20,2,10,Forevisning for trafikkstasjon (administrative referral to the traffic station),0,230,0.0
NISSAN,MICRA,2,10,Forevisning for trafikkstasjon (administrative referral to the traffic station),0,274,0.0
RENAULT,Kadjar,1,10,Forevisning for trafikkstasjon (administrative referral to the traffic station),0,356,0.0
NISSAN,NOTE,1,10,Forevisning for trafikkstasjon (administrative referral to the traffic station),0,25,0.0
SEAT,IBIZA,2,10,Forevisning for trafikkstasjon (administrative referral to the traffic station),0,1,0.0
VOLVO,V60,1,10,Forevisning for trafikkstasjon (administrative referral to the traffic station),3,11028,0.0003
BMW,X1,4,10,Forevisning for trafikkstasjon (administrative referral to the traffic station),2,4390,0.0005
VOLKSWAGEN,TIGUAN,2,10,Forevisning for trafikkstasjon (administrative referral to the traffic station),2,7466,0.0003
RENAULT,MEGANE SPORT TOURER,3,10,Forevisning for trafikkstasjon (administrative referral to the traffic station),0,1261,0.0
VOLKSWAGEN,CADDY,4,10,Forevisning for trafikkstasjon (administrative referral to the traffic station),1,1082,0.0009
OPEL,ASTRA SPORTS TOURER,4,10,Forevisning for trafikkstasjon (administrative referral to the traffic station),1,979,0.001
BMW,X3,2,10,Forevisning for trafikkstasjon (administrative referral to the traffic station),0,3055,0.0
PEUGEOT,308,3,10,Forevisning for trafikkstasjon (administrative referral to the traffic station),2,4837,0.0004
MAZDA,CX-3,2,10,Forevisning for trafikkstasjon (administrative referral to the traffic station),0,5128,0.0
CITROËN,C3,3,10,Forevisning for trafikkstasjon (administrative referral to the traffic station),0,1322,0.0
SUZUKI,VITARA,2,10,Forevisning for trafikkstasjon (administrative referral to the traffic station),1,3777,0.0003
MITSUBISHI,OUTLANDER,2,10,Forevisning for trafikkstasjon (administrative referral to the traffic station),1,22180,0.0
NISSAN,Qashqai J11A,3,10,Forevisning for trafikkstasjon (administrative referral to the traffic station),3,10874,0.0003
BMW,5-Serie,2,10,Forevisning for trafikkstasjon (administrative referral to the traffic station),4,3263,0.0012
MERCEDES-BENZ,C,2,10,Forevisning for trafikkstasjon (administrative referral to the traffic station),5,5861,0.0009
BMW,1-Serie,3,10,Forevisning for trafikkstasjon (administrative referral to the traffic station),20,5856,0.0034
HONDA,JAZZ,3,10,Forevisning for trafikkstasjon (administrative referral to the traffic station),1,1643,0.0006
DACIA,Duster,2,10,Forevisning for trafikkstasjon (administrative referral to the traffic station),2,542,0.0037
SKODA,FABIA COMBI,3,10,Forevisning for trafikkstasjon (administrative referral to the traffic station),0,3929,0.0
OPEL,ASTRA,3,10,Forevisning for trafikkstasjon (administrative referral to the traffic station),2,3710,0.0005
SKODA,KODIAQ,1,10,Forevisning for trafikkstasjon (administrative referral to the traffic station),0,7893,0.0
MERCEDES-BENZ,B-Klasse,2,10,Forevisning for trafikkstasjon (administrative referral to the traffic station),0,1185,0.0
FORD,FIESTA,4,10,Forevisning for trafikkstasjon (administrative referral to the traffic station),7,7906,0.0009
FORD,MONDEO,4,10,Forevisning for trafikkstasjon (administrative referral to the traffic station),9,15288,0.0006
CITROËN,C4,4,10,Forevisning for trafikkstasjon (administrative referral to the traffic station),1,2439,0.0004
VOLKSWAGEN,PASSAT,4,10,Forevisning for trafikkstasjon (administrative referral to the traffic station),20,15462,0.0013
SUZUKI,SX4 COMBIBACK,2,10,Forevisning for trafikkstasjon (administrative referral to the traffic station),0,2476,0.0
SKODA,RAPID,1,10,Forevisning for trafikkstasjon (administrative referral to the traffic station),0,482,0.0
FORD,Focus,4,10,Forevisning for trafikkstasjon (administrative referral to the traffic station),21,12012,0.0017
KIA,PICANTO,3,10,Forevisning for trafikkstasjon (administrative referral to the traffic station),0,3887,0.0
PEUGEOT,107,4,10,Forevisning for trafikkstasjon (administrative referral to the traffic station),1,1880,0.0005
TOYOTA,Toyota C-HR,2,10,Forevisning for trafikkstasjon (administrative referral to the traffic station),0,4126,0.0
VOLKSWAGEN,T-Roc,2,10,Forevisning for trafikkstasjon (administrative referral to the traffic station),0,288,0.0
FIAT,500,3,10,Forevisning for trafikkstasjon (administrative referral to the traffic station),2,2045,0.001
NISSAN,NOTE,3,10,Forevisning for trafikkstasjon (administrative referral to the traffic station),0,946,0.0
SKODA,CITIGO,1,10,Forevisning for trafikkstasjon (administrative referral to the traffic station),0,202,0.0
HYUNDAI,i10 AC3,1,10,Forevisning for trafikkstasjon (administrative referral to the traffic station),0,161,0.0
NISSAN,JUKE,1,10,Forevisning for trafikkstasjon (administrative referral to the traffic station),0,107,0.0
TOYOTA,VERSO,2,10,Forevisning for trafikkstasjon (administrative referral to the traffic station),0,178,0.0
RENAULT,MEGANE,1,10,Forevisning for trafikkstasjon (administrative referral to the traffic station),1,294,0.0034
SKODA,KAMIQ,1,10,Forevisning for trafikkstasjon (administrative referral to the traffic station),0,327,0.0
SUZUKI,SX4 S-Cross,1,10,Forevisning for trafikkstasjon (administrative referral to the traffic station),0,80,0.0
CITROËN,C1,1,10,Forevisning for trafikkstasjon (administrative referral to the traffic station),0,58,0.0
RENAULT,Kadjar,3,10,Forevisning for trafikkstasjon (administrative referral to the traffic station),0,102,0.0
CITROËN,C3 PICASSO,1,10,Forevisning for trafikkstasjon (administrative referral to the traffic station),0,11,0.0
SEAT,Ibiza GP2,4,10,Forevisning for trafikkstasjon (administrative referral to the traffic station),0,7,0.0
PEUGEOT,5008,4,10,Forevisning for trafikkstasjon (administrative referral to the traffic station),1,1845,0.0005
VOLKSWAGEN,GOLF,2,10,Forevisning for trafikkstasjon (administrative referral to the traffic station),23,24534,0.0009
MITSUBISHI,COLT,3,10,Forevisning for trafikkstasjon (administrative referral to the traffic station),1,1264,0.0008
VOLKSWAGEN,POLO,1,10,Forevisning for trafikkstasjon (administrative referral to the traffic station),1,5836,0.0002
TOYOTA,RAV4 Plug in,2,10,Forevisning for trafikkstasjon (administrative referral to the traffic station),4,15118,0.0003
VOLKSWAGEN,PASSAT VARIANT,2,10,Forevisning for trafikkstasjon (administrative referral to the traffic station),6,14320,0.0004
FORD,FIESTA 5 DØRS,1,10,Forevisning for trafikkstasjon (administrative referral to the traffic station),1,3219,0.0003
MITSUBISHI,ASX,3,10,Forevisning for trafikkstasjon (administrative referral to the traffic station),0,9126,0.0
VOLVO,XC90,1,10,Forevisning for trafikkstasjon (administrative referral to the traffic station),1,8675,0.0001
FORD,S-MAX,2,10,Forevisning for trafikkstasjon (administrative referral to the traffic station),0,3631,0.0
MERCEDES-BENZ,A-Klasse,4,10,Forevisning for trafikkstasjon (administrative referral to the traffic station),0,2238,0.0
FORD,KUGA,2,10,Forevisning for trafikkstasjon (administrative referral to the traffic station),1,4067,0.0002
AUDI,Q5,4,10,Forevisning for trafikkstasjon (administrative referral to the traffic station),5,5189,0.001
PEUGEOT,508,3,10,Forevisning for trafikkstasjon (administrative referral to the traffic station),3,4721,0.0006
CITROËN,C4 PICASSO,4,10,Forevisning for trafikkstasjon (administrative referral to the traffic station),0,1058,0.0
TOYOTA,AVENSIS,4,10,Forevisning for trafikkstasjon (administrative referral to the traffic station),3,20526,0.0001
MERCEDES-BENZ,C-Klasse,4,10,Forevisning for trafikkstasjon (administrative referral to the traffic station),15,7755,0.0019
TOYOTA,RAV4,1,10,Forevisning for trafikkstasjon (administrative referral to the traffic station),6,29243,0.0002
FORD,NY Focus,4,10,Forevisning for trafikkstasjon (administrative referral to the traffic station),21,12012,0.0017
MAZDA,MAZDA3,1,10,Forevisning for trafikkstasjon (administrative referral to the traffic station),0,1523,0.0
TOYOTA,AYGO 3/5-DØRS,4,10,Forevisning for trafikkstasjon (administrative referral to the traffic station),0,3007,0.0
KIA,VENGA,4,10,Forevisning for trafikkstasjon (administrative referral to the traffic station),0,668,0.0
BMW,2-Serie,3,10,Forevisning for trafikkstasjon (administrative referral to the traffic station),3,949,0.0032
CITROËN,C4 Cactus,1,10,Forevisning for trafikkstasjon (administrative referral to the traffic station),1,1085,0.0009
VOLKSWAGEN,UP!,1,10,Forevisning for trafikkstasjon (administrative referral to the traffic station),0,680,0.0
KIA,CEED,2,10,Forevisning for trafikkstasjon (administrative referral to the traffic station),0,1150,0.0
TOYOTA,AYGO,1,10,Forevisning for trafikkstasjon (administrative referral to the traffic station),0,689,0.0
FORD,C-MAX,4,10,Forevisning for trafikkstasjon (administrative referral to the traffic station),0,1034,0.0
MAZDA,2,1,10,Forevisning for trafikkstasjon (administrative referral to the traffic station),0,625,0.0
MERCEDES-BENZ,GLE,2,10,Forevisning for trafikkstasjon (administrative referral to the traffic station),1,719,0.0014
HYUNDAI,I10,1,10,Forevisning for trafikkstasjon (administrative referral to the traffic station),0,161,0.0
KIA,Optima,2,10,Forevisning for trafikkstasjon (administrative referral to the traffic station),0,926,0.0
KIA,SPORTAGE,4,10,Forevisning for trafikkstasjon (administrative referral to the traffic station),0,1242,0.0
PEUGEOT,108,3,10,Forevisning for trafikkstasjon (administrative referral to the traffic station),0,301,0.0
FIAT,PANDA,2,10,Forevisning for trafikkstasjon (administrative referral to the traffic station),0,94,0.0
AUDI,A1 SPORTBACK,4,10,Forevisning for trafikkstasjon (administrative referral to the traffic station),0,183,0.0
FORD,B-MAX,1,10,Forevisning for trafikkstasjon (administrative referral to the traffic station),0,5,0.0
VOLVO,V40,1,10,Forevisning for trafikkstasjon (administrative referral to the traffic station),0,3389,0.0
TOYOTA,AVENSIS STW,4,10,Forevisning for trafikkstasjon (administrative referral to the traffic station),3,20526,0.0001
TOYOTA,AURIS,4,10,Forevisning for trafikkstasjon (administrative referral to the traffic station),0,14992,0.0
SKODA,OCTAVIA COMBI,4,10,Forevisning for trafikkstasjon (administrative referral to the traffic station),7,12917,0.0005
AUDI,A3 CABRIOLET,3,10,Forevisning for trafikkstasjon (administrative referral to the traffic station),0,103,0.0
VOLVO,XC60,1,10,Forevisning for trafikkstasjon (administrative referral to the traffic station),0,16959,0.0
MAZDA,Mazda CX-30,1,10,Forevisning for trafikkstasjon (administrative referral to the traffic station),0,2458,0.0
HYUNDAI,Tucson,2,10,Forevisning for trafikkstasjon (administrative referral to the traffic station),0,2353,0.0
MERCEDES-BENZ,GLC,1,10,Forevisning for trafikkstasjon (administrative referral to the traffic station),1,6276,0.0002
KIA,XCeed,1,10,Forevisning for trafikkstasjon (administrative referral to the traffic station),0,264,0.0
SUZUKI,SX4,3,10,Forevisning for trafikkstasjon (administrative referral to the traffic station),0,6632,0.0
MAZDA,MAZDA6,2,10,Forevisning for trafikkstasjon (administrative referral to the traffic station),5,2276,0.0022
HYUNDAI,I20,4,10,Forevisning for trafikkstasjon (administrative referral to the traffic station),0,3876,0.0
OPEL,ZAFIRA,3,10,Forevisning for trafikkstasjon (administrative referral to the traffic station),0,1038,0.0
SUZUKI,SWIFT,1,10,Forevisning for trafikkstasjon (administrative referral to the traffic station),0,4184,0.0
MAZDA,CX-5,1,10,Forevisning for trafikkstasjon (administrative referral to the traffic station),1,6042,0.0002
AUDI,Q2,1,10,Forevisning for trafikkstasjon (administrative referral to the traffic station),0,1587,0.0
MERCEDES-BENZ,CLA,3,10,Forevisning for trafikkstasjon (administrative referral to the traffic station),2,2171,0.0009
BMW,3-Serie,2,10,Forevisning for trafikkstasjon (administrative referral to the traffic station),31,3950,0.0078
PEUGEOT,3008,2,10,Forevisning for trafikkstasjon (administrative referral to the traffic station),0,3468,0.0
TOYOTA,YARIS,1,10,Forevisning for trafikkstasjon (administrative referral to the traffic station),1,16882,0.0001
MERCEDES-BENZ,E-Klasse,1,10,Forevisning for trafikkstasjon (administrative referral to the traffic station),2,4198,0.0005
NISSAN,QASHQAI,4,10,Forevisning for trafikkstasjon (administrative referral to the traffic station),4,9029,0.0004
FORD,FOCUS,1,10,Forevisning for trafikkstasjon (administrative referral to the traffic station),2,6110,0.0003
OPEL,CORSA,3,10,Forevisning for trafikkstasjon (administrative referral to the traffic station),1,2051,0.0005
HYUNDAI,IX20,4,10,Forevisning for trafikkstasjon (administrative referral to the traffic station),0,920,0.0
NISSAN,X-TRAIL,1,10,Forevisning for trafikkstasjon (administrative referral to the traffic station),0,677,0.0
OPEL,INSIGNIA,4,10,Forevisning for trafikkstasjon (administrative referral to the traffic station),5,4475,0.0011
RENAULT,CLIO,4,10,Forevisning for trafikkstasjon (administrative referral to the traffic station),0,517,0.0
HYUNDAI,KONA,1,10,Forevisning for trafikkstasjon (administrative referral to the traffic station),0,232,0.0
HYUNDAI,I 10,3,10,Forevisning for trafikkstasjon (administrative referral to the traffic station),0,1046,0.0
SUZUKI,IGNIS,2,10,Forevisning for trafikkstasjon (administrative referral to the traffic station),0,813,0.0
MITSUBISHI,SPACE STAR,2,10,Forevisning for trafikkstasjon (administrative referral to the traffic station),0,910,0.0
NISSAN,MICRA,4,10,Forevisning for trafikkstasjon (administrative referral to the traffic station),0,662,0.0
HONDA,CIVIC,1,10,Forevisning for trafikkstasjon (administrative referral to the traffic station),0,573,0.0
RENAULT,Ny Clio,1,10,Forevisning for trafikkstasjon (administrative referral to the traffic station),0,563,0.0
CITROËN,C 1,2,10,Forevisning for trafikkstasjon (administrative referral to the traffic station),0,428,0.0
AUDI,A5 SPORTBACK,1,10,Forevisning for trafikkstasjon (administrative referral to the traffic station),1,233,0.0043
SEAT,IBIZA,4,10,Forevisning for trafikkstasjon (administrative referral to the traffic station),0,7,0.0
SEAT,LEON,3,10,Forevisning for trafikkstasjon (administrative referral to the traffic station),0,2,0.0
MAZDA,MAZDA6,3,10,Forevisning for trafikkstasjon (administrative referral to the traffic station),1,3352,0.0003
BMW,X1,1,10,Forevisning for trafikkstasjon (administrative referral to the traffic station),0,7080,0.0
BMW,3-Serie,3,10,Forevisning for trafikkstasjon (administrative referral to the traffic station),84,8958,0.0094
NISSAN,JUKE,4,10,Forevisning for trafikkstasjon (administrative referral to the traffic station),1,753,0.0013
CITROËN,C 1,3,10,Forevisning for trafikkstasjon (administrative referral to the traffic station),0,880,0.0
SUZUKI,SX4,2,10,Forevisning for trafikkstasjon (administrative referral to the traffic station),0,2476,0.0
VOLKSWAGEN,CADDY,1,10,Forevisning for trafikkstasjon (administrative referral to the traffic station),2,865,0.0023
MITSUBISHI,SPACE STAR,3,10,Forevisning for trafikkstasjon (administrative referral to the traffic station),0,2090,0.0
PEUGEOT,3008,3,10,Forevisning for trafikkstasjon (administrative referral to the traffic station),2,3530,0.0006
MERCEDES-BENZ,CLA,2,10,Forevisning for trafikkstasjon (administrative referral to the traffic station),1,2377,0.0004
CITROËN,C3 PICASSO,4,10,Forevisning for trafikkstasjon (administrative referral to the traffic station),0,833,0.0
RENAULT,Captur,1,10,Forevisning for trafikkstasjon (administrative referral to the traffic station),1,1550,0.0006
VOLKSWAGEN,PASSAT,1,10,Forevisning for trafikkstasjon (administrative referral to the traffic station),0,11253,0.0
FORD,FIESTA,1,10,Forevisning for trafikkstasjon (administrative referral to the traffic station),1,3219,0.0003
FORD,MONDEO,1,10,Forevisning for trafikkstasjon (administrative referral to the traffic station),1,1541,0.0006
FORD,Focus,1,10,Forevisning for trafikkstasjon (administrative referral to the traffic station),2,6110,0.0003
HYUNDAI,Tucson,3,10,Forevisning for trafikkstasjon (administrative referral to the traffic station),0,2331,0.0
VOLVO,V60,4,10,Forevisning for trafikkstasjon (administrative referral to the traffic station),1,3752,0.0003
OPEL,CORSA,2,10,Forevisning for trafikkstasjon (administrative referral to the traffic station),0,1681,0.0
FORD,PUMA,1,10,Forevisning for trafikkstasjon (administrative referral to the traffic station),0,614,0.0
HYUNDAI,i10 AC3,4,10,Forevisning for trafikkstasjon (administrative referral to the traffic station),0,982,0.0
CITROËN,C3 Aircross,1,10,Forevisning for trafikkstasjon (administrative referral to the traffic station),0,782,0.0
CITROËN,C4,1,10,Forevisning for trafikkstasjon (administrative referral to the traffic station),1,2520,0.0004
RENAULT,MEGANE,4,10,Forevisning for trafikkstasjon (administrative referral to the traffic station),2,1622,0.0012
CITROËN,C1,4,10,Forevisning for trafikkstasjon (administrative referral to the traffic station),2,1119,0.0018
SEAT,Ibiza GP2,1,10,Forevisning for trafikkstasjon (administrative referral to the traffic station),0,162,0.0
OPEL,ZAFIRA,2,10,Forevisning for trafikkstasjon (administrative referral to the traffic station),0,235,0.0
HYUNDAI,I 10,2,10,Forevisning for trafikkstasjon (administrative referral to the traffic station),0,411,0.0
AUDI,A3 CABRIOLET,2,10,Forevisning for trafikkstasjon (administrative referral to the traffic station),0,39,0.0
OPEL,ASTRA SPORTS TOURER,1,10,Forevisning for trafikkstasjon (administrative referral to the traffic station),0,128,0.0
SKODA,CITIGO,4,10,Forevisning for trafikkstasjon (administrative referral to the traffic station),0,64,0.0
SKODA,KAROQ,2,10,Forevisning for trafikkstasjon (administrative referral to the traffic station),0,173,0.0
SEAT,LEON,2,10,Forevisning for trafikkstasjon (administrative referral to the traffic station),0,5,0.0
BMW,X5,4,10,Forevisning for trafikkstasjon (administrative referral to the traffic station),30,3889,0.0077
TOYOTA,RAV4 Plug in,1,10,Forevisning for trafikkstasjon (administrative referral to the traffic station),6,29243,0.0002
FORD,FOCUS STATIONSVOGN,3,10,Forevisning for trafikkstasjon (administrative referral to the traffic station),8,15257,0.0005
FORD,FIESTA 5 DØRS,2,10,Forevisning for trafikkstasjon (administrative referral to the traffic station),3,4402,0.0007
VOLKSWAGEN,GOLF,1,10,Forevisning for trafikkstasjon (administrative referral to the traffic station),9,9446,0.001
HONDA,CR-V,3,10,Forevisning for trafikkstasjon (administrative referral to the traffic station),0,6725,0.0
VOLKSWAGEN,PASSAT VARIANT,1,10,Forevisning for trafikkstasjon (administrative referral to the traffic station),0,11253,0.0
CITROËN,DS3,4,10,Forevisning for trafikkstasjon (administrative referral to the traffic station),0,696,0.0
SKODA,SUPERB COMBI,4,10,Forevisning for trafikkstasjon (administrative referral to the traffic station),3,3621,0.0008
VOLVO,XC90,2,10,Forevisning for trafikkstasjon (administrative referral to the traffic station),2,5537,0.0004
HYUNDAI,I40,3,10,Forevisning for trafikkstasjon (administrative referral to the traffic station),1,2466,0.0004
FORD,S-MAX,1,10,Forevisning for trafikkstasjon (administrative referral to the traffic station),0,1786,0.0
MAZDA,2,2,10,Forevisning for trafikkstasjon (administrative referral to the traffic station),0,1120,0.0
VOLKSWAGEN,POLO,2,10,Forevisning for trafikkstasjon (administrative referral to the traffic station),1,5290,0.0002
CITROËN,C4 Cactus,2,10,Forevisning for trafikkstasjon (administrative referral to the traffic station),0,1625,0.0
MERCEDES-BENZ,GLE,1,10,Forevisning for trafikkstasjon (administrative referral to the traffic station),1,2193,0.0005
VOLKSWAGEN,UP!,2,10,Forevisning for trafikkstasjon (administrative referral to the traffic station),1,1503,0.0007
FORD,KUGA,1,10,Forevisning for trafikkstasjon (administrative referral to the traffic station),0,5193,0.0
TOYOTA,RAV4,2,10,Forevisning for trafikkstasjon (administrative referral to the traffic station),4,15118,0.0003
SKODA,OCTAVIA,3,10,Forevisning for trafikkstasjon (administrative referral to the traffic station),10,19319,0.0005
KIA,CEE'D SW,3,10,Forevisning for trafikkstasjon (administrative referral to the traffic station),0,3585,0.0
MAZDA,MAZDA2,4,10,Forevisning for trafikkstasjon (administrative referral to the traffic station),0,2075,0.0
MAZDA,MAZDA3,2,10,Forevisning for trafikkstasjon (administrative referral to the traffic station),2,2010,0.001
KIA,Optima,1,10,Forevisning for trafikkstasjon (administrative referral to the traffic station),1,1833,0.0005
AUDI,A6 AVANT,3,10,Forevisning for trafikkstasjon (administrative referral to the traffic station),4,2163,0.0018
TOYOTA,Aygo X,3,10,Forevisning for trafikkstasjon (administrative referral to the traffic station),1,2298,0.0004
KIA,RIO,3,10,Forevisning for trafikkstasjon (administrative referral to the traffic station),0,2622,0.0
KIA,CEED,1,10,Forevisning for trafikkstasjon (administrative referral to the traffic station),0,984,0.0
TOYOTA,AYGO,2,10,Forevisning for trafikkstasjon (administrative referral to the traffic station),0,608,0.0
FORD,B-MAX,2,10,Forevisning for trafikkstasjon (administrative referral to the traffic station),0,250,0.0
HYUNDAI,I10,2,10,Forevisning for trafikkstasjon (administrative referral to the traffic station),0,411,0.0
AUDI,Q3,4,10,Forevisning for trafikkstasjon (administrative referral to the traffic station),0,293,0.0
PEUGEOT,208,4,10,Forevisning for trafikkstasjon (administrative referral to the traffic station),0,267,0.0
FIAT,PANDA,1,10,Forevisning for trafikkstasjon (administrative referral to the traffic station),0,20,0.0
SKODA,SUPERB COMBI,3,10,Forevisning for trafikkstasjon (administrative referral to the traffic station),4,6121,0.0007
TOYOTA,YARIS 5-DØRS,1,10,Forevisning for trafikkstasjon (administrative referral to the traffic station),1,16882,0.0001
BMW,X5,3,10,Forevisning for trafikkstasjon (administrative referral to the traffic station),12,2684,0.0045
KIA,Stonic,1,10,Forevisning for trafikkstasjon (administrative referral to the traffic station),0,630,0.0
TOYOTA,Aygo X,4,10,Forevisning for trafikkstasjon (administrative referral to the traffic station),0,3007,0.0
AUDI,Q3,3,10,Forevisning for trafikkstasjon (administrative referral to the traffic station),0,2899,0.0
HONDA,CR-V,4,10,Forevisning for trafikkstasjon (administrative referral to the traffic station),3,9204,0.0003
MERCEDES-BENZ,E,2,10,Forevisning for trafikkstasjon (administrative referral to the traffic station),7,3761,0.0019
AUDI,A3,2,10,Forevisning for trafikkstasjon (administrative referral to the traffic station),2,9233,0.0002
VOLKSWAGEN,Golf Sportsvan,2,10,Forevisning for trafikkstasjon (administrative referral to the traffic station),0,2883,0.0
PEUGEOT,208,3,10,Forevisning for trafikkstasjon (administrative referral to the traffic station),2,5152,0.0004
FORD,FOCUS STATIONSVOGN,4,10,Forevisning for trafikkstasjon (administrative referral to the traffic station),21,12012,0.0017
PEUGEOT,2008,3,10,Forevisning for trafikkstasjon (administrative referral to the traffic station),1,2682,0.0004
MAZDA,3,1,10,Forevisning for trafikkstasjon (administrative referral to the traffic station),0,1523,0.0
OPEL,Mokka,2,10,Forevisning for trafikkstasjon (administrative referral to the traffic station),0,3055,0.0
AUDI,A4 AVANT,2,10,Forevisning for trafikkstasjon (administrative referral to the traffic station),4,1848,0.0022
CITROËN,DS3,3,10,Forevisning for trafikkstasjon (administrative referral to the traffic station),1,1430,0.0007
FORD,MONDEO STATIONCAR,1,10,Forevisning for trafikkstasjon (administrative referral to the traffic station),1,1541,0.0006
SKODA,OCTAVIA,4,10,Forevisning for trafikkstasjon (administrative referral to the traffic station),7,12917,0.0005
SKODA,FABIA,2,10,Forevisning for trafikkstasjon (administrative referral to the traffic station),1,3224,0.0003
AUDI,A3 Sportback,1,10,Forevisning for trafikkstasjon (administrative referral to the traffic station),0,3698,0.0
SKODA,SUPERB,2,10,Forevisning for trafikkstasjon (administrative referral to the traffic station),0,5609,0.0
TOYOTA,COROLLA,1,10,Forevisning for trafikkstasjon (administrative referral to the traffic station),1,9061,0.0001
MINI,COOPER,1,10,Forevisning for trafikkstasjon (administrative referral to the traffic station),0,538,0.0
KIA,CEED SW,2,10,Forevisning for trafikkstasjon (administrative referral to the traffic station),0,1150,0.0
VOLKSWAGEN,TOURAN,1,10,Forevisning for trafikkstasjon (administrative referral to the traffic station),0,1595,0.0
TOYOTA,AYGO 5-DØRS,1,10,Forevisning for trafikkstasjon (administrative referral to the traffic station),0,689,0.0
MAZDA,MAZDA2,3,10,Forevisning for trafikkstasjon (administrative referral to the traffic station),0,1899,0.0
KIA,CEE'D SW,4,10,Forevisning for trafikkstasjon (administrative referral to the traffic station),0,742,0.0
CITROËN,BERLINGO,2,10,Forevisning for trafikkstasjon (administrative referral to the traffic station),0,293,0.0
MERCEDES-BENZ,GLA,1,10,Forevisning for trafikkstasjon (administrative referral to the traffic station),0,938,0.0
HYUNDAI,Ioniq,2,10,Forevisning for trafikkstasjon (administrative referral to the traffic station),0,834,0.0
HYUNDAI,I40,4,10,Forevisning for trafikkstasjon (administrative referral to the traffic station),1,753,0.0013
FORD,GALAXY,1,10,Forevisning for trafikkstasjon (administrative referral to the traffic station),0,191,0.0
SUZUKI,ALTO,2,10,Forevisning for trafikkstasjon (administrative referral to the traffic station),0,5,0.0
KIA,RIO,4,10,Forevisning for trafikkstasjon (administrative referral to the traffic station),0,248,0.0
AUDI,A6 AVANT,4,10,Forevisning for trafikkstasjon (administrative referral to the traffic station),1,143,0.007
VOLVO,XC40,2,10,Forevisning for trafikkstasjon (administrative referral to the traffic station),0,184,0.0
OPEL,MERIVA,2,10,Forevisning for trafikkstasjon (administrative referral to the traffic station),0,68,0.0
VOLVO,XC60,3,10,Forevisning for trafikkstasjon (administrative referral to the traffic station),0,13968,0.0
BMW,5-Serie,4,10,Forevisning for trafikkstasjon (administrative referral to the traffic station),104,10877,0.0096
MAZDA,CX-5,3,10,Forevisning for trafikkstasjon (administrative referral to the traffic station),3,14518,0.0002
VOLKSWAGEN,TIGUAN,4,10,Forevisning for trafikkstasjon (administrative referral to the traffic station),7,11058,0.0006
MITSUBISHI,OUTLANDER,4,10,Forevisning for trafikkstasjon (administrative referral to the traffic station),15,10148,0.0015
VOLVO,V40,3,10,Forevisning for trafikkstasjon (administrative referral to the traffic station),4,13394,0.0003
BMW,X3,4,10,Forevisning for trafikkstasjon (administrative referral to the traffic station),6,5417,0.0011
SKODA,KAROQ,1,10,Forevisning for trafikkstasjon (administrative referral to the traffic station),1,2413,0.0004
PEUGEOT,207,4,10,Forevisning for trafikkstasjon (administrative referral to the traffic station),4,5486,0.0007
RENAULT,Captur,2,10,Forevisning for trafikkstasjon (administrative referral to the traffic station),0,1187,0.0
AUDI,A5 SPORTBACK,3,10,Forevisning for trafikkstasjon (administrative referral to the traffic station),2,880,0.0023
SUZUKI,SX4,1,10,Forevisning for trafikkstasjon (administrative referral to the traffic station),0,2054,0.0
BMW,X1,2,10,Forevisning for trafikkstasjon (administrative referral to the traffic station),1,3404,0.0003
HONDA,CIVIC,3,10,Forevisning for trafikkstasjon (administrative referral to the traffic station),0,2369,0.0
MERCEDES-BENZ,C,4,10,Forevisning for trafikkstasjon (administrative referral to the traffic station),15,7755,0.0019
NISSAN,X-TRAIL,3,10,Forevisning for trafikkstasjon (administrative referral to the traffic station),3,2381,0.0013
SUZUKI,SWIFT,3,10,Forevisning for trafikkstasjon (administrative referral to the traffic station),1,4814,0.0002
RENAULT,Ny Clio,3,10,Forevisning for trafikkstasjon (administrative referral to the traffic station),0,1622,0.0
SUZUKI,SX4 COMBIBACK,4,10,Forevisning for trafikkstasjon (administrative referral to the traffic station),0,4809,0.0
TOYOTA,YARIS,3,10,Forevisning for trafikkstasjon (administrative referral to the traffic station),0,21128,0.0
FORD,FIESTA,2,10,Forevisning for trafikkstasjon (administrative referral to the traffic station),3,4402,0.0007
VOLKSWAGEN,PASSAT,2,10,Forevisning for trafikkstasjon (administrative referral to the traffic station),6,14320,0.0004
MERCEDES-BENZ,E-Klasse,3,10,Forevisning for trafikkstasjon (administrative referral to the traffic station),19,8181,0.0023
FORD,MONDEO,2,10,Forevisning for trafikkstasjon (administrative referral to the traffic station),3,5589,0.0005
CITROËN,C4,2,10,Forevisning for trafikkstasjon (administrative referral to the traffic station),1,3636,0.0003
FORD,Focus,2,10,Forevisning for trafikkstasjon (administrative referral to the traffic station),0,5076,0.0
HYUNDAI,I30,4,10,Forevisning for trafikkstasjon (administrative referral to the traffic station),0,3800,0.0
FORD,FOCUS,3,10,Forevisning for trafikkstasjon (administrative referral to the traffic station),8,15257,0.0005
MERCEDES-BENZ,CLA,1,10,Forevisning for trafikkstasjon (administrative referral to the traffic station),2,1365,0.0015
MERCEDES-BENZ,B-Klasse,4,10,Forevisning for trafikkstasjon (administrative referral to the traffic station),0,4180,0.0
VOLKSWAGEN,CADDY,2,10,Forevisning for trafikkstasjon (administrative referral to the traffic station),0,818,0.0
OPEL,CORSA,1,10,Forevisning for trafikkstasjon (administrative referral to the traffic station),0,389,0.0
TOYOTA,VERSO,4,10,Forevisning for trafikkstasjon (administrative referral to the traffic station),0,2396,0.0
HYUNDAI,I 10,1,10,Forevisning for trafikkstasjon (administrative referral to the traffic station),0,161,0.0
OPEL,ASTRA SPORTS TOURER,2,10,Forevisning for trafikkstasjon (administrative referral to the traffic station),0,374,0.0
SEAT,LEON,1,10,Forevisning for trafikkstasjon (administrative referral to the traffic station),0,71,0.0
FIAT,Punto S7,4,10,Forevisning for trafikkstasjon (administrative referral to the traffic station),0,347,0.0
CHEVROLET,SPARK,3,10,Forevisning for trafikkstasjon (administrative referral to the traffic station),0,308,0.0
HYUNDAI,i30 Stc.,3,10,Forevisning for trafikkstasjon (administrative referral to the traffic station),0,164,0.0
OPEL,ZAFIRA,1,10,Forevisning for trafikkstasjon (administrative referral to the traffic station),0,47,0.0
MERCEDES-BENZ,GLC,3,10,Forevisning for trafikkstasjon (administrative referral to the traffic station),0,311,0.0
CITROËN,C3 Aircross,2,10,Forevisning for trafikkstasjon (administrative referral to the traffic station),0,91,0.0
DACIA,Duster,4,10,Forevisning for trafikkstasjon (administrative referral to the traffic station),0,8,0.0
AUDI,A3 CABRIOLET,1,10,Forevisning for trafikkstasjon (administrative referral to the traffic station),0,7,0.0
PEUGEOT,107,2,10,Forevisning for trafikkstasjon (administrative referral to the traffic station),0,7,0.0
SEAT,Ibiza GP2,2,10,Forevisning for trafikkstasjon (administrative referral to the traffic station),0,1,0.0
VOLKSWAGEN,GOLF,4,10,Forevisning for trafikkstasjon (administrative referral to the traffic station),28,32682,0.0009
VOLKSWAGEN,TOURAN,3,10,Forevisning for trafikkstasjon (administrative referral to the traffic station),11,5455,0.002
TOYOTA,YARIS 5-DØRS,3,10,Forevisning for trafikkstasjon (administrative referral to the traffic station),0,21128,0.0
SKODA,SUPERB COMBI,1,10,Forevisning for trafikkstasjon (administrative referral to the traffic station),2,6713,0.0003
FORD,MONDEO STATIONCAR,3,10,Forevisning for trafikkstasjon (administrative referral to the traffic station),4,9588,0.0004
AUDI,A1 SPORTBACK,2,10,Forevisning for trafikkstasjon (administrative referral to the traffic station),1,1299,0.0008
FORD,KUGA,4,10,Forevisning for trafikkstasjon (administrative referral to the traffic station),15,5780,0.0026
KIA,SPORTAGE,2,10,Forevisning for trafikkstasjon (administrative referral to the traffic station),0,3281,0.0
TOYOTA,RAV4 Plug in,4,10,Forevisning for trafikkstasjon (administrative referral to the traffic station),9,10666,0.0008
FORD,S-MAX,4,10,Forevisning for trafikkstasjon (administrative referral to the traffic station),11,6314,0.0017
VOLKSWAGEN,PASSAT VARIANT,4,10,Forevisning for trafikkstasjon (administrative referral to the traffic station),20,15462,0.0013
BMW,X5,1,10,Forevisning for trafikkstasjon (administrative referral to the traffic station),3,5474,0.0005
OPEL,Grandland X,1,10,Forevisning for trafikkstasjon (administrative referral to the traffic station),0,2268,0.0
CITROËN,C4 PICASSO,2,10,Forevisning for trafikkstasjon (administrative referral to the traffic station),1,1511,0.0007
PEUGEOT,208,1,10,Forevisning for trafikkstasjon (administrative referral to the traffic station),0,1123,0.0
MERCEDES-BENZ,GLA,3,10,Forevisning for trafikkstasjon (administrative referral to the traffic station),0,1359,0.0
MERCEDES-BENZ,A-Klasse,2,10,Forevisning for trafikkstasjon (administrative referral to the traffic station),0,2268,0.0
PEUGEOT,2008,1,10,Forevisning for trafikkstasjon (administrative referral to the traffic station),1,2747,0.0004
VOLVO,V70,3,10,Forevisning for trafikkstasjon (administrative referral to the traffic station),14,11477,0.0012
MAZDA,3,3,10,Forevisning for trafikkstasjon (administrative referral to the traffic station),1,2880,0.0003
FORD,GALAXY,3,10,Forevisning for trafikkstasjon (administrative referral to the traffic station),0,1766,0.0
AUDI,Q5,2,10,Forevisning for trafikkstasjon (administrative referral to the traffic station),0,2270,0.0
FORD,C-MAX,2,10,Forevisning for trafikkstasjon (administrative referral to the traffic station),0,749,0.0
TOYOTA,AVENSIS,2,10,Forevisning for trafikkstasjon (administrative referral to the traffic station),0,3935,0.0
TOYOTA,AYGO 5-DØRS,3,10,Forevisning for trafikkstasjon (administrative referral to the traffic station),1,2298,0.0004
FORD,NY Focus,2,10,Forevisning for trafikkstasjon (administrative referral to the traffic station),0,5076,0.0
AUDI,A3 Sportback,3,10,Forevisning for trafikkstasjon (administrative referral to the traffic station),2,9047,0.0002
MERCEDES-BENZ,C-Klasse,2,10,Forevisning for trafikkstasjon (administrative referral to the traffic station),5,5861,0.0009
PEUGEOT,5008,2,10,Forevisning for trafikkstasjon (administrative referral to the traffic station),0,1312,0.0
FORD,KA,3,10,Forevisning for trafikkstasjon (administrative referral to the traffic station),0,505,0.0
OPEL,Crossland X,1,10,Forevisning for trafikkstasjon (administrative referral to the traffic station),0,1377,0.0
MINI,COOPER,3,10,Forevisning for trafikkstasjon (administrative referral to the traffic station),6,3308,0.0018
KIA,CEED,4,10,Forevisning for trafikkstasjon (administrative referral to the traffic station),0,742,0.0
ALFA ROMEO,GIULIETTA,3,10,Forevisning for trafikkstasjon (administrative referral to the traffic station),0,258,0.0
AUDI,Q3,1,10,Forevisning for trafikkstasjon (administrative referral to the traffic station),0,911,0.0
TOYOTA,COROLLA,3,10,Forevisning for trafikkstasjon (administrative referral to the traffic station),0,284,0.0
MAZDA,MAZDA2,1,10,Forevisning for trafikkstasjon (administrative referral to the traffic station),0,625,0.0
BMW,4-serie,2,10,Forevisning for trafikkstasjon (administrative referral to the traffic station),1,509,0.002
TOYOTA,AYGO 3/5-DØRS,2,10,Forevisning for trafikkstasjon (administrative referral to the traffic station),0,608,0.0
FIAT,PANDA,4,10,Forevisning for trafikkstasjon (administrative referral to the traffic station),0,101,0.0
KIA,VENGA,2,10,Forevisning for trafikkstasjon (administrative referral to the traffic station),0,273,0.0
HYUNDAI,I30CW,3,10,Forevisning for trafikkstasjon (administrative referral to the traffic station),0,164,0.0
KIA,Optima,4,10,Forevisning for trafikkstasjon (administrative referral to the traffic station),0,1,0.0
MITSUBISHI,OUTLANDER,1,10,Forevisning for trafikkstasjon (administrative referral to the traffic station),3,27166,0.0001
VOLVO,V60,2,10,Forevisning for trafikkstasjon (administrative referral to the traffic station),0,6546,0.0
SKODA,KODIAQ,2,10,Forevisning for trafikkstasjon (administrative referral to the traffic station),0,2105,0.0
VOLKSWAGEN,T-Roc,1,10,Forevisning for trafikkstasjon (administrative referral to the traffic station),1,7258,0.0001
TOYOTA,AVENSIS STW,3,10,Forevisning for trafikkstasjon (administrative referral to the traffic station),2,12867,0.0002
SUZUKI,SX4,4,10,Forevisning for trafikkstasjon (administrative referral to the traffic station),0,4809,0.0
TOYOTA,Toyota C-HR,1,10,Forevisning for trafikkstasjon (administrative referral to the traffic station),1,14399,0.0001
MERCEDES-BENZ,C,1,10,Forevisning for trafikkstasjon (administrative referral to the traffic station),0,3637,0.0
SKODA,OCTAVIA COMBI,3,10,Forevisning for trafikkstasjon (administrative referral to the traffic station),10,19319,0.0005
TOYOTA,AURIS,3,10,Forevisning for trafikkstasjon (administrative referral to the traffic station),2,23427,0.0001
AUDI,A3 CABRIOLET,4,10,Forevisning for trafikkstasjon (administrative referral to the traffic station),0,166,0.0
DACIA,Duster,1,10,Forevisning for trafikkstasjon (administrative referral to the traffic station),2,767,0.0026
SKODA,RAPID SPACEBACK,3,10,Forevisning for trafikkstasjon (administrative referral to the traffic station),1,1667,0.0006
OPEL,INSIGNIA,3,10,Forevisning for trafikkstasjon (administrative referral to the traffic station),4,3483,0.0011
SUZUKI,VITARA,1,10,Forevisning for trafikkstasjon (administrative referral to the traffic station),0,3773,0.0
HYUNDAI,I20,3,10,Forevisning for trafikkstasjon (administrative referral to the traffic station),0,4313,0.0
BMW,5-Serie,1,10,Forevisning for trafikkstasjon (administrative referral to the traffic station),9,4543,0.002
VOLKSWAGEN,TIGUAN,1,10,Forevisning for trafikkstasjon (administrative referral to the traffic station),2,8054,0.0002
MAZDA,CX-3,1,10,Forevisning for trafikkstasjon (administrative referral to the traffic station),0,2711,0.0
MERCEDES-BENZ,B-Klasse,1,10,Forevisning for trafikkstasjon (administrative referral to the traffic station),0,856,0.0
HYUNDAI,IX20,3,10,Forevisning for trafikkstasjon (administrative referral to the traffic station),0,1937,0.0
NISSAN,QASHQAI,3,10,Forevisning for trafikkstasjon (administrative referral to the traffic station),3,10874,0.0003
SUZUKI,SX4 COMBIBACK,1,10,Forevisning for trafikkstasjon (administrative referral to the traffic station),0,2054,0.0
RENAULT,MEGANE,2,10,Forevisning for trafikkstasjon (administrative referral to the traffic station),0,326,0.0
SUZUKI,SX4 S-Cross,2,10,Forevisning for trafikkstasjon (administrative referral to the traffic station),0,2348,0.0
NISSAN,JUKE,2,10,Forevisning for trafikkstasjon (administrative referral to the traffic station),0,531,0.0
BMW,X3,1,10,Forevisning for trafikkstasjon (administrative referral to the traffic station),0,2884,0.0
CITROËN,C3 PICASSO,2,10,Forevisning for trafikkstasjon (administrative referral to the traffic station),0,46,0.0
NISSAN,MICRA,3,10,Forevisning for trafikkstasjon (administrative referral to the traffic station),0,871,0.0
OPEL,CORSA,4,10,Forevisning for trafikkstasjon (administrative referral to the traffic station),2,3017,0.0007
RENAULT,CLIO,3,10,Forevisning for trafikkstasjon (administrative referral to the traffic station),0,1622,0.0
SKODA,RAPID,2,10,Forevisning for trafikkstasjon (administrative referral to the traffic station),0,1389,0.0
HYUNDAI,I 10,4,10,Forevisning for trafikkstasjon (administrative referral to the traffic station),0,982,0.0
SKODA,CITIGO,2,10,Forevisning for trafikkstasjon (administrative referral to the traffic station),1,474,0.0021
AUDI,A3 Limousine,3,10,Forevisning for trafikkstasjon (administrative referral to the traffic station),1,391,0.0026
OPEL,ZAFIRA,4,10,Forevisning for trafikkstasjon (administrative referral to the traffic station),0,1175,0.0
CITROËN,C1,2,10,Forevisning for trafikkstasjon (administrative referral to the traffic station),0,428,0.0
HYUNDAI,i10 AC3,2,10,Forevisning for trafikkstasjon (administrative referral to the traffic station),0,411,0.0
SEAT,LEON,4,10,Forevisning for trafikkstasjon (administrative referral to the traffic station),0,7,0.0
VOLKSWAGEN,GOLF,3,10,Forevisning for trafikkstasjon (administrative referral to the traffic station),31,40607,0.0008
PEUGEOT,108,2,10,Forevisning for trafikkstasjon (administrative referral to the traffic station),0,601,0.0
VOLKSWAGEN,PASSAT VARIANT,3,10,Forevisning for trafikkstasjon (administrative referral to the traffic station),16,16654,0.001
VOLVO,V70,4,10,Forevisning for trafikkstasjon (administrative referral to the traffic station),38,17685,0.0021
FORD,KUGA,3,10,Forevisning for trafikkstasjon (administrative referral to the traffic station),4,7170,0.0006
VOLKSWAGEN,TOURAN,4,10,Forevisning for trafikkstasjon (administrative referral to the traffic station),20,10414,0.0019
FORD,S-MAX,3,10,Forevisning for trafikkstasjon (administrative referral to the traffic station),4,5510,0.0007
FORD,MONDEO STATIONCAR,4,10,Forevisning for trafikkstasjon (administrative referral to the traffic station),9,15288,0.0006
TOYOTA,COROLLA,4,10,Forevisning for trafikkstasjon (administrative referral to the traffic station),1,4053,0.0002
BMW,2-Serie,2,10,Forevisning for trafikkstasjon (administrative referral to the traffic station),2,5966,0.0003
KIA,RIO,1,10,Forevisning for trafikkstasjon (administrative referral to the traffic station),0,599,0.0
FORD,FOCUS STATIONSVOGN,1,10,Forevisning for trafikkstasjon (administrative referral to the traffic station),2,6110,0.0003
TOYOTA,YARIS 5-DØRS,4,10,Forevisning for trafikkstasjon (administrative referral to the traffic station),3,12845,0.0002
MAZDA,3,4,10,Forevisning for trafikkstasjon (administrative referral to the traffic station),0,3328,0.0
PEUGEOT,508,2,10,Forevisning for trafikkstasjon (administrative referral to the traffic station),0,919,0.0
FIAT,PANDA,3,10,Forevisning for trafikkstasjon (administrative referral to the traffic station),0,332,0.0
TOYOTA,RAV4 Plug in,3,10,Forevisning for trafikkstasjon (administrative referral to the traffic station),5,11242,0.0004
FORD,GALAXY,4,10,Forevisning for trafikkstasjon (administrative referral to the traffic station),1,2069,0.0005
MITSUBISHI,ASX,2,10,Forevisning for trafikkstasjon (administrative referral to the traffic station),1,1912,0.0005
MINI,COOPER,4,10,Forevisning for trafikkstasjon (administrative referral to the traffic station),5,2672,0.0019
KIA,Optima,3,10,Forevisning for trafikkstasjon (administrative referral to the traffic station),0,86,0.0
SKODA,OCTAVIA,1,10,Forevisning for trafikkstasjon (administrative referral to the traffic station),2,14749,0.0001
TOYOTA,AYGO 5-DØRS,4,10,Forevisning for trafikkstasjon (administrative referral to the traffic station),0,3007,0.0
HYUNDAI,I30CW,4,10,Forevisning for trafikkstasjon (administrative referral to the traffic station),0,3800,0.0
KIA,CEED,3,10,Forevisning for trafikkstasjon (administrative referral to the traffic station),0,3585,0.0
TOYOTA,Aygo X,1,10,Forevisning for trafikkstasjon (administrative referral to the traffic station),0,689,0.0
HONDA,CR-V,1,10,Forevisning for trafikkstasjon (administrative referral to the traffic station),0,1749,0.0
KIA,CEE'D SW,1,10,Forevisning for trafikkstasjon (administrative referral to the traffic station),0,984,0.0
FORD,KA,4,10,Forevisning for trafikkstasjon (administrative referral to the traffic station),0,449,0.0
AUDI,A6 AVANT,1,10,Forevisning for trafikkstasjon (administrative referral to the traffic station),1,526,0.0019
AUDI,A3 Sportback,4,10,Forevisning for trafikkstasjon (administrative referral to the traffic station),0,227,0.0
MERCEDES-BENZ,GLE,3,10,Forevisning for trafikkstasjon (administrative referral to the traffic station),0,72,0.0
ALFA ROMEO,GIULIETTA,4,10,Forevisning for trafikkstasjon (administrative referral to the traffic station),0,1,0.0
HYUNDAI,I40,1,10,Forevisning for trafikkstasjon (administrative referral to the traffic station),0,1,0.0
OPEL,Mokka,1,10,Forevisning for trafikkstasjon (administrative referral to the traffic station),0,1060,0.0
FORD,MONDEO STATIONCAR,2,10,Forevisning for trafikkstasjon (administrative referral to the traffic station),3,5589,0.0005
MERCEDES-BENZ,A-Klasse,3,10,Forevisning for trafikkstasjon (administrative referral to the traffic station),1,6182,0.0002
FORD,C-MAX,3,10,Forevisning for trafikkstasjon (administrative referral to the traffic station),0,1829,0.0
VOLVO,XC40,1,10,Forevisning for trafikkstasjon (administrative referral to the traffic station),1,6206,0.0002
VOLVO,V70,2,10,Forevisning for trafikkstasjon (administrative referral to the traffic station),0,2502,0.0
KIA,SPORTAGE,3,10,Forevisning for trafikkstasjon (administrative referral to the traffic station),5,7796,0.0006
AUDI,Q5,3,10,Forevisning for trafikkstasjon (administrative referral to the traffic station),2,5548,0.0004
TOYOTA,YARIS 5-DØRS,2,10,Forevisning for trafikkstasjon (administrative referral to the traffic station),0,15223,0.0
AUDI,A1 SPORTBACK,3,10,Forevisning for trafikkstasjon (administrative referral to the traffic station),0,3090,0.0
AUDI,A3,1,10,Forevisning for trafikkstasjon (administrative referral to the traffic station),1,4115,0.0002
MITSUBISHI,COLT,4,10,Forevisning for trafikkstasjon (administrative referral to the traffic station),2,3136,0.0006
PEUGEOT,5008,3,10,Forevisning for trafikkstasjon (administrative referral to the traffic station),0,1911,0.0
VOLKSWAGEN,T-Cross,1,10,Forevisning for trafikkstasjon (administrative referral to the traffic station),0,1210,0.0
MITSUBISHI,ASX,4,10,Forevisning for trafikkstasjon (administrative referral to the traffic station),0,5149,0.0
MINI,COOPER,2,10,Forevisning for trafikkstasjon (administrative referral to the traffic station),4,1205,0.0033
FORD,GALAXY,2,10,Forevisning for trafikkstasjon (administrative referral to the traffic station),0,493,0.0
CITROËN,C4 PICASSO,3,10,Forevisning for trafikkstasjon (administrative referral to the traffic station),0,1484,0.0
MAZDA,3,2,10,Forevisning for trafikkstasjon (administrative referral to the traffic station),2,2010,0.001
HYUNDAI,Ioniq,1,10,Forevisning for trafikkstasjon (administrative referral to the traffic station),0,1674,0.0
MERCEDES-BENZ,GLA,2,10,Forevisning for trafikkstasjon (administrative referral to the traffic station),1,1805,0.0006
TOYOTA,AVENSIS,3,10,Forevisning for trafikkstasjon (administrative referral to the traffic station),2,12867,0.0002
AUDI,A3 Sportback,2,10,Forevisning for trafikkstasjon (administrative referral to the traffic station),2,8901,0.0002
FORD,NY Focus,3,10,Forevisning for trafikkstasjon (administrative referral to the traffic station),8,15257,0.0005
SKODA,SUPERB,1,10,Forevisning for trafikkstasjon (administrative referral to the traffic station),2,6713,0.0003
MERCEDES-BENZ,C-Klasse,3,10,Forevisning for trafikkstasjon (administrative referral to the traffic station),12,6797,0.0018
SKODA,FABIA,1,10,Forevisning for trafikkstasjon (administrative referral to the traffic station),0,2246,0.0
TOYOTA,AYGO 3/5-DØRS,3,10,Forevisning for trafikkstasjon (administrative referral to the traffic station),1,2298,0.0004
PEUGEOT,508,4,10,Forevisning for trafikkstasjon (administrative referral to the traffic station),0,1566,0.0
KIA,VENGA,3,10,Forevisning for trafikkstasjon (administrative referral to the traffic station),0,1099,0.0
BMW,4-serie,3,10,Forevisning for trafikkstasjon (administrative referral to the traffic station),5,422,0.0118
VOLKSWAGEN,TOURAN,2,10,Forevisning for trafikkstasjon (administrative referral to the traffic station),0,2051,0.0
MERCEDES-BENZ,E,1,10,Forevisning for trafikkstasjon (administrative referral to the traffic station),2,4198,0.0005
KIA,CEED SW,1,10,Forevisning for trafikkstasjon (administrative referral to the traffic station),0,984,0.0
CITROËN,BERLINGO,1,10,Forevisning for trafikkstasjon (administrative referral to the traffic station),0,389,0.0
CITROËN,C5 Aircross,1,10,Forevisning for trafikkstasjon (administrative referral to the traffic station),0,1527,0.0
TOYOTA,AYGO 5-DØRS,2,10,Forevisning for trafikkstasjon (administrative referral to the traffic station),0,608,0.0
AUDI,A4 AVANT,1,10,Forevisning for trafikkstasjon (administrative referral to the traffic station),2,1533,0.0013
PEUGEOT,206 +,4,10,Forevisning for trafikkstasjon (administrative referral to the traffic station),0,143,0.0
VOLKSWAGEN,Golf Sportsvan,1,10,Forevisning for trafikkstasjon (administrative referral to the traffic station),0,502,0.0
ALFA ROMEO,GIULIETTA,2,10,Forevisning for trafikkstasjon (administrative referral to the traffic station),0,35,0.0
FORD,KA,2,10,Forevisning for trafikkstasjon (administrative referral to the traffic station),0,41,0.0
KIA,Stonic,2,10,Forevisning for trafikkstasjon (administrative referral to the traffic station),0,93,0.0
HONDA,CIVIC,4,10,Forevisning for trafikkstasjon (administrative referral to the traffic station),3,2980,0.001
NISSAN,X-TRAIL,4,10,Forevisning for trafikkstasjon (administrative referral to the traffic station),9,3637,0.0025
NISSAN,Qashqai J11A,2,10,Forevisning for trafikkstasjon (administrative referral to the traffic station),0,7503,0.0
VOLKSWAGEN,TIGUAN,3,10,Forevisning for trafikkstasjon (administrative referral to the traffic station),2,13669,0.0001
SKODA,OCTAVIA COMBI,1,10,Forevisning for trafikkstasjon (administrative referral to the traffic station),2,14749,0.0001
MERCEDES-BENZ,B-Klasse,3,10,Forevisning for trafikkstasjon (administrative referral to the traffic station),2,4025,0.0005
VOLVO,V90,1,10,Forevisning for trafikkstasjon (administrative referral to the traffic station),3,10928,0.0003
VOLVO,XC60,4,10,Forevisning for trafikkstasjon (administrative referral to the traffic station),2,9334,0.0002
BMW,X3,3,10,Forevisning for trafikkstasjon (administrative referral to the traffic station),7,9399,0.0007
MITSUBISHI,OUTLANDER,3,10,Forevisning for trafikkstasjon (administrative referral to the traffic station),5,16791,0.0003
NISSAN,MICRA,1,10,Forevisning for trafikkstasjon (administrative referral to the traffic station),0,296,0.0
SUZUKI,SWIFT,4,10,Forevisning for trafikkstasjon (administrative referral to the traffic station),0,4271,0.0
MERCEDES-BENZ,C,3,10,Forevisning for trafikkstasjon (administrative referral to the traffic station),12,6797,0.0018
BMW,1-Serie,2,10,Forevisning for trafikkstasjon (administrative referral to the traffic station),3,1319,0.0023
BMW,5-Serie,3,10,Forevisning for trafikkstasjon (administrative referral to the traffic station),63,8687,0.0073
TOYOTA,VERSO,3,10,Forevisning for trafikkstasjon (administrative referral to the traffic station),0,3553,0.0
PEUGEOT,308,2,10,Forevisning for trafikkstasjon (administrative referral to the traffic station),0,4530,0.0
RENAULT,MEGANE SPORT TOURER,2,10,Forevisning for trafikkstasjon (administrative referral to the traffic station),0,326,0.0
OPEL,ASTRA,2,10,Forevisning for trafikkstasjon (administrative referral to the traffic station),0,1977,0.0
HYUNDAI,i30 Stc.,4,10,Forevisning for trafikkstasjon (administrative referral to the traffic station),0,3800,0.0
KIA,PICANTO,2,10,Forevisning for trafikkstasjon (administrative referral to the traffic station),0,1280,0.0
TOYOTA,AURIS,1,10,Forevisning for trafikkstasjon (administrative referral to the traffic station),0,6033,0.0
SKODA,FABIA COMBI,2,10,Forevisning for trafikkstasjon (administrative referral to the traffic station),1,3224,0.0003
SKODA,RAPID SPACEBACK,1,10,Forevisning for trafikkstasjon (administrative referral to the traffic station),0,482,0.0
TOYOTA,YARIS,4,10,Forevisning for trafikkstasjon (administrative referral to the traffic station),3,12845,0.0002
MERCEDES-BENZ,E-Klasse,4,10,Forevisning for trafikkstasjon (administrative referral to the traffic station),38,11198,0.0034
SUZUKI,SX4 COMBIBACK,3,10,Forevisning for trafikkstasjon (administrative referral to the traffic station),0,6632,0.0
NISSAN,QASHQAI,1,10,Forevisning for trafikkstasjon (administrative referral to the traffic station),0,4798,0.0
FORD,FOCUS,4,10,Forevisning for trafikkstasjon (administrative referral to the traffic station),21,12012,0.0017
DACIA,Duster,3,10,Forevisning for trafikkstasjon (administrative referral to the traffic station),3,489,0.0061
KIA,Niro,1,10,Forevisning for trafikkstasjon (administrative referral to the traffic station),0,5432,0.0
OPEL,INSIGNIA,1,10,Forevisning for trafikkstasjon (administrative referral to the traffic station),1,1365,0.0007
HYUNDAI,I20,1,10,Forevisning for trafikkstasjon (administrative referral to the traffic station),0,1113,0.0
TOYOTA,AVENSIS STW,1,10,Forevisning for trafikkstasjon (administrative referral to the traffic station),0,538,0.0
CITROËN,C3,2,10,Forevisning for trafikkstasjon (administrative referral to the traffic station),0,1100,0.0
RENAULT,Ny Clio,4,10,Forevisning for trafikkstasjon (administrative referral to the traffic station),0,517,0.0
RENAULT,Kadjar,2,10,Forevisning for trafikkstasjon (administrative referral to the traffic station),0,688,0.0
HONDA,JAZZ,2,10,Forevisning for trafikkstasjon (administrative referral to the traffic station),0,727,0.0
FIAT,Punto S7,3,10,Forevisning for trafikkstasjon (administrative referral to the traffic station),0,91,0.0
SKODA,SCALA,1,10,Forevisning for trafikkstasjon (administrative referral to the traffic station),0,339,0.0
NISSAN,NOTE,2,10,Forevisning for trafikkstasjon (administrative referral to the traffic station),0,358,0.0
FIAT,500,2,10,Forevisning for trafikkstasjon (administrative referral to the traffic station),1,384,0.0026
SEAT,IBIZA,1,10,Forevisning for trafikkstasjon (administrative referral to the traffic station),0,162,0.0
PEUGEOT,207,3,10,Forevisning for trafikkstasjon (administrative referral to the traffic station),0,610,0.0
RENAULT,CLIO,1,10,Forevisning for trafikkstasjon (administrative referral to the traffic station),0,563,0.0
HYUNDAI,I30,3,10,Forevisning for trafikkstasjon (administrative referral to the traffic station),0,164,0.0
AUDI,A3 Limousine,1,10,Forevisning for trafikkstasjon (administrative referral to the traffic station),1,109,0.0092
SUZUKI,VITARA,3,10,Forevisning for trafikkstasjon (administrative referral to the traffic station),0,1056,0.0
MAZDA,CX-3,3,10,Forevisning for trafikkstasjon (administrative referral to the traffic station),0,1002,0.0
MAZDA,CX-5,4,10,Forevisning for trafikkstasjon (administrative referral to the traffic station),0,302,0.0
AUDI,A5 SPORTBACK,4,10,Forevisning for trafikkstasjon (administrative referral to the traffic station),0,69,0.0
VOLVO,V40,4,10,Forevisning for trafikkstasjon (administrative referral to the traffic station),0,243,0.0
CHEVROLET,SPARK,4,10,Forevisning for trafikkstasjon (administrative referral to the traffic station),0,21,0.0
TOYOTA,Yaris Cross,1,10,Forevisning for trafikkstasjon (administrative referral to the traffic station),0,261,0.0
MERCEDES-BENZ,E,4,10,Forevisning for trafikkstasjon (administrative referral to the traffic station),38,11198,0.0034
BMW,2-Serie,1,10,Forevisning for trafikkstasjon (administrative referral to the traffic station),1,7055,0.0001
VOLVO,V50,4,10,Forevisning for trafikkstasjon (administrative referral to the traffic station),3,11296,0.0003
VOLKSWAGEN,POLO,3,10,Forevisning for trafikkstasjon (administrative referral to the traffic station),7,10576,0.0007
AUDI,A3,4,10,Forevisning for trafikkstasjon (administrative referral to the traffic station),8,8787,0.0009
VOLKSWAGEN,UP!,3,10,Forevisning for trafikkstasjon (administrative referral to the traffic station),3,4436,0.0007
CITROËN,C4 Cactus,3,10,Forevisning for trafikkstasjon (administrative referral to the traffic station),0,775,0.0
FORD,FOCUS STATIONSVOGN,2,10,Forevisning for trafikkstasjon (administrative referral to the traffic station),0,5076,0.0
FORD,FIESTA 5 DØRS,3,10,Forevisning for trafikkstasjon (administrative referral to the traffic station),6,8583,0.0007
HONDA,CR-V,2,10,Forevisning for trafikkstasjon (administrative referral to the traffic station),0,2570,0.0
TOYOTA,RAV4,3,10,Forevisning for trafikkstasjon (administrative referral to the traffic station),5,11242,0.0004
SKODA,OCTAVIA,2,10,Forevisning for trafikkstasjon (administrative referral to the traffic station),11,13702,0.0008
SKODA,FABIA,4,10,Forevisning for trafikkstasjon (administrative referral to the traffic station),3,4252,0.0007
SKODA,SUPERB,4,10,Forevisning for trafikkstasjon (administrative referral to the traffic station),3,3621,0.0008
MAZDA,MAZDA3,3,10,Forevisning for trafikkstasjon (administrative referral to the traffic station),1,2880,0.0003
TOYOTA,AYGO,3,10,Forevisning for trafikkstasjon (administrative referral to the traffic station),1,2298,0.0004
MITSUBISHI,ASX,1,10,Forevisning for trafikkstasjon (administrative referral to the traffic station),0,452,0.0
AUDI,A6 AVANT,2,10,Forevisning for trafikkstasjon (administrative referral to the traffic station),0,1067,0.0
HYUNDAI,I40,2,10,Forevisning for trafikkstasjon (administrative referral to the traffic station),0,123,0.0
OPEL,MERIVA,4,10,Forevisning for trafikkstasjon (administrative referral to the traffic station),1,1312,0.0008
MAZDA,2,3,10,Forevisning for trafikkstasjon (administrative referral to the traffic station),0,1899,0.0
KIA,CEED SW,4,10,Forevisning for trafikkstasjon (administrative referral to the traffic station),0,742,0.0
SUZUKI,ALTO,4,10,Forevisning for trafikkstasjon (administrative referral to the traffic station),0,392,0.0
KIA,CEE'D SW,2,10,Forevisning for trafikkstasjon (administrative referral to the traffic station),0,1150,0.0
HYUNDAI,I10,3,10,Forevisning for trafikkstasjon (administrative referral to the traffic station),0,1046,0.0
KIA,RIO,2,10,Forevisning for trafikkstasjon (administrative referral to the traffic station),0,1154,0.0
PEUGEOT,108,1,10,Forevisning for trafikkstasjon (administrative referral to the traffic station),0,129,0.0
TOYOTA,Aygo X,2,10,Forevisning for trafikkstasjon (administrative referral to the traffic station),0,608,0.0
CITROËN,BERLINGO,4,10,Forevisning for trafikkstasjon (administrative referral to the traffic station),1,993,0.001
FORD,B-MAX,3,10,Forevisning for trafikkstasjon (administrative referral to the traffic station),0,1129,0.0
PEUGEOT,508,1,10,Forevisning for trafikkstasjon (administrative referral to the traffic station),0,1065,0.0
VOLVO,XC90,3,10,Forevisning for trafikkstasjon (administrative referral to the traffic station),0,1135,0.0
OPEL,Mokka,4,10,Forevisning for trafikkstasjon (administrative referral to the traffic station),0,35,0.0
AUDI,A4 AVANT,4,10,Forevisning for trafikkstasjon (administrative referral to the traffic station),0,152,0.0
