dmr_make,dmr_model,age_band,strata_merged,n_tests,pass_rate,reference_weight
ALFA ROMEO,GIULIETTA,1,1,1123,0.8771,0.2988
ALFA ROMEO,GIULIETTA,1,2,2100,0.8024,0.5099
ALFA ROMEO,GIULIETTA,1,3,604,0.803,0.1462
ALFA ROMEO,GIULIETTA,1,4+5+6,101,0.6634,0.045
ALFA ROMEO,GIULIETTA,2,1,893,0.8701,0.1016
ALFA ROMEO,GIULIETTA,2,2,5475,0.7832,0.3931
ALFA ROMEO,GIULIETTA,2,3,5554,0.7143,0.3338
ALFA ROMEO,GIULIETTA,2,4,1988,0.6771,0.1191
ALFA ROMEO,GIULIETTA,2,5,471,0.6178,0.034
ALFA ROMEO,GIULIETTA,2,6,101,0.5446,0.0184
ALFA ROMEO,GIULIETTA,3,1,326,0.816,0.043
ALFA ROMEO,GIULIETTA,3,2,2988,0.7456,0.2303
ALFA ROMEO,GIULIETTA,3,3,6961,0.6559,0.3501
ALFA ROMEO,GIULIETTA,3,4,5811,0.5958,0.2352
ALFA ROMEO,GIULIETTA,3,5,2356,0.5666,0.0952
ALFA ROMEO,GIULIETTA,3,6,755,0.547,0.0461
ALFA ROMEO,GIULIETTA,4,1+2,819,0.7314,0.1636
ALFA ROMEO,GIULIETTA,4,3,2913,0.6066,0.285
ALFA ROMEO,GIULIETTA,4,4,4541,0.5486,0.288
ALFA ROMEO,GIULIETTA,4,5,2637,0.5476,0.1661
ALFA ROMEO,GIULIETTA,4,6,1103,0.5041,0.0973
AUDI,A1 SPORTBACK,1,1,37075,0.8943,0.2988
AUDI,A1 SPORTBACK,1,2,59627,0.8247,0.5099
AUDI,A1 SPORTBACK,1,3,10132,0.7714,0.1462
AUDI,A1 SPORTBACK,1,4,893,0.7156,0.0309
AUDI,A1 SPORTBACK,1,5+6,133,0.6917,0.0141
AUDI,A1 SPORTBACK,2,1,14316,0.8662,0.1016
AUDI,A1 SPORTBACK,2,2,66299,0.7822,0.3931
AUDI,A1 SPORTBACK,2,3,47140,0.7202,0.3338
AUDI,A1 SPORTBACK,2,4,10862,0.6688,0.1191
AUDI,A1 SPORTBACK,2,5,1761,0.644,0.034
AUDI,A1 SPORTBACK,2,6,313,0.607,0.0184
AUDI,A1 SPORTBACK,3,1,4675,0.8548,0.043
AUDI,A1 SPORTBACK,3,2,29158,0.7669,0.2303
AUDI,A1 SPORTBACK,3,3,49716,0.6862,0.3501
AUDI,A1 SPORTBACK,3,4,30273,0.6317,0.2352
AUDI,A1 SPORTBACK,3,5,8582,0.6008,0.0952
AUDI,A1 SPORTBACK,3,6,1978,0.6057,0.0461
AUDI,A1 SPORTBACK,4,1,575,0.8243,0.0233
AUDI,A1 SPORTBACK,4,2,4228,0.7585,0.1403
AUDI,A1 SPORTBACK,4,3,11077,0.6607,0.285
AUDI,A1 SPORTBACK,4,4,12273,0.6164,0.288
AUDI,A1 SPORTBACK,4,5,5391,0.5908,0.1661
AUDI,A1 SPORTBACK,4,6,1441,0.5739,0.0973
AUDI,A3,1,1,27920,0.9141,0.2988
AUDI,A3,1,2,74736,0.8723,0.5099
AUDI,A3,1,3,23502,0.8314,0.1462
AUDI,A3,1,4,3916,0.8172,0.0309
AUDI,A3,1,5,717,0.8089,0.0089
AUDI,A3,1,6,152,0.8224,0.0052
AUDI,A3,2,1,10874,0.9159,0.1016
AUDI,A3,2,2,75617,0.8684,0.3931
AUDI,A3,2,3,86451,0.8163,0.3338
AUDI,A3,2,4,35179,0.7733,0.1191
AUDI,A3,2,5,10305,0.7583,0.034
AUDI,A3,2,6,3140,0.7271,0.0184
AUDI,A3,3,1,2810,0.9089,0.043
AUDI,A3,3,2,22887,0.8225,0.2303
AUDI,A3,3,3,54968,0.7535,0.3501
AUDI,A3,3,4,55421,0.7105,0.2352
AUDI,A3,3,5,29346,0.6823,0.0952
AUDI,A3,3,6,13550,0.6622,0.0461
AUDI,A3,4,1,1003,0.8425,0.0233
AUDI,A3,4,2,8919,0.7381,0.1403
AUDI,A3,4,3,30481,0.6651,0.285
AUDI,A3,4,4,50356,0.6184,0.288
AUDI,A3,4,5,43661,0.5994,0.1661
AUDI,A3,4,6,33461,0.5931,0.0973
AUDI,A3 CABRIOLET,1,1,27920,0.9141,0.2988
AUDI,A3 CABRIOLET,1,2,74736,0.8723,0.5099
AUDI,A3 CABRIOLET,1,3,23502,0.8314,0.1462
AUDI,A3 CABRIOLET,1,4,3916,0.8172,0.0309
AUDI,A3 CABRIOLET,1,5,717,0.8089,0.0089
AUDI,A3 CABRIOLET,1,6,152,0.8224,0.0052
AUDI,A3 CABRIOLET,2,1,10874,0.9159,0.1016
AUDI,A3 CABRIOLET,2,2,75617,0.8684,0.3931
AUDI,A3 CABRIOLET,2,3,86451,0.8163,0.3338
AUDI,A3 CABRIOLET,2,4,35179,0.7733,0.1191
AUDI,A3 CABRIOLET,2,5,10305,0.7583,0.034
AUDI,A3 CABRIOLET,2,6,3140,0.7271,0.0184
AUDI,A3 CABRIOLET,3,1,2810,0.9089,0.043
AUDI,A3 CABRIOLET,3,2,22887,0.8225,0.2303
AUDI,A3 CABRIOLET,3,3,54968,0.7535,0.3501
AUDI,A3 CABRIOLET,3,4,55421,0.7105,0.2352
AUDI,A3 CABRIOLET,3,5,29346,0.6823,0.0952
AUDI,A3 CABRIOLET,3,6,13550,0.6622,0.0461
AUDI,A3 CABRIOLET,4,1,1003,0.8425,0.0233
AUDI,A3 CABRIOLET,4,2,8919,0.7381,0.1403
AUDI,A3 CABRIOLET,4,3,30481,0.6651,0.285
AUDI,A3 CABRIOLET,4,4,50356,0.6184,0.288
AUDI,A3 CABRIOLET,4,5,43661,0.5994,0.1661
AUDI,A3 CABRIOLET,4,6,33461,0.5931,0.0973
AUDI,A3 Limousine,1,1,27920,0.9141,0.2988
AUDI,A3 Limousine,1,2,74736,0.8723,0.5099
AUDI,A3 Limousine,1,3,23502,0.8314,0.1462
AUDI,A3 Limousine,1,4,3916,0.8172,0.0309
AUDI,A3 Limousine,1,5,717,0.8089,0.0089
AUDI,A3 Limousine,1,6,152,0.8224,0.0052
AUDI,A3 Limousine,2,1,10874,0.9159,0.1016
AUDI,A3 Limousine,2,2,75617,0.8684,0.3931
AUDI,A3 Limousine,2,3,86451,0.8163,0.3338
AUDI,A3 Limousine,2,4,35179,0.7733,0.1191
AUDI,A3 Limousine,2,5,10305,0.7583,0.034
AUDI,A3 Limousine,2,6,3140,0.7271,0.0184
AUDI,A3 Limousine,3,1,2810,0.9089,0.043
AUDI,A3 Limousine,3,2,22887,0.8225,0.2303
AUDI,A3 Limousine,3,3,54968,0.7535,0.3501
AUDI,A3 Limousine,3,4,55421,0.7105,0.2352
AUDI,A3 Limousine,3,5,29346,0.6823,0.0952
AUDI,A3 Limousine,3,6,13550,0.6622,0.0461
AUDI,A3 Limousine,4,1,1003,0.8425,0.0233
AUDI,A3 Limousine,4,2,8919,0.7381,0.1403
AUDI,A3 Limousine,4,3,30481,0.6651,0.285
AUDI,A3 Limousine,4,4,50356,0.6184,0.288
AUDI,A3 Limousine,4,5,43661,0.5994,0.1661
AUDI,A3 Limousine,4,6,33461,0.5931,0.0973
AUDI,A3 Sportback,1,1,27920,0.9141,0.2988
AUDI,A3 Sportback,1,2,74736,0.8723,0.5099
AUDI,A3 Sportback,1,3,23502,0.8314,0.1462
AUDI,A3 Sportback,1,4,3916,0.8172,0.0309
AUDI,A3 Sportback,1,5,717,0.8089,0.0089
AUDI,A3 Sportback,1,6,152,0.8224,0.0052
AUDI,A3 Sportback,2,1,10874,0.9159,0.1016
AUDI,A3 Sportback,2,2,75617,0.8684,0.3931
AUDI,A3 Sportback,2,3,86451,0.8163,0.3338
AUDI,A3 Sportback,2,4,35179,0.7733,0.1191
AUDI,A3 Sportback,2,5,10305,0.7583,0.034
AUDI,A3 Sportback,2,6,3140,0.7271,0.0184
AUDI,A3 Sportback,3,1,2810,0.9089,0.043
AUDI,A3 Sportback,3,2,22887,0.8225,0.2303
AUDI,A3 Sportback,3,3,54968,0.7535,0.3501
AUDI,A3 Sportback,3,4,55421,0.7105,0.2352
AUDI,A3 Sportback,3,5,29346,0.6823,0.0952
AUDI,A3 Sportback,3,6,13550,0.6622,0.0461
AUDI,A3 Sportback,4,1,1003,0.8425,0.0233
AUDI,A3 Sportback,4,2,8919,0.7381,0.1403
AUDI,A3 Sportback,4,3,30481,0.6651,0.285
AUDI,A3 Sportback,4,4,50356,0.6184,0.288
AUDI,A3 Sportback,4,5,43661,0.5994,0.1661
AUDI,A3 Sportback,4,6,33461,0.5931,0.0973
AUDI,A4 AVANT,1,1,9371,0.8982,0.2988
AUDI,A4 AVANT,1,2,39171,0.847,0.5099
AUDI,A4 AVANT,1,3,17915,0.817,0.1462
AUDI,A4 AVANT,1,4,4453,0.8055,0.0309
AUDI,A4 AVANT,1,5,1157,0.8021,0.0089
AUDI,A4 AVANT,1,6,354,0.8079,0.0052
AUDI,A4 AVANT,2,1,2218,0.8995,0.1016
AUDI,A4 AVANT,2,2,26273,0.8266,0.3931
AUDI,A4 AVANT,2,3,45072,0.7758,0.3338
AUDI,A4 AVANT,2,4,25817,0.7494,0.1191
AUDI,A4 AVANT,2,5,10015,0.7317,0.034
AUDI,A4 AVANT,2,6,4609,0.7179,0.0184
AUDI,A4 AVANT,3,1,547,0.9287,0.043
AUDI,A4 AVANT,3,2,6797,0.8433,0.2303
AUDI,A4 AVANT,3,3,21544,0.7591,0.3501
AUDI,A4 AVANT,3,4,29030,0.7046,0.2352
AUDI,A4 AVANT,3,5,19881,0.6901,0.0952
AUDI,A4 AVANT,3,6,13056,0.6837,0.0461
AUDI,A4 AVANT,4,1,302,0.9073,0.0233
AUDI,A4 AVANT,4,2,2944,0.805,0.1403
AUDI,A4 AVANT,4,3,11837,0.7241,0.285
AUDI,A4 AVANT,4,4,25781,0.6696,0.288
AUDI,A4 AVANT,4,5,30256,0.6415,0.1661
AUDI,A4 AVANT,4,6,32841,0.6298,0.0973
AUDI,A5 SPORTBACK,1,1,9602,0.894,0.2988
AUDI,A5 SPORTBACK,1,2,31265,0.8425,0.5099
AUDI,A5 SPORTBACK,1,3,10880,0.8062,0.1462
AUDI,A5 SPORTBACK,1,4,1967,0.7931,0.0309
AUDI,A5 SPORTBACK,1,5+6,440,0.7818,0.0141
AUDI,A5 SPORTBACK,2,1,2209,0.9031,0.1016
AUDI,A5 SPORTBACK,2,2,19273,0.8315,0.3931
AUDI,A5 SPORTBACK,2,3,25246,0.7895,0.3338
AUDI,A5 SPORTBACK,2,4,11058,0.7432,0.1191
AUDI,A5 SPORTBACK,2,5,3195,0.7499,0.034
AUDI,A5 SPORTBACK,2,6,1147,0.728,0.0184
AUDI,A5 SPORTBACK,3,1,585,0.9043,0.043
AUDI,A5 SPORTBACK,3,2,6791,0.832,0.2303
AUDI,A5 SPORTBACK,3,3,18534,0.7732,0.3501
AUDI,A5 SPORTBACK,3,4,18917,0.727,0.2352
AUDI,A5 SPORTBACK,3,5,10121,0.7008,0.0952
AUDI,A5 SPORTBACK,3,6,4832,0.6923,0.0461
AUDI,A5 SPORTBACK,4,1,256,0.9102,0.0233
AUDI,A5 SPORTBACK,4,2,2734,0.8252,0.1403
AUDI,A5 SPORTBACK,4,3,10405,0.7494,0.285
AUDI,A5 SPORTBACK,4,4,16986,0.7051,0.288
AUDI,A5 SPORTBACK,4,5,14375,0.6707,0.1661
AUDI,A5 SPORTBACK,4,6,10853,0.6633,0.0973
AUDI,A6 AVANT,1,1,3680,0.922,0.2988
AUDI,A6 AVANT,1,2,21000,0.8858,0.5099
AUDI,A6 AVANT,1,3,12545,0.868,0.1462
AUDI,A6 AVANT,1,4,3666,0.8614,0.0309
AUDI,A6 AVANT,1,5,917,0.8462,0.0089
AUDI,A6 AVANT,1,6,416,0.8846,0.0052
AUDI,A6 AVANT,2,1,824,0.9369,0.1016
AUDI,A6 AVANT,2,2,11546,0.8747,0.3931
AUDI,A6 AVANT,2,3,25032,0.8367,0.3338
AUDI,A6 AVANT,2,4,17281,0.8192,0.1191
AUDI,A6 AVANT,2,5,7197,0.811,0.034
AUDI,A6 AVANT,2,6,3555,0.802,0.0184
AUDI,A6 AVANT,3,1,212,0.9104,0.043
AUDI,A6 AVANT,3,2,2849,0.8582,0.2303
AUDI,A6 AVANT,3,3,11547,0.811,0.3501
AUDI,A6 AVANT,3,4,18744,0.7855,0.2352
AUDI,A6 AVANT,3,5,13873,0.7758,0.0952
AUDI,A6 AVANT,3,6,9126,0.76,0.0461
AUDI,A6 AVANT,4,1+2,884,0.8292,0.1636
AUDI,A6 AVANT,4,3,3567,0.7614,0.285
AUDI,A6 AVANT,4,4,9382,0.7154,0.288
AUDI,A6 AVANT,4,5,12825,0.6981,0.1661
AUDI,A6 AVANT,4,6,18475,0.6696,0.0973
AUDI,Q2,1,1,24701,0.9347,0.2988
AUDI,Q2,1,2,50194,0.8894,0.5099
AUDI,Q2,1,3,10601,0.8496,0.1462
AUDI,Q2,1,4,1059,0.8187,0.0309
AUDI,Q2,1,5+6,139,0.7986,0.0141
AUDI,Q2,2,1,2427,0.9291,0.1016
AUDI,Q2,2,2,12208,0.8881,0.3931
AUDI,Q2,2,3,7199,0.8437,0.3338
AUDI,Q2,2,4,1332,0.7973,0.1191
AUDI,Q2,2,5+6,226,0.7478,0.0524
AUDI,Q3,1,1,19407,0.9278,0.2988
AUDI,Q3,1,2,46238,0.8886,0.5099
AUDI,Q3,1,3,9915,0.8438,0.1462
AUDI,Q3,1,4,1056,0.8191,0.0309
AUDI,Q3,1,5+6,167,0.7784,0.0141
AUDI,Q3,2,1,4581,0.897,0.1016
AUDI,Q3,2,2,35073,0.8452,0.3931
AUDI,Q3,2,3,36587,0.7895,0.3338
AUDI,Q3,2,4,11180,0.7412,0.1191
AUDI,Q3,2,5,2141,0.7305,0.034
AUDI,Q3,2,6,560,0.6893,0.0184
AUDI,Q3,3,1,888,0.8637,0.043
AUDI,Q3,3,2,8596,0.8099,0.2303
AUDI,Q3,3,3,22555,0.7437,0.3501
AUDI,Q3,3,4,18928,0.6875,0.2352
AUDI,Q3,3,5,7015,0.6613,0.0952
AUDI,Q3,3,6,2089,0.6357,0.0461
AUDI,Q3,4,1+2,278,0.795,0.1636
AUDI,Q3,4,3,863,0.7242,0.285
AUDI,Q3,4,4,1152,0.6684,0.288
AUDI,Q3,4,5,678,0.6888,0.1661
AUDI,Q3,4,6,296,0.6115,0.0973
AUDI,Q5,1,1,9604,0.9184,0.2988
AUDI,Q5,1,2,40405,0.8866,0.5099
AUDI,Q5,1,3,14325,0.8628,0.1462
AUDI,Q5,1,4,1934,0.8428,0.0309
AUDI,Q5,1,5+6,354,0.8644,0.0141
AUDI,Q5,2,1,1543,0.8911,0.1016
AUDI,Q5,2,2,17341,0.8589,0.3931
AUDI,Q5,2,3,28447,0.8225,0.3338
AUDI,Q5,2,4,11716,0.8033,0.1191
AUDI,Q5,2,5,2506,0.7889,0.034
AUDI,Q5,2,6,604,0.7566,0.0184
AUDI,Q5,3,1,255,0.8941,0.043
AUDI,Q5,3,2,3427,0.8509,0.2303
AUDI,Q5,3,3,12629,0.8009,0.3501
AUDI,Q5,3,4,14241,0.7733,0.2352
AUDI,Q5,3,5,6349,0.7549,0.0952
AUDI,Q5,3,6,2046,0.7219,0.0461
AUDI,Q5,4,1+2,813,0.8364,0.1636
AUDI,Q5,4,3,3617,0.7512,0.285
AUDI,Q5,4,4,8170,0.6967,0.288
AUDI,Q5,4,5,7427,0.6793,0.1661
AUDI,Q5,4,6,4492,0.6523,0.0973
BMW,1-Serie,1,1,33543,0.909,0.2988
BMW,1-Serie,1,2,87288,0.8555,0.5099
BMW,1-Serie,1,3,25258,0.8085,0.1462
BMW,1-Serie,1,4,3825,0.7846,0.0309
BMW,1-Serie,1,5,607,0.7974,0.0089
BMW,1-Serie,1,6,120,0.6917,0.0052
BMW,1-Serie,2,1,8478,0.9125,0.1016
BMW,1-Serie,2,2,62201,0.8399,0.3931
BMW,1-Serie,2,3,77045,0.7856,0.3338
BMW,1-Serie,2,4,30375,0.7428,0.1191
BMW,1-Serie,2,5,7407,0.7092,0.034
BMW,1-Serie,2,6,1906,0.7135,0.0184
BMW,1-Serie,3,1,3086,0.8885,0.043
BMW,1-Serie,3,2,25560,0.8075,0.2303
BMW,1-Serie,3,3,64723,0.7264,0.3501
BMW,1-Serie,3,4,58851,0.6723,0.2352
BMW,1-Serie,3,5,24915,0.6496,0.0952
BMW,1-Serie,3,6,8685,0.6326,0.0461
BMW,1-Serie,4,1,1782,0.8889,0.0233
BMW,1-Serie,4,2,12433,0.7922,0.1403
BMW,1-Serie,4,3,35737,0.6999,0.285
BMW,1-Serie,4,4,48459,0.6414,0.288
BMW,1-Serie,4,5,33867,0.6147,0.1661
BMW,1-Serie,4,6,17936,0.6037,0.0973
BMW,2-Serie,1,1,30566,0.9046,0.2988
BMW,2-Serie,1,2,53469,0.8524,0.5099
BMW,2-Serie,1,3,12836,0.7953,0.1462
BMW,2-Serie,1,4,2348,0.7892,0.0309
BMW,2-Serie,1,5,535,0.785,0.0089
BMW,2-Serie,1,6,169,0.787,0.0052
BMW,2-Serie,2,1,8540,0.9146,0.1016
BMW,2-Serie,2,2,44298,0.8442,0.3931
BMW,2-Serie,2,3,36979,0.7791,0.3338
BMW,2-Serie,2,4,11729,0.725,0.1191
BMW,2-Serie,2,5,2862,0.7072,0.034
BMW,2-Serie,2,6,976,0.7336,0.0184
BMW,2-Serie,3,1,493,0.9087,0.043
BMW,2-Serie,3,2,3215,0.8348,0.2303
BMW,2-Serie,3,3,5322,0.7484,0.3501
BMW,2-Serie,3,4,2937,0.7198,0.2352
BMW,2-Serie,3,5,924,0.6775,0.0952
BMW,2-Serie,3,6,251,0.7251,0.0461
BMW,3-Serie,1,1,18911,0.9104,0.2988
BMW,3-Serie,1,2,72314,0.874,0.5099
BMW,3-Serie,1,3,37101,0.8461,0.1462
BMW,3-Serie,1,4,9239,0.8334,0.0309
BMW,3-Serie,1,5,1974,0.8237,0.0089
BMW,3-Serie,1,6,571,0.8336,0.0052
BMW,3-Serie,2,1,4866,0.9291,0.1016
BMW,3-Serie,2,2,41901,0.8702,0.3931
BMW,3-Serie,2,3,72365,0.8272,0.3338
BMW,3-Serie,2,4,42179,0.7932,0.1191
BMW,3-Serie,2,5,14927,0.7705,0.034
BMW,3-Serie,2,6,6519,0.7559,0.0184
BMW,3-Serie,3,1,2091,0.9024,0.043
BMW,3-Serie,3,2,18318,0.8274,0.2303
BMW,3-Serie,3,3,50148,0.7538,0.3501
BMW,3-Serie,3,4,60029,0.7113,0.2352
BMW,3-Serie,3,5,38143,0.6914,0.0952
BMW,3-Serie,3,6,22670,0.6712,0.0461
BMW,3-Serie,4,1,1372,0.8644,0.0233
BMW,3-Serie,4,2,11226,0.7959,0.1403
BMW,3-Serie,4,3,34366,0.7178,0.285
BMW,3-Serie,4,4,54003,0.6698,0.288
BMW,3-Serie,4,5,48749,0.647,0.1661
BMW,3-Serie,4,6,39949,0.6405,0.0973
BMW,4-serie,1,1,13052,0.897,0.2988
BMW,4-serie,1,2,35189,0.8574,0.5099
BMW,4-serie,1,3,12615,0.8289,0.1462
BMW,4-serie,1,4,2172,0.8103,0.0309
BMW,4-serie,1,5+6,441,0.7778,0.0141
BMW,4-serie,2,1,4589,0.9152,0.1016
BMW,4-serie,2,2,31346,0.8593,0.3931
BMW,4-serie,2,3,40819,0.8227,0.3338
BMW,4-serie,2,4,18593,0.7869,0.1191
BMW,4-serie,2,5,5351,0.7774,0.034
BMW,4-serie,2,6,1593,0.7627,0.0184
BMW,4-serie,3,1,657,0.898,0.043
BMW,4-serie,3,2,4954,0.8373,0.2303
BMW,4-serie,3,3,10494,0.7899,0.3501
BMW,4-serie,3,4,8351,0.7591,0.2352
BMW,4-serie,3,5,3127,0.7387,0.0952
BMW,4-serie,3,6,1134,0.7002,0.0461
BMW,5-Serie,1,1,9794,0.9101,0.2988
BMW,5-Serie,1,2,39623,0.8819,0.5099
BMW,5-Serie,1,3,24308,0.8607,0.1462
BMW,5-Serie,1,4,7885,0.8583,0.0309
BMW,5-Serie,1,5,2424,0.8738,0.0089
BMW,5-Serie,1,6,1150,0.8678,0.0052
BMW,5-Serie,2,1,2008,0.9158,0.1016
BMW,5-Serie,2,2,18192,0.8682,0.3931
BMW,5-Serie,2,3,33732,0.8464,0.3338
BMW,5-Serie,2,4,22655,0.8357,0.1191
BMW,5-Serie,2,5,10179,0.8271,0.034
BMW,5-Serie,2,6,6276,0.8265,0.0184
BMW,5-Serie,3,1,530,0.9208,0.043
BMW,5-Serie,3,2,4915,0.8317,0.2303
BMW,5-Serie,3,3,17180,0.7939,0.3501
BMW,5-Serie,3,4,26525,0.7679,0.2352
BMW,5-Serie,3,5,20616,0.7546,0.0952
BMW,5-Serie,3,6,15640,0.7517,0.0461
BMW,5-Serie,4,1,190,0.9105,0.0233
BMW,5-Serie,4,2,2014,0.8093,0.1403
BMW,5-Serie,4,3,6664,0.7566,0.285
BMW,5-Serie,4,4,15341,0.7281,0.288
BMW,5-Serie,4,5,19070,0.719,0.1661
BMW,5-Serie,4,6,22685,0.7108,0.0973
BMW,X1,1,1,20595,0.9172,0.2988
BMW,X1,1,2,39170,0.8808,0.5099
BMW,X1,1,3,10233,0.8391,0.1462
BMW,X1,1,4,1570,0.807,0.0309
BMW,X1,1,5+6,269,0.8141,0.0141
BMW,X1,2,1,3857,0.9116,0.1016
BMW,X1,2,2,24023,0.8632,0.3931
BMW,X1,2,3,23928,0.8152,0.3338
BMW,X1,2,4,7419,0.7732,0.1191
BMW,X1,2,5,1727,0.7307,0.034
BMW,X1,2,6,388,0.7139,0.0184
BMW,X1,3,1,570,0.886,0.043
BMW,X1,3,2,5929,0.8055,0.2303
BMW,X1,3,3,14680,0.7379,0.3501
BMW,X1,3,4,12063,0.6866,0.2352
BMW,X1,3,5,4176,0.6616,0.0952
BMW,X1,3,6,1172,0.6655,0.0461
BMW,X1,4,1,127,0.9055,0.0233
BMW,X1,4,2,1256,0.8432,0.1403
BMW,X1,4,3,4786,0.7307,0.285
BMW,X1,4,4,7713,0.6779,0.288
BMW,X1,4,5,4821,0.6445,0.1661
BMW,X1,4,6,2021,0.6324,0.0973
BMW,X3,1,1,12215,0.9054,0.2988
BMW,X3,1,2,37830,0.8813,0.5099
BMW,X3,1,3,10601,0.8618,0.1462
BMW,X3,1,4,1233,0.8313,0.0309
BMW,X3,1,5+6,208,0.7933,0.0141
BMW,X3,2,1,1493,0.9056,0.1016
BMW,X3,2,2,14395,0.8452,0.3931
BMW,X3,2,3,19875,0.7925,0.3338
BMW,X3,2,4,7650,0.7522,0.1191
BMW,X3,2,5,1915,0.7196,0.034
BMW,X3,2,6,481,0.7152,0.0184
BMW,X3,3,1,368,0.8832,0.043
BMW,X3,3,2,3952,0.7973,0.2303
BMW,X3,3,3,11941,0.7485,0.3501
BMW,X3,3,4,13588,0.7041,0.2352
BMW,X3,3,5,6449,0.6936,0.0952
BMW,X3,3,6,2443,0.6697,0.0461
BMW,X3,4,1+2,824,0.8252,0.1636
BMW,X3,4,3,2973,0.7484,0.285
BMW,X3,4,4,5691,0.7032,0.288
BMW,X3,4,5,4585,0.6868,0.1661
BMW,X3,4,6,2059,0.6552,0.0973
BMW,X5,1,1,5230,0.9002,0.2988
BMW,X5,1,2,22699,0.873,0.5099
BMW,X5,1,3,9403,0.848,0.1462
BMW,X5,1,4,1632,0.8382,0.0309
BMW,X5,1,5,351,0.8291,0.0089
BMW,X5,1,6,113,0.7965,0.0052
BMW,X5,2,1,870,0.9069,0.1016
BMW,X5,2,2,9444,0.8853,0.3931
BMW,X5,2,3,16884,0.8595,0.3338
BMW,X5,2,4,8027,0.843,0.1191
BMW,X5,2,5,2124,0.8423,0.034
BMW,X5,2,6,717,0.8159,0.0184
BMW,X5,3,1,165,0.8909,0.043
BMW,X5,3,2,1801,0.8534,0.2303
BMW,X5,3,3,7397,0.8268,0.3501
BMW,X5,3,4,9524,0.7999,0.2352
BMW,X5,3,5,4555,0.7813,0.0952
BMW,X5,3,6,1683,0.773,0.0461
BMW,X5,4,1+2,767,0.8123,0.1636
BMW,X5,4,3,3376,0.7695,0.285
BMW,X5,4,4,9036,0.7331,0.288
BMW,X5,4,5,9238,0.7239,0.1661
BMW,X5,4,6,5273,0.7307,0.0973
CHEVROLET,AVEO,3,1,376,0.7287,0.043
CHEVROLET,AVEO,3,2,1711,0.6131,0.2303
CHEVROLET,AVEO,3,3,2006,0.5055,0.3501
CHEVROLET,AVEO,3,4,854,0.4801,0.2352
CHEVROLET,AVEO,3,5+6,245,0.4327,0.1414
CHEVROLET,AVEO,4,1,570,0.6772,0.0233
CHEVROLET,AVEO,4,2,3454,0.5072,0.1403
CHEVROLET,AVEO,4,3,4388,0.4462,0.285
CHEVROLET,AVEO,4,4,1873,0.4068,0.288
CHEVROLET,AVEO,4,5+6,363,0.4022,0.2634
CHEVROLET,SPARK,3,1,1236,0.7095,0.043
CHEVROLET,SPARK,3,2,5713,0.5906,0.2303
CHEVROLET,SPARK,3,3,6020,0.5231,0.3501
CHEVROLET,SPARK,3,4,2012,0.4811,0.2352
CHEVROLET,SPARK,3,5+6,362,0.5221,0.1414
CHEVROLET,SPARK,4,1,693,0.6768,0.0233
CHEVROLET,SPARK,4,2,3871,0.5825,0.1403
CHEVROLET,SPARK,4,3,5188,0.5229,0.285
CHEVROLET,SPARK,4,4,2131,0.4847,0.288
CHEVROLET,SPARK,4,5+6,439,0.4214,0.2634
CITROËN,BERLINGO,1,1,12328,0.8119,0.2988
CITROËN,BERLINGO,1,2,28010,0.7112,0.5099
CITROËN,BERLINGO,1,3,23490,0.6479,0.1462
CITROËN,BERLINGO,1,4,11110,0.6145,0.0309
CITROËN,BERLINGO,1,5,3655,0.5871,0.0089
CITROËN,BERLINGO,1,6,1606,0.5847,0.0052
CITROËN,BERLINGO,2,1,4895,0.7812,0.1016
CITROËN,BERLINGO,2,2,17475,0.6553,0.3931
CITROËN,BERLINGO,2,3,24828,0.5704,0.3338
CITROËN,BERLINGO,2,4,20071,0.5263,0.1191
CITROËN,BERLINGO,2,5,10694,0.5174,0.034
CITROËN,BERLINGO,2,6,7027,0.514,0.0184
CITROËN,BERLINGO,3,1,1710,0.7444,0.043
CITROËN,BERLINGO,3,2,8870,0.6408,0.2303
CITROËN,BERLINGO,3,3,16700,0.5475,0.3501
CITROËN,BERLINGO,3,4,18421,0.4937,0.2352
CITROËN,BERLINGO,3,5,13378,0.4922,0.0952
CITROËN,BERLINGO,3,6,11509,0.4907,0.0461
CITROËN,BERLINGO,4,1,627,0.7592,0.0233
CITROËN,BERLINGO,4,2,4493,0.6461,0.1403
CITROËN,BERLINGO,4,3,10818,0.5479,0.285
CITROËN,BERLINGO,4,4,15214,0.4915,0.288
CITROËN,BERLINGO,4,5,12808,0.4731,0.1661
CITROËN,BERLINGO,4,6,12056,0.4608,0.0973
CITROËN,C 1,1,1,19839,0.882,0.2988
CITROËN,C 1,1,2,11635,0.8162,0.5099
CITROËN,C 1,1,3,1345,0.7279,0.1462
CITROËN,C 1,1,4+5+6,168,0.6964,0.045
CITROËN,C 1,2,1,19078,0.8658,0.1016
CITROËN,C 1,2,2,47715,0.7827,0.3931
CITROËN,C 1,2,3,17877,0.6808,0.3338
CITROËN,C 1,2,4,2616,0.607,0.1191
CITROËN,C 1,2,5+6,389,0.5578,0.0524
CITROËN,C 1,3,1,7389,0.8215,0.043
CITROËN,C 1,3,2,34421,0.7438,0.2303
CITROËN,C 1,3,3,30356,0.64,0.3501
CITROËN,C 1,3,4,9094,0.5732,0.2352
CITROËN,C 1,3,5,1674,0.5048,0.0952
CITROËN,C 1,3,6,347,0.4784,0.0461
CITROËN,C 1,4,1,3679,0.7711,0.0233
CITROËN,C 1,4,2,21361,0.6702,0.1403
CITROËN,C 1,4,3,36900,0.5693,0.285
CITROËN,C 1,4,4,22951,0.5114,0.288
CITROËN,C 1,4,5,6572,0.475,0.1661
CITROËN,C 1,4,6,1458,0.4643,0.0973
CITROËN,C1,1,1,19839,0.882,0.2988
CITROËN,C1,1,2,11635,0.8162,0.5099
CITROËN,C1,1,3,1345,0.7279,0.1462
CITROËN,C1,1,4+5+6,168,0.6964,0.045
CITROËN,C1,2,1,19078,0.8658,0.1016
CITROËN,C1,2,2,47715,0.7827,0.3931
CITROËN,C1,2,3,17877,0.6808,0.3338
CITROËN,C1,2,4,2616,0.607,0.1191
CITROËN,C1,2,5+6,389,0.5578,0.0524
CITROËN,C1,3,1,7389,0.8215,0.043
CITROËN,C1,3,2,34421,0.7438,0.2303
CITROËN,C1,3,3,30356,0.64,0.3501
CITROËN,C1,3,4,9094,0.5732,0.2352
CITROËN,C1,3,5,1674,0.5048,0.0952
CITROËN,C1,3,6,347,0.4784,0.0461
CITROËN,C1,4,1,3679,0.7711,0.0233
CITROËN,C1,4,2,21361,0.6702,0.1403
CITROËN,C1,4,3,36900,0.5693,0.285
CITROËN,C1,4,4,22951,0.5114,0.288
CITROËN,C1,4,5,6572,0.475,0.1661
CITROËN,C1,4,6,1458,0.4643,0.0973
CITROËN,C3,1,1,45376,0.8891,0.2988
CITROËN,C3,1,2,62290,0.7969,0.5099
CITROËN,C3,1,3,10473,0.6887,0.1462
CITROËN,C3,1,4,1066,0.6154,0.0309
CITROËN,C3,1,5+6,156,0.5897,0.0141
CITROËN,C3,2,1,15051,0.8151,0.1016
CITROËN,C3,2,2,45035,0.7135,0.3931
CITROËN,C3,2,3,21108,0.6053,0.3338
CITROËN,C3,2,4,4299,0.5506,0.1191
CITROËN,C3,2,5,682,0.4941,0.034
CITROËN,C3,2,6,181,0.5138,0.0184
CITROËN,C3,3,1,5403,0.786,0.043
CITROËN,C3,3,2,27695,0.6548,0.2303
CITROËN,C3,3,3,30856,0.5406,0.3501
CITROËN,C3,3,4,14267,0.4934,0.2352
CITROËN,C3,3,5,3853,0.4765,0.0952
CITROËN,C3,3,6,980,0.4633,0.0461
CITROËN,C3,4,1,2349,0.7599,0.0233
CITROËN,C3,4,2,17912,0.612,0.1403
CITROËN,C3,4,3,33051,0.5122,0.285
CITROËN,C3,4,4,25191,0.4712,0.288
CITROËN,C3,4,5,9904,0.4465,0.1661
CITROËN,C3,4,6,2879,0.447,0.0973
CITROËN,C3 Aircross,1,1,17586,0.8855,0.2988
CITROËN,C3 Aircross,1,2,22306,0.8022,0.5099
CITROËN,C3 Aircross,1,3,3135,0.7448,0.1462
CITROËN,C3 Aircross,1,4+5+6,214,0.7056,0.045
CITROËN,C3 Aircross,2,1,773,0.8266,0.1016
CITROËN,C3 Aircross,2,2,2438,0.7547,0.3931
CITROËN,C3 Aircross,2,3,819,0.6923,0.3338
CITROËN,C3 Aircross,2,4+5+6,108,0.6204,0.1715
CITROËN,C3 PICASSO,1,1,612,0.8154,0.2988
CITROËN,C3 PICASSO,1,2,1026,0.7232,0.5099
CITROËN,C3 PICASSO,1,3+4+5+6,277,0.6282,0.1912
CITROËN,C3 PICASSO,2,1,2105,0.7724,0.1016
CITROËN,C3 PICASSO,2,2,4912,0.6932,0.3931
CITROËN,C3 PICASSO,2,3,1819,0.6223,0.3338
CITROËN,C3 PICASSO,2,4+5+6,417,0.5875,0.1715
CITROËN,C3 PICASSO,3,1,102,0.7941,0.043
CITROËN,C3 PICASSO,3,2,457,0.7046,0.2303
CITROËN,C3 PICASSO,3,3,396,0.6313,0.3501
CITROËN,C3 PICASSO,3,4+5+6,210,0.5667,0.3766
CITROËN,C3 PICASSO,4,1+2,132,0.5909,0.1636
CITROËN,C3 PICASSO,4,3,259,0.5405,0.285
CITROËN,C3 PICASSO,4,4+5+6,327,0.4343,0.5514
CITROËN,C4,1,1,13137,0.8449,0.2988
CITROËN,C4,1,2,30297,0.7464,0.5099
CITROËN,C4,1,3,8876,0.6749,0.1462
CITROËN,C4,1,4,1314,0.6553,0.0309
CITROËN,C4,1,5,305,0.7279,0.0089
CITROËN,C4,1,6,220,0.7227,0.0052
CITROËN,C4,2,1,6587,0.8081,0.1016
CITROËN,C4,2,2,47260,0.693,0.3931
CITROËN,C4,2,3,55473,0.6055,0.3338
CITROËN,C4,2,4,20323,0.5666,0.1191
CITROËN,C4,2,5,4730,0.5951,0.034
CITROËN,C4,2,6,2529,0.6592,0.0184
CITROËN,C4,3,1,1279,0.7858,0.043
CITROËN,C4,3,2,12972,0.6567,0.2303
CITROËN,C4,3,3,32256,0.5616,0.3501
CITROËN,C4,3,4,24686,0.5211,0.2352
CITROËN,C4,3,5,8275,0.5251,0.0952
CITROËN,C4,3,6,2576,0.5194,0.0461
CITROËN,C4,4,1,334,0.6946,0.0233
CITROËN,C4,4,2,3878,0.6086,0.1403
CITROËN,C4,4,3,13042,0.5229,0.285
CITROËN,C4,4,4,17018,0.4652,0.288
CITROËN,C4,4,5,8550,0.4561,0.1661
CITROËN,C4,4,6,2884,0.4626,0.0973
CITROËN,C4 Cactus,1,1,6482,0.8386,0.2988
CITROËN,C4 Cactus,1,2,12730,0.7289,0.5099
CITROËN,C4 Cactus,1,3,2846,0.6535,0.1462
CITROËN,C4 Cactus,1,4+5+6,300,0.6333,0.045
CITROËN,C4 Cactus,2,1,1690,0.7905,0.1016
CITROËN,C4 Cactus,2,2,8737,0.6925,0.3931
CITROËN,C4 Cactus,2,3,5948,0.5913,0.3338
CITROËN,C4 Cactus,2,4,1407,0.5359,0.1191
CITROËN,C4 Cactus,2,5+6,208,0.5433,0.0524
CITROËN,C4 PICASSO,1,1,768,0.8529,0.2988
CITROËN,C4 PICASSO,1,2,2082,0.7935,0.5099
CITROËN,C4 PICASSO,1,3,669,0.707,0.1462
CITROËN,C4 PICASSO,1,4+5+6,117,0.7094,0.045
CITROËN,C4 PICASSO,2,1,882,0.8469,0.1016
CITROËN,C4 PICASSO,2,2,4288,0.7437,0.3931
CITROËN,C4 PICASSO,2,3,2849,0.6606,0.3338
CITROËN,C4 PICASSO,2,4,633,0.6493,0.1191
CITROËN,C4 PICASSO,2,5+6,152,0.6579,0.0524
CITROËN,C4 PICASSO,3,1+2,240,0.6167,0.2733
CITROËN,C4 PICASSO,3,3,383,0.5744,0.3501
CITROËN,C4 PICASSO,3,4+5+6,314,0.5796,0.3766
CITROËN,DS3,2,1,1198,0.7596,0.1016
CITROËN,DS3,2,2,8693,0.6012,0.3931
CITROËN,DS3,2,3,8556,0.5161,0.3338
CITROËN,DS3,2,4,2693,0.4645,0.1191
CITROËN,DS3,2,5,496,0.4778,0.034
CITROËN,DS3,2,6,103,0.4369,0.0184
CITROËN,DS3,3,1,2223,0.7481,0.043
CITROËN,DS3,3,2,21972,0.5905,0.2303
CITROËN,DS3,3,3,39581,0.5039,0.3501
CITROËN,DS3,3,4,21377,0.4588,0.2352
CITROËN,DS3,3,5,5916,0.4511,0.0952
CITROËN,DS3,3,6,1311,0.4706,0.0461
CITROËN,DS3,4,1,309,0.7605,0.0233
CITROËN,DS3,4,2,3062,0.5927,0.1403
CITROËN,DS3,4,3,9204,0.505,0.285
CITROËN,DS3,4,4,8711,0.4688,0.288
CITROËN,DS3,4,5,3465,0.4612,0.1661
CITROËN,DS3,4,6,994,0.4537,0.0973
CITROËN,GRAND C4 PICASSO,3,1+2,162,0.6975,0.2733
CITROËN,GRAND C4 PICASSO,3,3,582,0.5378,0.3501
CITROËN,GRAND C4 PICASSO,3,4,662,0.4668,0.2352
CITROËN,GRAND C4 PICASSO,3,5+6,349,0.4756,0.1414
CITROËN,GRAND C4 PICASSO,4,1+2,326,0.589,0.1636
CITROËN,GRAND C4 PICASSO,4,3,1510,0.5099,0.285
CITROËN,GRAND C4 PICASSO,4,4,2356,0.4656,0.288
CITROËN,GRAND C4 PICASSO,4,5,1171,0.4441,0.1661
CITROËN,GRAND C4 PICASSO,4,6,398,0.4497,0.0973
CITROËN,Grand C4 SpaceTourer,3,1+2,168,0.6905,0.2733
CITROËN,Grand C4 SpaceTourer,3,3,616,0.5422,0.3501
CITROËN,Grand C4 SpaceTourer,3,4,699,0.4621,0.2352
CITROËN,Grand C4 SpaceTourer,3,5+6,367,0.4687,0.1414
CITROËN,Grand C4 SpaceTourer,4,1+2,341,0.5865,0.1636
CITROËN,Grand C4 SpaceTourer,4,3,1602,0.5125,0.285
CITROËN,Grand C4 SpaceTourer,4,4,2495,0.4661,0.288
CITROËN,Grand C4 SpaceTourer,4,5,1267,0.4451,0.1661
CITROËN,Grand C4 SpaceTourer,4,6,420,0.4548,0.0973
DACIA,Duster,1,1,18986,0.8208,0.2988
DACIA,Duster,1,2,33037,0.7117,0.5099
DACIA,Duster,1,3,7646,0.6365,0.1462
DACIA,Duster,1,4,1003,0.5723,0.0309
DACIA,Duster,1,5+6,237,0.5738,0.0141
DACIA,Duster,2,1,3210,0.8427,0.1016
DACIA,Duster,2,2,14473,0.7233,0.3931
DACIA,Duster,2,3,13889,0.6187,0.3338
DACIA,Duster,2,4,4933,0.552,0.1191
DACIA,Duster,2,5,1202,0.5316,0.034
DACIA,Duster,2,6,339,0.472,0.0184
DACIA,Duster,3,1,661,0.8124,0.043
DACIA,Duster,3,2,4354,0.6835,0.2303
DACIA,Duster,3,3,8617,0.58,0.3501
DACIA,Duster,3,4,6039,0.5195,0.2352
DACIA,Duster,3,5,2071,0.4766,0.0952
DACIA,Duster,3,6,585,0.4667,0.0461
DACIA,Logan MCV,1,1,2647,0.8406,0.2988
DACIA,Logan MCV,1,2,4447,0.7432,0.5099
DACIA,Logan MCV,1,3,1761,0.6672,0.1462
DACIA,Logan MCV,1,4,564,0.6401,0.0309
DACIA,Logan MCV,1,5,279,0.5842,0.0089
DACIA,Logan MCV,1,6,276,0.6413,0.0052
DACIA,Logan MCV,2,1,1109,0.8413,0.1016
DACIA,Logan MCV,2,2,4501,0.7458,0.3931
DACIA,Logan MCV,2,3,4787,0.6455,0.3338
DACIA,Logan MCV,2,4,2484,0.6063,0.1191
DACIA,Logan MCV,2,5,1087,0.5952,0.034
DACIA,Logan MCV,2,6,1235,0.6097,0.0184
DACIA,Logan MCV,3,1,152,0.8092,0.043
DACIA,Logan MCV,3,2,912,0.7007,0.2303
DACIA,Logan MCV,3,3,1510,0.604,0.3501
DACIA,Logan MCV,3,4,1146,0.5942,0.2352
DACIA,Logan MCV,3,5,564,0.5851,0.0952
DACIA,Logan MCV,3,6,503,0.5666,0.0461
DACIA,SANDERO,1,1,29960,0.8258,0.2988
DACIA,SANDERO,1,2,30680,0.7167,0.5099
DACIA,SANDERO,1,3,5706,0.6388,0.1462
DACIA,SANDERO,1,4,768,0.5729,0.0309
DACIA,SANDERO,1,5+6,164,0.5244,0.0141
DACIA,SANDERO,2,1,12122,0.7856,0.1016
DACIA,SANDERO,2,2,38189,0.6489,0.3931
DACIA,SANDERO,2,3,24588,0.5437,0.3338
DACIA,SANDERO,2,4,6706,0.4936,0.1191
DACIA,SANDERO,2,5,1310,0.4702,0.034
DACIA,SANDERO,2,6,395,0.4962,0.0184
DACIA,SANDERO,3,1,2172,0.7652,0.043
DACIA,SANDERO,3,2,11498,0.6152,0.2303
DACIA,SANDERO,3,3,15132,0.5325,0.3501
DACIA,SANDERO,3,4,6886,0.4927,0.2352
DACIA,SANDERO,3,5,1780,0.4854,0.0952
DACIA,SANDERO,3,6,537,0.4618,0.0461
DS,DS 3,1,1,5620,0.8164,0.2988
DS,DS 3,1,2,8928,0.7496,0.5099
DS,DS 3,1,3,1492,0.6709,0.1462
DS,DS 3,1,4+5+6,210,0.6667,0.045
DS,DS 3,2,1,5104,0.7682,0.1016
DS,DS 3,2,2,23371,0.6474,0.3931
DS,DS 3,2,3,14149,0.5669,0.3338
DS,DS 3,2,4,3068,0.5359,0.1191
DS,DS 3,2,5,449,0.5501,0.034
DS,DS 3,2,6,122,0.5656,0.0184
DS,DS 3,3,1+2,669,0.6173,0.2733
DS,DS 3,3,3,658,0.5547,0.3501
DS,DS 3,3,4+5+6,248,0.5161,0.3766
FIAT,500,1,1,64281,0.8609,0.2988
FIAT,500,1,2,45598,0.7618,0.5099
FIAT,500,1,3,4340,0.6618,0.1462
FIAT,500,1,4+5+6,273,0.5824,0.045
FIAT,500,2,1,38294,0.8089,0.1016
FIAT,500,2,2,103323,0.6867,0.3931
FIAT,500,2,3,36380,0.5939,0.3338
FIAT,500,2,4,4466,0.5396,0.1191
FIAT,500,2,5+6,482,0.5187,0.0524
FIAT,500,3,1,14343,0.8007,0.043
FIAT,500,3,2,83092,0.6605,0.2303
FIAT,500,3,3,77701,0.5851,0.3501
FIAT,500,3,4,18878,0.5454,0.2352
FIAT,500,3,5,2210,0.5389,0.0952
FIAT,500,3,6,289,0.481,0.0461
FIAT,500,4,1,5640,0.745,0.0233
FIAT,500,4,2,32365,0.6187,0.1403
FIAT,500,4,3,57563,0.5519,0.285
FIAT,500,4,4,31547,0.5186,0.288
FIAT,500,4,5,6371,0.5045,0.1661
FIAT,500,4,6,1027,0.4937,0.0973
FIAT,500 C,1,1,874,0.8581,0.2988
FIAT,500 C,1,2,796,0.7714,0.5099
FIAT,500 C,1,3+4,108,0.537,0.1771
FIAT,500 C,2,1,3136,0.832,0.1016
FIAT,500 C,2,2,6681,0.6786,0.3931
FIAT,500 C,2,3,2089,0.6036,0.3338
FIAT,500 C,2,4+5+6,283,0.5618,0.1715
FIAT,500 C,3,1,1355,0.7897,0.043
FIAT,500 C,3,2,5819,0.6491,0.2303
FIAT,500 C,3,3,4284,0.5945,0.3501
FIAT,500 C,3,4,953,0.5184,0.2352
FIAT,500 C,3,5+6,152,0.5395,0.1414
FIAT,500 C,4,1,361,0.7729,0.0233
FIAT,500 C,4,2,2221,0.6254,0.1403
FIAT,500 C,4,3,3009,0.5384,0.285
FIAT,500 C,4,4,1401,0.5153,0.288
FIAT,500 C,4,5+6,341,0.4692,0.2634
FIAT,500C,1,1,874,0.8581,0.2988
FIAT,500C,1,2,796,0.7714,0.5099
FIAT,500C,1,3+4,108,0.537,0.1771
FIAT,500C,2,1,3136,0.832,0.1016
FIAT,500C,2,2,6681,0.6786,0.3931
FIAT,500C,2,3,2089,0.6036,0.3338
FIAT,500C,2,4+5+6,283,0.5618,0.1715
FIAT,500C,3,1,1355,0.7897,0.043
FIAT,500C,3,2,5819,0.6491,0.2303
FIAT,500C,3,3,4284,0.5945,0.3501
FIAT,500C,3,4,953,0.5184,0.2352
FIAT,500C,3,5+6,152,0.5395,0.1414
FIAT,500C,4,1,361,0.7729,0.0233
FIAT,500C,4,2,2221,0.6254,0.1403
FIAT,500C,4,3,3009,0.5384,0.285
FIAT,500C,4,4,1401,0.5153,0.288
FIAT,500C,4,5+6,341,0.4692,0.2634
FIAT,PANDA,1,1,9000,0.8406,0.2988
FIAT,PANDA,1,2,4502,0.7808,0.5099
FIAT,PANDA,1,3+4+5+6,747,0.6961,0.1912
FIAT,PANDA,2,1,9546,0.8292,0.1016
FIAT,PANDA,2,2,15521,0.7222,0.3931
FIAT,PANDA,2,3,5781,0.6322,0.3338
FIAT,PANDA,2,4,1191,0.5726,0.1191
FIAT,PANDA,2,5+6,248,0.5524,0.0524
FIAT,PANDA,3,1,5350,0.8168,0.043
FIAT,PANDA,3,2,18334,0.701,0.2303
FIAT,PANDA,3,3,13055,0.6014,0.3501
FIAT,PANDA,3,4,4347,0.5535,0.2352
FIAT,PANDA,3,5,835,0.5389,0.0952
FIAT,PANDA,3,6,165,0.5152,0.0461
FIAT,PANDA,4,1,4678,0.7341,0.0233
FIAT,PANDA,4,2,18129,0.6154,0.1403
FIAT,PANDA,4,3,19947,0.5403,0.285
FIAT,PANDA,4,4,9393,0.4889,0.288
FIAT,PANDA,4,5,2731,0.4811,0.1661
FIAT,PANDA,4,6,617,0.4457,0.0973
FIAT,Punto S7,1,1,534,0.794,0.2988
FIAT,Punto S7,1,2,584,0.6541,0.5099
FIAT,Punto S7,1,3+4+5,143,0.5874,0.186
FIAT,Punto S7,2,1,1993,0.7782,0.1016
FIAT,Punto S7,2,2,5287,0.6471,0.3931
FIAT,Punto S7,2,3,3043,0.5656,0.3338
FIAT,Punto S7,2,4,662,0.4924,0.1191
FIAT,Punto S7,2,5+6,128,0.5078,0.0524
FIAT,Punto S7,3,1,1158,0.7642,0.043
FIAT,Punto S7,3,2,8075,0.6209,0.2303
FIAT,Punto S7,3,3,11698,0.5432,0.3501
FIAT,Punto S7,3,4,4854,0.5072,0.2352
FIAT,Punto S7,3,5,963,0.4829,0.0952
FIAT,Punto S7,3,6,151,0.4834,0.0461
FIAT,Punto S7,4,1,718,0.7786,0.0233
FIAT,Punto S7,4,2,6233,0.6379,0.1403
FIAT,Punto S7,4,3,14831,0.544,0.285
FIAT,Punto S7,4,4,11367,0.4955,0.288
FIAT,Punto S7,4,5,3099,0.4556,0.1661
FIAT,Punto S7,4,6,597,0.4724,0.0973
FORD,B-MAX,1,1,2080,0.8308,0.2988
FORD,B-MAX,1,2,2040,0.6926,0.5099
FORD,B-MAX,1,3+4+5+6,322,0.5404,0.1912
FORD,B-MAX,2,1,11233,0.8322,0.1016
FORD,B-MAX,2,2,23206,0.7315,0.3931
FORD,B-MAX,2,3,9168,0.6408,0.3338
FORD,B-MAX,2,4,1616,0.5705,0.1191
FORD,B-MAX,2,5+6,294,0.5748,0.0524
FORD,B-MAX,3,1,4836,0.8114,0.043
FORD,B-MAX,3,2,23611,0.7048,0.2303
FORD,B-MAX,3,3,20491,0.6071,0.3501
FORD,B-MAX,3,4,6763,0.5475,0.2352
FORD,B-MAX,3,5,1285,0.5276,0.0952
FORD,B-MAX,3,6,346,0.5058,0.0461
FORD,C-MAX,1,1,6900,0.8772,0.2988
FORD,C-MAX,1,2,8991,0.8193,0.5099
FORD,C-MAX,1,3,1826,0.7568,0.1462
FORD,C-MAX,1,4+5+6,306,0.719,0.045
FORD,C-MAX,2,1,5690,0.8879,0.1016
FORD,C-MAX,2,2,26712,0.8242,0.3931
FORD,C-MAX,2,3,20207,0.7247,0.3338
FORD,C-MAX,2,4,5702,0.6678,0.1191
FORD,C-MAX,2,5,1019,0.6281,0.034
FORD,C-MAX,2,6,332,0.6446,0.0184
FORD,C-MAX,3,1,1441,0.8661,0.043
FORD,C-MAX,3,2,14747,0.7853,0.2303
FORD,C-MAX,3,3,29722,0.6869,0.3501
FORD,C-MAX,3,4,18801,0.6103,0.2352
FORD,C-MAX,3,5,5662,0.5853,0.0952
FORD,C-MAX,3,6,1603,0.5621,0.0461
FORD,C-MAX,4,1,472,0.7775,0.0233
FORD,C-MAX,4,2,5286,0.7185,0.1403
FORD,C-MAX,4,3,17943,0.6122,0.285
FORD,C-MAX,4,4,21301,0.5471,0.288
FORD,C-MAX,4,5,9895,0.4997,0.1661
FORD,C-MAX,4,6,2791,0.4869,0.0973
FORD,FIESTA,1,1,167809,0.8953,0.2988
FORD,FIESTA,1,2,217180,0.8241,0.5099
FORD,FIESTA,1,3,42734,0.7571,0.1462
FORD,FIESTA,1,4,5521,0.7039,0.0309
FORD,FIESTA,1,5,982,0.6945,0.0089
FORD,FIESTA,1,6,302,0.6722,0.0052
FORD,FIESTA,2,1,92178,0.847,0.1016
FORD,FIESTA,2,2,301306,0.7245,0.3931
FORD,FIESTA,2,3,192617,0.6174,0.3338
FORD,FIESTA,2,4,49022,0.5566,0.1191
FORD,FIESTA,2,5,10574,0.5463,0.034
FORD,FIESTA,2,6,3870,0.5496,0.0184
FORD,FIESTA,3,1,36027,0.8408,0.043
FORD,FIESTA,3,2,184955,0.6931,0.2303
FORD,FIESTA,3,3,245297,0.579,0.3501
FORD,FIESTA,3,4,126707,0.5255,0.2352
FORD,FIESTA,3,5,36603,0.4991,0.0952
FORD,FIESTA,3,6,12510,0.5046,0.0461
FORD,FIESTA,4,1,16548,0.8269,0.0233
FORD,FIESTA,4,2,102404,0.6794,0.1403
FORD,FIESTA,4,3,201815,0.5578,0.285
FORD,FIESTA,4,4,183953,0.4983,0.288
FORD,FIESTA,4,5,81726,0.4762,0.1661
FORD,FIESTA,4,6,28696,0.4717,0.0973
FORD,FIESTA 5 DØRS,1,1,167809,0.8953,0.2988
FORD,FIESTA 5 DØRS,1,2,217180,0.8241,0.5099
FORD,FIESTA 5 DØRS,1,3,42734,0.7571,0.1462
FORD,FIESTA 5 DØRS,1,4,5521,0.7039,0.0309
FORD,FIESTA 5 DØRS,1,5,982,0.6945,0.0089
FORD,FIESTA 5 DØRS,1,6,302,0.6722,0.0052
FORD,FIESTA 5 DØRS,2,1,92178,0.847,0.1016
FORD,FIESTA 5 DØRS,2,2,301306,0.7245,0.3931
FORD,FIESTA 5 DØRS,2,3,192617,0.6174,0.3338
FORD,FIESTA 5 DØRS,2,4,49022,0.5566,0.1191
FORD,FIESTA 5 DØRS,2,5,10574,0.5463,0.034
FORD,FIESTA 5 DØRS,2,6,3870,0.5496,0.0184
FORD,FIESTA 5 DØRS,3,1,36027,0.8408,0.043
FORD,FIESTA 5 DØRS,3,2,184955,0.6931,0.2303
FORD,FIESTA 5 DØRS,3,3,245297,0.579,0.3501
FORD,FIESTA 5 DØRS,3,4,126707,0.5255,0.2352
FORD,FIESTA 5 DØRS,3,5,36603,0.4991,0.0952
FORD,FIESTA 5 DØRS,3,6,12510,0.5046,0.0461
FORD,FIESTA 5 DØRS,4,1,16548,0.8269,0.0233
FORD,FIESTA 5 DØRS,4,2,102404,0.6794,0.1403
FORD,FIESTA 5 DØRS,4,3,201815,0.5578,0.285
FORD,FIESTA 5 DØRS,4,4,183953,0.4983,0.288
FORD,FIESTA 5 DØRS,4,5,81726,0.4762,0.1661
FORD,FIESTA 5 DØRS,4,6,28696,0.4717,0.0973
FORD,FOCUS,1,1,72283,0.8939,0.2988
FORD,FOCUS,1,2,152810,0.833,0.5099
FORD,FOCUS,1,3,46393,0.7706,0.1462
FORD,FOCUS,1,4,8248,0.7437,0.0309
FORD,FOCUS,1,5,1777,0.7541,0.0089
FORD,FOCUS,1,6,461,0.7375,0.0052
FORD,FOCUS,2,1,28765,0.8981,0.1016
FORD,FOCUS,2,2,142666,0.8265,0.3931
FORD,FOCUS,2,3,144757,0.7372,0.3338
FORD,FOCUS,2,4,55528,0.6833,0.1191
FORD,FOCUS,2,5,14455,0.6577,0.034
FORD,FOCUS,2,6,5575,0.6422,0.0184
FORD,FOCUS,3,1,8788,0.8273,0.043
FORD,FOCUS,3,2,72603,0.7423,0.2303
FORD,FOCUS,3,3,152885,0.647,0.3501
FORD,FOCUS,3,4,116086,0.5942,0.2352
FORD,FOCUS,3,5,47403,0.5668,0.0952
FORD,FOCUS,3,6,19005,0.5495,0.0461
FORD,FOCUS,4,1,4961,0.8377,0.0233
FORD,FOCUS,4,2,41063,0.7274,0.1403
FORD,FOCUS,4,3,113854,0.6109,0.285
FORD,FOCUS,4,4,139775,0.5419,0.288
FORD,FOCUS,4,5,79087,0.5068,0.1661
FORD,FOCUS,4,6,32980,0.4846,0.0973
FORD,FOCUS STATIONSVOGN,1,1,72283,0.8939,0.2988
FORD,FOCUS STATIONSVOGN,1,2,152810,0.833,0.5099
FORD,FOCUS STATIONSVOGN,1,3,46393,0.7706,0.1462
FORD,FOCUS STATIONSVOGN,1,4,8248,0.7437,0.0309
FORD,FOCUS STATIONSVOGN,1,5,1777,0.7541,0.0089
FORD,FOCUS STATIONSVOGN,1,6,461,0.7375,0.0052
FORD,FOCUS STATIONSVOGN,2,1,28765,0.8981,0.1016
FORD,FOCUS STATIONSVOGN,2,2,142666,0.8265,0.3931
FORD,FOCUS STATIONSVOGN,2,3,144757,0.7372,0.3338
FORD,FOCUS STATIONSVOGN,2,4,55528,0.6833,0.1191
FORD,FOCUS STATIONSVOGN,2,5,14455,0.6577,0.034
FORD,FOCUS STATIONSVOGN,2,6,5575,0.6422,0.0184
FORD,FOCUS STATIONSVOGN,3,1,8788,0.8273,0.043
FORD,FOCUS STATIONSVOGN,3,2,72603,0.7423,0.2303
FORD,FOCUS STATIONSVOGN,3,3,152885,0.647,0.3501
FORD,FOCUS STATIONSVOGN,3,4,116086,0.5942,0.2352
FORD,FOCUS STATIONSVOGN,3,5,47403,0.5668,0.0952
FORD,FOCUS STATIONSVOGN,3,6,19005,0.5495,0.0461
FORD,FOCUS STATIONSVOGN,4,1,4961,0.8377,0.0233
FORD,FOCUS STATIONSVOGN,4,2,41063,0.7274,0.1403
FORD,FOCUS STATIONSVOGN,4,3,113854,0.6109,0.285
FORD,FOCUS STATIONSVOGN,4,4,139775,0.5419,0.288
FORD,FOCUS STATIONSVOGN,4,5,79087,0.5068,0.1661
FORD,FOCUS STATIONSVOGN,4,6,32980,0.4846,0.0973
FORD,Focus,1,1,72283,0.8939,0.2988
FORD,Focus,1,2,152810,0.833,0.5099
FORD,Focus,1,3,46393,0.7706,0.1462
FORD,Focus,1,4,8248,0.7437,0.0309
FORD,Focus,1,5,1777,0.7541,0.0089
FORD,Focus,1,6,461,0.7375,0.0052
FORD,Focus,2,1,28765,0.8981,0.1016
FORD,Focus,2,2,142666,0.8265,0.3931
FORD,Focus,2,3,144757,0.7372,0.3338
FORD,Focus,2,4,55528,0.6833,0.1191
FORD,Focus,2,5,14455,0.6577,0.034
FORD,Focus,2,6,5575,0.6422,0.0184
FORD,Focus,3,1,8788,0.8273,0.043
FORD,Focus,3,2,72603,0.7423,0.2303
FORD,Focus,3,3,152885,0.647,0.3501
FORD,Focus,3,4,116086,0.5942,0.2352
FORD,Focus,3,5,47403,0.5668,0.0952
FORD,Focus,3,6,19005,0.5495,0.0461
FORD,Focus,4,1,4961,0.8377,0.0233
FORD,Focus,4,2,41063,0.7274,0.1403
FORD,Focus,4,3,113854,0.6109,0.285
FORD,Focus,4,4,139775,0.5419,0.288
FORD,Focus,4,5,79087,0.5068,0.1661
FORD,Focus,4,6,32980,0.4846,0.0973
FORD,GALAXY,1,1,2272,0.8451,0.2988
FORD,GALAXY,1,2,6019,0.7935,0.5099
FORD,GALAXY,1,3,3880,0.7791,0.1462
FORD,GALAXY,1,4,1814,0.7635,0.0309
FORD,GALAXY,1,5,1304,0.7891,0.0089
FORD,GALAXY,1,6,1225,0.7837,0.0052
FORD,GALAXY,2,1,679,0.8925,0.1016
FORD,GALAXY,2,2,5033,0.8087,0.3931
FORD,GALAXY,2,3,7296,0.7394,0.3338
FORD,GALAXY,2,4,4611,0.6836,0.1191
FORD,GALAXY,2,5,2979,0.6986,0.034
FORD,GALAXY,2,6,4309,0.7357,0.0184
FORD,GALAXY,3,1,113,0.885,0.043
FORD,GALAXY,3,2,1562,0.7081,0.2303
FORD,GALAXY,3,3,5476,0.5835,0.3501
FORD,GALAXY,3,4,7093,0.5622,0.2352
FORD,GALAXY,3,5,4700,0.5334,0.0952
FORD,GALAXY,3,6,4641,0.5673,0.0461
FORD,GALAXY,4,1+2,776,0.7101,0.1636
FORD,GALAXY,4,3,3452,0.6014,0.285
FORD,GALAXY,4,4,7924,0.5622,0.288
FORD,GALAXY,4,5,8724,0.5369,0.1661
FORD,GALAXY,4,6,8459,0.5327,0.0973
FORD,KA,1,1,26144,0.9026,0.2988
FORD,KA,1,2,18771,0.7945,0.5099
FORD,KA,1,3,2334,0.6911,0.1462
FORD,KA,1,4+5+6,250,0.66,0.045
FORD,KA,2,1,20059,0.8545,0.1016
FORD,KA,2,2,34590,0.727,0.3931
FORD,KA,2,3,11509,0.6219,0.3338
FORD,KA,2,4,1546,0.5524,0.1191
FORD,KA,2,5+6,215,0.5721,0.0524
FORD,KA,3,1,12329,0.8401,0.043
FORD,KA,3,2,45695,0.6975,0.2303
FORD,KA,3,3,35422,0.5969,0.3501
FORD,KA,3,4,7943,0.5441,0.2352
FORD,KA,3,5,984,0.5081,0.0952
FORD,KA,3,6,149,0.5235,0.0461
FORD,KA,4,1,7315,0.7587,0.0233
FORD,KA,4,2,31570,0.6223,0.1403
FORD,KA,4,3,43524,0.5434,0.285
FORD,KA,4,4,19636,0.5021,0.288
FORD,KA,4,5,3707,0.485,0.1661
FORD,KA,4,6,565,0.469,0.0973
FORD,KUGA,1,1,46959,0.8948,0.2988
FORD,KUGA,1,2,113240,0.8466,0.5099
FORD,KUGA,1,3,28252,0.8055,0.1462
FORD,KUGA,1,4,3220,0.7717,0.0309
FORD,KUGA,1,5,540,0.7463,0.0089
FORD,KUGA,1,6,127,0.7559,0.0052
FORD,KUGA,2,1,8315,0.8991,0.1016
FORD,KUGA,2,2,72525,0.8469,0.3931
FORD,KUGA,2,3,82165,0.7698,0.3338
FORD,KUGA,2,4,24931,0.7104,0.1191
FORD,KUGA,2,5,4367,0.6785,0.034
FORD,KUGA,2,6,985,0.6772,0.0184
FORD,KUGA,3,1,763,0.8676,0.043
FORD,KUGA,3,2,11310,0.8071,0.2303
FORD,KUGA,3,3,34959,0.7173,0.3501
FORD,KUGA,3,4,28943,0.6587,0.2352
FORD,KUGA,3,5,9275,0.6247,0.0952
FORD,KUGA,3,6,2604,0.5945,0.0461
FORD,KUGA,4,1,110,0.8273,0.0233
FORD,KUGA,4,2,1581,0.7236,0.1403
FORD,KUGA,4,3,8706,0.634,0.285
FORD,KUGA,4,4,19712,0.5903,0.288
FORD,KUGA,4,5,15310,0.5764,0.1661
FORD,KUGA,4,6,6485,0.5645,0.0973
FORD,MONDEO,1,1,3559,0.9014,0.2988
FORD,MONDEO,1,2,10607,0.8665,0.5099
FORD,MONDEO,1,3,8620,0.8377,0.1462
FORD,MONDEO,1,4,4462,0.8037,0.0309
FORD,MONDEO,1,5,1812,0.8063,0.0089
FORD,MONDEO,1,6,997,0.7673,0.0052
FORD,MONDEO,2,1,2447,0.9085,0.1016
FORD,MONDEO,2,2,16012,0.8655,0.3931
FORD,MONDEO,2,3,25654,0.8115,0.3338
FORD,MONDEO,2,4,20517,0.7554,0.1191
FORD,MONDEO,2,5,10814,0.7353,0.034
FORD,MONDEO,2,6,8185,0.7247,0.0184
FORD,MONDEO,3,1,541,0.8614,0.043
FORD,MONDEO,3,2,5315,0.7923,0.2303
FORD,MONDEO,3,3,15693,0.7171,0.3501
FORD,MONDEO,3,4,22685,0.6589,0.2352
FORD,MONDEO,3,5,17960,0.6282,0.0952
FORD,MONDEO,3,6,16492,0.6232,0.0461
FORD,MONDEO,4,1,378,0.8201,0.0233
FORD,MONDEO,4,2,4297,0.7477,0.1403
FORD,MONDEO,4,3,14894,0.6587,0.285
FORD,MONDEO,4,4,28201,0.5915,0.288
FORD,MONDEO,4,5,29253,0.5605,0.1661
FORD,MONDEO,4,6,30682,0.5449,0.0973
FORD,MONDEO STATIONCAR,1,1,3559,0.9014,0.2988
FORD,MONDEO STATIONCAR,1,2,10607,0.8665,0.5099
FORD,MONDEO STATIONCAR,1,3,8620,0.8377,0.1462
FORD,MONDEO STATIONCAR,1,4,4462,0.8037,0.0309
FORD,MONDEO STATIONCAR,1,5,1812,0.8063,0.0089
FORD,MONDEO STATIONCAR,1,6,997,0.7673,0.0052
FORD,MONDEO STATIONCAR,2,1,2447,0.9085,0.1016
FORD,MONDEO STATIONCAR,2,2,16012,0.8655,0.3931
FORD,MONDEO STATIONCAR,2,3,25654,0.8115,0.3338
FORD,MONDEO STATIONCAR,2,4,20517,0.7554,0.1191
FORD,MONDEO STATIONCAR,2,5,10814,0.7353,0.034
FORD,MONDEO STATIONCAR,2,6,8185,0.7247,0.0184
FORD,MONDEO STATIONCAR,3,1,541,0.8614,0.043
FORD,MONDEO STATIONCAR,3,2,5315,0.7923,0.2303
FORD,MONDEO STATIONCAR,3,3,15693,0.7171,0.3501
FORD,MONDEO STATIONCAR,3,4,22685,0.6589,0.2352
FORD,MONDEO STATIONCAR,3,5,17960,0.6282,0.0952
FORD,MONDEO STATIONCAR,3,6,16492,0.6232,0.0461
FORD,MONDEO STATIONCAR,4,1,378,0.8201,0.0233
FORD,MONDEO STATIONCAR,4,2,4297,0.7477,0.1403
FORD,MONDEO STATIONCAR,4,3,14894,0.6587,0.285
FORD,MONDEO STATIONCAR,4,4,28201,0.5915,0.288
FORD,MONDEO STATIONCAR,4,5,29253,0.5605,0.1661
FORD,MONDEO STATIONCAR,4,6,30682,0.5449,0.0973
FORD,NY Focus,1,1,72283,0.8939,0.2988
FORD,NY Focus,1,2,152810,0.833,0.5099
FORD,NY Focus,1,3,46393,0.7706,0.1462
FORD,NY Focus,1,4,8248,0.7437,0.0309
FORD,NY Focus,1,5,1777,0.7541,0.0089
FORD,NY Focus,1,6,461,0.7375,0.0052
FORD,NY Focus,2,1,28765,0.8981,0.1016
FORD,NY Focus,2,2,142666,0.8265,0.3931
FORD,NY Focus,2,3,144757,0.7372,0.3338
FORD,NY Focus,2,4,55528,0.6833,0.1191
FORD,NY Focus,2,5,14455,0.6577,0.034
FORD,NY Focus,2,6,5575,0.6422,0.0184
FORD,NY Focus,3,1,8788,0.8273,0.043
FORD,NY Focus,3,2,72603,0.7423,0.2303
FORD,NY Focus,3,3,152885,0.647,0.3501
FORD,NY Focus,3,4,116086,0.5942,0.2352
FORD,NY Focus,3,5,47403,0.5668,0.0952
FORD,NY Focus,3,6,19005,0.5495,0.0461
FORD,NY Focus,4,1,4961,0.8377,0.0233
FORD,NY Focus,4,2,41063,0.7274,0.1403
FORD,NY Focus,4,3,113854,0.6109,0.285
FORD,NY Focus,4,4,139775,0.5419,0.288
FORD,NY Focus,4,5,79087,0.5068,0.1661
FORD,NY Focus,4,6,32980,0.4846,0.0973
FORD,PUMA,1,1,18746,0.9287,0.2988
FORD,PUMA,1,2,19217,0.8712,0.5099
FORD,PUMA,1,3,1529,0.8097,0.1462
FORD,PUMA,1,4+5+6,124,0.75,0.045
FORD,S-MAX,1,1,1784,0.843,0.2988
FORD,S-MAX,1,2,7541,0.7817,0.5099
FORD,S-MAX,1,3,3101,0.7614,0.1462
FORD,S-MAX,1,4,512,0.7363,0.0309
FORD,S-MAX,1,5+6,175,0.7829,0.0141
FORD,S-MAX,2,1,584,0.8801,0.1016
FORD,S-MAX,2,2,8788,0.8135,0.3931
FORD,S-MAX,2,3,14422,0.7437,0.3338
FORD,S-MAX,2,4,5454,0.6868,0.1191
FORD,S-MAX,2,5,1257,0.6746,0.034
FORD,S-MAX,2,6,502,0.7032,0.0184
FORD,S-MAX,3,1,110,0.8727,0.043
FORD,S-MAX,3,2,2237,0.7197,0.2303
FORD,S-MAX,3,3,11333,0.6469,0.3501
FORD,S-MAX,3,4,13740,0.6095,0.2352
FORD,S-MAX,3,5,6183,0.5929,0.0952
FORD,S-MAX,3,6,2685,0.6048,0.0461
FORD,S-MAX,4,1+2,820,0.7476,0.1636
FORD,S-MAX,4,3,5788,0.6456,0.285
FORD,S-MAX,4,4,15028,0.5846,0.288
FORD,S-MAX,4,5,15711,0.5537,0.1661
FORD,S-MAX,4,6,10760,0.5402,0.0973
FORD,Transit Custom Kombi,1,1,13304,0.8603,0.2988
FORD,Transit Custom Kombi,1,2,61587,0.8094,0.5099
FORD,Transit Custom Kombi,1,3,62584,0.7649,0.1462
FORD,Transit Custom Kombi,1,4,33199,0.7306,0.0309
FORD,Transit Custom Kombi,1,5,11827,0.7095,0.0089
FORD,Transit Custom Kombi,1,6,5002,0.7039,0.0052
FORD,Transit Custom Kombi,2,1,183,0.8525,0.1016
FORD,Transit Custom Kombi,2,2,1865,0.7898,0.3931
FORD,Transit Custom Kombi,2,3,3537,0.7357,0.3338
FORD,Transit Custom Kombi,2,4,2872,0.7009,0.1191
FORD,Transit Custom Kombi,2,5,1449,0.697,0.034
FORD,Transit Custom Kombi,2,6,898,0.6949,0.0184
FORD,Transit Custom Kombi,3,1+2+3,131,0.6107,0.6234
FORD,Transit Custom Kombi,3,4,109,0.6055,0.2352
FORD,Transit Custom Kombi,3,5+6,178,0.5506,0.1414
HONDA,CIVIC,1,1,18014,0.8957,0.2988
HONDA,CIVIC,1,2,35860,0.8526,0.5099
HONDA,CIVIC,1,3,9399,0.814,0.1462
HONDA,CIVIC,1,4,1461,0.8015,0.0309
HONDA,CIVIC,1,5+6,363,0.7906,0.0141
HONDA,CIVIC,2,1,8618,0.9025,0.1016
HONDA,CIVIC,2,2,36139,0.8538,0.3931
HONDA,CIVIC,2,3,29215,0.7918,0.3338
HONDA,CIVIC,2,4,10997,0.7377,0.1191
HONDA,CIVIC,2,5,3070,0.7026,0.034
HONDA,CIVIC,2,6,1300,0.6938,0.0184
HONDA,CIVIC,3,1,2324,0.8855,0.043
HONDA,CIVIC,3,2,16410,0.8197,0.2303
HONDA,CIVIC,3,3,28438,0.7403,0.3501
HONDA,CIVIC,3,4,21970,0.6717,0.2352
HONDA,CIVIC,3,5,9378,0.6386,0.0952
HONDA,CIVIC,3,6,4274,0.617,0.0461
HONDA,CIVIC,4,1,1327,0.8116,0.0233
HONDA,CIVIC,4,2,11168,0.6988,0.1403
HONDA,CIVIC,4,3,33118,0.5953,0.285
HONDA,CIVIC,4,4,43568,0.537,0.288
HONDA,CIVIC,4,5,27809,0.5131,0.1661
HONDA,CIVIC,4,6,14896,0.491,0.0973
HONDA,CR-V,1,1,13425,0.9256,0.2988
HONDA,CR-V,1,2,25872,0.8992,0.5099
HONDA,CR-V,1,3,6885,0.8622,0.1462
HONDA,CR-V,1,4,957,0.8307,0.0309
HONDA,CR-V,1,5+6,183,0.7978,0.0141
HONDA,CR-V,2,1,4476,0.9178,0.1016
HONDA,CR-V,2,2,29183,0.8832,0.3931
HONDA,CR-V,2,3,30991,0.8449,0.3338
HONDA,CR-V,2,4,11230,0.7972,0.1191
HONDA,CR-V,2,5,2628,0.7504,0.034
HONDA,CR-V,2,6,663,0.7345,0.0184
HONDA,CR-V,3,1,1201,0.8893,0.043
HONDA,CR-V,3,2,13078,0.8553,0.2303
HONDA,CR-V,3,3,29126,0.8143,0.3501
HONDA,CR-V,3,4,23562,0.7652,0.2352
HONDA,CR-V,3,5,9457,0.724,0.0952
HONDA,CR-V,3,6,3281,0.6842,0.0461
HONDA,CR-V,4,1,260,0.8846,0.0233
HONDA,CR-V,4,2,4046,0.8144,0.1403
HONDA,CR-V,4,3,14709,0.751,0.285
HONDA,CR-V,4,4,24584,0.6866,0.288
HONDA,CR-V,4,5,20612,0.6268,0.1661
HONDA,CR-V,4,6,13884,0.5786,0.0973
HONDA,JAZZ,1,1,60494,0.9222,0.2988
HONDA,JAZZ,1,2,30976,0.8782,0.5099
HONDA,JAZZ,1,3,3417,0.8191,0.1462
HONDA,JAZZ,1,4+5+6,384,0.7266,0.045
HONDA,JAZZ,2,1,37326,0.9055,0.1016
HONDA,JAZZ,2,2,51791,0.8609,0.3931
HONDA,JAZZ,2,3,14787,0.7889,0.3338
HONDA,JAZZ,2,4,2445,0.7202,0.1191
HONDA,JAZZ,2,5+6,495,0.6687,0.0524
HONDA,JAZZ,3,1,16966,0.8778,0.043
HONDA,JAZZ,3,2,53835,0.8247,0.2303
HONDA,JAZZ,3,3,35925,0.7445,0.3501
HONDA,JAZZ,3,4,11753,0.6659,0.2352
HONDA,JAZZ,3,5,2830,0.6293,0.0952
HONDA,JAZZ,3,6,785,0.6115,0.0461
HONDA,JAZZ,4,1,8225,0.8347,0.0233
HONDA,JAZZ,4,2,47205,0.747,0.1403
HONDA,JAZZ,4,3,59644,0.6486,0.285
HONDA,JAZZ,4,4,36132,0.5713,0.288
HONDA,JAZZ,4,5,13355,0.5319,0.1661
HONDA,JAZZ,4,6,4362,0.5037,0.0973
HYUNDAI,I 10,1,1,55483,0.8618,0.2988
HYUNDAI,I 10,1,2,36119,0.7871,0.5099
HYUNDAI,I 10,1,3,4592,0.7047,0.1462
HYUNDAI,I 10,1,4+5+6,550,0.6527,0.045
HYUNDAI,I 10,2,1,41386,0.8538,0.1016
HYUNDAI,I 10,2,2,63757,0.7812,0.3931
HYUNDAI,I 10,2,3,22889,0.7087,0.3338
HYUNDAI,I 10,2,4,3806,0.6458,0.1191
HYUNDAI,I 10,2,5,468,0.5876,0.034
HYUNDAI,I 10,2,6,104,0.5769,0.0184
HYUNDAI,I 10,3,1,22121,0.7926,0.043
HYUNDAI,I 10,3,2,56335,0.6783,0.2303
HYUNDAI,I 10,3,3,34884,0.5962,0.3501
HYUNDAI,I 10,3,4,9401,0.5455,0.2352
HYUNDAI,I 10,3,5,1576,0.5381,0.0952
HYUNDAI,I 10,3,6,312,0.4712,0.0461
HYUNDAI,I 10,4,1,11872,0.7684,0.0233
HYUNDAI,I 10,4,2,41007,0.6637,0.1403
HYUNDAI,I 10,4,3,38717,0.5683,0.285
HYUNDAI,I 10,4,4,16581,0.5093,0.288
HYUNDAI,I 10,4,5,3990,0.4742,0.1661
HYUNDAI,I 10,4,6,815,0.4344,0.0973
HYUNDAI,I10,1,1,55483,0.8618,0.2988
HYUNDAI,I10,1,2,36119,0.7871,0.5099
HYUNDAI,I10,1,3,4592,0.7047,0.1462
HYUNDAI,I10,1,4+5+6,550,0.6527,0.045
HYUNDAI,I10,2,1,41386,0.8538,0.1016
HYUNDAI,I10,2,2,63757,0.7812,0.3931
HYUNDAI,I10,2,3,22889,0.7087,0.3338
HYUNDAI,I10,2,4,3806,0.6458,0.1191
HYUNDAI,I10,2,5,468,0.5876,0.034
HYUNDAI,I10,2,6,104,0.5769,0.0184
HYUNDAI,I10,3,1,22121,0.7926,0.043
HYUNDAI,I10,3,2,56335,0.6783,0.2303
HYUNDAI,I10,3,3,34884,0.5962,0.3501
HYUNDAI,I10,3,4,9401,0.5455,0.2352
HYUNDAI,I10,3,5,1576,0.5381,0.0952
HYUNDAI,I10,3,6,312,0.4712,0.0461
HYUNDAI,I10,4,1,11872,0.7684,0.0233
HYUNDAI,I10,4,2,41007,0.6637,0.1403
HYUNDAI,I10,4,3,38717,0.5683,0.285
HYUNDAI,I10,4,4,16581,0.5093,0.288
HYUNDAI,I10,4,5,3990,0.4742,0.1661
HYUNDAI,I10,4,6,815,0.4344,0.0973
HYUNDAI,I20,1,1,18123,0.9017,0.2988
HYUNDAI,I20,1,2,20798,0.8473,0.5099
HYUNDAI,I20,1,3,3874,0.7832,0.1462
HYUNDAI,I20,1,4,487,0.729,0.0309
HYUNDAI,I20,1,5+6,116,0.681,0.0141
HYUNDAI,I20,2,1,11685,0.8846,0.1016
HYUNDAI,I20,2,2,35789,0.8123,0.3931
HYUNDAI,I20,2,3,20469,0.7316,0.3338
HYUNDAI,I20,2,4,4746,0.6979,0.1191
HYUNDAI,I20,2,5,855,0.6257,0.034
HYUNDAI,I20,2,6,275,0.6073,0.0184
HYUNDAI,I20,3,1,5467,0.833,0.043
HYUNDAI,I20,3,2,25074,0.6906,0.2303
HYUNDAI,I20,3,3,26054,0.5859,0.3501
HYUNDAI,I20,3,4,10031,0.5374,0.2352
HYUNDAI,I20,3,5,2191,0.4979,0.0952
HYUNDAI,I20,3,6,544,0.4816,0.0461
HYUNDAI,I20,4,1,2393,0.7919,0.0233
HYUNDAI,I20,4,2,12388,0.6786,0.1403
HYUNDAI,I20,4,3,20082,0.5762,0.285
HYUNDAI,I20,4,4,12985,0.51,0.288
HYUNDAI,I20,4,5,4192,0.4907,0.1661
HYUNDAI,I20,4,6,1083,0.4728,0.0973
HYUNDAI,I30,1,1,6662,0.8961,0.2988
HYUNDAI,I30,1,2,15030,0.8496,0.5099
HYUNDAI,I30,1,3,4568,0.7925,0.1462
HYUNDAI,I30,1,4,766,0.7742,0.0309
HYUNDAI,I30,1,5+6,274,0.7555,0.0141
HYUNDAI,I30,2,1,3403,0.8554,0.1016
HYUNDAI,I30,2,2,21161,0.7665,0.3931
HYUNDAI,I30,2,3,22342,0.6819,0.3338
HYUNDAI,I30,2,4,8417,0.6198,0.1191
HYUNDAI,I30,2,5,2284,0.5889,0.034
HYUNDAI,I30,2,6,1142,0.5989,0.0184
HYUNDAI,I30,3,1,1259,0.8261,0.043
HYUNDAI,I30,3,2,10883,0.6944,0.2303
HYUNDAI,I30,3,3,20952,0.5886,0.3501
HYUNDAI,I30,3,4,15400,0.5324,0.2352
HYUNDAI,I30,3,5,6085,0.5178,0.0952
HYUNDAI,I30,3,6,2785,0.4923,0.0461
HYUNDAI,I30,4,1,1276,0.7586,0.0233
HYUNDAI,I30,4,2,8622,0.6417,0.1403
HYUNDAI,I30,4,3,17872,0.5324,0.285
HYUNDAI,I30,4,4,16884,0.4913,0.288
HYUNDAI,I30,4,5,7959,0.4639,0.1661
HYUNDAI,I30,4,6,3330,0.455,0.0973
HYUNDAI,I30CW,1,1,6662,0.8961,0.2988
HYUNDAI,I30CW,1,2,15033,0.8496,0.5099
HYUNDAI,I30CW,1,3,4568,0.7925,0.1462
HYUNDAI,I30CW,1,4,766,0.7742,0.0309
HYUNDAI,I30CW,1,5+6,274,0.7555,0.0141
HYUNDAI,I30CW,2,1,3403,0.8554,0.1016
HYUNDAI,I30CW,2,2,21161,0.7665,0.3931
HYUNDAI,I30CW,2,3,22342,0.6819,0.3338
HYUNDAI,I30CW,2,4,8417,0.6198,0.1191
HYUNDAI,I30CW,2,5,2284,0.5889,0.034
HYUNDAI,I30CW,2,6,1142,0.5989,0.0184
HYUNDAI,I30CW,3,1,1259,0.8261,0.043
HYUNDAI,I30CW,3,2,10883,0.6944,0.2303
HYUNDAI,I30CW,3,3,20952,0.5886,0.3501
HYUNDAI,I30CW,3,4,15400,0.5324,0.2352
HYUNDAI,I30CW,3,5,6085,0.5178,0.0952
HYUNDAI,I30CW,3,6,2785,0.4923,0.0461
HYUNDAI,I30CW,4,1,1276,0.7586,0.0233
HYUNDAI,I30CW,4,2,8622,0.6417,0.1403
HYUNDAI,I30CW,4,3,17872,0.5324,0.285
HYUNDAI,I30CW,4,4,16884,0.4913,0.288
HYUNDAI,I30CW,4,5,7959,0.4639,0.1661
HYUNDAI,I30CW,4,6,3330,0.455,0.0973
HYUNDAI,I40,1,1,302,0.8841,0.2988
HYUNDAI,I40,1,2,1432,0.8478,0.5099
HYUNDAI,I40,1,3,1397,0.8203,0.1462
HYUNDAI,I40,1,4,608,0.7812,0.0309
HYUNDAI,I40,1,5,269,0.7918,0.0089
HYUNDAI,I40,1,6,208,0.7404,0.0052
HYUNDAI,I40,2,1,296,0.9088,0.1016
HYUNDAI,I40,2,2,3279,0.8225,0.3931
HYUNDAI,I40,2,3,6699,0.7767,0.3338
HYUNDAI,I40,2,4,4497,0.7269,0.1191
HYUNDAI,I40,2,5,1928,0.7075,0.034
HYUNDAI,I40,2,6,1457,0.7035,0.0184
HYUNDAI,I40,3,1+2,1329,0.7532,0.2733
HYUNDAI,I40,3,3,4428,0.6669,0.3501
HYUNDAI,I40,3,4,5930,0.6349,0.2352
HYUNDAI,I40,3,5,3472,0.6331,0.0952
HYUNDAI,I40,3,6,1779,0.6217,0.0461
HYUNDAI,I40,4,1+2+3,393,0.6463,0.4486
HYUNDAI,I40,4,4,618,0.5761,0.288
HYUNDAI,I40,4,5,398,0.593,0.1661
HYUNDAI,I40,4,6,226,0.5354,0.0973
HYUNDAI,IX20,1,1,5746,0.9104,0.2988
HYUNDAI,IX20,1,2,3325,0.8376,0.5099
HYUNDAI,IX20,1,3+4+5+6,385,0.7766,0.1912
HYUNDAI,IX20,2,1,5832,0.8743,0.1016
HYUNDAI,IX20,2,2,10457,0.7699,0.3931
HYUNDAI,IX20,2,3,3418,0.6744,0.3338
HYUNDAI,IX20,2,4,603,0.607,0.1191
HYUNDAI,IX20,2,5+6,135,0.5481,0.0524
HYUNDAI,IX20,3,1,1891,0.8096,0.043
HYUNDAI,IX20,3,2,8580,0.6466,0.2303
HYUNDAI,IX20,3,3,6913,0.5242,0.3501
HYUNDAI,IX20,3,4,2537,0.4564,0.2352
HYUNDAI,IX20,3,5,541,0.4196,0.0952
HYUNDAI,IX20,3,6,151,0.3907,0.0461
HYUNDAI,IX20,4,1,282,0.7872,0.0233
HYUNDAI,IX20,4,2,1934,0.6256,0.1403
HYUNDAI,IX20,4,3,2790,0.5297,0.285
HYUNDAI,IX20,4,4,1504,0.4727,0.288
HYUNDAI,IX20,4,5,484,0.436,0.1661
HYUNDAI,IX20,4,6,115,0.4609,0.0973
HYUNDAI,Ioniq,1,1,8122,0.895,0.2988
HYUNDAI,Ioniq,1,2,19634,0.8775,0.5099
HYUNDAI,Ioniq,1,3,12369,0.8651,0.1462
HYUNDAI,Ioniq,1,4,6696,0.8426,0.0309
HYUNDAI,Ioniq,1,5,3244,0.828,0.0089
HYUNDAI,Ioniq,1,6,2534,0.8098,0.0052
HYUNDAI,Ioniq,2,1,502,0.8825,0.1016
HYUNDAI,Ioniq,2,2,2856,0.8659,0.3931
HYUNDAI,Ioniq,2,3,3176,0.8366,0.3338
HYUNDAI,Ioniq,2,4,2118,0.8225,0.1191
HYUNDAI,Ioniq,2,5,1473,0.7943,0.034
HYUNDAI,Ioniq,2,6,2068,0.8177,0.0184
HYUNDAI,KONA,1,1,18155,0.8892,0.2988
HYUNDAI,KONA,1,2,24837,0.8522,0.5099
HYUNDAI,KONA,1,3,4203,0.8204,0.1462
HYUNDAI,KONA,1,4,638,0.8292,0.0309
HYUNDAI,KONA,1,5+6,276,0.8152,0.0141
HYUNDAI,KONA,2,1,372,0.879,0.1016
HYUNDAI,KONA,2,2,1495,0.8408,0.3931
HYUNDAI,KONA,2,3+4+5,585,0.7897,0.4869
HYUNDAI,Tucson,1,1,30042,0.8928,0.2988
HYUNDAI,Tucson,1,2,81423,0.8386,0.5099
HYUNDAI,Tucson,1,3,18008,0.7705,0.1462
HYUNDAI,Tucson,1,4,1864,0.7307,0.0309
HYUNDAI,Tucson,1,5+6,322,0.7422,0.0141
HYUNDAI,Tucson,2,1,3762,0.9003,0.1016
HYUNDAI,Tucson,2,2,36755,0.8263,0.3931
HYUNDAI,Tucson,2,3,38836,0.7586,0.3338
HYUNDAI,Tucson,2,4,10240,0.7081,0.1191
HYUNDAI,Tucson,2,5,1683,0.6946,0.034
HYUNDAI,Tucson,2,6,388,0.6624,0.0184
HYUNDAI,Tucson,3,1+2,160,0.8,0.2733
HYUNDAI,Tucson,3,3,352,0.7074,0.3501
HYUNDAI,Tucson,3,4+5+6,327,0.6606,0.3766
HYUNDAI,Tucson,4,1+2,281,0.7189,0.1636
HYUNDAI,Tucson,4,3,813,0.6076,0.285
HYUNDAI,Tucson,4,4,1090,0.5239,0.288
HYUNDAI,Tucson,4,5,545,0.5229,0.1661
HYUNDAI,Tucson,4,6,144,0.5347,0.0973
HYUNDAI,i10 AC3,1,1,55483,0.8618,0.2988
HYUNDAI,i10 AC3,1,2,36119,0.7871,0.5099
HYUNDAI,i10 AC3,1,3,4592,0.7047,0.1462
HYUNDAI,i10 AC3,1,4+5+6,550,0.6527,0.045
HYUNDAI,i10 AC3,2,1,41386,0.8538,0.1016
HYUNDAI,i10 AC3,2,2,63757,0.7812,0.3931
HYUNDAI,i10 AC3,2,3,22889,0.7087,0.3338
HYUNDAI,i10 AC3,2,4,3806,0.6458,0.1191
HYUNDAI,i10 AC3,2,5,468,0.5876,0.034
HYUNDAI,i10 AC3,2,6,104,0.5769,0.0184
HYUNDAI,i10 AC3,3,1,22121,0.7926,0.043
HYUNDAI,i10 AC3,3,2,56335,0.6783,0.2303
HYUNDAI,i10 AC3,3,3,34884,0.5962,0.3501
HYUNDAI,i10 AC3,3,4,9401,0.5455,0.2352
HYUNDAI,i10 AC3,3,5,1576,0.5381,0.0952
HYUNDAI,i10 AC3,3,6,312,0.4712,0.0461
HYUNDAI,i10 AC3,4,1,11872,0.7684,0.0233
HYUNDAI,i10 AC3,4,2,41007,0.6637,0.1403
HYUNDAI,i10 AC3,4,3,38717,0.5683,0.285
HYUNDAI,i10 AC3,4,4,16581,0.5093,0.288
HYUNDAI,i10 AC3,4,5,3990,0.4742,0.1661
HYUNDAI,i10 AC3,4,6,815,0.4344,0.0973
HYUNDAI,i30 Stc.,1,1,6662,0.8961,0.2988
HYUNDAI,i30 Stc.,1,2,15030,0.8496,0.5099
HYUNDAI,i30 Stc.,1,3,4568,0.7925,0.1462
HYUNDAI,i30 Stc.,1,4,766,0.7742,0.0309
HYUNDAI,i30 Stc.,1,5+6,274,0.7555,0.0141
HYUNDAI,i30 Stc.,2,1,3403,0.8554,0.1016
HYUNDAI,i30 Stc.,2,2,21161,0.7665,0.3931
HYUNDAI,i30 Stc.,2,3,22342,0.6819,0.3338
HYUNDAI,i30 Stc.,2,4,8417,0.6198,0.1191
HYUNDAI,i30 Stc.,2,5,2284,0.5889,0.034
HYUNDAI,i30 Stc.,2,6,1142,0.5989,0.0184
HYUNDAI,i30 Stc.,3,1,1259,0.8261,0.043
HYUNDAI,i30 Stc.,3,2,10883,0.6944,0.2303
HYUNDAI,i30 Stc.,3,3,20952,0.5886,0.3501
HYUNDAI,i30 Stc.,3,4,15400,0.5324,0.2352
HYUNDAI,i30 Stc.,3,5,6085,0.5178,0.0952
HYUNDAI,i30 Stc.,3,6,2785,0.4923,0.0461
HYUNDAI,i30 Stc.,4,1,1276,0.7586,0.0233
HYUNDAI,i30 Stc.,4,2,8622,0.6417,0.1403
HYUNDAI,i30 Stc.,4,3,17872,0.5324,0.285
HYUNDAI,i30 Stc.,4,4,16884,0.4913,0.288
HYUNDAI,i30 Stc.,4,5,7959,0.4639,0.1661
HYUNDAI,i30 Stc.,4,6,3330,0.455,0.0973
KIA,CEE'D SW,1,1,9570,0.8726,0.2988
KIA,CEE'D SW,1,2,25234,0.8261,0.5099
KIA,CEE'D SW,1,3,9024,0.776,0.1462
KIA,CEE'D SW,1,4,2024,0.7401,0.0309
KIA,CEE'D SW,1,5,559,0.7728,0.0089
KIA,CEE'D SW,1,6,223,0.7309,0.0052
KIA,CEE'D SW,2,1,3272,0.8463,0.1016
KIA,CEE'D SW,2,2,20207,0.7857,0.3931
KIA,CEE'D SW,2,3,22457,0.7262,0.3338
KIA,CEE'D SW,2,4,9046,0.6646,0.1191
KIA,CEE'D SW,2,5,2495,0.6493,0.034
KIA,CEE'D SW,2,6,1008,0.6369,0.0184
KIA,CEE'D SW,3,1,1273,0.8044,0.043
KIA,CEE'D SW,3,2,10496,0.7163,0.2303
KIA,CEE'D SW,3,3,22290,0.6132,0.3501
KIA,CEE'D SW,3,4,18630,0.5625,0.2352
KIA,CEE'D SW,3,5,8308,0.5288,0.0952
KIA,CEE'D SW,3,6,3335,0.519,0.0461
KIA,CEE'D SW,4,1,748,0.746,0.0233
KIA,CEE'D SW,4,2,5993,0.6422,0.1403
KIA,CEE'D SW,4,3,13930,0.5304,0.285
KIA,CEE'D SW,4,4,16034,0.4815,0.288
KIA,CEE'D SW,4,5,9397,0.4498,0.1661
KIA,CEE'D SW,4,6,4107,0.4456,0.0973
KIA,CEED,1,1,9570,0.8726,0.2988
KIA,CEED,1,2,25234,0.8261,0.5099
KIA,CEED,1,3,9024,0.776,0.1462
KIA,CEED,1,4,2024,0.7401,0.0309
KIA,CEED,1,5,559,0.7728,0.0089
KIA,CEED,1,6,223,0.7309,0.0052
KIA,CEED,2,1,3272,0.8463,0.1016
KIA,CEED,2,2,20207,0.7857,0.3931
KIA,CEED,2,3,22457,0.7262,0.3338
KIA,CEED,2,4,9046,0.6646,0.1191
KIA,CEED,2,5,2495,0.6493,0.034
KIA,CEED,2,6,1008,0.6369,0.0184
KIA,CEED,3,1,1273,0.8044,0.043
KIA,CEED,3,2,10496,0.7163,0.2303
KIA,CEED,3,3,22290,0.6132,0.3501
KIA,CEED,3,4,18630,0.5625,0.2352
KIA,CEED,3,5,8308,0.5288,0.0952
KIA,CEED,3,6,3335,0.519,0.0461
KIA,CEED,4,1,748,0.746,0.0233
KIA,CEED,4,2,5993,0.6422,0.1403
KIA,CEED,4,3,13930,0.5304,0.285
KIA,CEED,4,4,16034,0.4815,0.288
KIA,CEED,4,5,9397,0.4498,0.1661
KIA,CEED,4,6,4107,0.4456,0.0973
KIA,Niro,1,1,15666,0.8852,0.2988
KIA,Niro,1,2,30312,0.8635,0.5099
KIA,Niro,1,3,12492,0.8698,0.1462
KIA,Niro,1,4,5288,0.8553,0.0309
KIA,Niro,1,5,2972,0.8486,0.0089
KIA,Niro,1,6,2909,0.8326,0.0052
KIA,Niro,2,1,913,0.8817,0.1016
KIA,Niro,2,2,4317,0.8601,0.3931
KIA,Niro,2,3,3587,0.8241,0.3338
KIA,Niro,2,4,1390,0.8173,0.1191
KIA,Niro,2,5,663,0.819,0.034
KIA,Niro,2,6,852,0.8169,0.0184
KIA,Optima,1,1,498,0.8534,0.2988
KIA,Optima,1,2,3802,0.8493,0.5099
KIA,Optima,1,3,3404,0.8076,0.1462
KIA,Optima,1,4,1234,0.8023,0.0309
KIA,Optima,1,5,434,0.7926,0.0089
KIA,Optima,1,6,231,0.8009,0.0052
KIA,Optima,2,1,210,0.8857,0.1016
KIA,Optima,2,2,2157,0.8261,0.3931
KIA,Optima,2,3,3926,0.7972,0.3338
KIA,Optima,2,4,2114,0.7682,0.1191
KIA,Optima,2,5,743,0.7793,0.034
KIA,Optima,2,6,479,0.7766,0.0184
KIA,Optima,3,1+2,348,0.7615,0.2733
KIA,Optima,3,3,893,0.6349,0.3501
KIA,Optima,3,4,884,0.6425,0.2352
KIA,Optima,3,5,362,0.5939,0.0952
KIA,Optima,3,6,169,0.6036,0.0461
KIA,PICANTO,1,1,52293,0.876,0.2988
KIA,PICANTO,1,2,28255,0.7925,0.5099
KIA,PICANTO,1,3,3303,0.7112,0.1462
KIA,PICANTO,1,4+5+6,475,0.6611,0.045
KIA,PICANTO,2,1,25683,0.8414,0.1016
KIA,PICANTO,2,2,38252,0.7489,0.3931
KIA,PICANTO,2,3,12211,0.6722,0.3338
KIA,PICANTO,2,4,2016,0.6131,0.1191
KIA,PICANTO,2,5+6,330,0.5212,0.0524
KIA,PICANTO,3,1,11557,0.7964,0.043
KIA,PICANTO,3,2,33264,0.6807,0.2303
KIA,PICANTO,3,3,24244,0.5825,0.3501
KIA,PICANTO,3,4,7004,0.525,0.2352
KIA,PICANTO,3,5,1115,0.5022,0.0952
KIA,PICANTO,3,6,206,0.4806,0.0461
KIA,PICANTO,4,1,8211,0.7406,0.0233
KIA,PICANTO,4,2,27538,0.6023,0.1403
KIA,PICANTO,4,3,26427,0.5011,0.285
KIA,PICANTO,4,4,11244,0.4673,0.288
KIA,PICANTO,4,5,2625,0.44,0.1661
KIA,PICANTO,4,6,474,0.3882,0.0973
KIA,RIO,1,1,11537,0.879,0.2988
KIA,RIO,1,2,14423,0.833,0.5099
KIA,RIO,1,3,2835,0.7767,0.1462
KIA,RIO,1,4+5+6,424,0.75,0.045
KIA,RIO,2,1,7875,0.8703,0.1016
KIA,RIO,2,2,25882,0.7945,0.3931
KIA,RIO,2,3,16055,0.7135,0.3338
KIA,RIO,2,4,3966,0.6364,0.1191
KIA,RIO,2,5,732,0.6175,0.034
KIA,RIO,2,6,213,0.5822,0.0184
KIA,RIO,3,1,2866,0.8161,0.043
KIA,RIO,3,2,15919,0.7,0.2303
KIA,RIO,3,3,22442,0.6026,0.3501
KIA,RIO,3,4,11863,0.5628,0.2352
KIA,RIO,3,5,3311,0.5276,0.0952
KIA,RIO,3,6,896,0.5257,0.0461
KIA,RIO,4,1,1471,0.7614,0.0233
KIA,RIO,4,2,8255,0.6297,0.1403
KIA,RIO,4,3,13001,0.5388,0.285
KIA,RIO,4,4,9535,0.4905,0.288
KIA,RIO,4,5,3561,0.4577,0.1661
KIA,RIO,4,6,1276,0.4365,0.0973
KIA,SPORTAGE,1,1,37953,0.8741,0.2988
KIA,SPORTAGE,1,2,105967,0.8282,0.5099
KIA,SPORTAGE,1,3,26955,0.7916,0.1462
KIA,SPORTAGE,1,4,3201,0.7588,0.0309
KIA,SPORTAGE,1,5+6,522,0.7682,0.0141
KIA,SPORTAGE,2,1,6076,0.8787,0.1016
KIA,SPORTAGE,2,2,67665,0.8181,0.3931
KIA,SPORTAGE,2,3,80432,0.7397,0.3338
KIA,SPORTAGE,2,4,22656,0.6801,0.1191
KIA,SPORTAGE,2,5,3737,0.6591,0.034
KIA,SPORTAGE,2,6,770,0.6312,0.0184
KIA,SPORTAGE,3,1,986,0.8387,0.043
KIA,SPORTAGE,3,2,12117,0.7693,0.2303
KIA,SPORTAGE,3,3,37962,0.6634,0.3501
KIA,SPORTAGE,3,4,31326,0.5916,0.2352
KIA,SPORTAGE,3,5,10072,0.562,0.0952
KIA,SPORTAGE,3,6,2477,0.5515,0.0461
KIA,SPORTAGE,4,1,193,0.7876,0.0233
KIA,SPORTAGE,4,2,1958,0.7022,0.1403
KIA,SPORTAGE,4,3,7917,0.6252,0.285
KIA,SPORTAGE,4,4,11994,0.5503,0.288
KIA,SPORTAGE,4,5,6155,0.5222,0.1661
KIA,SPORTAGE,4,6,1870,0.5086,0.0973
KIA,Stonic,1,1,13384,0.9038,0.2988
KIA,Stonic,1,2,18681,0.8477,0.5099
KIA,Stonic,1,3,3030,0.7851,0.1462
KIA,Stonic,1,4+5+6,301,0.7874,0.045
KIA,Stonic,2,1,361,0.9169,0.1016
KIA,Stonic,2,2,1693,0.8506,0.3931
KIA,Stonic,2,3,802,0.7855,0.3338
KIA,Stonic,2,4+5+6,118,0.7288,0.1715
KIA,VENGA,1,1,9140,0.9103,0.2988
KIA,VENGA,1,2,5378,0.8433,0.5099
KIA,VENGA,1,3+4+5+6,708,0.75,0.1912
KIA,VENGA,2,1,8988,0.8906,0.1016
KIA,VENGA,2,2,17085,0.8003,0.3931
KIA,VENGA,2,3,6035,0.6862,0.3338
KIA,VENGA,2,4,1205,0.6183,0.1191
KIA,VENGA,2,5+6,258,0.562,0.0524
KIA,VENGA,3,1,2597,0.8552,0.043
KIA,VENGA,3,2,12239,0.6913,0.2303
KIA,VENGA,3,3,10736,0.5679,0.3501
KIA,VENGA,3,4,4137,0.4885,0.2352
KIA,VENGA,3,5,1008,0.4266,0.0952
KIA,VENGA,3,6,273,0.4542,0.0461
KIA,VENGA,4,1,415,0.7663,0.0233
KIA,VENGA,4,2,3446,0.6425,0.1403
KIA,VENGA,4,3,5344,0.5361,0.285
KIA,VENGA,4,4,3290,0.4827,0.288
KIA,VENGA,4,5,1058,0.4802,0.1661
KIA,VENGA,4,6,257,0.4669,0.0973
KIA,XCeed,1,1,4953,0.8805,0.2988
KIA,XCeed,1,2,6977,0.855,0.5099
KIA,XCeed,1,3,824,0.8252,0.1462
KIA,XCeed,1,4+5+6,151,0.7947,0.045
MAZDA,2,1,1,21256,0.9021,0.2988
MAZDA,2,1,2,17308,0.8565,0.5099
MAZDA,2,1,3,2525,0.8071,0.1462
MAZDA,2,1,4+5+6,292,0.8014,0.045
MAZDA,2,2,1,9860,0.8649,0.1016
MAZDA,2,2,2,26654,0.8015,0.3931
MAZDA,2,2,3,13631,0.732,0.3338
MAZDA,2,2,4,2858,0.6746,0.1191
MAZDA,2,2,5+6,476,0.6239,0.0524
MAZDA,2,3,1,4151,0.8258,0.043
MAZDA,2,3,2,19517,0.7168,0.2303
MAZDA,2,3,3,19513,0.599,0.3501
MAZDA,2,3,4,7225,0.5367,0.2352
MAZDA,2,3,5,1480,0.4926,0.0952
MAZDA,2,3,6,314,0.4459,0.0461
MAZDA,2,4,1,2559,0.8144,0.0233
MAZDA,2,4,2,15577,0.6735,0.1403
MAZDA,2,4,3,28779,0.5522,0.285
MAZDA,2,4,4,22152,0.4794,0.288
MAZDA,2,4,5,7799,0.4433,0.1661
MAZDA,2,4,6,2159,0.4396,0.0973
MAZDA,3,1,1,10606,0.8898,0.2988
MAZDA,3,1,2,17016,0.8346,0.5099
MAZDA,3,1,3,3720,0.7892,0.1462
MAZDA,3,1,4+5+6,568,0.7993,0.045
MAZDA,3,2,1,4797,0.8238,0.1016
MAZDA,3,2,2,23730,0.7649,0.3931
MAZDA,3,2,3,20787,0.7163,0.3338
MAZDA,3,2,4,6719,0.6714,0.1191
MAZDA,3,2,5,1315,0.6449,0.034
MAZDA,3,2,6,261,0.636,0.0184
MAZDA,3,3,1,1159,0.8749,0.043
MAZDA,3,3,2,8749,0.7695,0.2303
MAZDA,3,3,3,14794,0.6779,0.3501
MAZDA,3,3,4,9336,0.6158,0.2352
MAZDA,3,3,5,2758,0.5747,0.0952
MAZDA,3,3,6,721,0.5479,0.0461
MAZDA,3,4,1,611,0.8429,0.0233
MAZDA,3,4,2,5925,0.7254,0.1403
MAZDA,3,4,3,15865,0.587,0.285
MAZDA,3,4,4,17529,0.5129,0.288
MAZDA,3,4,5,8645,0.4853,0.1661
MAZDA,3,4,6,2874,0.4798,0.0973
MAZDA,CX-3,1,1,10841,0.9061,0.2988
MAZDA,CX-3,1,2,14351,0.8696,0.5099
MAZDA,CX-3,1,3,2225,0.8409,0.1462
MAZDA,CX-3,1,4+5+6,246,0.8577,0.045
MAZDA,CX-3,2,1,2745,0.8663,0.1016
MAZDA,CX-3,2,2,11432,0.823,0.3931
MAZDA,CX-3,2,3,6710,0.7659,0.3338
MAZDA,CX-3,2,4,1305,0.6996,0.1191
MAZDA,CX-3,2,5+6,195,0.6769,0.0524
MAZDA,CX-3,3,1+2,236,0.7246,0.2733
MAZDA,CX-3,3,3,288,0.691,0.3501
MAZDA,CX-3,3,4+5+6,130,0.6923,0.3766
MAZDA,CX-5,1,1,10591,0.8889,0.2988
MAZDA,CX-5,1,2,29636,0.8666,0.5099
MAZDA,CX-5,1,3,8197,0.8375,0.1462
MAZDA,CX-5,1,4,1178,0.82,0.0309
MAZDA,CX-5,1,5+6,230,0.8565,0.0141
MAZDA,CX-5,2,1,1360,0.8728,0.1016
MAZDA,CX-5,2,2,12868,0.8329,0.3931
MAZDA,CX-5,2,3,18404,0.7689,0.3338
MAZDA,CX-5,2,4,7626,0.7236,0.1191
MAZDA,CX-5,2,5,1565,0.6914,0.034
MAZDA,CX-5,2,6,248,0.6774,0.0184
MAZDA,CX-5,3,1,197,0.868,0.043
MAZDA,CX-5,3,2,2782,0.7829,0.2303
MAZDA,CX-5,3,3,9170,0.6964,0.3501
MAZDA,CX-5,3,4,9275,0.6412,0.2352
MAZDA,CX-5,3,5,2897,0.6206,0.0952
MAZDA,CX-5,3,6,614,0.5993,0.0461
MAZDA,MAZDA2,1,1,21256,0.9021,0.2988
MAZDA,MAZDA2,1,2,17308,0.8565,0.5099
MAZDA,MAZDA2,1,3,2525,0.8071,0.1462
MAZDA,MAZDA2,1,4+5+6,292,0.8014,0.045
MAZDA,MAZDA2,2,1,9860,0.8649,0.1016
MAZDA,MAZDA2,2,2,26654,0.8015,0.3931
MAZDA,MAZDA2,2,3,13631,0.732,0.3338
MAZDA,MAZDA2,2,4,2858,0.6746,0.1191
MAZDA,MAZDA2,2,5+6,476,0.6239,0.0524
MAZDA,MAZDA2,3,1,4151,0.8258,0.043
MAZDA,MAZDA2,3,2,19517,0.7168,0.2303
MAZDA,MAZDA2,3,3,19513,0.599,0.3501
MAZDA,MAZDA2,3,4,7225,0.5367,0.2352
MAZDA,MAZDA2,3,5,1480,0.4926,0.0952
MAZDA,MAZDA2,3,6,314,0.4459,0.0461
MAZDA,MAZDA2,4,1,2559,0.8144,0.0233
MAZDA,MAZDA2,4,2,15577,0.6735,0.1403
MAZDA,MAZDA2,4,3,28779,0.5522,0.285
MAZDA,MAZDA2,4,4,22152,0.4794,0.288
MAZDA,MAZDA2,4,5,7799,0.4433,0.1661
MAZDA,MAZDA2,4,6,2159,0.4396,0.0973
MAZDA,MAZDA3,1,1,10606,0.8898,0.2988
MAZDA,MAZDA3,1,2,17016,0.8346,0.5099
MAZDA,MAZDA3,1,3,3720,0.7892,0.1462
MAZDA,MAZDA3,1,4+5+6,568,0.7993,0.045
MAZDA,MAZDA3,2,1,4797,0.8238,0.1016
MAZDA,MAZDA3,2,2,23730,0.7649,0.3931
MAZDA,MAZDA3,2,3,20787,0.7163,0.3338
MAZDA,MAZDA3,2,4,6719,0.6714,0.1191
MAZDA,MAZDA3,2,5,1315,0.6449,0.034
MAZDA,MAZDA3,2,6,261,0.636,0.0184
MAZDA,MAZDA3,3,1,1159,0.8749,0.043
MAZDA,MAZDA3,3,2,8749,0.7695,0.2303
MAZDA,MAZDA3,3,3,14794,0.6779,0.3501
MAZDA,MAZDA3,3,4,9336,0.6158,0.2352
MAZDA,MAZDA3,3,5,2758,0.5747,0.0952
MAZDA,MAZDA3,3,6,721,0.5479,0.0461
MAZDA,MAZDA3,4,1,611,0.8429,0.0233
MAZDA,MAZDA3,4,2,5925,0.7254,0.1403
MAZDA,MAZDA3,4,3,15865,0.587,0.285
MAZDA,MAZDA3,4,4,17529,0.5129,0.288
MAZDA,MAZDA3,4,5,8645,0.4853,0.1661
MAZDA,MAZDA3,4,6,2874,0.4798,0.0973
MAZDA,MAZDA6,1,1,3731,0.8928,0.2988
MAZDA,MAZDA6,1,2,9159,0.8531,0.5099
MAZDA,MAZDA6,1,3,4034,0.8282,0.1462
MAZDA,MAZDA6,1,4,1087,0.8086,0.0309
MAZDA,MAZDA6,1,5,306,0.7843,0.0089
MAZDA,MAZDA6,1,6,105,0.7714,0.0052
MAZDA,MAZDA6,2,1,1116,0.8351,0.1016
MAZDA,MAZDA6,2,2,8150,0.8027,0.3931
MAZDA,MAZDA6,2,3,13400,0.7515,0.3338
MAZDA,MAZDA6,2,4,8299,0.7194,0.1191
MAZDA,MAZDA6,2,5,2887,0.716,0.034
MAZDA,MAZDA6,2,6,846,0.6714,0.0184
MAZDA,MAZDA6,3,1,216,0.8287,0.043
MAZDA,MAZDA6,3,2,2447,0.7605,0.2303
MAZDA,MAZDA6,3,3,7654,0.6945,0.3501
MAZDA,MAZDA6,3,4,8730,0.6422,0.2352
MAZDA,MAZDA6,3,5,4610,0.6221,0.0952
MAZDA,MAZDA6,3,6,1731,0.6124,0.0461
MAZDA,MAZDA6,4,1,132,0.8182,0.0233
MAZDA,MAZDA6,4,2,1482,0.6943,0.1403
MAZDA,MAZDA6,4,3,5619,0.622,0.285
MAZDA,MAZDA6,4,4,9018,0.563,0.288
MAZDA,MAZDA6,4,5,7259,0.5499,0.1661
MAZDA,MAZDA6,4,6,4967,0.5373,0.0973
MAZDA,Mazda CX-30,1,1,5009,0.9124,0.2988
MAZDA,Mazda CX-30,1,2,4671,0.8773,0.5099
MAZDA,Mazda CX-30,1,3+4+6,367,0.861,0.1824
MERCEDES-BENZ,A-Klasse,1,1,58956,0.903,0.2988
MERCEDES-BENZ,A-Klasse,1,2,142709,0.8468,0.5099
MERCEDES-BENZ,A-Klasse,1,3,40380,0.809,0.1462
MERCEDES-BENZ,A-Klasse,1,4,5396,0.7852,0.0309
MERCEDES-BENZ,A-Klasse,1,5,767,0.7836,0.0089
MERCEDES-BENZ,A-Klasse,1,6,140,0.7286,0.0052
MERCEDES-BENZ,A-Klasse,2,1,9570,0.8864,0.1016
MERCEDES-BENZ,A-Klasse,2,2,74971,0.8084,0.3931
MERCEDES-BENZ,A-Klasse,2,3,82910,0.7445,0.3338
MERCEDES-BENZ,A-Klasse,2,4,28360,0.6932,0.1191
MERCEDES-BENZ,A-Klasse,2,5,6111,0.6745,0.034
MERCEDES-BENZ,A-Klasse,2,6,1534,0.6649,0.0184
MERCEDES-BENZ,A-Klasse,3,1,2181,0.8698,0.043
MERCEDES-BENZ,A-Klasse,3,2,15723,0.7593,0.2303
MERCEDES-BENZ,A-Klasse,3,3,32992,0.6989,0.3501
MERCEDES-BENZ,A-Klasse,3,4,25330,0.6545,0.2352
MERCEDES-BENZ,A-Klasse,3,5,9210,0.6471,0.0952
MERCEDES-BENZ,A-Klasse,3,6,2950,0.6302,0.0461
MERCEDES-BENZ,A-Klasse,4,1,1909,0.8245,0.0233
MERCEDES-BENZ,A-Klasse,4,2,12468,0.7048,0.1403
MERCEDES-BENZ,A-Klasse,4,3,18162,0.6111,0.285
MERCEDES-BENZ,A-Klasse,4,4,11253,0.5423,0.288
MERCEDES-BENZ,A-Klasse,4,5,3952,0.5185,0.1661
MERCEDES-BENZ,A-Klasse,4,6,1123,0.4924,0.0973
MERCEDES-BENZ,B-Klasse,1,1,10460,0.9118,0.2988
MERCEDES-BENZ,B-Klasse,1,2,10262,0.8584,0.5099
MERCEDES-BENZ,B-Klasse,1,3,1710,0.7977,0.1462
MERCEDES-BENZ,B-Klasse,1,4+5+6,278,0.7266,0.045
MERCEDES-BENZ,B-Klasse,2,1,4340,0.8894,0.1016
MERCEDES-BENZ,B-Klasse,2,2,15261,0.8151,0.3931
MERCEDES-BENZ,B-Klasse,2,3,9819,0.7516,0.3338
MERCEDES-BENZ,B-Klasse,2,4,2731,0.6847,0.1191
MERCEDES-BENZ,B-Klasse,2,5,573,0.6667,0.034
MERCEDES-BENZ,B-Klasse,2,6,211,0.6588,0.0184
MERCEDES-BENZ,B-Klasse,3,1,1514,0.8732,0.043
MERCEDES-BENZ,B-Klasse,3,2,10734,0.7859,0.2303
MERCEDES-BENZ,B-Klasse,3,3,15536,0.6946,0.3501
MERCEDES-BENZ,B-Klasse,3,4,8501,0.6555,0.2352
MERCEDES-BENZ,B-Klasse,3,5,2556,0.6272,0.0952
MERCEDES-BENZ,B-Klasse,3,6,765,0.6026,0.0461
MERCEDES-BENZ,B-Klasse,4,1,499,0.7816,0.0233
MERCEDES-BENZ,B-Klasse,4,2,4891,0.6845,0.1403
MERCEDES-BENZ,B-Klasse,4,3,11352,0.5956,0.285
MERCEDES-BENZ,B-Klasse,4,4,9753,0.5392,0.288
MERCEDES-BENZ,B-Klasse,4,5,3988,0.5168,0.1661
MERCEDES-BENZ,B-Klasse,4,6,1148,0.5157,0.0973
MERCEDES-BENZ,C,1,1,28351,0.9032,0.2988
MERCEDES-BENZ,C,1,2,70746,0.8516,0.5099
MERCEDES-BENZ,C,1,3,25282,0.8143,0.1462
MERCEDES-BENZ,C,1,4,5299,0.8032,0.0309
MERCEDES-BENZ,C,1,5,1193,0.8265,0.0089
MERCEDES-BENZ,C,1,6,473,0.8436,0.0052
MERCEDES-BENZ,C,2,1,10390,0.8958,0.1016
MERCEDES-BENZ,C,2,2,65797,0.8359,0.3931
MERCEDES-BENZ,C,2,3,77478,0.7928,0.3338
MERCEDES-BENZ,C,2,4,36820,0.7656,0.1191
MERCEDES-BENZ,C,2,5,12922,0.7666,0.034
MERCEDES-BENZ,C,2,6,6348,0.7593,0.0184
MERCEDES-BENZ,C,3,1,2554,0.8747,0.043
MERCEDES-BENZ,C,3,2,21468,0.8087,0.2303
MERCEDES-BENZ,C,3,3,48705,0.7391,0.3501
MERCEDES-BENZ,C,3,4,45570,0.6794,0.2352
MERCEDES-BENZ,C,3,5,23758,0.6538,0.0952
MERCEDES-BENZ,C,3,6,12081,0.6357,0.0461
MERCEDES-BENZ,C,4,1,1097,0.887,0.0233
MERCEDES-BENZ,C,4,2,9783,0.7746,0.1403
MERCEDES-BENZ,C,4,3,27293,0.696,0.285
MERCEDES-BENZ,C,4,4,36576,0.6412,0.288
MERCEDES-BENZ,C,4,5,27300,0.6103,0.1661
MERCEDES-BENZ,C,4,6,18464,0.5883,0.0973
MERCEDES-BENZ,C-Klasse,1,1,28351,0.9032,0.2988
MERCEDES-BENZ,C-Klasse,1,2,70746,0.8516,0.5099
MERCEDES-BENZ,C-Klasse,1,3,25282,0.8143,0.1462
MERCEDES-BENZ,C-Klasse,1,4,5299,0.8032,0.0309
MERCEDES-BENZ,C-Klasse,1,5,1193,0.8265,0.0089
MERCEDES-BENZ,C-Klasse,1,6,473,0.8436,0.0052
MERCEDES-BENZ,C-Klasse,2,1,10390,0.8958,0.1016
MERCEDES-BENZ,C-Klasse,2,2,65797,0.8359,0.3931
MERCEDES-BENZ,C-Klasse,2,3,77478,0.7928,0.3338
MERCEDES-BENZ,C-Klasse,2,4,36820,0.7656,0.1191
MERCEDES-BENZ,C-Klasse,2,5,12922,0.7666,0.034
MERCEDES-BENZ,C-Klasse,2,6,6348,0.7593,0.0184
MERCEDES-BENZ,C-Klasse,3,1,2554,0.8747,0.043
MERCEDES-BENZ,C-Klasse,3,2,21468,0.8087,0.2303
MERCEDES-BENZ,C-Klasse,3,3,48705,0.7391,0.3501
MERCEDES-BENZ,C-Klasse,3,4,45570,0.6794,0.2352
MERCEDES-BENZ,C-Klasse,3,5,23758,0.6538,0.0952
MERCEDES-BENZ,C-Klasse,3,6,12081,0.6357,0.0461
MERCEDES-BENZ,C-Klasse,4,1,1097,0.887,0.0233
MERCEDES-BENZ,C-Klasse,4,2,9783,0.7746,0.1403
MERCEDES-BENZ,C-Klasse,4,3,27293,0.696,0.285
MERCEDES-BENZ,C-Klasse,4,4,36576,0.6412,0.288
MERCEDES-BENZ,C-Klasse,4,5,27300,0.6103,0.1661
MERCEDES-BENZ,C-Klasse,4,6,18464,0.5883,0.0973
MERCEDES-BENZ,CLA,1,1,9229,0.8837,0.2988
MERCEDES-BENZ,CLA,1,2,27852,0.8264,0.5099
MERCEDES-BENZ,CLA,1,3,8844,0.7918,0.1462
MERCEDES-BENZ,CLA,1,4,1450,0.7586,0.0309
MERCEDES-BENZ,CLA,1,5+6,267,0.7753,0.0141
MERCEDES-BENZ,CLA,2,1,1160,0.8759,0.1016
MERCEDES-BENZ,CLA,2,2,12884,0.8118,0.3931
MERCEDES-BENZ,CLA,2,3,18960,0.7554,0.3338
MERCEDES-BENZ,CLA,2,4,7951,0.7093,0.1191
MERCEDES-BENZ,CLA,2,5,2128,0.7086,0.034
MERCEDES-BENZ,CLA,2,6,645,0.7163,0.0184
MERCEDES-BENZ,CLA,3,1,183,0.8907,0.043
MERCEDES-BENZ,CLA,3,2,1792,0.7863,0.2303
MERCEDES-BENZ,CLA,3,3,5152,0.7368,0.3501
MERCEDES-BENZ,CLA,3,4,4171,0.6842,0.2352
MERCEDES-BENZ,CLA,3,5,1608,0.6803,0.0952
MERCEDES-BENZ,CLA,3,6,548,0.7099,0.0461
MERCEDES-BENZ,E,1,1,16581,0.8823,0.2988
MERCEDES-BENZ,E,1,2,46201,0.8413,0.5099
MERCEDES-BENZ,E,1,3,22560,0.8348,0.1462
MERCEDES-BENZ,E,1,4,9110,0.865,0.0309
MERCEDES-BENZ,E,1,5,4674,0.8847,0.0089
MERCEDES-BENZ,E,1,6,5303,0.8825,0.0052
MERCEDES-BENZ,E,2,1,4921,0.8817,0.1016
MERCEDES-BENZ,E,2,2,32966,0.8285,0.3931
MERCEDES-BENZ,E,2,3,40933,0.7999,0.3338
MERCEDES-BENZ,E,2,4,21610,0.7821,0.1191
MERCEDES-BENZ,E,2,5,10289,0.801,0.034
MERCEDES-BENZ,E,2,6,13905,0.8197,0.0184
MERCEDES-BENZ,E,3,1,1663,0.8695,0.043
MERCEDES-BENZ,E,3,2,14360,0.794,0.2303
MERCEDES-BENZ,E,3,3,32270,0.7347,0.3501
MERCEDES-BENZ,E,3,4,28522,0.7036,0.2352
MERCEDES-BENZ,E,3,5,15044,0.693,0.0952
MERCEDES-BENZ,E,3,6,11652,0.7109,0.0461
MERCEDES-BENZ,E,4,1,726,0.8843,0.0233
MERCEDES-BENZ,E,4,2,5671,0.7983,0.1403
MERCEDES-BENZ,E,4,3,15093,0.719,0.285
MERCEDES-BENZ,E,4,4,20187,0.6765,0.288
MERCEDES-BENZ,E,4,5,15151,0.6655,0.1661
MERCEDES-BENZ,E,4,6,11895,0.6577,0.0973
MERCEDES-BENZ,E-Klasse,1,1,16581,0.8823,0.2988
MERCEDES-BENZ,E-Klasse,1,2,46201,0.8413,0.5099
MERCEDES-BENZ,E-Klasse,1,3,22560,0.8348,0.1462
MERCEDES-BENZ,E-Klasse,1,4,9110,0.865,0.0309
MERCEDES-BENZ,E-Klasse,1,5,4674,0.8847,0.0089
MERCEDES-BENZ,E-Klasse,1,6,5303,0.8825,0.0052
MERCEDES-BENZ,E-Klasse,2,1,4921,0.8817,0.1016
MERCEDES-BENZ,E-Klasse,2,2,32966,0.8285,0.3931
MERCEDES-BENZ,E-Klasse,2,3,40933,0.7999,0.3338
MERCEDES-BENZ,E-Klasse,2,4,21610,0.7821,0.1191
MERCEDES-BENZ,E-Klasse,2,5,10289,0.801,0.034
MERCEDES-BENZ,E-Klasse,2,6,13905,0.8197,0.0184
MERCEDES-BENZ,E-Klasse,3,1,1663,0.8695,0.043
MERCEDES-BENZ,E-Klasse,3,2,14360,0.794,0.2303
MERCEDES-BENZ,E-Klasse,3,3,32270,0.7347,0.3501
MERCEDES-BENZ,E-Klasse,3,4,28522,0.7036,0.2352
MERCEDES-BENZ,E-Klasse,3,5,15044,0.693,0.0952
MERCEDES-BENZ,E-Klasse,3,6,11652,0.7109,0.0461
MERCEDES-BENZ,E-Klasse,4,1,726,0.8843,0.0233
MERCEDES-BENZ,E-Klasse,4,2,5671,0.7983,0.1403
MERCEDES-BENZ,E-Klasse,4,3,15093,0.719,0.285
MERCEDES-BENZ,E-Klasse,4,4,20187,0.6765,0.288
MERCEDES-BENZ,E-Klasse,4,5,15151,0.6655,0.1661
MERCEDES-BENZ,E-Klasse,4,6,11895,0.6577,0.0973
MERCEDES-BENZ,GLA,1,1,23929,0.9087,0.2988
MERCEDES-BENZ,GLA,1,2,47625,0.8519,0.5099
MERCEDES-BENZ,GLA,1,3,9961,0.7989,0.1462
MERCEDES-BENZ,GLA,1,4,1117,0.7735,0.0309
MERCEDES-BENZ,GLA,1,5+6,179,0.7709,0.0141
MERCEDES-BENZ,GLA,2,1,3469,0.8933,0.1016
MERCEDES-BENZ,GLA,2,2,25472,0.8278,0.3931
MERCEDES-BENZ,GLA,2,3,24103,0.7649,0.3338
MERCEDES-BENZ,GLA,2,4,6766,0.7208,0.1191
MERCEDES-BENZ,GLA,2,5,1142,0.7058,0.034
MERCEDES-BENZ,GLA,2,6,254,0.6417,0.0184
MERCEDES-BENZ,GLA,3,1,234,0.9017,0.043
MERCEDES-BENZ,GLA,3,2,1919,0.8202,0.2303
MERCEDES-BENZ,GLA,3,3,3649,0.7862,0.3501
MERCEDES-BENZ,GLA,3,4,1941,0.7259,0.2352
MERCEDES-BENZ,GLA,3,5,483,0.6812,0.0952
MERCEDES-BENZ,GLA,3,6,109,0.7064,0.0461
MERCEDES-BENZ,GLB,1,1,1162,0.9053,0.2988
MERCEDES-BENZ,GLB,1,2,2930,0.8778,0.5099
MERCEDES-BENZ,GLB,1,3+4+5+6,507,0.8639,0.1912
MERCEDES-BENZ,GLC,1,1,15737,0.9159,0.2988
MERCEDES-BENZ,GLC,1,2,54032,0.8719,0.5099
MERCEDES-BENZ,GLC,1,3,17287,0.8335,0.1462
MERCEDES-BENZ,GLC,1,4,2158,0.8211,0.0309
MERCEDES-BENZ,GLC,1,5+6,367,0.7847,0.0141
MERCEDES-BENZ,GLC,2,1,1651,0.9061,0.1016
MERCEDES-BENZ,GLC,2,2,16293,0.8565,0.3931
MERCEDES-BENZ,GLC,2,3,20011,0.8289,0.3338
MERCEDES-BENZ,GLC,2,4,6123,0.7936,0.1191
MERCEDES-BENZ,GLC,2,5,1249,0.783,0.034
MERCEDES-BENZ,GLC,2,6,341,0.7507,0.0184
MERCEDES-BENZ,GLE,1,1,3838,0.919,0.2988
MERCEDES-BENZ,GLE,1,2,15853,0.8752,0.5099
MERCEDES-BENZ,GLE,1,3,6022,0.8515,0.1462
MERCEDES-BENZ,GLE,1,4,874,0.841,0.0309
MERCEDES-BENZ,GLE,1,5+6,142,0.7887,0.0141
MERCEDES-BENZ,GLE,2,1,693,0.9062,0.1016
MERCEDES-BENZ,GLE,2,2,7735,0.8862,0.3931
MERCEDES-BENZ,GLE,2,3,9788,0.8527,0.3338
MERCEDES-BENZ,GLE,2,4,3201,0.8332,0.1191
MERCEDES-BENZ,GLE,2,5,639,0.8482,0.034
MERCEDES-BENZ,GLE,2,6,157,0.8726,0.0184
MINI,COOPER,1,1,107045,0.8921,0.2988
MINI,COOPER,1,2,110503,0.8647,0.5099
MINI,COOPER,1,3,14588,0.8247,0.1462
MINI,COOPER,1,4,1391,0.7901,0.0309
MINI,COOPER,1,5+6,203,0.7586,0.0141
MINI,COOPER,2,1,31199,0.8941,0.1016
MINI,COOPER,2,2,104875,0.8519,0.3931
MINI,COOPER,2,3,57014,0.8054,0.3338
MINI,COOPER,2,4,11875,0.7498,0.1191
MINI,COOPER,2,5,1905,0.7192,0.034
MINI,COOPER,2,6,397,0.6902,0.0184
MINI,COOPER,3,1,5824,0.8844,0.043
MINI,COOPER,3,2,32547,0.8102,0.2303
MINI,COOPER,3,3,37417,0.7447,0.3501
MINI,COOPER,3,4,15152,0.6878,0.2352
MINI,COOPER,3,5,3401,0.6575,0.0952
MINI,COOPER,3,6,726,0.6598,0.0461
MINI,COOPER,4,1,529,0.8601,0.0233
MINI,COOPER,4,2,2968,0.7409,0.1403
MINI,COOPER,4,3,5815,0.6562,0.285
MINI,COOPER,4,4,4432,0.5914,0.288
MINI,COOPER,4,5,1470,0.5633,0.1661
MINI,COOPER,4,6,375,0.568,0.0973
MITSUBISHI,ASX,1,1,3425,0.9136,0.2988
MITSUBISHI,ASX,1,2,6058,0.8658,0.5099
MITSUBISHI,ASX,1,3,1484,0.814,0.1462
MITSUBISHI,ASX,1,4+5+6,222,0.7523,0.045
MITSUBISHI,ASX,2,1,1409,0.8935,0.1016
MITSUBISHI,ASX,2,2,8489,0.8266,0.3931
MITSUBISHI,ASX,2,3,8560,0.7437,0.3338
MITSUBISHI,ASX,2,4,2757,0.6826,0.1191
MITSUBISHI,ASX,2,5,528,0.6458,0.034
MITSUBISHI,ASX,2,6,125,0.608,0.0184
MITSUBISHI,ASX,3,1,246,0.8659,0.043
MITSUBISHI,ASX,3,2,2619,0.8152,0.2303
MITSUBISHI,ASX,3,3,6281,0.7007,0.3501
MITSUBISHI,ASX,3,4,4970,0.6326,0.2352
MITSUBISHI,ASX,3,5,1744,0.578,0.0952
MITSUBISHI,ASX,3,6,453,0.5828,0.0461
MITSUBISHI,ASX,4,1+2,394,0.7944,0.1636
MITSUBISHI,ASX,4,3,1461,0.7043,0.285
MITSUBISHI,ASX,4,4,2649,0.6149,0.288
MITSUBISHI,ASX,4,5,1728,0.5735,0.1661
MITSUBISHI,ASX,4,6,652,0.5475,0.0973
MITSUBISHI,COLT,3,1,422,0.7701,0.043
MITSUBISHI,COLT,3,2,1555,0.6971,0.2303
MITSUBISHI,COLT,3,3,1431,0.6031,0.3501
MITSUBISHI,COLT,3,4,605,0.5355,0.2352
MITSUBISHI,COLT,3,5+6,178,0.4944,0.1414
MITSUBISHI,COLT,4,1,1043,0.7785,0.0233
MITSUBISHI,COLT,4,2,5489,0.6531,0.1403
MITSUBISHI,COLT,4,3,8025,0.5271,0.285
MITSUBISHI,COLT,4,4,5443,0.4617,0.288
MITSUBISHI,COLT,4,5,1816,0.435,0.1661
MITSUBISHI,COLT,4,6,502,0.4084,0.0973
MITSUBISHI,OUTLANDER,1,1,6615,0.8874,0.2988
MITSUBISHI,OUTLANDER,1,2,24009,0.8653,0.5099
MITSUBISHI,OUTLANDER,1,3,12885,0.8363,0.1462
MITSUBISHI,OUTLANDER,1,4,3730,0.8365,0.0309
MITSUBISHI,OUTLANDER,1,5,1116,0.8387,0.0089
MITSUBISHI,OUTLANDER,1,6,481,0.7921,0.0052
MITSUBISHI,OUTLANDER,2,1,1428,0.9006,0.1016
MITSUBISHI,OUTLANDER,2,2,14156,0.8287,0.3931
MITSUBISHI,OUTLANDER,2,3,24315,0.7734,0.3338
MITSUBISHI,OUTLANDER,2,4,13729,0.7262,0.1191
MITSUBISHI,OUTLANDER,2,5,5367,0.7276,0.034
MITSUBISHI,OUTLANDER,2,6,3802,0.7525,0.0184
MITSUBISHI,OUTLANDER,3,1,175,0.8457,0.043
MITSUBISHI,OUTLANDER,3,2,1938,0.7833,0.2303
MITSUBISHI,OUTLANDER,3,3,6856,0.702,0.3501
MITSUBISHI,OUTLANDER,3,4,7808,0.6215,0.2352
MITSUBISHI,OUTLANDER,3,5,3534,0.5982,0.0952
MITSUBISHI,OUTLANDER,3,6,1529,0.6063,0.0461
MITSUBISHI,OUTLANDER,4,1+2,315,0.7333,0.1636
MITSUBISHI,OUTLANDER,4,3,1249,0.6149,0.285
MITSUBISHI,OUTLANDER,4,4,3044,0.568,0.288
MITSUBISHI,OUTLANDER,4,5,3240,0.5133,0.1661
MITSUBISHI,OUTLANDER,4,6,2171,0.4993,0.0973
NISSAN,JUKE,1,1,49395,0.8743,0.2988
NISSAN,JUKE,1,2,64312,0.8228,0.5099
NISSAN,JUKE,1,3,11637,0.7422,0.1462
NISSAN,JUKE,1,4,1037,0.6586,0.0309
NISSAN,JUKE,1,5+6,120,0.575,0.0141
NISSAN,JUKE,2,1,20148,0.8533,0.1016
NISSAN,JUKE,2,2,100919,0.7513,0.3931
NISSAN,JUKE,2,3,71889,0.6416,0.3338
NISSAN,JUKE,2,4,17201,0.5606,0.1191
NISSAN,JUKE,2,5,2733,0.5496,0.034
NISSAN,JUKE,2,6,468,0.4893,0.0184
NISSAN,JUKE,3,1,4621,0.8347,0.043
NISSAN,JUKE,3,2,42524,0.6758,0.2303
NISSAN,JUKE,3,3,79437,0.5549,0.3501
NISSAN,JUKE,3,4,45671,0.4945,0.2352
NISSAN,JUKE,3,5,12246,0.4746,0.0952
NISSAN,JUKE,3,6,2544,0.4634,0.0461
NISSAN,JUKE,4,1,489,0.8425,0.0233
NISSAN,JUKE,4,2,5636,0.6524,0.1403
NISSAN,JUKE,4,3,17127,0.5491,0.285
NISSAN,JUKE,4,4,16870,0.4976,0.288
NISSAN,JUKE,4,5,6759,0.4758,0.1661
NISSAN,JUKE,4,6,1776,0.4634,0.0973
NISSAN,MICRA,1,1,25144,0.8414,0.2988
NISSAN,MICRA,1,2,21726,0.7306,0.5099
NISSAN,MICRA,1,3,3158,0.6615,0.1462
NISSAN,MICRA,1,4,400,0.65,0.0309
NISSAN,MICRA,1,5+6,109,0.633,0.0141
NISSAN,MICRA,2,1,24550,0.8001,0.1016
NISSAN,MICRA,2,2,33636,0.6996,0.3931
NISSAN,MICRA,2,3,10668,0.63,0.3338
NISSAN,MICRA,2,4,2027,0.5757,0.1191
NISSAN,MICRA,2,5+6,433,0.5566,0.0524
NISSAN,MICRA,3,1,13511,0.7803,0.043
NISSAN,MICRA,3,2,32640,0.6776,0.2303
NISSAN,MICRA,3,3,18955,0.5879,0.3501
NISSAN,MICRA,3,4,6085,0.5236,0.2352
NISSAN,MICRA,3,5,1305,0.5004,0.0952
NISSAN,MICRA,3,6,311,0.4887,0.0461
NISSAN,MICRA,4,1,9208,0.7915,0.0233
NISSAN,MICRA,4,2,34671,0.671,0.1403
NISSAN,MICRA,4,3,36056,0.5634,0.285
NISSAN,MICRA,4,4,20676,0.4968,0.288
NISSAN,MICRA,4,5,7128,0.4592,0.1661
NISSAN,MICRA,4,6,2529,0.4334,0.0973
NISSAN,NOTE,1,1,952,0.9107,0.2988
NISSAN,NOTE,1,2,1232,0.8685,0.5099
NISSAN,NOTE,1,3+4+5+6,318,0.7421,0.1912
NISSAN,NOTE,2,1,13197,0.8894,0.1016
NISSAN,NOTE,2,2,31668,0.8204,0.3931
NISSAN,NOTE,2,3,15036,0.7344,0.3338
NISSAN,NOTE,2,4,3558,0.6405,0.1191
NISSAN,NOTE,2,5,697,0.6069,0.034
NISSAN,NOTE,2,6,133,0.5338,0.0184
NISSAN,NOTE,3,1,6582,0.8432,0.043
NISSAN,NOTE,3,2,31642,0.7398,0.2303
NISSAN,NOTE,3,3,30732,0.6351,0.3501
NISSAN,NOTE,3,4,13372,0.5483,0.2352
NISSAN,NOTE,3,5,3576,0.488,0.0952
NISSAN,NOTE,3,6,1079,0.4764,0.0461
NISSAN,NOTE,4,1,2263,0.7689,0.0233
NISSAN,NOTE,4,2,19710,0.6705,0.1403
NISSAN,NOTE,4,3,36723,0.5633,0.285
NISSAN,NOTE,4,4,29799,0.4949,0.288
NISSAN,NOTE,4,5,12966,0.4557,0.1661
NISSAN,NOTE,4,6,4760,0.4366,0.0973
NISSAN,QASHQAI,1,1,66261,0.896,0.2988
NISSAN,QASHQAI,1,2,150071,0.8302,0.5099
NISSAN,QASHQAI,1,3,40378,0.7786,0.1462
NISSAN,QASHQAI,1,4,5012,0.7279,0.0309
NISSAN,QASHQAI,1,5,737,0.7083,0.0089
NISSAN,QASHQAI,1,6,157,0.7197,0.0052
NISSAN,QASHQAI,2,1,15848,0.8633,0.1016
NISSAN,QASHQAI,2,2,126934,0.786,0.3931
NISSAN,QASHQAI,2,3,131315,0.7141,0.3338
NISSAN,QASHQAI,2,4,42450,0.6491,0.1191
NISSAN,QASHQAI,2,5,8715,0.6009,0.034
NISSAN,QASHQAI,2,6,2237,0.5767,0.0184
NISSAN,QASHQAI,3,1,2626,0.8248,0.043
NISSAN,QASHQAI,3,2,37333,0.7116,0.2303
NISSAN,QASHQAI,3,3,99487,0.5931,0.3501
NISSAN,QASHQAI,3,4,80966,0.5084,0.2352
NISSAN,QASHQAI,3,5,28826,0.4768,0.0952
NISSAN,QASHQAI,3,6,7837,0.4714,0.0461
NISSAN,QASHQAI,4,1,576,0.7639,0.0233
NISSAN,QASHQAI,4,2,9144,0.6533,0.1403
NISSAN,QASHQAI,4,3,41022,0.5098,0.285
NISSAN,QASHQAI,4,4,71327,0.4409,0.288
NISSAN,QASHQAI,4,5,46877,0.4203,0.1661
NISSAN,QASHQAI,4,6,18192,0.4127,0.0973
NISSAN,Qashqai J11A,1,1,66261,0.896,0.2988
NISSAN,Qashqai J11A,1,2,150071,0.8302,0.5099
NISSAN,Qashqai J11A,1,3,40378,0.7786,0.1462
NISSAN,Qashqai J11A,1,4,5012,0.7279,0.0309
NISSAN,Qashqai J11A,1,5,737,0.7083,0.0089
NISSAN,Qashqai J11A,1,6,157,0.7197,0.0052
NISSAN,Qashqai J11A,2,1,15848,0.8633,0.1016
NISSAN,Qashqai J11A,2,2,126934,0.786,0.3931
NISSAN,Qashqai J11A,2,3,131315,0.7141,0.3338
NISSAN,Qashqai J11A,2,4,42450,0.6491,0.1191
NISSAN,Qashqai J11A,2,5,8715,0.6009,0.034
NISSAN,Qashqai J11A,2,6,2237,0.5767,0.0184
NISSAN,Qashqai J11A,3,1,2626,0.8248,0.043
NISSAN,Qashqai J11A,3,2,37333,0.7116,0.2303
NISSAN,Qashqai J11A,3,3,99487,0.5931,0.3501
NISSAN,Qashqai J11A,3,4,80966,0.5084,0.2352
NISSAN,Qashqai J11A,3,5,28826,0.4768,0.0952
NISSAN,Qashqai J11A,3,6,7837,0.4714,0.0461
NISSAN,Qashqai J11A,4,1,576,0.7639,0.0233
NISSAN,Qashqai J11A,4,2,9144,0.6533,0.1403
NISSAN,Qashqai J11A,4,3,41022,0.5098,0.285
NISSAN,Qashqai J11A,4,4,71327,0.4409,0.288
NISSAN,Qashqai J11A,4,5,46877,0.4203,0.1661
NISSAN,Qashqai J11A,4,6,18192,0.4127,0.0973
NISSAN,X-TRAIL,1,1,7647,0.8824,0.2988
NISSAN,X-TRAIL,1,2,23403,0.8341,0.5099
NISSAN,X-TRAIL,1,3,8959,0.7923,0.1462
NISSAN,X-TRAIL,1,4,1399,0.7412,0.0309
NISSAN,X-TRAIL,1,5+6,284,0.7359,0.0141
NISSAN,X-TRAIL,2,1,1936,0.8678,0.1016
NISSAN,X-TRAIL,2,2,22511,0.7899,0.3931
NISSAN,X-TRAIL,2,3,33452,0.7058,0.3338
NISSAN,X-TRAIL,2,4,12610,0.6383,0.1191
NISSAN,X-TRAIL,2,5,2629,0.6052,0.034
NISSAN,X-TRAIL,2,6,725,0.6041,0.0184
NISSAN,X-TRAIL,3,1,129,0.876,0.043
NISSAN,X-TRAIL,3,2,1781,0.7518,0.2303
NISSAN,X-TRAIL,3,3,5370,0.6469,0.3501
NISSAN,X-TRAIL,3,4,5247,0.5817,0.2352
NISSAN,X-TRAIL,3,5,2125,0.5327,0.0952
NISSAN,X-TRAIL,3,6,752,0.5186,0.0461
NISSAN,X-TRAIL,4,1+2,776,0.759,0.1636
NISSAN,X-TRAIL,4,3,2554,0.6057,0.285
NISSAN,X-TRAIL,4,4,5204,0.5225,0.288
NISSAN,X-TRAIL,4,5,4796,0.4777,0.1661
NISSAN,X-TRAIL,4,6,2692,0.4762,0.0973
OPEL,ASTRA,1,1,28737,0.8969,0.2988
OPEL,ASTRA,1,2,65958,0.8196,0.5099
OPEL,ASTRA,1,3,24887,0.7631,0.1462
OPEL,ASTRA,1,4,5509,0.7317,0.0309
OPEL,ASTRA,1,5,1544,0.7066,0.0089
OPEL,ASTRA,1,6,580,0.6741,0.0052
OPEL,ASTRA,2,1,17817,0.8751,0.1016
OPEL,ASTRA,2,2,105103,0.7856,0.3931
OPEL,ASTRA,2,3,109531,0.7079,0.3338
OPEL,ASTRA,2,4,41622,0.6541,0.1191
OPEL,ASTRA,2,5,11385,0.6449,0.034
OPEL,ASTRA,2,6,4137,0.6248,0.0184
OPEL,ASTRA,3,1,5584,0.8304,0.043
OPEL,ASTRA,3,2,49448,0.7407,0.2303
OPEL,ASTRA,3,3,112557,0.6665,0.3501
OPEL,ASTRA,3,4,87818,0.6216,0.2352
OPEL,ASTRA,3,5,35724,0.6007,0.0952
OPEL,ASTRA,3,6,14910,0.5831,0.0461
OPEL,ASTRA,4,1,3288,0.7856,0.0233
OPEL,ASTRA,4,2,30612,0.698,0.1403
OPEL,ASTRA,4,3,90618,0.6099,0.285
OPEL,ASTRA,4,4,104676,0.5573,0.288
OPEL,ASTRA,4,5,53746,0.527,0.1661
OPEL,ASTRA,4,6,24130,0.5237,0.0973
OPEL,ASTRA SPORTS TOURER,1,1,28737,0.8969,0.2988
OPEL,ASTRA SPORTS TOURER,1,2,65958,0.8196,0.5099
OPEL,ASTRA SPORTS TOURER,1,3,24887,0.7631,0.1462
OPEL,ASTRA SPORTS TOURER,1,4,5509,0.7317,0.0309
OPEL,ASTRA SPORTS TOURER,1,5,1544,0.7066,0.0089
OPEL,ASTRA SPORTS TOURER,1,6,580,0.6741,0.0052
OPEL,ASTRA SPORTS TOURER,2,1,17817,0.8751,0.1016
OPEL,ASTRA SPORTS TOURER,2,2,105103,0.7856,0.3931
OPEL,ASTRA SPORTS TOURER,2,3,109531,0.7079,0.3338
OPEL,ASTRA SPORTS TOURER,2,4,41622,0.6541,0.1191
OPEL,ASTRA SPORTS TOURER,2,5,11385,0.6449,0.034
OPEL,ASTRA SPORTS TOURER,2,6,4137,0.6248,0.0184
OPEL,ASTRA SPORTS TOURER,3,1,5584,0.8304,0.043
OPEL,ASTRA SPORTS TOURER,3,2,49448,0.7407,0.2303
OPEL,ASTRA SPORTS TOURER,3,3,112557,0.6665,0.3501
OPEL,ASTRA SPORTS TOURER,3,4,87818,0.6216,0.2352
OPEL,ASTRA SPORTS TOURER,3,5,35724,0.6007,0.0952
OPEL,ASTRA SPORTS TOURER,3,6,14910,0.5831,0.0461
OPEL,ASTRA SPORTS TOURER,4,1,3288,0.7856,0.0233
OPEL,ASTRA SPORTS TOURER,4,2,30612,0.698,0.1403
OPEL,ASTRA SPORTS TOURER,4,3,90618,0.6099,0.285
OPEL,ASTRA SPORTS TOURER,4,4,104676,0.5573,0.288
OPEL,ASTRA SPORTS TOURER,4,5,53746,0.527,0.1661
OPEL,ASTRA SPORTS TOURER,4,6,24130,0.5237,0.0973
OPEL,CORSA,1,1,120461,0.8332,0.2988
OPEL,CORSA,1,2,145090,0.7845,0.5099
OPEL,CORSA,1,3,25596,0.7116,0.1462
OPEL,CORSA,1,4,3465,0.6866,0.0309
OPEL,CORSA,1,5,710,0.6479,0.0089
OPEL,CORSA,1,6,222,0.6757,0.0052
OPEL,CORSA,2,1,51937,0.7748,0.1016
OPEL,CORSA,2,2,196002,0.691,0.3931
OPEL,CORSA,2,3,132509,0.6202,0.3338
OPEL,CORSA,2,4,32678,0.5802,0.1191
OPEL,CORSA,2,5,6126,0.5855,0.034
OPEL,CORSA,2,6,1791,0.6198,0.0184
OPEL,CORSA,3,1,19575,0.7407,0.043
OPEL,CORSA,3,2,126446,0.639,0.2303
OPEL,CORSA,3,3,178764,0.57,0.3501
OPEL,CORSA,3,4,80710,0.5348,0.2352
OPEL,CORSA,3,5,17825,0.5313,0.0952
OPEL,CORSA,3,6,3781,0.5274,0.0461
OPEL,CORSA,4,1,10602,0.7391,0.0233
OPEL,CORSA,4,2,71627,0.6336,0.1403
OPEL,CORSA,4,3,146868,0.5495,0.285
OPEL,CORSA,4,4,108007,0.5073,0.288
OPEL,CORSA,4,5,31797,0.489,0.1661
OPEL,CORSA,4,6,7320,0.4796,0.0973
OPEL,Crossland X,1,1,10151,0.8882,0.2988
OPEL,Crossland X,1,2,10066,0.8422,0.5099
OPEL,Crossland X,1,3+4+5+6,1227,0.7971,0.1912
OPEL,Grandland X,1,1,12582,0.904,0.2988
OPEL,Grandland X,1,2,18778,0.8452,0.5099
OPEL,Grandland X,1,3,2632,0.7869,0.1462
OPEL,Grandland X,1,4+5+6,216,0.7963,0.045
OPEL,INSIGNIA,1,1,3830,0.8768,0.2988
OPEL,INSIGNIA,1,2,20335,0.8301,0.5099
OPEL,INSIGNIA,1,3,17090,0.7771,0.1462
OPEL,INSIGNIA,1,4,5156,0.7523,0.0309
OPEL,INSIGNIA,1,5,1396,0.7636,0.0089
OPEL,INSIGNIA,1,6,528,0.6951,0.0052
OPEL,INSIGNIA,2,1,2155,0.8483,0.1016
OPEL,INSIGNIA,2,2,22342,0.7689,0.3931
OPEL,INSIGNIA,2,3,46084,0.7041,0.3338
OPEL,INSIGNIA,2,4,33410,0.6716,0.1191
OPEL,INSIGNIA,2,5,14768,0.6544,0.034
OPEL,INSIGNIA,2,6,7692,0.6427,0.0184
OPEL,INSIGNIA,3,1,606,0.8366,0.043
OPEL,INSIGNIA,3,2,7727,0.7606,0.2303
OPEL,INSIGNIA,3,3,29563,0.6808,0.3501
OPEL,INSIGNIA,3,4,43183,0.6402,0.2352
OPEL,INSIGNIA,3,5,29037,0.6146,0.0952
OPEL,INSIGNIA,3,6,17308,0.6027,0.0461
OPEL,INSIGNIA,4,1,329,0.7964,0.0233
OPEL,INSIGNIA,4,2,3585,0.7358,0.1403
OPEL,INSIGNIA,4,3,14886,0.6527,0.285
OPEL,INSIGNIA,4,4,25675,0.601,0.288
OPEL,INSIGNIA,4,5,18940,0.5839,0.1661
OPEL,INSIGNIA,4,6,10298,0.5691,0.0973
OPEL,KARL,1,1,13239,0.8884,0.2988
OPEL,KARL,1,2,8380,0.8285,0.5099
OPEL,KARL,1,3,1203,0.7456,0.1462
OPEL,KARL,1,4+5+6,144,0.6528,0.045
OPEL,KARL,2,1,17099,0.8716,0.1016
OPEL,KARL,2,2,25482,0.7704,0.3931
OPEL,KARL,2,3,7965,0.6694,0.3338
OPEL,KARL,2,4,1315,0.6068,0.1191
OPEL,KARL,2,5+6,235,0.583,0.0524
OPEL,KARL,3,1,274,0.7372,0.043
OPEL,KARL,3,2,562,0.7153,0.2303
OPEL,KARL,3,3+4+5+6,411,0.6788,0.7267
OPEL,MERIVA,1,1,1015,0.8433,0.2988
OPEL,MERIVA,1,2,1458,0.7407,0.5099
OPEL,MERIVA,1,3+4+5+6,364,0.7033,0.1912
OPEL,MERIVA,2,1,6785,0.831,0.1016
OPEL,MERIVA,2,2,18598,0.7428,0.3931
OPEL,MERIVA,2,3,9112,0.6603,0.3338
OPEL,MERIVA,2,4,1980,0.6101,0.1191
OPEL,MERIVA,2,5+6,402,0.5547,0.0524
OPEL,MERIVA,3,1,2639,0.8121,0.043
OPEL,MERIVA,3,2,16328,0.7235,0.2303
OPEL,MERIVA,3,3,19937,0.647,0.3501
OPEL,MERIVA,3,4,8168,0.5806,0.2352
OPEL,MERIVA,3,5,1699,0.548,0.0952
OPEL,MERIVA,3,6,388,0.5077,0.0461
OPEL,MERIVA,4,1,1077,0.7753,0.0233
OPEL,MERIVA,4,2,11382,0.6612,0.1403
OPEL,MERIVA,4,3,25093,0.5787,0.285
OPEL,MERIVA,4,4,17196,0.5188,0.288
OPEL,MERIVA,4,5,4802,0.4958,0.1661
OPEL,MERIVA,4,6,979,0.477,0.0973
OPEL,Mokka,1,1,39289,0.8506,0.2988
OPEL,Mokka,1,2,66767,0.743,0.5099
OPEL,Mokka,1,3,14417,0.6399,0.1462
OPEL,Mokka,1,4,1147,0.5937,0.0309
OPEL,Mokka,1,5+6,135,0.4889,0.0141
OPEL,Mokka,2,1,21306,0.8378,0.1016
OPEL,Mokka,2,2,108923,0.6954,0.3931
OPEL,Mokka,2,3,77586,0.5972,0.3338
OPEL,Mokka,2,4,18142,0.5406,0.1191
OPEL,Mokka,2,5,2976,0.5269,0.034
OPEL,Mokka,2,6,673,0.5171,0.0184
OPEL,Mokka,3,1,2288,0.8431,0.043
OPEL,Mokka,3,2,21131,0.7067,0.2303
OPEL,Mokka,3,3,36999,0.6126,0.3501
OPEL,Mokka,3,4,19056,0.5711,0.2352
OPEL,Mokka,3,5,5427,0.5451,0.0952
OPEL,Mokka,3,6,1377,0.5338,0.0461
OPEL,ZAFIRA,1,1,2317,0.8662,0.2988
OPEL,ZAFIRA,1,2,8243,0.787,0.5099
OPEL,ZAFIRA,1,3,2841,0.7152,0.1462
OPEL,ZAFIRA,1,4,500,0.658,0.0309
OPEL,ZAFIRA,1,5+6,257,0.7471,0.0141
OPEL,ZAFIRA,2,1,3734,0.8706,0.1016
OPEL,ZAFIRA,2,2,28589,0.765,0.3931
OPEL,ZAFIRA,2,3,31257,0.6858,0.3338
OPEL,ZAFIRA,2,4,11454,0.6451,0.1191
OPEL,ZAFIRA,2,5,3268,0.6591,0.034
OPEL,ZAFIRA,2,6,2223,0.6662,0.0184
OPEL,ZAFIRA,3,1,2027,0.852,0.043
OPEL,ZAFIRA,3,2,20021,0.7366,0.2303
OPEL,ZAFIRA,3,3,49325,0.6455,0.3501
OPEL,ZAFIRA,3,4,38402,0.586,0.2352
OPEL,ZAFIRA,3,5,13504,0.5565,0.0952
OPEL,ZAFIRA,3,6,5607,0.5639,0.0461
OPEL,ZAFIRA,4,1,358,0.7905,0.0233
OPEL,ZAFIRA,4,2,5461,0.69,0.1403
OPEL,ZAFIRA,4,3,24966,0.5862,0.285
OPEL,ZAFIRA,4,4,37769,0.5191,0.288
OPEL,ZAFIRA,4,5,19556,0.4916,0.1661
OPEL,ZAFIRA,4,6,6710,0.4855,0.0973
PEUGEOT,107,2,1,944,0.8464,0.1016
PEUGEOT,107,2,2,1650,0.7709,0.3931
PEUGEOT,107,2,3,836,0.6926,0.3338
PEUGEOT,107,2,4+5+6,189,0.6085,0.1715
PEUGEOT,107,3,1,9371,0.8214,0.043
PEUGEOT,107,3,2,32060,0.7342,0.2303
PEUGEOT,107,3,3,26486,0.6342,0.3501
PEUGEOT,107,3,4,7988,0.577,0.2352
PEUGEOT,107,3,5,1509,0.5249,0.0952
PEUGEOT,107,3,6,318,0.5314,0.0461
PEUGEOT,107,4,1,6058,0.7734,0.0233
PEUGEOT,107,4,2,27603,0.6746,0.1403
PEUGEOT,107,4,3,39344,0.5689,0.285
PEUGEOT,107,4,4,22578,0.5093,0.288
PEUGEOT,107,4,5,5948,0.4755,0.1661
PEUGEOT,107,4,6,1310,0.442,0.0973
PEUGEOT,108,1,1,23154,0.8802,0.2988
PEUGEOT,108,1,2,12714,0.8276,0.5099
PEUGEOT,108,1,3,1463,0.7204,0.1462
PEUGEOT,108,1,4+5+6,181,0.7293,0.045
PEUGEOT,108,2,1,22987,0.8735,0.1016
PEUGEOT,108,2,2,47008,0.8053,0.3931
PEUGEOT,108,2,3,15847,0.7115,0.3338
PEUGEOT,108,2,4,2316,0.6464,0.1191
PEUGEOT,108,2,5+6,343,0.5685,0.0524
PEUGEOT,108,3,1,2492,0.8495,0.043
PEUGEOT,108,3,2,8119,0.7811,0.2303
PEUGEOT,108,3,3,4941,0.677,0.3501
PEUGEOT,108,3,4,932,0.6255,0.2352
PEUGEOT,108,3,5+6,165,0.5697,0.1414
PEUGEOT,2008,1,1,29696,0.8753,0.2988
PEUGEOT,2008,1,2,46436,0.7723,0.5099
PEUGEOT,2008,1,3,8297,0.6884,0.1462
PEUGEOT,2008,1,4+5+6,780,0.6282,0.045
PEUGEOT,2008,2,1,8513,0.8446,0.1016
PEUGEOT,2008,2,2,45605,0.7063,0.3931
PEUGEOT,2008,2,3,35657,0.6148,0.3338
PEUGEOT,2008,2,4,8985,0.5654,0.1191
PEUGEOT,2008,2,5,1422,0.5619,0.034
PEUGEOT,2008,2,6,247,0.5263,0.0184
PEUGEOT,2008,3,1,1002,0.8363,0.043
PEUGEOT,2008,3,2,8774,0.6845,0.2303
PEUGEOT,2008,3,3,15527,0.5838,0.3501
PEUGEOT,2008,3,4,8195,0.5298,0.2352
PEUGEOT,2008,3,5,2035,0.516,0.0952
PEUGEOT,2008,3,6,401,0.4963,0.0461
PEUGEOT,206 +,4,1,278,0.8273,0.0233
PEUGEOT,206 +,4,2,1202,0.6131,0.1403
PEUGEOT,206 +,4,3,1541,0.5023,0.285
PEUGEOT,206 +,4,4,798,0.4549,0.288
PEUGEOT,206 +,4,5+6,359,0.429,0.2634
PEUGEOT,207,2,1,126,0.7937,0.1016
PEUGEOT,207,2,2,284,0.6866,0.3931
PEUGEOT,207,2,3+4+5,136,0.5809,0.4869
PEUGEOT,207,3,1,2037,0.7977,0.043
PEUGEOT,207,3,2,10478,0.62,0.2303
PEUGEOT,207,3,3,14291,0.5074,0.3501
PEUGEOT,207,3,4,7709,0.4558,0.2352
PEUGEOT,207,3,5,2355,0.4399,0.0952
PEUGEOT,207,3,6,683,0.4539,0.0461
PEUGEOT,207,4,1,4889,0.7357,0.0233
PEUGEOT,207,4,2,34773,0.5852,0.1403
PEUGEOT,207,4,3,63313,0.4838,0.285
PEUGEOT,207,4,4,43881,0.4411,0.288
PEUGEOT,207,4,5,17043,0.4322,0.1661
PEUGEOT,207,4,6,6022,0.4294,0.0973
PEUGEOT,208,1,1,39269,0.8461,0.2988
PEUGEOT,208,1,2,42234,0.7444,0.5099
PEUGEOT,208,1,3,7514,0.6711,0.1462
PEUGEOT,208,1,4,909,0.637,0.0309
PEUGEOT,208,1,5+6,193,0.6528,0.0141
PEUGEOT,208,2,1,18742,0.8524,0.1016
PEUGEOT,208,2,2,67246,0.7285,0.3931
PEUGEOT,208,2,3,41677,0.6279,0.3338
PEUGEOT,208,2,4,9246,0.5742,0.1191
PEUGEOT,208,2,5,1664,0.5715,0.034
PEUGEOT,208,2,6,371,0.5714,0.0184
PEUGEOT,208,3,1,6796,0.843,0.043
PEUGEOT,208,3,2,43256,0.688,0.2303
PEUGEOT,208,3,3,59243,0.5724,0.3501
PEUGEOT,208,3,4,24291,0.527,0.2352
PEUGEOT,208,3,5,5406,0.5109,0.0952
PEUGEOT,208,3,6,1292,0.4985,0.0461
PEUGEOT,208,4,1+2,753,0.7012,0.1636
PEUGEOT,208,4,3,1428,0.577,0.285
PEUGEOT,208,4,4,925,0.5222,0.288
PEUGEOT,208,4,5+6,345,0.4783,0.2634
PEUGEOT,3008,1,1,20499,0.8903,0.2988
PEUGEOT,3008,1,2,56702,0.8198,0.5099
PEUGEOT,3008,1,3,16743,0.7594,0.1462
PEUGEOT,3008,1,4,2505,0.725,0.0309
PEUGEOT,3008,1,5+6,490,0.7224,0.0141
PEUGEOT,3008,2,1,3459,0.8401,0.1016
PEUGEOT,3008,2,2,25460,0.7337,0.3931
PEUGEOT,3008,2,3,22518,0.6632,0.3338
PEUGEOT,3008,2,4,6150,0.6185,0.1191
PEUGEOT,3008,2,5,1090,0.6119,0.034
PEUGEOT,3008,2,6,263,0.6616,0.0184
PEUGEOT,3008,3,1,592,0.7483,0.043
PEUGEOT,3008,3,2,9045,0.6624,0.2303
PEUGEOT,3008,3,3,22821,0.5526,0.3501
PEUGEOT,3008,3,4,17270,0.4959,0.2352
PEUGEOT,3008,3,5,5379,0.4791,0.0952
PEUGEOT,3008,3,6,1476,0.4837,0.0461
PEUGEOT,3008,4,1,113,0.6991,0.0233
PEUGEOT,3008,4,2,2233,0.6149,0.1403
PEUGEOT,3008,4,3,9450,0.5268,0.285
PEUGEOT,3008,4,4,13524,0.4827,0.288
PEUGEOT,3008,4,5,6280,0.4562,0.1661
PEUGEOT,3008,4,6,1900,0.4563,0.0973
PEUGEOT,308,1,1,8269,0.8921,0.2988
PEUGEOT,308,1,2,20120,0.8046,0.5099
PEUGEOT,308,1,3,7327,0.7423,0.1462
PEUGEOT,308,1,4,2222,0.7241,0.0309
PEUGEOT,308,1,5,663,0.6893,0.0089
PEUGEOT,308,1,6,230,0.6087,0.0052
PEUGEOT,308,2,1,3524,0.8539,0.1016
PEUGEOT,308,2,2,23060,0.7526,0.3931
PEUGEOT,308,2,3,28216,0.6712,0.3338
PEUGEOT,308,2,4,12941,0.6369,0.1191
PEUGEOT,308,2,5,4225,0.6355,0.034
PEUGEOT,308,2,6,1685,0.632,0.0184
PEUGEOT,308,3,1,1267,0.7964,0.043
PEUGEOT,308,3,2,10785,0.6761,0.2303
PEUGEOT,308,3,3,22310,0.5964,0.3501
PEUGEOT,308,3,4,18038,0.5533,0.2352
PEUGEOT,308,3,5,7288,0.5329,0.0952
PEUGEOT,308,3,6,3041,0.5021,0.0461
PEUGEOT,308,4,1,818,0.7421,0.0233
PEUGEOT,308,4,2,8498,0.643,0.1403
PEUGEOT,308,4,3,22025,0.5368,0.285
PEUGEOT,308,4,4,21646,0.4937,0.288
PEUGEOT,308,4,5,12174,0.469,0.1661
PEUGEOT,308,4,6,5733,0.4697,0.0973
PEUGEOT,5008,1,1,4696,0.8588,0.2988
PEUGEOT,5008,1,2,16775,0.7951,0.5099
PEUGEOT,5008,1,3,5526,0.7313,0.1462
PEUGEOT,5008,1,4,860,0.736,0.0309
PEUGEOT,5008,1,5+6,153,0.7778,0.0141
PEUGEOT,5008,2,1,251,0.8207,0.1016
PEUGEOT,5008,2,2,3072,0.6543,0.3931
PEUGEOT,5008,2,3,4145,0.6055,0.3338
PEUGEOT,5008,2,4,1716,0.5705,0.1191
PEUGEOT,5008,2,5,510,0.6294,0.034
PEUGEOT,5008,2,6,392,0.5918,0.0184
PEUGEOT,5008,3,1+2,1114,0.6005,0.2733
PEUGEOT,5008,3,3,3712,0.5213,0.3501
PEUGEOT,5008,3,4,4028,0.4814,0.2352
PEUGEOT,5008,3,5,1736,0.4574,0.0952
PEUGEOT,5008,3,6,747,0.4819,0.0461
PEUGEOT,5008,4,1+2,305,0.623,0.1636
PEUGEOT,5008,4,3,1280,0.5344,0.285
PEUGEOT,5008,4,4,2594,0.4661,0.288
PEUGEOT,5008,4,5,1682,0.4608,0.1661
PEUGEOT,5008,4,6,905,0.4641,0.0973
PEUGEOT,508,1,1,1409,0.8644,0.2988
PEUGEOT,508,1,2,4389,0.8132,0.5099
PEUGEOT,508,1,3,1899,0.792,0.1462
PEUGEOT,508,1,4,530,0.7774,0.0309
PEUGEOT,508,1,5+6,193,0.7979,0.0141
PEUGEOT,508,2,1,183,0.847,0.1016
PEUGEOT,508,2,2,1108,0.7915,0.3931
PEUGEOT,508,2,3,1644,0.7366,0.3338
PEUGEOT,508,2,4,1131,0.6861,0.1191
PEUGEOT,508,2,5,573,0.6928,0.034
PEUGEOT,508,2,6,375,0.664,0.0184
PEUGEOT,508,3,1+2,1081,0.7687,0.2733
PEUGEOT,508,3,3,3241,0.6973,0.3501
PEUGEOT,508,3,4,4522,0.649,0.2352
PEUGEOT,508,3,5,3455,0.6124,0.0952
PEUGEOT,508,3,6,2529,0.5888,0.0461
PEUGEOT,508,4,1+2,190,0.8263,0.1636
PEUGEOT,508,4,3,756,0.6786,0.285
PEUGEOT,508,4,4,1376,0.6206,0.288
PEUGEOT,508,4,5,1378,0.6147,0.1661
PEUGEOT,508,4,6,1095,0.6128,0.0973
RENAULT,CLIO,1,1,34259,0.8201,0.2988
RENAULT,CLIO,1,2,48385,0.7303,0.5099
RENAULT,CLIO,1,3,9833,0.6366,0.1462
RENAULT,CLIO,1,4,1439,0.5657,0.0309
RENAULT,CLIO,1,5+6,317,0.5836,0.0141
RENAULT,CLIO,2,1,14162,0.7661,0.1016
RENAULT,CLIO,2,2,61905,0.6258,0.3931
RENAULT,CLIO,2,3,42196,0.5314,0.3338
RENAULT,CLIO,2,4,10569,0.4791,0.1191
RENAULT,CLIO,2,5,2053,0.4618,0.034
RENAULT,CLIO,2,6,606,0.5033,0.0184
RENAULT,CLIO,3,1,4345,0.742,0.043
RENAULT,CLIO,3,2,32685,0.5915,0.2303
RENAULT,CLIO,3,3,51234,0.4982,0.3501
RENAULT,CLIO,3,4,23658,0.4555,0.2352
RENAULT,CLIO,3,5,5789,0.4372,0.0952
RENAULT,CLIO,3,6,1513,0.4594,0.0461
RENAULT,CLIO,4,1,4395,0.6969,0.0233
RENAULT,CLIO,4,2,26515,0.5469,0.1403
RENAULT,CLIO,4,3,52262,0.4588,0.285
RENAULT,CLIO,4,4,39387,0.4254,0.288
RENAULT,CLIO,4,5,13165,0.4149,0.1661
RENAULT,CLIO,4,6,3601,0.4154,0.0973
RENAULT,Captur,1,1,43201,0.8864,0.2988
RENAULT,Captur,1,2,53080,0.8056,0.5099
RENAULT,Captur,1,3,8374,0.716,0.1462
RENAULT,Captur,1,4,758,0.6609,0.0309
RENAULT,Captur,1,5+6,122,0.623,0.0141
RENAULT,Captur,2,1,15438,0.872,0.1016
RENAULT,Captur,2,2,63703,0.7654,0.3931
RENAULT,Captur,2,3,39385,0.6616,0.3338
RENAULT,Captur,2,4,8704,0.584,0.1191
RENAULT,Captur,2,5,1400,0.5421,0.034
RENAULT,Captur,2,6,267,0.5655,0.0184
RENAULT,Captur,3,1,1431,0.8001,0.043
RENAULT,Captur,3,2,13653,0.705,0.2303
RENAULT,Captur,3,3,19947,0.6031,0.3501
RENAULT,Captur,3,4,8374,0.5297,0.2352
RENAULT,Captur,3,5,1931,0.4977,0.0952
RENAULT,Captur,3,6,398,0.5251,0.0461
RENAULT,GRAND SCENIC,1,1,790,0.8291,0.2988
RENAULT,GRAND SCENIC,1,2,2274,0.7036,0.5099
RENAULT,GRAND SCENIC,1,3,671,0.6155,0.1462
RENAULT,GRAND SCENIC,1,4+5+6,204,0.5833,0.045
RENAULT,GRAND SCENIC,2,1,267,0.8015,0.1016
RENAULT,GRAND SCENIC,2,2,2171,0.6665,0.3931
RENAULT,GRAND SCENIC,2,3,2914,0.5837,0.3338
RENAULT,GRAND SCENIC,2,4,1251,0.5659,0.1191
RENAULT,GRAND SCENIC,2,5,349,0.5903,0.034
RENAULT,GRAND SCENIC,2,6,175,0.6057,0.0184
RENAULT,GRAND SCENIC,3,1+2,700,0.6414,0.2733
RENAULT,GRAND SCENIC,3,3,2459,0.5336,0.3501
RENAULT,GRAND SCENIC,3,4,2591,0.4859,0.2352
RENAULT,GRAND SCENIC,3,5,1094,0.458,0.0952
RENAULT,GRAND SCENIC,3,6,378,0.4577,0.0461
RENAULT,GRAND SCENIC,4,1+2,804,0.6281,0.1636
RENAULT,GRAND SCENIC,4,3,3905,0.5096,0.285
RENAULT,GRAND SCENIC,4,4,6681,0.4773,0.288
RENAULT,GRAND SCENIC,4,5,3952,0.4727,0.1661
RENAULT,GRAND SCENIC,4,6,1721,0.4573,0.0973
RENAULT,Kadjar,1,1,15593,0.8514,0.2988
RENAULT,Kadjar,1,2,35421,0.7839,0.5099
RENAULT,Kadjar,1,3,8005,0.7307,0.1462
RENAULT,Kadjar,1,4,801,0.7228,0.0309
RENAULT,Kadjar,1,5+6,140,0.65,0.0141
RENAULT,Kadjar,2,1,3044,0.8459,0.1016
RENAULT,Kadjar,2,2,28436,0.7494,0.3931
RENAULT,Kadjar,2,3,28232,0.6808,0.3338
RENAULT,Kadjar,2,4,7650,0.6212,0.1191
RENAULT,Kadjar,2,5,1271,0.5822,0.034
RENAULT,Kadjar,2,6,296,0.5946,0.0184
RENAULT,MEGANE,1,1,3151,0.8429,0.2988
RENAULT,MEGANE,1,2,6183,0.7669,0.5099
RENAULT,MEGANE,1,3,2346,0.7289,0.1462
RENAULT,MEGANE,1,4,733,0.6685,0.0309
RENAULT,MEGANE,1,5+6,305,0.7148,0.0141
RENAULT,MEGANE,2,1,1827,0.8254,0.1016
RENAULT,MEGANE,2,2,10556,0.7031,0.3931
RENAULT,MEGANE,2,3,11966,0.6111,0.3338
RENAULT,MEGANE,2,4,5422,0.5636,0.1191
RENAULT,MEGANE,2,5,1833,0.5352,0.034
RENAULT,MEGANE,2,6,851,0.5488,0.0184
RENAULT,MEGANE,3,1,801,0.7353,0.043
RENAULT,MEGANE,3,2,6739,0.6103,0.2303
RENAULT,MEGANE,3,3,15390,0.5175,0.3501
RENAULT,MEGANE,3,4,13998,0.4954,0.2352
RENAULT,MEGANE,3,5,6697,0.4814,0.0952
RENAULT,MEGANE,3,6,2909,0.4871,0.0461
RENAULT,MEGANE,4,1,780,0.7397,0.0233
RENAULT,MEGANE,4,2,7006,0.5978,0.1403
RENAULT,MEGANE,4,3,21958,0.5023,0.285
RENAULT,MEGANE,4,4,24964,0.4665,0.288
RENAULT,MEGANE,4,5,13699,0.4565,0.1661
RENAULT,MEGANE,4,6,6433,0.4604,0.0973
RENAULT,MEGANE SPORT TOURER,1,1,3151,0.8429,0.2988
RENAULT,MEGANE SPORT TOURER,1,2,6183,0.7669,0.5099
RENAULT,MEGANE SPORT TOURER,1,3,2346,0.7289,0.1462
RENAULT,MEGANE SPORT TOURER,1,4,733,0.6685,0.0309
RENAULT,MEGANE SPORT TOURER,1,5+6,305,0.7148,0.0141
RENAULT,MEGANE SPORT TOURER,2,1,1827,0.8254,0.1016
RENAULT,MEGANE SPORT TOURER,2,2,10556,0.7031,0.3931
RENAULT,MEGANE SPORT TOURER,2,3,11966,0.6111,0.3338
RENAULT,MEGANE SPORT TOURER,2,4,5422,0.5636,0.1191
RENAULT,MEGANE SPORT TOURER,2,5,1833,0.5352,0.034
RENAULT,MEGANE SPORT TOURER,2,6,851,0.5488,0.0184
RENAULT,MEGANE SPORT TOURER,3,1,801,0.7353,0.043
RENAULT,MEGANE SPORT TOURER,3,2,6739,0.6103,0.2303
RENAULT,MEGANE SPORT TOURER,3,3,15390,0.5175,0.3501
RENAULT,MEGANE SPORT TOURER,3,4,13998,0.4954,0.2352
RENAULT,MEGANE SPORT TOURER,3,5,6697,0.4814,0.0952
RENAULT,MEGANE SPORT TOURER,3,6,2909,0.4871,0.0461
RENAULT,MEGANE SPORT TOURER,4,1,780,0.7397,0.0233
RENAULT,MEGANE SPORT TOURER,4,2,7006,0.5978,0.1403
RENAULT,MEGANE SPORT TOURER,4,3,21958,0.5023,0.285
RENAULT,MEGANE SPORT TOURER,4,4,24964,0.4665,0.288
RENAULT,MEGANE SPORT TOURER,4,5,13699,0.4565,0.1661
RENAULT,MEGANE SPORT TOURER,4,6,6433,0.4604,0.0973
RENAULT,Ny Clio,1,1,34259,0.8201,0.2988
RENAULT,Ny Clio,1,2,48385,0.7303,0.5099
RENAULT,Ny Clio,1,3,9833,0.6366,0.1462
RENAULT,Ny Clio,1,4,1439,0.5657,0.0309
RENAULT,Ny Clio,1,5+6,317,0.5836,0.0141
RENAULT,Ny Clio,2,1,14162,0.7661,0.1016
RENAULT,Ny Clio,2,2,61905,0.6258,0.3931
RENAULT,Ny Clio,2,3,42196,0.5314,0.3338
RENAULT,Ny Clio,2,4,10569,0.4791,0.1191
RENAULT,Ny Clio,2,5,2053,0.4618,0.034
RENAULT,Ny Clio,2,6,606,0.5033,0.0184
RENAULT,Ny Clio,3,1,4345,0.742,0.043
RENAULT,Ny Clio,3,2,32685,0.5915,0.2303
RENAULT,Ny Clio,3,3,51234,0.4982,0.3501
RENAULT,Ny Clio,3,4,23658,0.4555,0.2352
RENAULT,Ny Clio,3,5,5789,0.4372,0.0952
RENAULT,Ny Clio,3,6,1513,0.4594,0.0461
RENAULT,Ny Clio,4,1,4395,0.6969,0.0233
RENAULT,Ny Clio,4,2,26515,0.5469,0.1403
RENAULT,Ny Clio,4,3,52262,0.4588,0.285
RENAULT,Ny Clio,4,4,39387,0.4254,0.288
RENAULT,Ny Clio,4,5,13165,0.4149,0.1661
RENAULT,Ny Clio,4,6,3601,0.4154,0.0973
RENAULT,SCENIC,1,1,733,0.8759,0.2988
RENAULT,SCENIC,1,2,1207,0.7887,0.5099
RENAULT,SCENIC,1,3+4+5+6,271,0.6863,0.1912
RENAULT,SCENIC,2,1,942,0.8142,0.1016
RENAULT,SCENIC,2,2,4567,0.7195,0.3931
RENAULT,SCENIC,2,3,3690,0.6122,0.3338
RENAULT,SCENIC,2,4,1118,0.5501,0.1191
RENAULT,SCENIC,2,5+6,303,0.5545,0.0524
RENAULT,SCENIC,3,1,423,0.7329,0.043
RENAULT,SCENIC,3,2,3907,0.6376,0.2303
RENAULT,SCENIC,3,3,7356,0.55,0.3501
RENAULT,SCENIC,3,4,4306,0.5195,0.2352
RENAULT,SCENIC,3,5,1285,0.5206,0.0952
RENAULT,SCENIC,3,6,315,0.4476,0.0461
RENAULT,SCENIC,4,1,234,0.7436,0.0233
RENAULT,SCENIC,4,2,3029,0.6296,0.1403
RENAULT,SCENIC,4,3,8755,0.53,0.285
RENAULT,SCENIC,4,4,8737,0.4878,0.288
RENAULT,SCENIC,4,5,3893,0.4806,0.1661
RENAULT,SCENIC,4,6,1296,0.4483,0.0973
RENAULT,TWINGO,1,1,1626,0.8629,0.2988
RENAULT,TWINGO,1,2,833,0.7683,0.5099
RENAULT,TWINGO,1,3+4+5+6,106,0.6698,0.1912
RENAULT,TWINGO,2,1,4727,0.8242,0.1016
RENAULT,TWINGO,2,2,9109,0.6759,0.3931
RENAULT,TWINGO,2,3,2888,0.5682,0.3338
RENAULT,TWINGO,2,4+5+6,342,0.538,0.1715
RENAULT,TWINGO,3,1,1010,0.7812,0.043
RENAULT,TWINGO,3,2,3598,0.6248,0.2303
RENAULT,TWINGO,3,3,2821,0.5292,0.3501
RENAULT,TWINGO,3,4,750,0.46,0.2352
RENAULT,TWINGO,3,5+6,133,0.406,0.1414
RENAULT,TWINGO,4,1,1055,0.7668,0.0233
RENAULT,TWINGO,4,2,4862,0.6125,0.1403
RENAULT,TWINGO,4,3,7530,0.5031,0.285
RENAULT,TWINGO,4,4,4121,0.4676,0.288
RENAULT,TWINGO,4,5,1000,0.443,0.1661
RENAULT,TWINGO,4,6,156,0.4167,0.0973
SEAT,Arona,1,1,25024,0.8827,0.2988
SEAT,Arona,1,2,36276,0.8078,0.5099
SEAT,Arona,1,3,5673,0.7657,0.1462
SEAT,Arona,1,4+5+6,623,0.6982,0.045
SEAT,Arona,2,1,547,0.8227,0.1016
SEAT,Arona,2,2,2646,0.743,0.3931
SEAT,Arona,2,3,1059,0.7054,0.3338
SEAT,Arona,2,4+5+6,142,0.6338,0.1715
SEAT,Ateca,1,1,10910,0.9261,0.2988
SEAT,Ateca,1,2,33499,0.8761,0.5099
SEAT,Ateca,1,3,8801,0.8456,0.1462
SEAT,Ateca,1,4,1153,0.8291,0.0309
SEAT,Ateca,1,5+6,226,0.823,0.0141
SEAT,Ateca,2,1,899,0.9232,0.1016
SEAT,Ateca,2,2,8577,0.8707,0.3931
SEAT,Ateca,2,3,8441,0.8511,0.3338
SEAT,Ateca,2,4,2032,0.8204,0.1191
SEAT,Ateca,2,5+6,360,0.7944,0.0524
SEAT,IBIZA,1,1,19950,0.8692,0.2988
SEAT,IBIZA,1,2,39394,0.7845,0.5099
SEAT,IBIZA,1,3,8529,0.7092,0.1462
SEAT,IBIZA,1,4,926,0.6803,0.0309
SEAT,IBIZA,1,5+6,205,0.722,0.0141
SEAT,IBIZA,2,1,7695,0.8172,0.1016
SEAT,IBIZA,2,2,45074,0.7091,0.3931
SEAT,IBIZA,2,3,38695,0.6278,0.3338
SEAT,IBIZA,2,4,9139,0.5652,0.1191
SEAT,IBIZA,2,5,1380,0.5572,0.034
SEAT,IBIZA,2,6,256,0.5938,0.0184
SEAT,IBIZA,3,1,2483,0.8284,0.043
SEAT,IBIZA,3,2,20051,0.6993,0.2303
SEAT,IBIZA,3,3,40821,0.5944,0.3501
SEAT,IBIZA,3,4,24905,0.5473,0.2352
SEAT,IBIZA,3,5,6580,0.5152,0.0952
SEAT,IBIZA,3,6,1427,0.5046,0.0461
SEAT,IBIZA,4,1,860,0.8093,0.0233
SEAT,IBIZA,4,2,7457,0.6725,0.1403
SEAT,IBIZA,4,3,22566,0.5597,0.285
SEAT,IBIZA,4,4,26037,0.5135,0.288
SEAT,IBIZA,4,5,11215,0.5038,0.1661
SEAT,IBIZA,4,6,3164,0.5149,0.0973
SEAT,Ibiza GP2,1,1,19950,0.8692,0.2988
SEAT,Ibiza GP2,1,2,39394,0.7845,0.5099
SEAT,Ibiza GP2,1,3,8529,0.7092,0.1462
SEAT,Ibiza GP2,1,4,926,0.6803,0.0309
SEAT,Ibiza GP2,1,5+6,205,0.722,0.0141
SEAT,Ibiza GP2,2,1,7695,0.8172,0.1016
SEAT,Ibiza GP2,2,2,45074,0.7091,0.3931
SEAT,Ibiza GP2,2,3,38695,0.6278,0.3338
SEAT,Ibiza GP2,2,4,9139,0.5652,0.1191
SEAT,Ibiza GP2,2,5,1380,0.5572,0.034
SEAT,Ibiza GP2,2,6,256,0.5938,0.0184
SEAT,Ibiza GP2,3,1,2483,0.8284,0.043
SEAT,Ibiza GP2,3,2,20051,0.6993,0.2303
SEAT,Ibiza GP2,3,3,40821,0.5944,0.3501
SEAT,Ibiza GP2,3,4,24905,0.5473,0.2352
SEAT,Ibiza GP2,3,5,6580,0.5152,0.0952
SEAT,Ibiza GP2,3,6,1427,0.5046,0.0461
SEAT,Ibiza GP2,4,1,860,0.8093,0.0233
SEAT,Ibiza GP2,4,2,7457,0.6725,0.1403
SEAT,Ibiza GP2,4,3,22566,0.5597,0.285
SEAT,Ibiza GP2,4,4,26037,0.5135,0.288
SEAT,Ibiza GP2,4,5,11215,0.5038,0.1661
SEAT,Ibiza GP2,4,6,3164,0.5149,0.0973
SEAT,LEON,1,1,17917,0.8799,0.2988
SEAT,LEON,1,2,60588,0.8111,0.5099
SEAT,LEON,1,3,20106,0.7686,0.1462
SEAT,LEON,1,4,3751,0.7409,0.0309
SEAT,LEON,1,5,1000,0.741,0.0089
SEAT,LEON,1,6,781,0.749,0.0052
SEAT,LEON,2,1,3255,0.8955,0.1016
SEAT,LEON,2,2,31005,0.8283,0.3931
SEAT,LEON,2,3,42393,0.7848,0.3338
SEAT,LEON,2,4,18203,0.7532,0.1191
SEAT,LEON,2,5,5249,0.7377,0.034
SEAT,LEON,2,6,1940,0.7392,0.0184
SEAT,LEON,3,1,690,0.9029,0.043
SEAT,LEON,3,2,7362,0.832,0.2303
SEAT,LEON,3,3,23271,0.755,0.3501
SEAT,LEON,3,4,24821,0.7023,0.2352
SEAT,LEON,3,5,11895,0.6803,0.0952
SEAT,LEON,3,6,4690,0.6778,0.0461
SEAT,LEON,4,1,154,0.8377,0.0233
SEAT,LEON,4,2,1653,0.7096,0.1403
SEAT,LEON,4,3,7549,0.6482,0.285
SEAT,LEON,4,4,13787,0.6082,0.288
SEAT,LEON,4,5,11032,0.6024,0.1661
SEAT,LEON,4,6,6275,0.5788,0.0973
SEAT,MII,1,1,3569,0.8927,0.2988
SEAT,MII,1,2,2439,0.8057,0.5099
SEAT,MII,1,3+4+5+6,368,0.6712,0.1912
SEAT,MII,2,1,2844,0.8576,0.1016
SEAT,MII,2,2,6753,0.7768,0.3931
SEAT,MII,2,3,2693,0.6933,0.3338
SEAT,MII,2,4,475,0.5916,0.1191
SEAT,MII,2,5+6,105,0.581,0.0524
SEAT,MII,3,1,1468,0.8597,0.043
SEAT,MII,3,2,6160,0.775,0.2303
SEAT,MII,3,3,5590,0.6889,0.3501
SEAT,MII,3,4,1891,0.6039,0.2352
SEAT,MII,3,5+6,467,0.561,0.1414
SEAT,MII,4,1+2,189,0.8042,0.1636
SEAT,MII,4,3,200,0.675,0.285
SEAT,MII,4,4+5+6,168,0.5476,0.5514
SEAT,TOLEDO,1,1,500,0.85,0.2988
SEAT,TOLEDO,1,2,1222,0.7848,0.5099
SEAT,TOLEDO,1,3,364,0.7363,0.1462
SEAT,TOLEDO,1,4,125,0.728,0.0309
SEAT,TOLEDO,1,5,114,0.7719,0.0089
SEAT,TOLEDO,1,6,187,0.7433,0.0052
SEAT,TOLEDO,2,1,221,0.8054,0.1016
SEAT,TOLEDO,2,2,997,0.7472,0.3931
SEAT,TOLEDO,2,3,926,0.7073,0.3338
SEAT,TOLEDO,2,4,548,0.6843,0.1191
SEAT,TOLEDO,2,5,347,0.6888,0.034
SEAT,TOLEDO,2,6,989,0.639,0.0184
SEAT,TOLEDO,3,1+2,472,0.7648,0.2733
SEAT,TOLEDO,3,3,866,0.6767,0.3501
SEAT,TOLEDO,3,4,780,0.6321,0.2352
SEAT,TOLEDO,3,5,454,0.6233,0.0952
SEAT,TOLEDO,3,6,726,0.584,0.0461
SKODA,CITIGO,1,1,12157,0.9054,0.2988
SKODA,CITIGO,1,2,8676,0.8291,0.5099
SKODA,CITIGO,1,3,1300,0.7215,0.1462
SKODA,CITIGO,1,4+5+6,212,0.6179,0.045
SKODA,CITIGO,2,1,11220,0.8572,0.1016
SKODA,CITIGO,2,2,21773,0.7769,0.3931
SKODA,CITIGO,2,3,8650,0.6887,0.3338
SKODA,CITIGO,2,4,1689,0.5992,0.1191
SKODA,CITIGO,2,5+6,381,0.5118,0.0524
SKODA,CITIGO,3,1,4444,0.8627,0.043
SKODA,CITIGO,3,2,14611,0.8123,0.2303
SKODA,CITIGO,3,3,12199,0.7174,0.3501
SKODA,CITIGO,3,4,4418,0.6573,0.2352
SKODA,CITIGO,3,5,1024,0.6064,0.0952
SKODA,CITIGO,3,6,258,0.5775,0.0461
SKODA,CITIGO,4,1+2,397,0.7884,0.1636
SKODA,CITIGO,4,3,388,0.768,0.285
SKODA,CITIGO,4,4+5+6,294,0.6054,0.5514
SKODA,FABIA,1,1,32338,0.8779,0.2988
SKODA,FABIA,1,2,41289,0.7977,0.5099
SKODA,FABIA,1,3,7888,0.7243,0.1462
SKODA,FABIA,1,4,1030,0.7,0.0309
SKODA,FABIA,1,5+6,255,0.6471,0.0141
SKODA,FABIA,2,1,15499,0.8548,0.1016
SKODA,FABIA,2,2,49255,0.7811,0.3931
SKODA,FABIA,2,3,30954,0.7119,0.3338
SKODA,FABIA,2,4,8246,0.6655,0.1191
SKODA,FABIA,2,5,1624,0.6453,0.034
SKODA,FABIA,2,6,451,0.6519,0.0184
SKODA,FABIA,3,1,6399,0.8665,0.043
SKODA,FABIA,3,2,26957,0.7847,0.2303
SKODA,FABIA,3,3,31640,0.688,0.3501
SKODA,FABIA,3,4,18454,0.62,0.2352
SKODA,FABIA,3,5,6239,0.5858,0.0952
SKODA,FABIA,3,6,2117,0.5631,0.0461
SKODA,FABIA,4,1,3067,0.8063,0.0233
SKODA,FABIA,4,2,17260,0.715,0.1403
SKODA,FABIA,4,3,28719,0.6051,0.285
SKODA,FABIA,4,4,24586,0.5387,0.288
SKODA,FABIA,4,5,11871,0.5038,0.1661
SKODA,FABIA,4,6,5414,0.4758,0.0973
SKODA,FABIA COMBI,1,1,32338,0.8779,0.2988
SKODA,FABIA COMBI,1,2,41289,0.7977,0.5099
SKODA,FABIA COMBI,1,3,7888,0.7243,0.1462
SKODA,FABIA COMBI,1,4,1030,0.7,0.0309
SKODA,FABIA COMBI,1,5+6,255,0.6471,0.0141
SKODA,FABIA COMBI,2,1,15499,0.8548,0.1016
SKODA,FABIA COMBI,2,2,49255,0.7811,0.3931
SKODA,FABIA COMBI,2,3,30954,0.7119,0.3338
SKODA,FABIA COMBI,2,4,8246,0.6655,0.1191
SKODA,FABIA COMBI,2,5,1624,0.6453,0.034
SKODA,FABIA COMBI,2,6,451,0.6519,0.0184
SKODA,FABIA COMBI,3,1,6399,0.8665,0.043
SKODA,FABIA COMBI,3,2,26957,0.7847,0.2303
SKODA,FABIA COMBI,3,3,31640,0.688,0.3501
SKODA,FABIA COMBI,3,4,18454,0.62,0.2352
SKODA,FABIA COMBI,3,5,6239,0.5858,0.0952
SKODA,FABIA COMBI,3,6,2117,0.5631,0.0461
SKODA,FABIA COMBI,4,1,3067,0.8063,0.0233
SKODA,FABIA COMBI,4,2,17260,0.715,0.1403
SKODA,FABIA COMBI,4,3,28719,0.6051,0.285
SKODA,FABIA COMBI,4,4,24586,0.5387,0.288
SKODA,FABIA COMBI,4,5,11871,0.5038,0.1661
SKODA,FABIA COMBI,4,6,5414,0.4758,0.0973
SKODA,KAMIQ,1,1,5728,0.9056,0.2988
SKODA,KAMIQ,1,2,5847,0.8572,0.5099
SKODA,KAMIQ,1,3+4+5,626,0.8482,0.186
SKODA,KAROQ,1,1,18836,0.9223,0.2988
SKODA,KAROQ,1,2,41470,0.8816,0.5099
SKODA,KAROQ,1,3,9735,0.8527,0.1462
SKODA,KAROQ,1,4,1381,0.8306,0.0309
SKODA,KAROQ,1,5+6,301,0.8073,0.0141
SKODA,KAROQ,2,1,340,0.9088,0.1016
SKODA,KAROQ,2,2,1968,0.8714,0.3931
SKODA,KAROQ,2,3,1253,0.8795,0.3338
SKODA,KAROQ,2,4+5+6,261,0.8161,0.1715
SKODA,KODIAQ,1,1,5934,0.9152,0.2988
SKODA,KODIAQ,1,2,26893,0.8725,0.5099
SKODA,KODIAQ,1,3,10710,0.845,0.1462
SKODA,KODIAQ,1,4,1790,0.833,0.0309
SKODA,KODIAQ,1,5,413,0.8087,0.0089
SKODA,KODIAQ,1,6,135,0.8889,0.0052
SKODA,KODIAQ,2,1,305,0.8918,0.1016
SKODA,KODIAQ,2,2,3654,0.8777,0.3931
SKODA,KODIAQ,2,3,4681,0.847,0.3338
SKODA,KODIAQ,2,4,1520,0.8178,0.1191
SKODA,KODIAQ,2,5,343,0.8338,0.034
SKODA,KODIAQ,2,6,111,0.8829,0.0184
SKODA,OCTAVIA,1,1,12861,0.9209,0.2988
SKODA,OCTAVIA,1,2,42482,0.8674,0.5099
SKODA,OCTAVIA,1,3,22102,0.8164,0.1462
SKODA,OCTAVIA,1,4,8664,0.7981,0.0309
SKODA,OCTAVIA,1,5,4672,0.793,0.0089
SKODA,OCTAVIA,1,6,5211,0.773,0.0052
SKODA,OCTAVIA,2,1,2921,0.9233,0.1016
SKODA,OCTAVIA,2,2,23081,0.8681,0.3931
SKODA,OCTAVIA,2,3,35973,0.8127,0.3338
SKODA,OCTAVIA,2,4,22585,0.7727,0.1191
SKODA,OCTAVIA,2,5,10845,0.7499,0.034
SKODA,OCTAVIA,2,6,14636,0.7381,0.0184
SKODA,OCTAVIA,3,1,616,0.8636,0.043
SKODA,OCTAVIA,3,2,6405,0.8219,0.2303
SKODA,OCTAVIA,3,3,17611,0.7552,0.3501
SKODA,OCTAVIA,3,4,21384,0.7075,0.2352
SKODA,OCTAVIA,3,5,13911,0.6762,0.0952
SKODA,OCTAVIA,3,6,14321,0.6614,0.0461
SKODA,OCTAVIA,4,1,423,0.8416,0.0233
SKODA,OCTAVIA,4,2,3366,0.7341,0.1403
SKODA,OCTAVIA,4,3,9979,0.6649,0.285
SKODA,OCTAVIA,4,4,15640,0.6187,0.288
SKODA,OCTAVIA,4,5,14715,0.589,0.1661
SKODA,OCTAVIA,4,6,15969,0.5662,0.0973
SKODA,OCTAVIA COMBI,1,1,12861,0.9209,0.2988
SKODA,OCTAVIA COMBI,1,2,42482,0.8674,0.5099
SKODA,OCTAVIA COMBI,1,3,22102,0.8164,0.1462
SKODA,OCTAVIA COMBI,1,4,8664,0.7981,0.0309
SKODA,OCTAVIA COMBI,1,5,4672,0.793,0.0089
SKODA,OCTAVIA COMBI,1,6,5211,0.773,0.0052
SKODA,OCTAVIA COMBI,2,1,2921,0.9233,0.1016
SKODA,OCTAVIA COMBI,2,2,23081,0.8681,0.3931
SKODA,OCTAVIA COMBI,2,3,35973,0.8127,0.3338
SKODA,OCTAVIA COMBI,2,4,22585,0.7727,0.1191
SKODA,OCTAVIA COMBI,2,5,10845,0.7499,0.034
SKODA,OCTAVIA COMBI,2,6,14636,0.7381,0.0184
SKODA,OCTAVIA COMBI,3,1,616,0.8636,0.043
SKODA,OCTAVIA COMBI,3,2,6405,0.8219,0.2303
SKODA,OCTAVIA COMBI,3,3,17611,0.7552,0.3501
SKODA,OCTAVIA COMBI,3,4,21384,0.7075,0.2352
SKODA,OCTAVIA COMBI,3,5,13911,0.6762,0.0952
SKODA,OCTAVIA COMBI,3,6,14321,0.6614,0.0461
SKODA,OCTAVIA COMBI,4,1,423,0.8416,0.0233
SKODA,OCTAVIA COMBI,4,2,3366,0.7341,0.1403
SKODA,OCTAVIA COMBI,4,3,9979,0.6649,0.285
SKODA,OCTAVIA COMBI,4,4,15640,0.6187,0.288
SKODA,OCTAVIA COMBI,4,5,14715,0.589,0.1661
SKODA,OCTAVIA COMBI,4,6,15969,0.5662,0.0973
SKODA,RAPID,1,1,1118,0.8667,0.2988
SKODA,RAPID,1,2,3671,0.7954,0.5099
SKODA,RAPID,1,3,1380,0.7594,0.1462
SKODA,RAPID,1,4,319,0.7085,0.0309
SKODA,RAPID,1,5,115,0.8087,0.0089
SKODA,RAPID,1,6,212,0.7217,0.0052
SKODA,RAPID,2,1,1343,0.8615,0.1016
SKODA,RAPID,2,2,7405,0.7876,0.3931
SKODA,RAPID,2,3,7823,0.7187,0.3338
SKODA,RAPID,2,4,3084,0.6787,0.1191
SKODA,RAPID,2,5,1147,0.6364,0.034
SKODA,RAPID,2,6,1391,0.6858,0.0184
SKODA,RAPID,3,1,465,0.8366,0.043
SKODA,RAPID,3,2,3043,0.7825,0.2303
SKODA,RAPID,3,3,5166,0.7025,0.3501
SKODA,RAPID,3,4,3457,0.6419,0.2352
SKODA,RAPID,3,5,1346,0.6159,0.0952
SKODA,RAPID,3,6,1234,0.6135,0.0461
SKODA,RAPID SPACEBACK,1,1,1118,0.8667,0.2988
SKODA,RAPID SPACEBACK,1,2,3671,0.7954,0.5099
SKODA,RAPID SPACEBACK,1,3,1380,0.7594,0.1462
SKODA,RAPID SPACEBACK,1,4,319,0.7085,0.0309
SKODA,RAPID SPACEBACK,1,5,115,0.8087,0.0089
SKODA,RAPID SPACEBACK,1,6,212,0.7217,0.0052
SKODA,RAPID SPACEBACK,2,1,1343,0.8615,0.1016
SKODA,RAPID SPACEBACK,2,2,7405,0.7876,0.3931
SKODA,RAPID SPACEBACK,2,3,7823,0.7187,0.3338
SKODA,RAPID SPACEBACK,2,4,3084,0.6787,0.1191
SKODA,RAPID SPACEBACK,2,5,1147,0.6364,0.034
SKODA,RAPID SPACEBACK,2,6,1391,0.6858,0.0184
SKODA,RAPID SPACEBACK,3,1,465,0.8366,0.043
SKODA,RAPID SPACEBACK,3,2,3043,0.7825,0.2303
SKODA,RAPID SPACEBACK,3,3,5166,0.7025,0.3501
SKODA,RAPID SPACEBACK,3,4,3457,0.6419,0.2352
SKODA,RAPID SPACEBACK,3,5,1346,0.6159,0.0952
SKODA,RAPID SPACEBACK,3,6,1234,0.6135,0.0461
SKODA,SCALA,1,1,3126,0.89,0.2988
SKODA,SCALA,1,2,4096,0.8435,0.5099
SKODA,SCALA,1,3+4+5+6,670,0.7866,0.1912
SKODA,SUPERB,1,1,3983,0.9043,0.2988
SKODA,SUPERB,1,2,14904,0.8514,0.5099
SKODA,SUPERB,1,3,10433,0.8085,0.1462
SKODA,SUPERB,1,4,4538,0.8021,0.0309
SKODA,SUPERB,1,5,2249,0.8235,0.0089
SKODA,SUPERB,1,6,2434,0.8094,0.0052
SKODA,SUPERB,2,1,941,0.9065,0.1016
SKODA,SUPERB,2,2,7482,0.8454,0.3931
SKODA,SUPERB,2,3,13162,0.7867,0.3338
SKODA,SUPERB,2,4,9148,0.759,0.1191
SKODA,SUPERB,2,5,4757,0.7709,0.034
SKODA,SUPERB,2,6,6172,0.755,0.0184
SKODA,SUPERB,3,1,206,0.8398,0.043
SKODA,SUPERB,3,2,1759,0.8073,0.2303
SKODA,SUPERB,3,3,4875,0.7177,0.3501
SKODA,SUPERB,3,4,5915,0.6688,0.2352
SKODA,SUPERB,3,5,4402,0.6311,0.0952
SKODA,SUPERB,3,6,5561,0.6413,0.0461
SKODA,SUPERB,4,1+2,500,0.772,0.1636
SKODA,SUPERB,4,3,1444,0.6447,0.285
SKODA,SUPERB,4,4,2557,0.6398,0.288
SKODA,SUPERB,4,5,2754,0.6264,0.1661
SKODA,SUPERB,4,6,3532,0.6039,0.0973
SKODA,SUPERB COMBI,1,1,3983,0.9043,0.2988
SKODA,SUPERB COMBI,1,2,14904,0.8514,0.5099
SKODA,SUPERB COMBI,1,3,10433,0.8085,0.1462
SKODA,SUPERB COMBI,1,4,4538,0.8021,0.0309
SKODA,SUPERB COMBI,1,5,2249,0.8235,0.0089
SKODA,SUPERB COMBI,1,6,2434,0.8094,0.0052
SKODA,SUPERB COMBI,2,1,941,0.9065,0.1016
SKODA,SUPERB COMBI,2,2,7482,0.8454,0.3931
SKODA,SUPERB COMBI,2,3,13162,0.7867,0.3338
SKODA,SUPERB COMBI,2,4,9148,0.759,0.1191
SKODA,SUPERB COMBI,2,5,4757,0.7709,0.034
SKODA,SUPERB COMBI,2,6,6172,0.755,0.0184
SKODA,SUPERB COMBI,3,1,206,0.8398,0.043
SKODA,SUPERB COMBI,3,2,1759,0.8073,0.2303
SKODA,SUPERB COMBI,3,3,4875,0.7177,0.3501
SKODA,SUPERB COMBI,3,4,5915,0.6688,0.2352
SKODA,SUPERB COMBI,3,5,4402,0.6311,0.0952
SKODA,SUPERB COMBI,3,6,5561,0.6413,0.0461
SKODA,SUPERB COMBI,4,1+2,500,0.772,0.1636
SKODA,SUPERB COMBI,4,3,1444,0.6447,0.285
SKODA,SUPERB COMBI,4,4,2557,0.6398,0.288
SKODA,SUPERB COMBI,4,5,2754,0.6264,0.1661
SKODA,SUPERB COMBI,4,6,3532,0.6039,0.0973
SUZUKI,ALTO,2,1,2687,0.8333,0.1016
SUZUKI,ALTO,2,2,4637,0.7192,0.3931
SUZUKI,ALTO,2,3,2097,0.6047,0.3338
SUZUKI,ALTO,2,4+5+6,561,0.5526,0.1715
SUZUKI,ALTO,3,1,8306,0.7997,0.043
SUZUKI,ALTO,3,2,22038,0.7056,0.2303
SUZUKI,ALTO,3,3,15025,0.604,0.3501
SUZUKI,ALTO,3,4,4586,0.5443,0.2352
SUZUKI,ALTO,3,5,847,0.5148,0.0952
SUZUKI,ALTO,3,6,185,0.5189,0.0461
SUZUKI,ALTO,4,1,2429,0.7851,0.0233
SUZUKI,ALTO,4,2,8764,0.6777,0.1403
SUZUKI,ALTO,4,3,10017,0.5796,0.285
SUZUKI,ALTO,4,4,4572,0.5149,0.288
SUZUKI,ALTO,4,5,1006,0.5199,0.1661
SUZUKI,ALTO,4,6,184,0.5761,0.0973
SUZUKI,BALENO,1,1,2157,0.8312,0.2988
SUZUKI,BALENO,1,2,2892,0.7441,0.5099
SUZUKI,BALENO,1,3+4+5+6,738,0.6721,0.1912
SUZUKI,BALENO,2,1,1216,0.8215,0.1016
SUZUKI,BALENO,2,2,3752,0.7377,0.3931
SUZUKI,BALENO,2,3,2005,0.6559,0.3338
SUZUKI,BALENO,2,4+5+6,475,0.6063,0.1715
SUZUKI,Celerio,1,1,8590,0.8999,0.2988
SUZUKI,Celerio,1,2,5125,0.8435,0.5099
SUZUKI,Celerio,1,3,867,0.7958,0.1462
SUZUKI,Celerio,1,4+5+6,183,0.7705,0.045
SUZUKI,Celerio,2,1,12486,0.887,0.1016
SUZUKI,Celerio,2,2,17107,0.8228,0.3931
SUZUKI,Celerio,2,3,5976,0.761,0.3338
SUZUKI,Celerio,2,4,1339,0.7005,0.1191
SUZUKI,Celerio,2,5+6,358,0.676,0.0524
SUZUKI,Celerio,3,1,563,0.8313,0.043
SUZUKI,Celerio,3,2,1170,0.7855,0.2303
SUZUKI,Celerio,3,3,669,0.7429,0.3501
SUZUKI,Celerio,3,4+5+6,276,0.6775,0.3766
SUZUKI,IGNIS,1,1,15377,0.8881,0.2988
SUZUKI,IGNIS,1,2,9416,0.8241,0.5099
SUZUKI,IGNIS,1,3,1186,0.7732,0.1462
SUZUKI,IGNIS,1,4+5+6,136,0.6765,0.045
SUZUKI,IGNIS,2,1,3917,0.8486,0.1016
SUZUKI,IGNIS,2,2,5667,0.7757,0.3931
SUZUKI,IGNIS,2,3,1448,0.712,0.3338
SUZUKI,IGNIS,2,4+5+6,240,0.6542,0.1715
SUZUKI,IGNIS,4,1+2,154,0.6948,0.1636
SUZUKI,IGNIS,4,3,232,0.5862,0.285
SUZUKI,IGNIS,4,4+5+6,190,0.4789,0.5514
SUZUKI,SPLASH,2,1,553,0.8318,0.1016
SUZUKI,SPLASH,2,2,874,0.7197,0.3931
SUZUKI,SPLASH,2,3+4+5+6,420,0.5952,0.5053
SUZUKI,SPLASH,3,1,3024,0.8237,0.043
SUZUKI,SPLASH,3,2,8232,0.6962,0.2303
SUZUKI,SPLASH,3,3,4846,0.5755,0.3501
SUZUKI,SPLASH,3,4,1531,0.5212,0.2352
SUZUKI,SPLASH,3,5+6,354,0.4548,0.1414
SUZUKI,SPLASH,4,1,1059,0.7214,0.0233
SUZUKI,SPLASH,4,2,4915,0.6114,0.1403
SUZUKI,SPLASH,4,3,5071,0.5184,0.285
SUZUKI,SPLASH,4,4,2233,0.4657,0.288
SUZUKI,SPLASH,4,5,582,0.4605,0.1661
SUZUKI,SPLASH,4,6,130,0.4692,0.0973
SUZUKI,SWIFT,1,1,24648,0.8909,0.2988
SUZUKI,SWIFT,1,2,26130,0.8505,0.5099
SUZUKI,SWIFT,1,3,4534,0.7984,0.1462
SUZUKI,SWIFT,1,4,517,0.7582,0.0309
SUZUKI,SWIFT,1,5+6,106,0.7358,0.0141
SUZUKI,SWIFT,2,1,9769,0.8789,0.1016
SUZUKI,SWIFT,2,2,29848,0.7987,0.3931
SUZUKI,SWIFT,2,3,16279,0.7038,0.3338
SUZUKI,SWIFT,2,4,3721,0.6289,0.1191
SUZUKI,SWIFT,2,5,585,0.5829,0.034
SUZUKI,SWIFT,2,6,160,0.5875,0.0184
SUZUKI,SWIFT,3,1,3595,0.8542,0.043
SUZUKI,SWIFT,3,2,17410,0.7639,0.2303
SUZUKI,SWIFT,3,3,21084,0.6549,0.3501
SUZUKI,SWIFT,3,4,9652,0.5911,0.2352
SUZUKI,SWIFT,3,5,2218,0.5627,0.0952
SUZUKI,SWIFT,3,6,567,0.5591,0.0461
SUZUKI,SWIFT,4,1,1523,0.7682,0.0233
SUZUKI,SWIFT,4,2,9487,0.6643,0.1403
SUZUKI,SWIFT,4,3,19083,0.5602,0.285
SUZUKI,SWIFT,4,4,15811,0.5017,0.288
SUZUKI,SWIFT,4,5,5324,0.4722,0.1661
SUZUKI,SWIFT,4,6,1085,0.4535,0.0973
SUZUKI,SX4,1,1,4483,0.9088,0.2988
SUZUKI,SX4,1,2,6338,0.8574,0.5099
SUZUKI,SX4,1,3,1168,0.7945,0.1462
SUZUKI,SX4,1,4+5+6,163,0.7055,0.045
SUZUKI,SX4,2,1,2118,0.8928,0.1016
SUZUKI,SX4,2,2,9580,0.8408,0.3931
SUZUKI,SX4,2,3,7178,0.7577,0.3338
SUZUKI,SX4,2,4,2066,0.6849,0.1191
SUZUKI,SX4,2,5+6,464,0.5776,0.0524
SUZUKI,SX4,3,1,1043,0.8025,0.043
SUZUKI,SX4,3,2,6654,0.7433,0.2303
SUZUKI,SX4,3,3,8621,0.6546,0.3501
SUZUKI,SX4,3,4,4223,0.5937,0.2352
SUZUKI,SX4,3,5,1057,0.5449,0.0952
SUZUKI,SX4,3,6,266,0.5226,0.0461
SUZUKI,SX4,4,1,335,0.797,0.0233
SUZUKI,SX4,4,2,2873,0.6429,0.1403
SUZUKI,SX4,4,3,6050,0.563,0.285
SUZUKI,SX4,4,4,4853,0.4999,0.288
SUZUKI,SX4,4,5,1733,0.4524,0.1661
SUZUKI,SX4,4,6,420,0.4476,0.0973
SUZUKI,SX4 COMBIBACK,1,1,4483,0.9088,0.2988
SUZUKI,SX4 COMBIBACK,1,2,6338,0.8574,0.5099
SUZUKI,SX4 COMBIBACK,1,3,1168,0.7945,0.1462
SUZUKI,SX4 COMBIBACK,1,4+5+6,163,0.7055,0.045
SUZUKI,SX4 COMBIBACK,2,1,2118,0.8928,0.1016
SUZUKI,SX4 COMBIBACK,2,2,9580,0.8408,0.3931
SUZUKI,SX4 COMBIBACK,2,3,7178,0.7577,0.3338
SUZUKI,SX4 COMBIBACK,2,4,2066,0.6849,0.1191
SUZUKI,SX4 COMBIBACK,2,5+6,464,0.5776,0.0524
SUZUKI,SX4 COMBIBACK,3,1,1043,0.8025,0.043
SUZUKI,SX4 COMBIBACK,3,2,6654,0.7433,0.2303
SUZUKI,SX4 COMBIBACK,3,3,8621,0.6546,0.3501
SUZUKI,SX4 COMBIBACK,3,4,4223,0.5937,0.2352
SUZUKI,SX4 COMBIBACK,3,5,1057,0.5449,0.0952
SUZUKI,SX4 COMBIBACK,3,6,266,0.5226,0.0461
SUZUKI,SX4 COMBIBACK,4,1,335,0.797,0.0233
SUZUKI,SX4 COMBIBACK,4,2,2873,0.6429,0.1403
SUZUKI,SX4 COMBIBACK,4,3,6050,0.563,0.285
SUZUKI,SX4 COMBIBACK,4,4,4853,0.4999,0.288
SUZUKI,SX4 COMBIBACK,4,5,1733,0.4524,0.1661
SUZUKI,SX4 COMBIBACK,4,6,420,0.4476,0.0973
SUZUKI,VITARA,1,1,19558,0.9301,0.2988
SUZUKI,VITARA,1,2,33537,0.8611,0.5099
SUZUKI,VITARA,1,3,6985,0.7684,0.1462
SUZUKI,VITARA,1,4,693,0.7013,0.0309
SUZUKI,VITARA,1,5+6,102,0.6863,0.0141
SUZUKI,VITARA,2,1,4780,0.9165,0.1016
SUZUKI,VITARA,2,2,23826,0.8434,0.3931
SUZUKI,VITARA,2,3,17190,0.7589,0.3338
SUZUKI,VITARA,2,4,4484,0.6853,0.1191
SUZUKI,VITARA,2,5,685,0.6219,0.034
SUZUKI,VITARA,2,6,163,0.6074,0.0184
SUZUKI,VITARA,3,1+2,612,0.8529,0.2733
SUZUKI,VITARA,3,3,836,0.762,0.3501
SUZUKI,VITARA,3,4,376,0.6915,0.2352
SUZUKI,VITARA,3,5+6,122,0.6721,0.1414
TOYOTA,AURIS,1,1,6144,0.8875,0.2988
TOYOTA,AURIS,1,2,12686,0.8282,0.5099
TOYOTA,AURIS,1,3,5588,0.774,0.1462
TOYOTA,AURIS,1,4,3185,0.7708,0.0309
TOYOTA,AURIS,1,5,2308,0.7608,0.0089
TOYOTA,AURIS,1,6,3186,0.7536,0.0052
TOYOTA,AURIS,2,1,8244,0.8863,0.1016
TOYOTA,AURIS,2,2,30297,0.8293,0.3931
TOYOTA,AURIS,2,3,23225,0.7678,0.3338
TOYOTA,AURIS,2,4,10509,0.7426,0.1191
TOYOTA,AURIS,2,5,6540,0.7587,0.034
TOYOTA,AURIS,2,6,15559,0.7421,0.0184
TOYOTA,AURIS,3,1,2978,0.8778,0.043
TOYOTA,AURIS,3,2,18514,0.8066,0.2303
TOYOTA,AURIS,3,3,24893,0.7337,0.3501
TOYOTA,AURIS,3,4,14090,0.6886,0.2352
TOYOTA,AURIS,3,5,6088,0.6743,0.0952
TOYOTA,AURIS,3,6,9386,0.6993,0.0461
TOYOTA,AURIS,4,1,1615,0.8266,0.0233
TOYOTA,AURIS,4,2,12104,0.7402,0.1403
TOYOTA,AURIS,4,3,25933,0.6465,0.285
TOYOTA,AURIS,4,4,23694,0.5731,0.288
TOYOTA,AURIS,4,5,10900,0.5397,0.1661
TOYOTA,AURIS,4,6,4975,0.5421,0.0973
TOYOTA,AVENSIS,1,1,276,0.9312,0.2988
TOYOTA,AVENSIS,1,2,956,0.8609,0.5099
TOYOTA,AVENSIS,1,3,764,0.8272,0.1462
TOYOTA,AVENSIS,1,4,415,0.8265,0.0309
TOYOTA,AVENSIS,1,5,263,0.7909,0.0089
TOYOTA,AVENSIS,1,6,362,0.7238,0.0052
TOYOTA,AVENSIS,2,1,728,0.9299,0.1016
TOYOTA,AVENSIS,2,2,3804,0.8533,0.3931
TOYOTA,AVENSIS,2,3,5069,0.809,0.3338
TOYOTA,AVENSIS,2,4,3368,0.7631,0.1191
TOYOTA,AVENSIS,2,5,1933,0.7398,0.034
TOYOTA,AVENSIS,2,6,3298,0.6971,0.0184
TOYOTA,AVENSIS,3,1,248,0.8468,0.043
TOYOTA,AVENSIS,3,2,2093,0.8232,0.2303
TOYOTA,AVENSIS,3,3,4582,0.7665,0.3501
TOYOTA,AVENSIS,3,4,5102,0.7056,0.2352
TOYOTA,AVENSIS,3,5,3507,0.6758,0.0952
TOYOTA,AVENSIS,3,6,5524,0.6495,0.0461
TOYOTA,AVENSIS,4,1,238,0.8824,0.0233
TOYOTA,AVENSIS,4,2,2670,0.7936,0.1403
TOYOTA,AVENSIS,4,3,7390,0.6876,0.285
TOYOTA,AVENSIS,4,4,10592,0.628,0.288
TOYOTA,AVENSIS,4,5,8254,0.5969,0.1661
TOYOTA,AVENSIS,4,6,9888,0.5737,0.0973
TOYOTA,AVENSIS STW,1,1,276,0.9312,0.2988
TOYOTA,AVENSIS STW,1,2,956,0.8609,0.5099
TOYOTA,AVENSIS STW,1,3,764,0.8272,0.1462
TOYOTA,AVENSIS STW,1,4,415,0.8265,0.0309
TOYOTA,AVENSIS STW,1,5,263,0.7909,0.0089
TOYOTA,AVENSIS STW,1,6,362,0.7238,0.0052
TOYOTA,AVENSIS STW,2,1,728,0.9299,0.1016
TOYOTA,AVENSIS STW,2,2,3804,0.8533,0.3931
TOYOTA,AVENSIS STW,2,3,5069,0.809,0.3338
TOYOTA,AVENSIS STW,2,4,3368,0.7631,0.1191
TOYOTA,AVENSIS STW,2,5,1933,0.7398,0.034
TOYOTA,AVENSIS STW,2,6,3298,0.6971,0.0184
TOYOTA,AVENSIS STW,3,1,248,0.8468,0.043
TOYOTA,AVENSIS STW,3,2,2093,0.8232,0.2303
TOYOTA,AVENSIS STW,3,3,4582,0.7665,0.3501
TOYOTA,AVENSIS STW,3,4,5102,0.7056,0.2352
TOYOTA,AVENSIS STW,3,5,3507,0.6758,0.0952
TOYOTA,AVENSIS STW,3,6,5524,0.6495,0.0461
TOYOTA,AVENSIS STW,4,1,238,0.8824,0.0233
TOYOTA,AVENSIS STW,4,2,2670,0.7936,0.1403
TOYOTA,AVENSIS STW,4,3,7390,0.6876,0.285
TOYOTA,AVENSIS STW,4,4,10592,0.628,0.288
TOYOTA,AVENSIS STW,4,5,8254,0.5969,0.1661
TOYOTA,AVENSIS STW,4,6,9888,0.5737,0.0973
TOYOTA,AYGO,1,1,69195,0.8899,0.2988
TOYOTA,AYGO,1,2,42914,0.8344,0.5099
TOYOTA,AYGO,1,3,5081,0.7626,0.1462
TOYOTA,AYGO,1,4,581,0.716,0.0309
TOYOTA,AYGO,1,5+6,179,0.581,0.0141
TOYOTA,AYGO,2,1,33551,0.8829,0.1016
TOYOTA,AYGO,2,2,66567,0.8304,0.3931
TOYOTA,AYGO,2,3,24545,0.7551,0.3338
TOYOTA,AYGO,2,4,4290,0.6788,0.1191
TOYOTA,AYGO,2,5,733,0.6426,0.034
TOYOTA,AYGO,2,6,207,0.5507,0.0184
TOYOTA,AYGO,3,1,10294,0.8345,0.043
TOYOTA,AYGO,3,2,40517,0.7516,0.2303
TOYOTA,AYGO,3,3,34421,0.6496,0.3501
TOYOTA,AYGO,3,4,10475,0.5834,0.2352
TOYOTA,AYGO,3,5,2045,0.5521,0.0952
TOYOTA,AYGO,3,6,477,0.5136,0.0461
TOYOTA,AYGO,4,1,5433,0.7605,0.0233
TOYOTA,AYGO,4,2,24846,0.6706,0.1403
TOYOTA,AYGO,4,3,35357,0.5678,0.285
TOYOTA,AYGO,4,4,20578,0.5059,0.288
TOYOTA,AYGO,4,5,5845,0.4775,0.1661
TOYOTA,AYGO,4,6,1451,0.4583,0.0973
TOYOTA,AYGO 3/5-DØRS,1,1,69195,0.8899,0.2988
TOYOTA,AYGO 3/5-DØRS,1,2,42914,0.8344,0.5099
TOYOTA,AYGO 3/5-DØRS,1,3,5081,0.7626,0.1462
TOYOTA,AYGO 3/5-DØRS,1,4,581,0.716,0.0309
TOYOTA,AYGO 3/5-DØRS,1,5+6,179,0.581,0.0141
TOYOTA,AYGO 3/5-DØRS,2,1,33551,0.8829,0.1016
TOYOTA,AYGO 3/5-DØRS,2,2,66567,0.8304,0.3931
TOYOTA,AYGO 3/5-DØRS,2,3,24545,0.7551,0.3338
TOYOTA,AYGO 3/5-DØRS,2,4,4290,0.6788,0.1191
TOYOTA,AYGO 3/5-DØRS,2,5,733,0.6426,0.034
TOYOTA,AYGO 3/5-DØRS,2,6,207,0.5507,0.0184
TOYOTA,AYGO 3/5-DØRS,3,1,10294,0.8345,0.043
TOYOTA,AYGO 3/5-DØRS,3,2,40517,0.7516,0.2303
TOYOTA,AYGO 3/5-DØRS,3,3,34421,0.6496,0.3501
TOYOTA,AYGO 3/5-DØRS,3,4,10475,0.5834,0.2352
TOYOTA,AYGO 3/5-DØRS,3,5,2045,0.5521,0.0952
TOYOTA,AYGO 3/5-DØRS,3,6,477,0.5136,0.0461
TOYOTA,AYGO 3/5-DØRS,4,1,5433,0.7605,0.0233
TOYOTA,AYGO 3/5-DØRS,4,2,24846,0.6706,0.1403
TOYOTA,AYGO 3/5-DØRS,4,3,35357,0.5678,0.285
TOYOTA,AYGO 3/5-DØRS,4,4,20578,0.5059,0.288
TOYOTA,AYGO 3/5-DØRS,4,5,5845,0.4775,0.1661
TOYOTA,AYGO 3/5-DØRS,4,6,1451,0.4583,0.0973
TOYOTA,AYGO 5-DØRS,1,1,69195,0.8899,0.2988
TOYOTA,AYGO 5-DØRS,1,2,42914,0.8344,0.5099
TOYOTA,AYGO 5-DØRS,1,3,5081,0.7626,0.1462
TOYOTA,AYGO 5-DØRS,1,4,581,0.716,0.0309
TOYOTA,AYGO 5-DØRS,1,5+6,179,0.581,0.0141
TOYOTA,AYGO 5-DØRS,2,1,33551,0.8829,0.1016
TOYOTA,AYGO 5-DØRS,2,2,66567,0.8304,0.3931
TOYOTA,AYGO 5-DØRS,2,3,24545,0.7551,0.3338
TOYOTA,AYGO 5-DØRS,2,4,4290,0.6788,0.1191
TOYOTA,AYGO 5-DØRS,2,5,733,0.6426,0.034
TOYOTA,AYGO 5-DØRS,2,6,207,0.5507,0.0184
TOYOTA,AYGO 5-DØRS,3,1,10294,0.8345,0.043
TOYOTA,AYGO 5-DØRS,3,2,40517,0.7516,0.2303
TOYOTA,AYGO 5-DØRS,3,3,34421,0.6496,0.3501
TOYOTA,AYGO 5-DØRS,3,4,10475,0.5834,0.2352
TOYOTA,AYGO 5-DØRS,3,5,2045,0.5521,0.0952
TOYOTA,AYGO 5-DØRS,3,6,477,0.5136,0.0461
TOYOTA,AYGO 5-DØRS,4,1,5433,0.7605,0.0233
TOYOTA,AYGO 5-DØRS,4,2,24846,0.6706,0.1403
TOYOTA,AYGO 5-DØRS,4,3,35357,0.5678,0.285
TOYOTA,AYGO 5-DØRS,4,4,20578,0.5059,0.288
TOYOTA,AYGO 5-DØRS,4,5,5845,0.4775,0.1661
TOYOTA,AYGO 5-DØRS,4,6,1451,0.4583,0.0973
TOYOTA,COROLLA,1,1,15588,0.9111,0.2988
TOYOTA,COROLLA,1,2,24431,0.8906,0.5099
TOYOTA,COROLLA,1,3,10808,0.8869,0.1462
TOYOTA,COROLLA,1,4,5417,0.8848,0.0309
TOYOTA,COROLLA,1,5,3040,0.8635,0.0089
TOYOTA,COROLLA,1,6,3340,0.8503,0.0052
TOYOTA,COROLLA,4,1+2,558,0.7437,0.1636
TOYOTA,COROLLA,4,3,1765,0.6907,0.285
TOYOTA,COROLLA,4,4,3134,0.6133,0.288
TOYOTA,COROLLA,4,5,2454,0.5656,0.1661
TOYOTA,COROLLA,4,6,1646,0.5292,0.0973
TOYOTA,RAV4,1,1,12241,0.9226,0.2988
TOYOTA,RAV4,1,2,29254,0.8865,0.5099
TOYOTA,RAV4,1,3,9157,0.8604,0.1462
TOYOTA,RAV4,1,4,1767,0.8608,0.0309
TOYOTA,RAV4,1,5,411,0.8881,0.0089
TOYOTA,RAV4,1,6,155,0.7742,0.0052
TOYOTA,RAV4,2,1,2383,0.9001,0.1016
TOYOTA,RAV4,2,2,14523,0.8531,0.3931
TOYOTA,RAV4,2,3,15326,0.8104,0.3338
TOYOTA,RAV4,2,4,5392,0.773,0.1191
TOYOTA,RAV4,2,5,1329,0.7555,0.034
TOYOTA,RAV4,2,6,586,0.7645,0.0184
TOYOTA,RAV4,3,1,403,0.9007,0.043
TOYOTA,RAV4,3,2,3580,0.8573,0.2303
TOYOTA,RAV4,3,3,7767,0.7999,0.3501
TOYOTA,RAV4,3,4,6196,0.7432,0.2352
TOYOTA,RAV4,3,5,2337,0.6949,0.0952
TOYOTA,RAV4,3,6,832,0.6683,0.0461
TOYOTA,RAV4,4,1+2,928,0.7953,0.1636
TOYOTA,RAV4,4,3,2704,0.6868,0.285
TOYOTA,RAV4,4,4,3889,0.6225,0.288
TOYOTA,RAV4,4,5,2768,0.5596,0.1661
TOYOTA,RAV4,4,6,1338,0.5456,0.0973
TOYOTA,RAV4 Plug in,1,1,12241,0.9226,0.2988
TOYOTA,RAV4 Plug in,1,2,29254,0.8865,0.5099
TOYOTA,RAV4 Plug in,1,3,9157,0.8604,0.1462
TOYOTA,RAV4 Plug in,1,4,1767,0.8608,0.0309
TOYOTA,RAV4 Plug in,1,5,411,0.8881,0.0089
TOYOTA,RAV4 Plug in,1,6,155,0.7742,0.0052
TOYOTA,RAV4 Plug in,2,1,2383,0.9001,0.1016
TOYOTA,RAV4 Plug in,2,2,14523,0.8531,0.3931
TOYOTA,RAV4 Plug in,2,3,15326,0.8104,0.3338
TOYOTA,RAV4 Plug in,2,4,5392,0.773,0.1191
TOYOTA,RAV4 Plug in,2,5,1329,0.7555,0.034
TOYOTA,RAV4 Plug in,2,6,586,0.7645,0.0184
TOYOTA,RAV4 Plug in,3,1,403,0.9007,0.043
TOYOTA,RAV4 Plug in,3,2,3580,0.8573,0.2303
TOYOTA,RAV4 Plug in,3,3,7767,0.7999,0.3501
TOYOTA,RAV4 Plug in,3,4,6196,0.7432,0.2352
TOYOTA,RAV4 Plug in,3,5,2337,0.6949,0.0952
TOYOTA,RAV4 Plug in,3,6,832,0.6683,0.0461
TOYOTA,RAV4 Plug in,4,1+2,928,0.7953,0.1636
TOYOTA,RAV4 Plug in,4,3,2704,0.6868,0.285
TOYOTA,RAV4 Plug in,4,4,3889,0.6225,0.288
TOYOTA,RAV4 Plug in,4,5,2768,0.5596,0.1661
TOYOTA,RAV4 Plug in,4,6,1338,0.5456,0.0973
TOYOTA,Toyota C-HR,1,1,25557,0.8839,0.2988
TOYOTA,Toyota C-HR,1,2,52923,0.8346,0.5099
TOYOTA,Toyota C-HR,1,3,15812,0.806,0.1462
TOYOTA,Toyota C-HR,1,4,3273,0.8179,0.0309
TOYOTA,Toyota C-HR,1,5,819,0.8303,0.0089
TOYOTA,Toyota C-HR,1,6,359,0.7716,0.0052
TOYOTA,Toyota C-HR,2,1,2491,0.8936,0.1016
TOYOTA,Toyota C-HR,2,2,13330,0.8431,0.3931
TOYOTA,Toyota C-HR,2,3,8722,0.7939,0.3338
TOYOTA,Toyota C-HR,2,4,2125,0.7722,0.1191
TOYOTA,Toyota C-HR,2,5,641,0.7707,0.034
TOYOTA,Toyota C-HR,2,6,360,0.7944,0.0184
TOYOTA,VERSO,1,1,487,0.9014,0.2988
TOYOTA,VERSO,1,2,1338,0.8259,0.5099
TOYOTA,VERSO,1,3,529,0.7807,0.1462
TOYOTA,VERSO,1,4+5+6,250,0.708,0.045
TOYOTA,VERSO,2,1,994,0.8863,0.1016
TOYOTA,VERSO,2,2,6167,0.8208,0.3931
TOYOTA,VERSO,2,3,5827,0.7719,0.3338
TOYOTA,VERSO,2,4,2346,0.7046,0.1191
TOYOTA,VERSO,2,5,904,0.6726,0.034
TOYOTA,VERSO,2,6,1127,0.7019,0.0184
TOYOTA,VERSO,3,1,400,0.8725,0.043
TOYOTA,VERSO,3,2,3112,0.7876,0.2303
TOYOTA,VERSO,3,3,6121,0.7095,0.3501
TOYOTA,VERSO,3,4,4702,0.6563,0.2352
TOYOTA,VERSO,3,5,2043,0.6074,0.0952
TOYOTA,VERSO,3,6,1899,0.6019,0.0461
TOYOTA,VERSO,4,1,196,0.8673,0.0233
TOYOTA,VERSO,4,2,1633,0.7526,0.1403
TOYOTA,VERSO,4,3,4098,0.6613,0.285
TOYOTA,VERSO,4,4,4964,0.6108,0.288
TOYOTA,VERSO,4,5,3166,0.5872,0.1661
TOYOTA,VERSO,4,6,2319,0.5602,0.0973
TOYOTA,YARIS,1,1,78610,0.9008,0.2988
TOYOTA,YARIS,1,2,61573,0.8309,0.5099
TOYOTA,YARIS,1,3,9731,0.7685,0.1462
TOYOTA,YARIS,1,4,1574,0.7497,0.0309
TOYOTA,YARIS,1,5,330,0.7545,0.0089
TOYOTA,YARIS,1,6,145,0.6966,0.0052
TOYOTA,YARIS,2,1,37189,0.8835,0.1016
TOYOTA,YARIS,2,2,82370,0.8155,0.3931
TOYOTA,YARIS,2,3,36061,0.7446,0.3338
TOYOTA,YARIS,2,4,8662,0.7097,0.1191
TOYOTA,YARIS,2,5,2052,0.6979,0.034
TOYOTA,YARIS,2,6,932,0.6588,0.0184
TOYOTA,YARIS,3,1,15221,0.844,0.043
TOYOTA,YARIS,3,2,61848,0.7642,0.2303
TOYOTA,YARIS,3,3,55924,0.677,0.3501
TOYOTA,YARIS,3,4,23091,0.6349,0.2352
TOYOTA,YARIS,3,5,6068,0.605,0.0952
TOYOTA,YARIS,3,6,2185,0.6023,0.0461
TOYOTA,YARIS,4,1,7053,0.8128,0.0233
TOYOTA,YARIS,4,2,37765,0.7201,0.1403
TOYOTA,YARIS,4,3,56933,0.6232,0.285
TOYOTA,YARIS,4,4,39732,0.5653,0.288
TOYOTA,YARIS,4,5,16185,0.5396,0.1661
TOYOTA,YARIS,4,6,6247,0.5219,0.0973
TOYOTA,YARIS 5-DØRS,1,1,78610,0.9008,0.2988
TOYOTA,YARIS 5-DØRS,1,2,61573,0.8309,0.5099
TOYOTA,YARIS 5-DØRS,1,3,9731,0.7685,0.1462
TOYOTA,YARIS 5-DØRS,1,4,1574,0.7497,0.0309
TOYOTA,YARIS 5-DØRS,1,5,330,0.7545,0.0089
TOYOTA,YARIS 5-DØRS,1,6,145,0.6966,0.0052
TOYOTA,YARIS 5-DØRS,2,1,37189,0.8835,0.1016
TOYOTA,YARIS 5-DØRS,2,2,82370,0.8155,0.3931
TOYOTA,YARIS 5-DØRS,2,3,36061,0.7446,0.3338
TOYOTA,YARIS 5-DØRS,2,4,8662,0.7097,0.1191
TOYOTA,YARIS 5-DØRS,2,5,2052,0.6979,0.034
TOYOTA,YARIS 5-DØRS,2,6,932,0.6588,0.0184
TOYOTA,YARIS 5-DØRS,3,1,15221,0.844,0.043
TOYOTA,YARIS 5-DØRS,3,2,61848,0.7642,0.2303
TOYOTA,YARIS 5-DØRS,3,3,55924,0.677,0.3501
TOYOTA,YARIS 5-DØRS,3,4,23091,0.6349,0.2352
TOYOTA,YARIS 5-DØRS,3,5,6068,0.605,0.0952
TOYOTA,YARIS 5-DØRS,3,6,2185,0.6023,0.0461
TOYOTA,YARIS 5-DØRS,4,1,7053,0.8128,0.0233
TOYOTA,YARIS 5-DØRS,4,2,37765,0.7201,0.1403
TOYOTA,YARIS 5-DØRS,4,3,56933,0.6232,0.285
TOYOTA,YARIS 5-DØRS,4,4,39732,0.5653,0.288
TOYOTA,YARIS 5-DØRS,4,5,16185,0.5396,0.1661
TOYOTA,YARIS 5-DØRS,4,6,6247,0.5219,0.0973
VOLKSWAGEN,CADDY,1,1,8151,0.8621,0.2988
VOLKSWAGEN,CADDY,1,2,18767,0.8035,0.5099
VOLKSWAGEN,CADDY,1,3,14987,0.7702,0.1462
VOLKSWAGEN,CADDY,1,4,7889,0.7438,0.0309
VOLKSWAGEN,CADDY,1,5,3286,0.7343,0.0089
VOLKSWAGEN,CADDY,1,6,2025,0.7175,0.0052
VOLKSWAGEN,CADDY,2,1,2599,0.833,0.1016
VOLKSWAGEN,CADDY,2,2,13375,0.7559,0.3931
VOLKSWAGEN,CADDY,2,3,21978,0.7041,0.3338
VOLKSWAGEN,CADDY,2,4,16799,0.6809,0.1191
VOLKSWAGEN,CADDY,2,5,8991,0.6667,0.034
VOLKSWAGEN,CADDY,2,6,6872,0.6573,0.0184
VOLKSWAGEN,CADDY,3,1,716,0.7989,0.043
VOLKSWAGEN,CADDY,3,2,4430,0.7418,0.2303
VOLKSWAGEN,CADDY,3,3,12792,0.6809,0.3501
VOLKSWAGEN,CADDY,3,4,18817,0.6408,0.2352
VOLKSWAGEN,CADDY,3,5,15989,0.6247,0.0952
VOLKSWAGEN,CADDY,3,6,15949,0.624,0.0461
VOLKSWAGEN,CADDY,4,1,276,0.7464,0.0233
VOLKSWAGEN,CADDY,4,2,1727,0.7093,0.1403
VOLKSWAGEN,CADDY,4,3,5609,0.6557,0.285
VOLKSWAGEN,CADDY,4,4,12418,0.6149,0.288
VOLKSWAGEN,CADDY,4,5,16117,0.5865,0.1661
VOLKSWAGEN,CADDY,4,6,25605,0.5913,0.0973
VOLKSWAGEN,CALIFORNIA,1,1,2554,0.9088,0.2988
VOLKSWAGEN,CALIFORNIA,1,2,3236,0.8334,0.5099
VOLKSWAGEN,CALIFORNIA,1,3+4+5,596,0.7735,0.186
VOLKSWAGEN,CALIFORNIA,2,1,834,0.8789,0.1016
VOLKSWAGEN,CALIFORNIA,2,2,2756,0.8153,0.3931
VOLKSWAGEN,CALIFORNIA,2,3,1648,0.7591,0.3338
VOLKSWAGEN,CALIFORNIA,2,4+5+6,420,0.7286,0.1715
VOLKSWAGEN,CALIFORNIA,3,1,208,0.8365,0.043
VOLKSWAGEN,CALIFORNIA,3,2,1332,0.8116,0.2303
VOLKSWAGEN,CALIFORNIA,3,3,1510,0.7563,0.3501
VOLKSWAGEN,CALIFORNIA,3,4,585,0.7111,0.2352
VOLKSWAGEN,CALIFORNIA,3,5+6,182,0.6319,0.1414
VOLKSWAGEN,CALIFORNIA,4,1+2,505,0.7782,0.1636
VOLKSWAGEN,CALIFORNIA,4,3,661,0.7322,0.285
VOLKSWAGEN,CALIFORNIA,4,4,413,0.6659,0.288
VOLKSWAGEN,CALIFORNIA,4,5+6,174,0.6207,0.2634
VOLKSWAGEN,GOLF,1,1,71364,0.9267,0.2988
VOLKSWAGEN,GOLF,1,2,168942,0.881,0.5099
VOLKSWAGEN,GOLF,1,3,57085,0.8268,0.1462
VOLKSWAGEN,GOLF,1,4,10089,0.7978,0.0309
VOLKSWAGEN,GOLF,1,5,1866,0.8071,0.0089
VOLKSWAGEN,GOLF,1,6,570,0.8404,0.0052
VOLKSWAGEN,GOLF,2,1,24294,0.919,0.1016
VOLKSWAGEN,GOLF,2,2,135910,0.8749,0.3931
VOLKSWAGEN,GOLF,2,3,149422,0.8215,0.3338
VOLKSWAGEN,GOLF,2,4,59795,0.7826,0.1191
VOLKSWAGEN,GOLF,2,5,16007,0.7642,0.034
VOLKSWAGEN,GOLF,2,6,5028,0.757,0.0184
VOLKSWAGEN,GOLF,3,1,7454,0.8897,0.043
VOLKSWAGEN,GOLF,3,2,52823,0.835,0.2303
VOLKSWAGEN,GOLF,3,3,107648,0.7649,0.3501
VOLKSWAGEN,GOLF,3,4,97611,0.7118,0.2352
VOLKSWAGEN,GOLF,3,5,47802,0.6831,0.0952
VOLKSWAGEN,GOLF,3,6,21894,0.656,0.0461
VOLKSWAGEN,GOLF,4,1,3259,0.8552,0.0233
VOLKSWAGEN,GOLF,4,2,26051,0.7551,0.1403
VOLKSWAGEN,GOLF,4,3,69755,0.6664,0.285
VOLKSWAGEN,GOLF,4,4,103021,0.6109,0.288
VOLKSWAGEN,GOLF,4,5,84378,0.5861,0.1661
VOLKSWAGEN,GOLF,4,6,59462,0.5668,0.0973
VOLKSWAGEN,GOLF VARIANT,1,1,71364,0.9267,0.2988
VOLKSWAGEN,GOLF VARIANT,1,2,168942,0.881,0.5099
VOLKSWAGEN,GOLF VARIANT,1,3,57085,0.8268,0.1462
VOLKSWAGEN,GOLF VARIANT,1,4,10089,0.7978,0.0309
VOLKSWAGEN,GOLF VARIANT,1,5,1866,0.8071,0.0089
VOLKSWAGEN,GOLF VARIANT,1,6,570,0.8404,0.0052
VOLKSWAGEN,GOLF VARIANT,2,1,24294,0.919,0.1016
VOLKSWAGEN,GOLF VARIANT,2,2,135910,0.8749,0.3931
VOLKSWAGEN,GOLF VARIANT,2,3,149422,0.8215,0.3338
VOLKSWAGEN,GOLF VARIANT,2,4,59795,0.7826,0.1191
VOLKSWAGEN,GOLF VARIANT,2,5,16007,0.7642,0.034
VOLKSWAGEN,GOLF VARIANT,2,6,5028,0.757,0.0184
VOLKSWAGEN,GOLF VARIANT,3,1,7454,0.8897,0.043
VOLKSWAGEN,GOLF VARIANT,3,2,52823,0.835,0.2303
VOLKSWAGEN,GOLF VARIANT,3,3,107648,0.7649,0.3501
VOLKSWAGEN,GOLF VARIANT,3,4,97611,0.7118,0.2352
VOLKSWAGEN,GOLF VARIANT,3,5,47802,0.6831,0.0952
VOLKSWAGEN,GOLF VARIANT,3,6,21894,0.656,0.0461
VOLKSWAGEN,GOLF VARIANT,4,1,3259,0.8552,0.0233
VOLKSWAGEN,GOLF VARIANT,4,2,26051,0.7551,0.1403
VOLKSWAGEN,GOLF VARIANT,4,3,69755,0.6664,0.285
VOLKSWAGEN,GOLF VARIANT,4,4,103021,0.6109,0.288
VOLKSWAGEN,GOLF VARIANT,4,5,84378,0.5861,0.1661
VOLKSWAGEN,GOLF VARIANT,4,6,59462,0.5668,0.0973
VOLKSWAGEN,Golf Sportsvan,1,1,71364,0.9267,0.2988
VOLKSWAGEN,Golf Sportsvan,1,2,168942,0.881,0.5099
VOLKSWAGEN,Golf Sportsvan,1,3,57085,0.8268,0.1462
VOLKSWAGEN,Golf Sportsvan,1,4,10089,0.7978,0.0309
VOLKSWAGEN,Golf Sportsvan,1,5,1866,0.8071,0.0089
VOLKSWAGEN,Golf Sportsvan,1,6,570,0.8404,0.0052
VOLKSWAGEN,Golf Sportsvan,2,1,24294,0.919,0.1016
VOLKSWAGEN,Golf Sportsvan,2,2,135910,0.8749,0.3931
VOLKSWAGEN,Golf Sportsvan,2,3,149422,0.8215,0.3338
VOLKSWAGEN,Golf Sportsvan,2,4,59795,0.7826,0.1191
VOLKSWAGEN,Golf Sportsvan,2,5,16007,0.7642,0.034
VOLKSWAGEN,Golf Sportsvan,2,6,5028,0.757,0.0184
VOLKSWAGEN,Golf Sportsvan,3,1,7454,0.8897,0.043
VOLKSWAGEN,Golf Sportsvan,3,2,52823,0.835,0.2303
VOLKSWAGEN,Golf Sportsvan,3,3,107648,0.7649,0.3501
VOLKSWAGEN,Golf Sportsvan,3,4,97611,0.7118,0.2352
VOLKSWAGEN,Golf Sportsvan,3,5,47802,0.6831,0.0952
VOLKSWAGEN,Golf Sportsvan,3,6,21894,0.656,0.0461
VOLKSWAGEN,Golf Sportsvan,4,1,3259,0.8552,0.0233
VOLKSWAGEN,Golf Sportsvan,4,2,26051,0.7551,0.1403
VOLKSWAGEN,Golf Sportsvan,4,3,69755,0.6664,0.285
VOLKSWAGEN,Golf Sportsvan,4,4,103021,0.6109,0.288
VOLKSWAGEN,Golf Sportsvan,4,5,84378,0.5861,0.1661
VOLKSWAGEN,Golf Sportsvan,4,6,59462,0.5668,0.0973
VOLKSWAGEN,PASSAT,1,1,3583,0.914,0.2988
VOLKSWAGEN,PASSAT,1,2,17464,0.8801,0.5099
VOLKSWAGEN,PASSAT,1,3,15376,0.8469,0.1462
VOLKSWAGEN,PASSAT,1,4,7540,0.8178,0.0309
VOLKSWAGEN,PASSAT,1,5,3108,0.8288,0.0089
VOLKSWAGEN,PASSAT,1,6,2087,0.8414,0.0052
VOLKSWAGEN,PASSAT,2,1,1046,0.9006,0.1016
VOLKSWAGEN,PASSAT,2,2,10915,0.8677,0.3931
VOLKSWAGEN,PASSAT,2,3,25173,0.8004,0.3338
VOLKSWAGEN,PASSAT,2,4,23284,0.7606,0.1191
VOLKSWAGEN,PASSAT,2,5,13661,0.7642,0.034
VOLKSWAGEN,PASSAT,2,6,12824,0.7698,0.0184
VOLKSWAGEN,PASSAT,3,1,410,0.8902,0.043
VOLKSWAGEN,PASSAT,3,2,4062,0.7925,0.2303
VOLKSWAGEN,PASSAT,3,3,13932,0.7337,0.3501
VOLKSWAGEN,PASSAT,3,4,21854,0.6819,0.2352
VOLKSWAGEN,PASSAT,3,5,19574,0.6554,0.0952
VOLKSWAGEN,PASSAT,3,6,21077,0.6454,0.0461
VOLKSWAGEN,PASSAT,4,1,166,0.8554,0.0233
VOLKSWAGEN,PASSAT,4,2,2008,0.7565,0.1403
VOLKSWAGEN,PASSAT,4,3,8094,0.6831,0.285
VOLKSWAGEN,PASSAT,4,4,18938,0.6396,0.288
VOLKSWAGEN,PASSAT,4,5,25229,0.6218,0.1661
VOLKSWAGEN,PASSAT,4,6,34401,0.6066,0.0973
VOLKSWAGEN,PASSAT VARIANT,1,1,3583,0.914,0.2988
VOLKSWAGEN,PASSAT VARIANT,1,2,17464,0.8801,0.5099
VOLKSWAGEN,PASSAT VARIANT,1,3,15376,0.8469,0.1462
VOLKSWAGEN,PASSAT VARIANT,1,4,7540,0.8178,0.0309
VOLKSWAGEN,PASSAT VARIANT,1,5,3108,0.8288,0.0089
VOLKSWAGEN,PASSAT VARIANT,1,6,2087,0.8414,0.0052
VOLKSWAGEN,PASSAT VARIANT,2,1,1046,0.9006,0.1016
VOLKSWAGEN,PASSAT VARIANT,2,2,10915,0.8677,0.3931
VOLKSWAGEN,PASSAT VARIANT,2,3,25173,0.8004,0.3338
VOLKSWAGEN,PASSAT VARIANT,2,4,23284,0.7606,0.1191
VOLKSWAGEN,PASSAT VARIANT,2,5,13661,0.7642,0.034
VOLKSWAGEN,PASSAT VARIANT,2,6,12824,0.7698,0.0184
VOLKSWAGEN,PASSAT VARIANT,3,1,410,0.8902,0.043
VOLKSWAGEN,PASSAT VARIANT,3,2,4062,0.7925,0.2303
VOLKSWAGEN,PASSAT VARIANT,3,3,13932,0.7337,0.3501
VOLKSWAGEN,PASSAT VARIANT,3,4,21854,0.6819,0.2352
VOLKSWAGEN,PASSAT VARIANT,3,5,19574,0.6554,0.0952
VOLKSWAGEN,PASSAT VARIANT,3,6,21077,0.6454,0.0461
VOLKSWAGEN,PASSAT VARIANT,4,1,166,0.8554,0.0233
VOLKSWAGEN,PASSAT VARIANT,4,2,2008,0.7565,0.1403
VOLKSWAGEN,PASSAT VARIANT,4,3,8094,0.6831,0.285
VOLKSWAGEN,PASSAT VARIANT,4,4,18938,0.6396,0.288
VOLKSWAGEN,PASSAT VARIANT,4,5,25229,0.6218,0.1661
VOLKSWAGEN,PASSAT VARIANT,4,6,34401,0.6066,0.0973
VOLKSWAGEN,POLO,1,1,78180,0.8526,0.2988
VOLKSWAGEN,POLO,1,2,112683,0.7803,0.5099
VOLKSWAGEN,POLO,1,3,21241,0.7124,0.1462
VOLKSWAGEN,POLO,1,4,2083,0.6639,0.0309
VOLKSWAGEN,POLO,1,5+6,293,0.7065,0.0141
VOLKSWAGEN,POLO,2,1,39953,0.8566,0.1016
VOLKSWAGEN,POLO,2,2,134557,0.7649,0.3931
VOLKSWAGEN,POLO,2,3,89455,0.685,0.3338
VOLKSWAGEN,POLO,2,4,20340,0.6294,0.1191
VOLKSWAGEN,POLO,2,5,2923,0.6055,0.034
VOLKSWAGEN,POLO,2,6,575,0.593,0.0184
VOLKSWAGEN,POLO,3,1,14631,0.8297,0.043
VOLKSWAGEN,POLO,3,2,70197,0.717,0.2303
VOLKSWAGEN,POLO,3,3,94178,0.6128,0.3501
VOLKSWAGEN,POLO,3,4,48112,0.5531,0.2352
VOLKSWAGEN,POLO,3,5,11252,0.5288,0.0952
VOLKSWAGEN,POLO,3,6,2375,0.5251,0.0461
VOLKSWAGEN,POLO,4,1,8514,0.7973,0.0233
VOLKSWAGEN,POLO,4,2,46172,0.6667,0.1403
VOLKSWAGEN,POLO,4,3,82794,0.5527,0.285
VOLKSWAGEN,POLO,4,4,70138,0.496,0.288
VOLKSWAGEN,POLO,4,5,27633,0.468,0.1661
VOLKSWAGEN,POLO,4,6,7824,0.476,0.0973
VOLKSWAGEN,T-Cross,1,1,12224,0.8994,0.2988
VOLKSWAGEN,T-Cross,1,2,11639,0.8349,0.5099
VOLKSWAGEN,T-Cross,1,3,1189,0.7796,0.1462
VOLKSWAGEN,T-Cross,1,4+5+6,110,0.7636,0.045
VOLKSWAGEN,T-Roc,1,1,27738,0.9348,0.2988
VOLKSWAGEN,T-Roc,1,2,55887,0.8941,0.5099
VOLKSWAGEN,T-Roc,1,3,11301,0.8651,0.1462
VOLKSWAGEN,T-Roc,1,4,1203,0.8221,0.0309
VOLKSWAGEN,T-Roc,1,5+6,199,0.794,0.0141
VOLKSWAGEN,T-Roc,2,1,434,0.9309,0.1016
VOLKSWAGEN,T-Roc,2,2,2636,0.8911,0.3931
VOLKSWAGEN,T-Roc,2,3,1248,0.8646,0.3338
VOLKSWAGEN,T-Roc,2,4+5+6,184,0.7717,0.1715
VOLKSWAGEN,TIGUAN,1,1,31639,0.9195,0.2988
VOLKSWAGEN,TIGUAN,1,2,104479,0.873,0.5099
VOLKSWAGEN,TIGUAN,1,3,33451,0.8425,0.1462
VOLKSWAGEN,TIGUAN,1,4,5030,0.8278,0.0309
VOLKSWAGEN,TIGUAN,1,5,781,0.8118,0.0089
VOLKSWAGEN,TIGUAN,1,6,182,0.8516,0.0052
VOLKSWAGEN,TIGUAN,2,1,3635,0.9032,0.1016
VOLKSWAGEN,TIGUAN,2,2,39874,0.8601,0.3931
VOLKSWAGEN,TIGUAN,2,3,56732,0.8138,0.3338
VOLKSWAGEN,TIGUAN,2,4,18986,0.7617,0.1191
VOLKSWAGEN,TIGUAN,2,5,3893,0.7311,0.034
VOLKSWAGEN,TIGUAN,2,6,916,0.7347,0.0184
VOLKSWAGEN,TIGUAN,3,1,700,0.83,0.043
VOLKSWAGEN,TIGUAN,3,2,9180,0.794,0.2303
VOLKSWAGEN,TIGUAN,3,3,26591,0.7303,0.3501
VOLKSWAGEN,TIGUAN,3,4,23514,0.6866,0.2352
VOLKSWAGEN,TIGUAN,3,5,8913,0.6692,0.0952
VOLKSWAGEN,TIGUAN,3,6,2914,0.6294,0.0461
VOLKSWAGEN,TIGUAN,4,1,145,0.869,0.0233
VOLKSWAGEN,TIGUAN,4,2,1625,0.7458,0.1403
VOLKSWAGEN,TIGUAN,4,3,7626,0.6731,0.285
VOLKSWAGEN,TIGUAN,4,4,15632,0.6226,0.288
VOLKSWAGEN,TIGUAN,4,5,13089,0.6104,0.1661
VOLKSWAGEN,TIGUAN,4,6,6980,0.6006,0.0973
VOLKSWAGEN,TOURAN,1,1,3615,0.8916,0.2988
VOLKSWAGEN,TOURAN,1,2,9040,0.8373,0.5099
VOLKSWAGEN,TOURAN,1,3,3373,0.8147,0.1462
VOLKSWAGEN,TOURAN,1,4,875,0.8274,0.0309
VOLKSWAGEN,TOURAN,1,5,327,0.8379,0.0089
VOLKSWAGEN,TOURAN,1,6,278,0.8022,0.0052
VOLKSWAGEN,TOURAN,2,1,774,0.8773,0.1016
VOLKSWAGEN,TOURAN,2,2,6762,0.8206,0.3931
VOLKSWAGEN,TOURAN,2,3,8676,0.7679,0.3338
VOLKSWAGEN,TOURAN,2,4,4031,0.7425,0.1191
VOLKSWAGEN,TOURAN,2,5,1415,0.7251,0.034
VOLKSWAGEN,TOURAN,2,6,1301,0.7725,0.0184
VOLKSWAGEN,TOURAN,3,1,306,0.8954,0.043
VOLKSWAGEN,TOURAN,3,2,4033,0.8011,0.2303
VOLKSWAGEN,TOURAN,3,3,8987,0.7171,0.3501
VOLKSWAGEN,TOURAN,3,4,9351,0.6722,0.2352
VOLKSWAGEN,TOURAN,3,5,5079,0.648,0.0952
VOLKSWAGEN,TOURAN,3,6,3674,0.656,0.0461
VOLKSWAGEN,TOURAN,4,1,118,0.839,0.0233
VOLKSWAGEN,TOURAN,4,2,1682,0.7545,0.1403
VOLKSWAGEN,TOURAN,4,3,5676,0.6637,0.285
VOLKSWAGEN,TOURAN,4,4,11318,0.5967,0.288
VOLKSWAGEN,TOURAN,4,5,12034,0.573,0.1661
VOLKSWAGEN,TOURAN,4,6,10284,0.5652,0.0973
VOLKSWAGEN,UP!,1,1,29704,0.9057,0.2988
VOLKSWAGEN,UP!,1,2,18907,0.8297,0.5099
VOLKSWAGEN,UP!,1,3,2699,0.7366,0.1462
VOLKSWAGEN,UP!,1,4+5+6,382,0.6859,0.045
VOLKSWAGEN,UP!,2,1,24393,0.8674,0.1016
VOLKSWAGEN,UP!,2,2,40739,0.7853,0.3931
VOLKSWAGEN,UP!,2,3,15260,0.6924,0.3338
VOLKSWAGEN,UP!,2,4,2819,0.619,0.1191
VOLKSWAGEN,UP!,2,5,416,0.5697,0.034
VOLKSWAGEN,UP!,2,6,134,0.5224,0.0184
VOLKSWAGEN,UP!,3,1,13391,0.8815,0.043
VOLKSWAGEN,UP!,3,2,40833,0.8067,0.2303
VOLKSWAGEN,UP!,3,3,32720,0.713,0.3501
VOLKSWAGEN,UP!,3,4,11104,0.6402,0.2352
VOLKSWAGEN,UP!,3,5,2357,0.602,0.0952
VOLKSWAGEN,UP!,3,6,594,0.5673,0.0461
VOLKSWAGEN,UP!,4,1,298,0.8725,0.0233
VOLKSWAGEN,UP!,4,2,1348,0.7812,0.1403
VOLKSWAGEN,UP!,4,3,1865,0.7196,0.285
VOLKSWAGEN,UP!,4,4,959,0.633,0.288
VOLKSWAGEN,UP!,4,5+6,353,0.5666,0.2634
VOLVO,V40,1,1,11730,0.8483,0.2988
VOLVO,V40,1,2,25132,0.7975,0.5099
VOLVO,V40,1,3,7876,0.7585,0.1462
VOLVO,V40,1,4,1378,0.7627,0.0309
VOLVO,V40,1,5+6,300,0.7433,0.0141
VOLVO,V40,2,1,5347,0.8442,0.1016
VOLVO,V40,2,2,29543,0.7723,0.3931
VOLVO,V40,2,3,32728,0.7161,0.3338
VOLVO,V40,2,4,14452,0.676,0.1191
VOLVO,V40,2,5,3928,0.641,0.034
VOLVO,V40,2,6,1145,0.6262,0.0184
VOLVO,V40,3,1,1004,0.8317,0.043
VOLVO,V40,3,2,7673,0.7622,0.2303
VOLVO,V40,3,3,17645,0.6882,0.3501
VOLVO,V40,3,4,16975,0.6379,0.2352
VOLVO,V40,3,5,8595,0.6135,0.0952
VOLVO,V40,3,6,3640,0.6055,0.0461
VOLVO,V40,4,1+2+3,164,0.6463,0.4486
VOLVO,V40,4,4,135,0.6074,0.288
VOLVO,V40,4,5+6,196,0.5663,0.2634
VOLVO,V50,3,1+2,590,0.7508,0.2733
VOLVO,V50,3,3,1240,0.6298,0.3501
VOLVO,V50,3,4,1828,0.5788,0.2352
VOLVO,V50,3,5,1545,0.5508,0.0952
VOLVO,V50,3,6,1248,0.516,0.0461
VOLVO,V50,4,1,216,0.8796,0.0233
VOLVO,V50,4,2,1570,0.7217,0.1403
VOLVO,V50,4,3,4628,0.6301,0.285
VOLVO,V50,4,4,8774,0.5554,0.288
VOLVO,V50,4,5,9887,0.512,0.1661
VOLVO,V50,4,6,9006,0.5161,0.0973
VOLVO,V60,1,1,3312,0.8943,0.2988
VOLVO,V60,1,2,11408,0.8459,0.5099
VOLVO,V60,1,3,5914,0.817,0.1462
VOLVO,V60,1,4,1807,0.7919,0.0309
VOLVO,V60,1,5,458,0.7664,0.0089
VOLVO,V60,1,6,145,0.7517,0.0052
VOLVO,V60,2,1,584,0.9007,0.1016
VOLVO,V60,2,2,4043,0.8343,0.3931
VOLVO,V60,2,3,6940,0.7807,0.3338
VOLVO,V60,2,4,5046,0.7261,0.1191
VOLVO,V60,2,5,2410,0.7046,0.034
VOLVO,V60,2,6,1064,0.6833,0.0184
VOLVO,V60,3,1,164,0.8841,0.043
VOLVO,V60,3,2,1575,0.7911,0.2303
VOLVO,V60,3,3,4505,0.7505,0.3501
VOLVO,V60,3,4,6727,0.6966,0.2352
VOLVO,V60,3,5,5224,0.6725,0.0952
VOLVO,V60,3,6,3529,0.6438,0.0461
VOLVO,V60,4,1+2,262,0.7786,0.1636
VOLVO,V60,4,3,848,0.7323,0.285
VOLVO,V60,4,4,1771,0.6945,0.288
VOLVO,V60,4,5,1636,0.651,0.1661
VOLVO,V60,4,6,1414,0.6139,0.0973
VOLVO,V70,2,1,179,0.9162,0.1016
VOLVO,V70,2,2,1386,0.847,0.3931
VOLVO,V70,2,3,2047,0.809,0.3338
VOLVO,V70,2,4,1400,0.7636,0.1191
VOLVO,V70,2,5,604,0.7517,0.034
VOLVO,V70,2,6,366,0.7377,0.0184
VOLVO,V70,3,1,108,0.9074,0.043
VOLVO,V70,3,2,1012,0.8439,0.2303
VOLVO,V70,3,3,2291,0.7656,0.3501
VOLVO,V70,3,4,2979,0.7351,0.2352
VOLVO,V70,3,5,2117,0.6854,0.0952
VOLVO,V70,3,6,1864,0.6529,0.0461
VOLVO,V70,4,1+2,978,0.8098,0.1636
VOLVO,V70,4,3,2583,0.7549,0.285
VOLVO,V70,4,4,5056,0.681,0.288
VOLVO,V70,4,5,6228,0.6447,0.1661
VOLVO,V70,4,6,8034,0.6,0.0973
VOLVO,V90,1,1,2137,0.8905,0.2988
VOLVO,V90,1,2,10453,0.8508,0.5099
VOLVO,V90,1,3,5945,0.8247,0.1462
VOLVO,V90,1,4,1582,0.8224,0.0309
VOLVO,V90,1,5,408,0.826,0.0089
VOLVO,V90,1,6,228,0.7632,0.0052
VOLVO,V90,2,1,159,0.8868,0.1016
VOLVO,V90,2,2,1452,0.8444,0.3931
VOLVO,V90,2,3,2530,0.7988,0.3338
VOLVO,V90,2,4,1387,0.7808,0.1191
VOLVO,V90,2,5,442,0.7647,0.034
VOLVO,V90,2,6,239,0.7448,0.0184
VOLVO,XC40,1,1,23191,0.926,0.2988
VOLVO,XC40,1,2,43860,0.8824,0.5099
VOLVO,XC40,1,3,10010,0.8484,0.1462
VOLVO,XC40,1,4,1581,0.8305,0.0309
VOLVO,XC40,1,5+6,284,0.8239,0.0141
VOLVO,XC40,2,1,140,0.9,0.1016
VOLVO,XC40,2,2,772,0.8588,0.3931
VOLVO,XC40,2,3,453,0.8543,0.3338
VOLVO,XC40,2,4+5+6,111,0.8018,0.1715
VOLVO,XC60,1,1,8525,0.915,0.2988
VOLVO,XC60,1,2,35336,0.8837,0.5099
VOLVO,XC60,1,3,15084,0.8526,0.1462
VOLVO,XC60,1,4,2710,0.8214,0.0309
VOLVO,XC60,1,5,462,0.829,0.0089
VOLVO,XC60,1,6,103,0.7767,0.0052
VOLVO,XC60,2,1,1554,0.8945,0.1016
VOLVO,XC60,2,2,19205,0.8322,0.3931
VOLVO,XC60,2,3,33481,0.7768,0.3338
VOLVO,XC60,2,4,17888,0.7425,0.1191
VOLVO,XC60,2,5,5173,0.6903,0.034
VOLVO,XC60,2,6,1658,0.7075,0.0184
VOLVO,XC60,3,1,191,0.9058,0.043
VOLVO,XC60,3,2,2556,0.8134,0.2303
VOLVO,XC60,3,3,9728,0.7567,0.3501
VOLVO,XC60,3,4,13283,0.7127,0.2352
VOLVO,XC60,3,5,7794,0.69,0.0952
VOLVO,XC60,3,6,3708,0.6637,0.0461
VOLVO,XC60,4,1+2,719,0.8011,0.1636
VOLVO,XC60,4,3,2716,0.7423,0.285
VOLVO,XC60,4,4,6365,0.6988,0.288
VOLVO,XC60,4,5,7161,0.6619,0.1661
VOLVO,XC60,4,6,5642,0.6328,0.0973
VOLVO,XC90,1,1,3845,0.8897,0.2988
VOLVO,XC90,1,2,19387,0.8641,0.5099
VOLVO,XC90,1,3,10373,0.838,0.1462
VOLVO,XC90,1,4,1991,0.8187,0.0309
VOLVO,XC90,1,5+6,441,0.8073,0.0141
VOLVO,XC90,2,1,415,0.8988,0.1016
VOLVO,XC90,2,2,5364,0.8369,0.3931
VOLVO,XC90,2,3,11223,0.8025,0.3338
VOLVO,XC90,2,4,6626,0.7775,0.1191
VOLVO,XC90,2,5,2010,0.7781,0.034
VOLVO,XC90,2,6,543,0.7624,0.0184
VOLVO,XC90,3,1+2,1001,0.8212,0.2733
VOLVO,XC90,3,3,3858,0.7413,0.3501
VOLVO,XC90,3,4,5618,0.6874,0.2352
VOLVO,XC90,3,5,3567,0.6552,0.0952
VOLVO,XC90,3,6,1654,0.6252,0.0461
VOLVO,XC90,4,1+2,583,0.7736,0.1636
VOLVO,XC90,4,3,2873,0.6836,0.285
VOLVO,XC90,4,4,7952,0.6377,0.288
VOLVO,XC90,4,5,9571,0.6099,0.1661
VOLVO,XC90,4,6,7588,0.5862,0.0973
