dmr_make,dmr_model,age_band,band_years,approx_age_years,price_bracket_id,price_bracket_label,entry_price_dkk,entry_price_reference_km,exit_age_band,hold_years,shorter_than_6yr_horizon,horizon_available,resale_price_dkk,mileage_adjustment_factor,depreciation_dkk,depreciation_available,fuel_total_dkk,ejerafgift_total_dkk,repair_total_dkk,tco_total_dkk,tco_per_year,running_cost_per_year,standardized_pass_rate,raw_pass_rate,repair_burden_index,median_annual_fuel_cost_dkk,median_annual_ejerafgift_dkk,engagement_score,reliability_unstable,meets_stability_floor,dk_vehicle_count,n_nt_tests,price_n_listings,price_pooled_at_brand,price_calibration_factor,price_anchor_source,price_own_cell_anchor_count,price_own_cell_anchor_spread,price_confidence,donor_model,excluded_from_rank,excluded_from_running_cost_rank,exclusion_reason,is_hybrid,is_diesel_dominant,combined_reliability_z,reliability_agreement,reliability_source_count,reliability_confidence,cost_rank_in_group,cost_tier,value_for_money_score,value_for_money_weight_cost,value_for_money_weight_engagement,value_for_money_rank_in_group,value_for_money_tier,running_cost_rank_overall,running_cost_tier
HYUNDAI,I10,1,2020-2022,5.0,1,"Up to 50,000 DKK",47464,86215,3,6.0,False,True,30177,1.022,17287,True,58995,8400,5404,90085,15014,12133,0.7971,0.8297,0.3002,9832.4248,1400.0305,0.2478,False,True,7859,226109,107,False,0.4502,global,0,,high,,False,False,,False,False,-0.9207,,1,medium,11,S,0.5,0.5,0.5,97,B,56,A
HYUNDAI,I10,2,2017-2019,8.0,1,"Up to 50,000 DKK",35148,137606,4,6.5,False,True,18926,0.9364,16222,True,65103,9097,9777,100199,15415,12920,0.7059,0.7602,0.5014,10015.8676,1399.4927,0.2705,False,True,7570,263371,107,False,0.4502,global,0,,high,,False,False,,False,False,-0.7572,,1,medium,14,S,0.5149,0.5,0.5,88,B,82,A
HYUNDAI,I10,3,2014-2016,11.0,1,"Up to 50,000 DKK",29527,183720,4,3.5,True,True,18865,0.9334,10662,True,41138,3220,8866,63887,18253,15207,0.5959,0.6636,0.8444,11753.8552,920.0,0.2436,False,True,9314,240058,107,False,0.4502,global,0,,high,,False,False,,False,False,-0.8309,,1,medium,62,B,0.3452,0.5,0.5,143,C,193,B
HYUNDAI,I10,4,2010-2013,14.5,1,"Up to 50,000 DKK",20211,212462,,,,False,,,,False,,,,,16010,16010,0.5402,0.6107,1.1306,11697.7577,920.0,0.5673,False,True,7430,160250,107,False,0.4502,global,0,,high,,False,False,,False,False,-0.6211,,1,medium,21,A,0.881,0.5,0.5,1,S,229,B
HYUNDAI,I20,1,2020-2022,5.0,2,"50,000-90,000 DKK",88566,86215,3,6.0,False,True,36275,1.022,52291,True,65882,9120,4775,132068,22011,13296,0.8411,0.8543,0.2653,10980.263157894737,1520.0,0.4151,False,True,3628,109969,387,False,0.5042,global,0,,high,,False,False,,False,False,0.0626,,1,medium,50,B,0.44,0.5,0.5,82,B,99,A
HYUNDAI,I20,2,2017-2019,8.0,2,"50,000-90,000 DKK",54311,137606,4,6.5,False,True,22307,0.9364,32004,True,76398,10400,10532,129334,19898,14974,0.732,0.7606,0.5401,11753.521126760563,1600.0,0.4884,False,True,5044,149942,387,False,0.4502,global,0,,high,,False,False,,False,False,-0.4128,,1,medium,26,A,0.628,0.5,0.5,29,A,179,B
HYUNDAI,I20,3,2014-2016,11.0,1,"Up to 50,000 DKK",35494,183720,4,3.5,True,True,22235,0.9334,13259,True,41137,3220,11229,68845,19670,15882,0.5919,0.6274,1.0694,11753.521126760563,920.0,0.4628,False,True,9154,130770,387,False,0.4502,global,0,,high,,False,False,,False,False,-0.8933,0.5295,2,medium,90,B,0.5476,0.5,0.5,69,B,221,B
HYUNDAI,I20,4,2010-2013,14.5,1,"Up to 50,000 DKK",23822,212462,,,,False,,,,False,,,,,18427,18427,0.5515,0.5863,1.298,12772.959183673469,1760.0,0.4331,False,True,7688,72068,387,False,0.4502,global,0,,high,,False,False,,False,False,-0.4667,0.1513,2,high,66,B,0.5625,0.5,0.5,58,B,349,B
SKODA,OCTAVIA,1,2020-2022,5.0,4,"150,000-250,000 DKK",169353,86215,3,6.0,False,True,59743,1.022,109610,True,62964,9600,4952,187126,31188,12919,0.8773,0.8508,0.2751,10493.999999999998,1600.0,0.6696,False,True,5539,205326,478,False,0.5042,global,0,,high,,False,False,,False,False,0.926,1.0369,2,low,21,B,0.6,0.5,0.5,13,A,81,A
SKODA,OCTAVIA,2,2017-2019,8.0,3,"90,000-150,000 DKK",103516,137606,4,6.5,False,True,35460,0.9364,68056,True,78234,10400,8500,165191,25414,14944,0.8303,0.7932,0.4359,12036.057692307691,1600.0,0.7766,False,True,9832,207012,478,False,0.5042,global,0,,high,,False,False,,False,False,1.0889,0.7812,2,medium,44,B,0.7727,0.5,0.5,9,S,174,B
SKODA,OCTAVIA,3,2014-2016,11.0,2,"50,000-90,000 DKK",58456,183720,4,3.5,True,True,35345,0.9334,23111,True,42952,6160,8748,80970,23134,16531,0.7258,0.6908,0.8331,12272.058823529414,1760.0,0.7643,False,True,6057,140318,478,False,0.4502,global,0,,high,,False,False,,False,False,0.8023,0.455,2,high,65,B,0.724,0.5,0.5,10,S,256,B
SKODA,OCTAVIA,4,2010-2013,14.5,1,"Up to 50,000 DKK",37868,212462,,,,False,,,,False,,,,,19180,19180,0.6335,0.5991,1.3609,12517.500000000002,2580.0,0.557,False,True,3082,114783,478,False,0.4502,global,0,,high,,False,False,,False,False,0.5563,0.6541,2,medium,77,B,0.7083,0.5,0.5,13,S,375,C
PEUGEOT,2008,1,2020-2022,5.0,3,"90,000-150,000 DKK",107620,86215,3,6.0,False,True,45562,1.022,62058,True,65594,9600,8901,146152,24359,14016,0.7764,0.7887,0.4945,10932.314410480352,1600.0,0.5921,False,True,4184,182517,458,False,0.5042,global,0,,high,,False,False,,False,False,-1.3383,0.4271,2,high,34,B,0.601,0.5,0.5,27,A,123,A
PEUGEOT,2008,2,2017-2019,8.0,2,"50,000-90,000 DKK",56749,137606,4,6.5,False,True,35768,0.9364,20981,True,62010,12740,17224,112955,17378,14150,0.6643,0.6701,0.8833,9540.0,1960.0,0.4676,False,True,7834,170193,458,False,0.4502,global,0,,high,,False,False,,False,True,-1.2811,0.6648,2,medium,7,S,0.68,0.5,0.5,20,A,131,A
PEUGEOT,2008,3,2014-2016,11.0,1,"Up to 50,000 DKK",44581,183720,4,3.5,True,True,35652,0.9334,8929,True,42952,3220,13301,68402,19543,16992,0.5928,0.5981,1.2668,12272.058823529414,920.0,0.2816,False,True,4085,36594,458,False,0.4502,global,0,,high,,False,False,,False,False,-0.9087,0.6999,2,medium,84,B,0.3125,0.5,0.5,147,C,283,B
PEUGEOT,2008,4,2010-2013,14.5,1,"Up to 50,000 DKK",38197,212462,,,,False,,,,False,,,,,15417,15417,,0.6364,0.7418,12272.058823529414,920.0,0.2381,True,False,656,11,458,False,0.4502,global,0,,high,,True,True,reliability_unstable,False,False,,,,,,,,,,,,,
TOYOTA,Toyota C-HR,1,2020-2022,5.0,3,"90,000-150,000 DKK",148424,86215,3,,False,True,,,,False,,,,,12272,12272,0.8418,0.8414,0.3126,9934.523809523811,1400.0,0.2957,False,True,2315,157434,5761,True,0.5042,brand_pooled,0,,low,,True,False,no_exit_band_data,True,False,0.1011,0.1753,2,high,,,,,,,,59,A
TOYOTA,Toyota C-HR,2,2017-2019,8.0,3,"90,000-150,000 DKK",101181,137606,4,,False,True,,,,False,,,,,11126,11126,0.8196,0.8244,0.3946,8662.629757785468,1280.0,0.2897,False,True,3628,27660,5761,True,0.5042,brand_pooled,0,,low,,True,False,no_exit_band_data,True,False,0.9381,0.0391,2,high,,,,,,,,44,S
FIAT,500C,1,2020-2022,5.0,3,"90,000-150,000 DKK",112792,86215,3,6.0,False,True,51980,1.022,60812,True,59607,8400,7740,136559,22760,12625,0.7481,0.7904,0.43,9934.523809523811,1400.0,0.2422,False,True,732,10627,575,True,0.5042,brand_pooled,0,,low,,False,False,,False,False,-1.8433,,1,medium,18,A,0.4141,0.5,0.5,66,B,72,A
FIAT,500C,2,2017-2019,8.0,2,"50,000-90,000 DKK",67527,137606,4,6.5,False,True,32936,0.9364,34591,True,61884,9102,13120,118697,18261,12939,0.6418,0.7008,0.6728,9520.647,1400.3183,0.2673,False,True,1131,25819,575,True,0.4502,brand_pooled,0,,low,,False,False,,False,False,-1.5361,,1,medium,14,A,0.476,0.5,0.5,70,B,84,A
FIAT,500C,3,2014-2016,11.0,2,"50,000-90,000 DKK",50860,183720,4,3.5,True,True,32830,0.9334,18030,True,36837,3220,10164,68251,19500,14349,0.5854,0.6245,0.968,10524.8637,920.0,0.2931,False,True,1451,22249,575,True,0.4502,brand_pooled,0,,low,,False,False,,False,False,-0.9565,,1,medium,22,A,0.46,0.5,0.5,77,B,144,A
FIAT,500C,4,2010-2013,14.5,1,"Up to 50,000 DKK",35173,212462,,,,False,,,,False,,,,,16935,16935,0.5325,0.5651,1.3566,11944.9232,920.0,0.4199,False,True,2877,9042,575,True,0.4502,brand_pooled,0,,low,,False,False,,False,False,-0.721,,1,medium,34,A,0.6339,0.5,0.5,34,A,280,B
MAZDA,MAZDA3,1,2020-2022,5.0,4,"150,000-250,000 DKK",167784,86215,3,6.0,False,True,97853,1.022,69931,True,75098,9600,6860,161489,26915,15260,0.8132,0.8161,0.3811,12516.3869,1600.0,0.6996,False,True,833,81785,559,True,0.5042,brand_pooled,0,,low,,False,False,,False,False,-0.5821,,1,medium,11,A,0.76,0.5,0.5,4,S,199,B
MAZDA,MAZDA3,2,2017-2019,8.0,3,"90,000-150,000 DKK",131062,137606,4,6.5,False,True,48818,0.9364,82244,True,83031,15865,11659,192800,29662,17009,0.7397,0.7424,0.5979,12774.0757,2440.7547,0.6734,False,True,2173,107141,559,True,0.5042,brand_pooled,0,,low,,False,False,,False,False,-0.3073,,1,medium,70,B,0.5455,0.5,0.5,34,B,286,B
MAZDA,MAZDA3,3,2014-2016,11.0,3,"90,000-150,000 DKK",95745,183720,4,3.5,True,True,48660,0.9334,47085,True,44705,6160,10761,108712,31060,17608,0.6559,0.6559,1.0249,12772.9592,1760.0,0.6474,False,True,2869,77452,559,True,0.5042,brand_pooled,0,,low,,False,False,,False,False,-0.0735,0.4302,2,high,79,C,0.4545,0.5,0.5,55,B,313,B
MAZDA,MAZDA3,4,2010-2013,14.5,2,"50,000-90,000 DKK",52133,212462,,,,False,,,,False,,,,,24472,24472,0.5484,0.546,1.7105,15860.4328,3480.0,0.4817,False,True,1512,105080,559,True,0.4502,brand_pooled,0,,low,,False,False,,False,True,-0.5076,0.2337,2,high,78,B,0.412,0.5,0.5,90,C,495,D
VOLVO,XC40,1,2020-2022,5.0,4,"150,000-250,000 DKK",208169,86215,3,,False,True,,,,False,,,,,9565,9565,0.888,0.8905,0.2658,7847.962382445142,920.0,0.4405,False,True,2409,90138,226,False,0.5042,global,0,,high,,True,False,no_exit_band_data,True,False,1.5036,1.8469,2,low,,,,,,,,26,S
VOLVO,XC40,2,2017-2019,8.0,4,"150,000-250,000 DKK",188776,137606,4,,False,True,,,,False,,,,,19855,19855,0.8517,0.8572,0.357,14144.067796610172,4640.0,0.6714,True,False,1250,1471,226,False,0.5042,global,0,,high,,True,True,no_exit_band_data,False,True,,,,,,,,,,,,,
MERCEDES-BENZ,B-Klasse,1,2020-2022,5.0,4,"150,000-250,000 DKK",184035,86215,3,6.0,False,True,82496,1.022,101539,True,62964,14640,8392,187534,31256,14333,0.8503,0.8647,0.4662,10493.999999999998,2440.0,0.6025,False,True,497,51926,186,False,0.5042,global,0,,high,,False,False,,False,False,0.2952,,1,medium,22,B,0.5,0.5,0.5,26,B,143,A
MERCEDES-BENZ,B-Klasse,2,2017-2019,8.0,3,"90,000-150,000 DKK",107225,137606,4,6.5,False,True,39735,0.9364,67490,True,73188,21190,16938,178806,27509,17125,0.773,0.7839,0.8686,11259.656652360512,3260.0,0.6317,False,True,1310,74455,186,False,0.5042,global,0,,high,,False,False,,False,True,0.1747,,1,medium,58,B,0.5253,0.5,0.5,47,B,295,B
MERCEDES-BENZ,B-Klasse,3,2014-2016,11.0,2,"50,000-90,000 DKK",80719,183720,4,3.5,True,True,39606,0.9334,41113,True,39409,10220,16121,106862,30532,18786,0.6796,0.6898,1.5353,11259.656652360512,2920.0,0.5253,False,True,1078,68724,186,False,0.5042,global,0,,high,,False,False,,False,True,0.2009,0.3606,2,high,109,C,0.336,0.5,0.5,106,C,358,B
MERCEDES-BENZ,B-Klasse,4,2010-2013,14.5,1,"Up to 50,000 DKK",42433,212462,,,,False,,,,False,,,,,22678,22678,0.5714,0.5782,2.6469,11817.567567567568,2920.0,0.5556,False,True,652,60158,186,False,0.4502,global,0,,high,,False,False,,False,True,-0.249,0.6161,2,medium,140,C,0.5179,0.5,0.5,86,B,470,C
CITROËN,C3 Aircross,1,2020-2022,5.0,3,"90,000-150,000 DKK",105682,86215,3,,False,True,,,,False,,,,,14739,14739,0.8157,0.8372,0.3091,12212.195121951221,1600.0,0.4073,False,True,1151,60304,160,False,0.5042,global,0,,high,,True,False,no_exit_band_data,False,False,-0.5276,,1,medium,,,,,,,,162,B
CITROËN,C3 Aircross,2,2017-2019,8.0,2,"50,000-90,000 DKK",60416,137606,4,,False,True,,,,False,,,,,14882,14882,0.7174,0.7525,0.5033,10932.314410480352,2440.0,0.3913,False,True,1850,4133,160,False,0.4502,global,0,,high,,True,False,no_exit_band_data,False,False,-0.6078,,1,medium,,,,,,,,167,B
OPEL,MERIVA,2,2017-2019,8.0,1,"Up to 50,000 DKK",46462,137606,4,6.5,False,True,29212,0.9364,17250,True,87961,11440,11290,127941,19683,17029,0.698,0.7281,0.579,13532.432432432433,1760.0,0.4707,False,True,51,83721,624,False,0.4502,global,0,,high,,False,False,,False,False,-0.8578,,1,medium,93,B,0.5506,0.5,0.5,65,B,287,B
OPEL,MERIVA,3,2014-2016,11.0,1,"Up to 50,000 DKK",40610,183720,4,3.5,True,True,29118,0.9334,11492,True,48951,9030,9560,79034,22581,19298,0.6286,0.6493,0.9105,13986.033519553073,2580.0,0.4654,False,True,917,121162,624,False,0.4502,global,0,,high,,False,False,,False,False,-0.4322,,1,medium,138,C,0.4107,0.5,0.5,129,C,380,C
OPEL,MERIVA,4,2010-2013,14.5,1,"Up to 50,000 DKK",31196,212462,,,,False,,,,False,,,,,23755,23755,0.5143,0.5347,1.67,15265.243902439028,3480.0,0.4353,False,True,1638,110346,624,False,0.4502,global,0,,high,,False,False,,False,False,-0.9564,,1,medium,149,C,0.3185,0.5,0.5,145,C,484,D
SKODA,RAPID SPACEBACK,2,2017-2019,8.0,2,"50,000-90,000 DKK",80937,137606,4,6.5,False,True,32209,0.9364,48728,True,76398,9880,11425,146431,22528,15031,0.7545,0.7408,0.5859,11753.521126760563,1520.0,0.6613,False,True,1100,44650,987,True,0.3387,own_cell,5,0.1871,high,,False,False,,False,False,-0.0985,,1,medium,56,B,0.692,0.5,0.5,15,A,183,B
SKODA,RAPID SPACEBACK,3,2014-2016,11.0,2,"50,000-90,000 DKK",55072,183720,4,3.5,True,True,32105,0.9334,22967,True,42952,3220,8235,77375,22107,15545,0.6979,0.6926,0.7843,12272.058823529414,920.0,0.5993,False,True,1267,16202,987,True,0.3926,own_cell,5,0.1568,high,,False,False,,False,False,0.4678,,1,medium,51,B,0.636,0.5,0.5,25,A,209,B
SKODA,RAPID SPACEBACK,4,2010-2013,14.5,1,"Up to 50,000 DKK",34396,212462,,,,False,,,,False,,,,,18323,18323,,0.4286,1.6286,12517.500000000002,920.0,0.6603,True,False,89,14,987,True,0.4502,brand_pooled,0,,low,,True,True,reliability_unstable,False,False,,,,,,,,,,,,,
KIA,Optima,1,2020-2022,5.0,2,"50,000-90,000 DKK",76925,86215,3,6.0,False,True,60953,1.022,15972,True,38915,6840,5701,67427,11238,8576,0.8399,0.8241,0.3167,6485.751295336788,1140.0,0.4208,False,True,531,23133,78,False,0.5042,global,0,,medium,,False,False,,True,False,0.0331,,1,medium,1,S,0.64,0.5,0.5,24,A,15,S
KIA,Optima,2,2017-2019,8.0,2,"50,000-90,000 DKK",79308,137606,4,,False,True,,,,False,,,,,9011,9011,0.7956,0.7765,0.4618,6485.751295336788,1140.0,0.4393,False,True,1689,13045,78,False,0.5042,global,0,,medium,,True,False,no_exit_band_data,True,False,0.5309,,1,medium,,,,,,,,20,S
KIA,Optima,3,2014-2016,11.0,2,"50,000-90,000 DKK",59640,183720,4,,True,True,,,,False,,,,,18951,18951,0.6553,0.6408,0.9671,12089.861751152073,3960.0,0.5391,False,True,121,3942,78,False,0.4502,global,0,,medium,,True,False,no_exit_band_data,False,True,-0.096,,1,medium,,,,,,,,367,B
AUDI,A1 SPORTBACK,1,2020-2022,5.0,5,"Above 250,000 DKK",378154,86215,3,6.0,False,True,67551,1.022,310603,True,71871,9600,9952,402026,67004,15237,0.8302,0.84,0.5529,11978.468899521533,1600.0,0.4948,False,True,176,240600,486,True,0.5042,brand_pooled,1,,low,,False,False,,False,False,-0.1992,,1,medium,26,C,0.1964,0.5,0.5,27,C,196,B
AUDI,A1 SPORTBACK,2,2017-2019,8.0,3,"90,000-150,000 DKK",138579,137606,4,6.5,False,True,81921,0.9364,56658,True,71060,9880,17406,155003,23847,15130,0.7533,0.7625,0.8926,10932.314410480352,1520.0,0.3936,False,True,378,276062,486,True,0.4029,own_cell,5,0.2236,high,,False,False,,False,False,-0.1158,,1,medium,26,A,0.4697,0.5,0.5,51,B,188,B
AUDI,A1 SPORTBACK,3,2014-2016,11.0,2,"50,000-90,000 DKK",66096,183720,4,,True,True,81657,0.9334,-15561,False,,,,,16556,16556,0.6842,0.6878,1.4258,10518.90756302521,1760.0,0.5333,False,True,696,198126,486,True,0.3171,own_cell,5,0.4849,medium,,True,False,non_positive_depreciation,False,False,0.2758,0.4096,2,high,,,,,,,,258,B
AUDI,A1 SPORTBACK,4,2010-2013,14.5,2,"50,000-90,000 DKK",87485,212462,,,,False,,,,False,,,,,20273,20273,0.6447,0.6452,1.9132,12772.959183673469,1760.0,0.4507,False,True,752,35105,486,True,0.5478,own_cell,5,0.1858,high,,False,False,,False,True,0.7815,,1,medium,30,A,0.56,0.5,0.5,40,B,415,C
BMW,4-serie,1,2020-2022,5.0,5,"Above 250,000 DKK",296668,86215,3,6.0,False,True,152831,1.022,143837,True,84388,19560,8224,256009,42668,18695,0.8673,0.8613,0.4569,14064.606741573034,3260.0,0.7133,False,True,139,163611,323,False,0.5042,global,0,,high,,False,False,,False,False,0.758,,1,medium,12,B,0.75,0.5,0.5,3,S,357,B
BMW,4-serie,2,2017-2019,8.0,4,"150,000-250,000 DKK",172372,137606,4,6.5,False,True,115076,0.9364,57296,True,68211,18070,12562,156139,24021,15207,0.8346,0.8253,0.6442,10493.999999999998,2780.0,0.7118,False,True,1152,165374,323,False,0.5042,global,0,,high,,False,False,,False,True,1.2225,,1,medium,4,S,0.87,0.5,0.5,1,S,194,B
BMW,4-serie,3,2014-2016,11.0,3,"90,000-150,000 DKK",149539,183720,4,3.5,True,True,114705,0.9334,34834,True,42315,12180,9304,98633,28181,18228,0.7882,0.7824,0.8861,12089.861751152073,3480.0,0.7128,False,True,610,28892,323,False,0.5042,global,0,,high,,False,False,,False,True,1.8472,,1,medium,61,B,0.6465,0.5,0.5,22,A,342,B
BMW,4-serie,4,2010-2013,14.5,3,"90,000-150,000 DKK",122891,212462,,,,False,,,,False,,,,,20748,20748,,,,16107.838877855016,4640.0,0.75,True,False,24,0,323,False,0.5042,global,0,,high,,True,True,insufficient_dk_fleet,False,False,,,,,,,,,,,,,
RENAULT,MEGANE SPORT TOURER,1,2020-2022,5.0,3,"90,000-150,000 DKK",96576,86215,3,6.0,False,True,39220,1.022,57356,True,39529,6840,9274,112999,18833,9274,0.7717,0.759,0.5152,6588.1578947368425,1140.0,0.2221,False,True,3,39000,400,False,0.5042,global,0,,high,,True,True,insufficient_dk_fleet,True,False,-1.4165,,1,medium,,,,,,,,,
RENAULT,MEGANE SPORT TOURER,2,2017-2019,8.0,2,"50,000-90,000 DKK",60904,137606,4,6.5,False,True,21040,0.9364,39864,True,63158,18070,21676,142768,21964,15831,0.6244,0.6,1.1116,9716.666666666666,2780.0,0.4317,False,True,8,76421,400,False,0.4502,global,0,,high,,True,True,insufficient_dk_fleet,False,True,-1.7357,,1,medium,,,,,,,,,
RENAULT,MEGANE SPORT TOURER,3,2014-2016,11.0,1,"Up to 50,000 DKK",38375,183720,4,3.5,True,True,20972,0.9334,17403,True,33030,9730,16829,76992,21998,17025,0.5295,0.5126,1.6028,9437.05035971223,2780.0,0.4347,False,True,11,127161,400,False,0.4502,global,0,,high,,True,True,insufficient_dk_fleet,False,True,-1.6128,,1,medium,,,,,,,,,
RENAULT,MEGANE SPORT TOURER,4,2010-2013,14.5,1,"Up to 50,000 DKK",22469,212462,,,,False,,,,False,,,,,20463,20463,0.4892,0.4829,1.9954,11557.268722466959,2920.0,0.5201,False,True,1636,141135,400,False,0.4502,global,0,,high,,False,False,,False,True,-1.2805,,1,medium,107,B,0.5893,0.5,0.5,46,A,422,C
VOLKSWAGEN,GOLF,1,2020-2022,5.0,3,"90,000-150,000 DKK",128514,86215,3,6.0,False,True,53680,1.022,74834,True,64192,9120,4874,153020,25503,13031,0.8795,0.875,0.2708,10698.717948717951,1520.0,0.6797,False,True,2395,693637,2855,False,0.5042,global,2,0.2558,high,,False,False,,False,False,1.0887,1.2318,2,low,46,B,0.6818,0.5,0.5,19,A,89,A
VOLKSWAGEN,GOLF,2,2017-2019,8.0,2,"50,000-90,000 DKK",86630,137606,4,6.5,False,True,31492,0.9364,55138,True,78234,10400,8280,152052,23393,14910,0.8319,0.8226,0.4246,12036.057692307691,1600.0,0.674,False,True,11909,760031,2855,False,0.5042,global,2,0.3574,high,,False,False,,False,False,1.1447,0.7787,2,medium,68,B,0.66,0.5,0.5,22,A,170,B
VOLKSWAGEN,GOLF,3,2014-2016,11.0,2,"50,000-90,000 DKK",52524,183720,4,3.5,True,True,31391,0.9334,21133,True,43811,6160,9048,80152,22901,16863,0.7319,0.713,0.8617,12517.500000000002,1760.0,0.6664,False,True,8672,644906,2855,False,0.4502,global,0,,high,,False,False,,False,False,0.9398,0.1716,2,high,62,B,0.676,0.5,0.5,21,A,275,B
VOLKSWAGEN,GOLF,4,2010-2013,14.5,1,"Up to 50,000 DKK",33631,212462,,,,False,,,,False,,,,,20240,20240,0.6312,0.6072,1.6476,12517.500000000002,2780.0,0.585,False,True,7764,702042,2855,False,0.4502,global,2,0.4097,high,,False,False,,False,True,0.5854,0.155,2,high,100,B,0.6548,0.5,0.5,26,A,413,C
RENAULT,Ny Clio,1,2020-2022,5.0,3,"90,000-150,000 DKK",109174,86215,3,6.0,False,True,40432,1.022,68742,True,64986,9169,9990,152887,25481,14024,0.7208,0.7362,0.555,10831.0089,1528.1712,0.4512,False,True,4954,214411,4872,True,0.5042,brand_pooled,0,,low,,False,False,,False,False,-2.3053,,1,medium,45,B,0.4242,0.5,0.5,62,B,125,A
RENAULT,Ny Clio,2,2017-2019,8.0,2,"50,000-90,000 DKK",64878,137606,4,6.5,False,True,23120,0.9364,41758,True,73448,10335,21210,146752,22577,16153,0.5778,0.5889,1.0877,11299.7125,1590.0224,0.3585,False,True,11145,270614,4872,True,0.4502,brand_pooled,0,,low,,False,False,,False,False,-2.254,,1,medium,57,B,0.356,0.5,0.5,102,C,236,B
RENAULT,Ny Clio,3,2014-2016,11.0,1,"Up to 50,000 DKK",39561,183720,4,3.5,True,True,23045,0.9334,16516,True,39431,3242,16438,75626,21608,16889,0.4919,0.5033,1.5655,11266.0853,926.1845,0.2643,False,True,11435,239733,4872,True,0.4502,brand_pooled,0,,low,,False,False,,False,True,-2.0483,,1,medium,129,C,0.1607,0.5,0.5,161,D,278,B
RENAULT,Ny Clio,4,2010-2013,14.5,1,"Up to 50,000 DKK",24690,212462,,,,False,,,,False,,,,,19680,19680,0.4549,0.4679,1.8914,11904.6848,2101.2159,0.3846,False,True,7731,307835,4872,True,0.4502,brand_pooled,0,,low,,False,False,,False,True,-1.7247,,1,medium,92,B,0.4077,0.5,0.5,131,C,403,C
VOLKSWAGEN,TOURAN,1,2020-2022,5.0,4,"150,000-250,000 DKK",184230,86215,3,6.0,False,True,80500,1.022,103730,True,73632,14640,6590,198592,33099,15810,0.8405,0.8336,0.3661,12272.058823529414,2440.0,0.5867,False,True,2726,39472,538,False,0.5042,global,0,,high,,False,False,,False,False,0.0478,,1,medium,30,B,0.39,0.5,0.5,39,C,218,B
VOLKSWAGEN,TOURAN,2,2017-2019,8.0,3,"90,000-150,000 DKK",119462,137606,4,6.5,False,True,37764,0.9364,81698,True,84315,16770,11792,194574,29934,17366,0.7821,0.7609,0.6047,12971.502590673575,2580.0,0.571,False,True,8624,50827,538,False,0.5042,global,0,,high,,False,False,,False,True,0.3149,,1,medium,74,C,0.3737,0.5,0.5,74,C,306,B
VOLKSWAGEN,TOURAN,3,2014-2016,11.0,2,"50,000-90,000 DKK",78766,183720,4,3.5,True,True,37642,0.9334,41124,True,47364,10220,11003,109710,31346,19596,0.7087,0.6777,1.0479,13532.432432432433,2920.0,0.5374,False,True,3915,66409,538,False,0.5042,global,0,,high,,False,False,,False,True,0.538,1.0038,2,low,113,C,0.328,0.5,0.5,107,C,399,C
VOLKSWAGEN,TOURAN,4,2010-2013,14.5,1,"Up to 50,000 DKK",40329,212462,,,,False,,,,False,,,,,22924,22924,0.6157,0.5781,1.8597,13385.20408163265,3960.0,0.4436,False,True,2692,89748,538,False,0.4502,global,0,,high,,False,False,,False,True,0.3977,0.1604,2,high,143,C,0.3512,0.5,0.5,142,C,476,C
PEUGEOT,107,3,2014-2016,11.0,1,"Up to 50,000 DKK",17097,183720,4,3.5,True,True,14537,0.9334,2560,True,37606,3220,9030,52416,14976,14245,0.6322,0.6871,0.86,10744.635193133046,920.0,0.3981,False,True,2912,168415,77,False,0.4502,global,0,,medium,,False,False,,False,False,-0.3875,,1,medium,9,S,0.6786,0.5,0.5,20,A,136,A
PEUGEOT,107,4,2010-2013,14.5,1,"Up to 50,000 DKK",15575,212462,,,,False,,,,False,,,,,15983,15983,0.536,0.5801,1.4395,10744.635193133046,920.0,0.3641,False,True,14763,193007,77,False,0.4502,global,0,,medium,,False,False,,False,False,-0.6756,,1,medium,20,A,0.5744,0.5,0.5,50,A,227,B
PEUGEOT,3008,1,2020-2022,5.0,4,"150,000-250,000 DKK",177533,86215,3,6.0,False,True,63584,1.022,113949,True,38319,5520,7187,164976,27496,8504,0.8197,0.8159,0.3993,6386.4795918367345,920.0,0.5996,False,True,5339,175564,696,False,0.5042,global,0,,high,,False,False,,True,False,-0.4743,0.5133,2,medium,12,A,0.59,0.5,0.5,15,A,14,S
PEUGEOT,3008,2,2017-2019,8.0,3,"90,000-150,000 DKK",124102,137606,4,6.5,False,True,28065,0.9364,96037,True,71650,21190,17170,206047,31700,16925,0.675,0.6684,0.8805,11023.109243697478,3260.0,0.4838,False,True,4575,113209,696,False,0.5042,global,0,,high,,False,False,,False,True,-1.1425,0.0047,2,high,82,C,0.2475,0.5,0.5,95,D,279,B
PEUGEOT,3008,3,2014-2016,11.0,2,"50,000-90,000 DKK",62214,183720,4,3.5,True,True,27974,0.9334,34240,True,42952,10220,15167,102579,29308,19526,0.5645,0.5477,1.4445,12272.058823529414,2920.0,0.4481,False,True,791,115672,696,False,0.4502,global,0,,high,,False,False,,False,True,-1.2024,0.0619,2,high,105,C,0.256,0.5,0.5,117,D,394,C
PEUGEOT,3008,4,2010-2013,14.5,1,"Up to 50,000 DKK",29971,212462,,,,False,,,,False,,,,,23942,23942,0.5084,0.4946,1.8656,13385.20408163265,4960.0,0.3286,False,True,1130,38282,696,False,0.4502,global,0,,high,,False,False,,False,True,-1.0056,0.2745,2,high,152,C,0.1488,0.5,0.5,162,D,488,D
SKODA,FABIA COMBI,1,2020-2022,5.0,2,"50,000-90,000 DKK",63529,86215,3,6.0,False,True,34788,1.022,28741,True,68277,9600,5747,112365,18728,13937,0.8113,0.8241,0.3193,11379.545454545456,1600.0,0.5356,False,True,4,187204,25,False,0.4502,global,0,,low,,True,True,insufficient_dk_fleet,False,False,-0.6232,,1,medium,,,,,,,,,
SKODA,FABIA COMBI,2,2017-2019,8.0,1,"Up to 50,000 DKK",44275,137606,4,6.5,False,True,23911,0.9364,20364,True,71686,10400,9563,112013,17233,14100,0.7501,0.7677,0.4904,11028.634361233482,1600.0,0.3848,False,True,35,206097,25,False,0.4502,global,0,,low,,True,True,insufficient_dk_fleet,False,False,-0.1737,0.8755,2,medium,,,,,,,,,
SKODA,FABIA COMBI,3,2014-2016,11.0,1,"Up to 50,000 DKK",34039,183720,4,3.5,True,True,23834,0.9334,10205,True,45637,6160,8139,70140,20040,17124,0.6775,0.6963,0.7751,13039.062500000002,1760.0,0.4818,False,True,1633,174709,25,False,0.4502,global,0,,low,,False,False,,False,False,0.1758,0.7943,2,medium,97,B,0.5506,0.5,0.5,66,B,294,B
SKODA,FABIA COMBI,4,2010-2013,14.5,1,"Up to 50,000 DKK",25535,212462,,,,False,,,,False,,,,,18941,18941,0.5603,0.5751,1.3808,13039.062500000002,1760.0,0.4224,False,True,6407,180813,25,False,0.4502,global,0,,low,,False,False,,False,False,-0.3633,0.2036,2,high,71,B,0.5268,0.5,0.5,77,B,365,B
MAZDA,MAZDA2,1,2020-2022,5.0,4,"150,000-250,000 DKK",165416,86215,3,6.0,False,True,95433,1.022,69983,True,59628,8402,5461,143475,23913,12249,0.8428,0.8593,0.3034,9938.0409,1400.4036,0.5221,False,True,892,91325,559,True,0.5042,brand_pooled,0,,low,,False,False,,False,False,0.1047,,1,medium,3,S,0.6,0.5,0.5,14,A,58,A
MAZDA,MAZDA2,2,2017-2019,8.0,3,"90,000-150,000 DKK",128694,137606,4,6.5,False,True,46838,0.9364,81856,True,73302,9879,10813,175849,27054,14461,0.7319,0.7641,0.5545,11277.2293,1519.8023,0.5465,False,True,2630,106567,559,True,0.5042,brand_pooled,0,,low,,False,False,,False,False,-0.4142,,1,medium,55,B,0.4293,0.5,0.5,61,B,150,A
MAZDA,MAZDA2,3,2014-2016,11.0,3,"90,000-150,000 DKK",93377,183720,4,3.5,True,True,46687,0.9334,46690,True,41133,3220,11153,102196,29199,15859,0.5879,0.6287,1.0622,11752.2048,920.0,0.6118,False,True,3027,118423,559,True,0.5042,brand_pooled,0,,low,,False,False,,False,False,-0.9267,,1,medium,67,B,0.4545,0.5,0.5,56,B,219,B
MAZDA,MAZDA2,4,2010-2013,14.5,2,"50,000-90,000 DKK",50019,212462,,,,False,,,,False,,,,,19135,19135,0.5252,0.5519,1.6285,12706.8726,1542.6942,0.5472,False,True,3823,131257,559,True,0.4502,brand_pooled,0,,low,,False,False,,False,False,-0.8155,,1,medium,18,A,0.716,0.5,0.5,12,S,372,B
FORD,MONDEO,1,2020-2022,5.0,3,"90,000-150,000 DKK",113065,86215,3,6.0,False,True,56225,1.022,56840,True,71550,27840,6397,162627,27105,17631,0.8651,0.8402,0.3554,11925.0,4640.0,0.6523,False,True,451,99610,836,False,0.5042,global,0,,high,,False,False,,False,True,0.6954,,1,medium,56,B,0.5808,0.5,0.5,30,A,316,B
FORD,MONDEO,2,2017-2019,8.0,2,"50,000-90,000 DKK",88609,137606,4,6.5,False,True,32305,0.9364,56304,True,83592,30160,12000,182056,28009,19346,0.8099,0.7645,0.6154,12860.29411764706,4640.0,0.6517,False,True,2581,170752,836,False,0.5042,global,0,,high,,False,False,,False,True,0.7828,0.4033,2,high,100,C,0.5,0.5,0.5,64,B,383,C
FORD,MONDEO,3,2014-2016,11.0,2,"50,000-90,000 DKK",55014,183720,4,3.5,True,True,32201,0.9334,22813,True,45011,13860,11458,93142,26612,20094,0.6967,0.6497,1.0912,12860.29411764706,3960.0,0.6724,False,True,1711,179621,836,False,0.4502,global,0,,high,,False,False,,False,True,0.4491,0.0448,2,high,92,C,0.56,0.5,0.5,41,B,408,C
FORD,MONDEO,4,2010-2013,14.5,1,"Up to 50,000 DKK",34499,212462,,,,False,,,,False,,,,,22477,22477,0.6151,0.5756,1.5522,12860.29411764706,4960.0,0.5197,False,True,883,233319,836,False,0.4502,global,0,,high,,False,False,,False,True,0.3681,0.0546,2,high,137,C,0.497,0.5,0.5,99,B,465,C
MAZDA,MAZDA6,1,2020-2022,5.0,4,"150,000-250,000 DKK",166106,86215,3,6.0,False,True,88331,1.022,77775,True,85834,19560,6379,189549,31591,18629,0.8455,0.8345,0.3544,14305.714285714286,3260.0,0.6977,False,True,97,48336,559,True,0.4807,own_cell,5,0.1815,high,,False,False,,False,False,0.1724,,1,medium,23,B,0.63,0.5,0.5,10,A,355,B
MAZDA,MAZDA6,2,2017-2019,8.0,3,"90,000-150,000 DKK",126866,137606,4,6.5,False,True,32410,0.9364,94456,True,97442,21190,11985,225072,34627,20095,0.7736,0.7524,0.6146,14991.017964071858,3260.0,0.7346,False,True,1347,69498,559,True,0.4652,own_cell,5,0.1498,high,,False,False,,False,False,0.1839,,1,medium,88,C,0.5303,0.5,0.5,44,B,409,C
MAZDA,MAZDA6,3,2014-2016,11.0,2,"50,000-90,000 DKK",86428,183720,4,3.5,True,True,32305,0.9334,54123,True,52469,9030,12384,128005,36573,21109,0.6796,0.6473,1.1794,14991.017964071858,2580.0,0.7513,False,True,1402,54563,559,True,0.4264,own_cell,5,0.3555,medium,,False,False,,False,True,0.2311,0.1783,2,high,125,D,0.472,0.5,0.5,72,B,439,C
MAZDA,MAZDA6,4,2010-2013,14.5,1,"Up to 50,000 DKK",34611,212462,,,,False,,,,False,,,,,25911,25911,0.588,0.5669,1.8477,16048.076923076924,4320.0,0.6683,False,True,1866,57890,559,True,0.2692,own_cell,5,0.5352,medium,,False,False,,False,False,-0.0108,0.2629,2,high,163,D,0.4911,0.5,0.5,104,B,509,D
SEAT,TOLEDO,2,2017-2019,8.0,1,"Up to 50,000 DKK",42696,137606,4,6.5,False,True,27750,0.9364,14946,True,78234,9880,16606,119666,18410,16111,0.734,0.6949,0.8516,12036.057692307691,1520.0,0.6317,False,True,760,9467,74,False,0.4502,global,0,,medium,,False,False,,False,False,-0.3856,,1,medium,65,B,0.7738,0.5,0.5,5,S,233,B
SEAT,TOLEDO,3,2014-2016,11.0,1,"Up to 50,000 DKK",38063,183720,4,3.5,True,True,27661,0.9334,10402,True,42952,3220,11167,67741,19355,16383,0.682,0.6532,1.0635,12272.058823529414,920.0,0.629,False,True,1548,3858,74,False,0.4502,global,0,,medium,,False,False,,False,False,0.2528,,1,medium,79,B,0.7292,0.5,0.5,9,S,250,B
SEAT,TOLEDO,4,2010-2013,14.5,1,"Up to 50,000 DKK",29635,212462,,,,False,,,,False,,,,,20649,20649,0.5117,0.4898,2.0386,12772.959183673469,1760.0,0.65,True,False,268,984,74,False,0.4502,global,0,,medium,,True,True,reliability_unstable,False,False,,,,,,,,,,,,,
FORD,MONDEO STATIONCAR,1,2020-2022,5.0,3,"90,000-150,000 DKK",99454,86215,3,6.0,False,True,57768,1.022,41686,True,75018,30840,6397,153941,25657,18709,0.8651,0.8402,0.3554,12503.063725490196,5140.0,0.596,False,True,2,99610,207,False,0.5042,global,0,,high,,True,True,insufficient_dk_fleet,False,True,0.6954,,1,medium,,,,,,,,,
FORD,MONDEO STATIONCAR,2,2017-2019,8.0,3,"90,000-150,000 DKK",93777,137606,4,6.5,False,True,33516,0.9364,60261,True,81984,27950,12000,182196,28030,18759,0.8099,0.7645,0.6154,12612.980769230766,4300.0,0.5353,False,True,16,170752,207,False,0.5042,global,0,,high,,True,True,insufficient_dk_fleet,False,True,0.7828,0.4033,2,high,,,,,,,,,
FORD,MONDEO STATIONCAR,3,2014-2016,11.0,2,"50,000-90,000 DKK",56524,183720,4,3.5,True,True,33408,0.9334,23116,True,45011,17360,11458,96945,27699,21094,0.6967,0.6497,1.0912,12860.29411764706,4960.0,0.6006,False,True,35,179621,207,False,0.4502,global,0,,high,,True,True,insufficient_dk_fleet,False,True,0.4491,0.0448,2,high,,,,,,,,,
FORD,MONDEO STATIONCAR,4,2010-2013,14.5,1,"Up to 50,000 DKK",35792,212462,,,,False,,,,False,,,,,25293,25293,0.6151,0.5756,1.5522,14656.424581005585,5980.0,0.554,False,True,2391,233319,207,False,0.4502,global,0,,high,,False,False,,False,True,0.3681,0.0546,2,high,160,D,0.4554,0.5,0.5,117,B,505,D
HONDA,CR-V,1,2020-2022,5.0,4,"150,000-250,000 DKK",231224,86215,3,6.0,False,True,114879,1.022,116345,True,89411,19560,4522,229838,38306,18915,0.8927,0.8927,0.2512,14901.785714285714,3260.0,0.4752,False,True,188,116770,459,False,0.5042,global,0,,high,,False,False,,True,False,1.5538,,1,medium,42,C,0.16,0.5,0.5,50,D,363,B
HONDA,CR-V,2,2017-2019,8.0,4,"150,000-250,000 DKK",161007,137606,4,6.5,False,True,61708,0.9364,99299,True,81364,23400,8588,212650,32715,17439,0.851,0.8466,0.4404,12517.500000000002,3600.0,0.4868,False,True,620,164910,459,False,0.5042,global,0,,high,,False,False,,False,False,1.5563,0.2555,2,high,27,B,0.32,0.5,0.5,43,C,310,B
HONDA,CR-V,3,2014-2016,11.0,3,"90,000-150,000 DKK",112404,183720,4,3.5,True,True,61509,0.9334,50895,True,46848,17360,7970,123073,35164,20622,0.7871,0.7769,0.759,13385.20408163265,4960.0,0.5628,False,True,973,144194,459,False,0.5042,global,0,,high,,False,False,,False,True,1.8498,0.4253,2,high,90,C,0.2727,0.5,0.5,92,D,427,C
HONDA,CR-V,4,2010-2013,14.5,2,"50,000-90,000 DKK",65899,212462,,,,False,,,,False,,,,,32016,32016,0.6858,0.6458,1.5652,20520.49180327869,6800.0,0.5945,False,True,566,175768,459,False,0.4502,global,0,,high,,False,False,,False,False,1.3687,0.1457,2,high,117,D,0.36,0.5,0.5,100,C,530,D
KIA,Stonic,1,2020-2022,5.0,3,"90,000-150,000 DKK",107042,86215,3,,False,True,,,,False,,,,,13456,13456,0.852,0.8646,0.2267,11176.339285714288,1600.0,0.5032,False,True,829,47837,117,False,0.5042,global,0,,high,,True,False,no_exit_band_data,False,False,0.3394,,1,medium,,,,,,,,104,A
KIA,Stonic,2,2017-2019,8.0,3,"90,000-150,000 DKK",93275,137606,4,,False,True,,,,False,,,,,15016,15016,0.8139,0.8362,0.2994,12517.500000000002,1600.0,0.4506,False,True,1305,2973,117,False,0.5042,global,0,,high,,True,False,no_exit_band_data,False,False,0.8414,,1,medium,,,,,,,,182,B
MERCEDES-BENZ,GLA,1,2020-2022,5.0,4,"150,000-250,000 DKK",246748,86215,3,6.0,False,True,147889,1.022,98859,True,52156,7680,8528,167224,27871,11394,0.8607,0.8644,0.4738,8692.708333333334,1280.0,0.492,False,True,1240,157652,194,False,0.5042,global,0,,high,,False,False,,False,False,0.5727,,1,medium,13,A,0.47,0.5,0.5,31,B,48,S
MERCEDES-BENZ,GLA,2,2017-2019,8.0,4,"150,000-250,000 DKK",170024,137606,4,,False,True,,,,False,,,,,20542,20542,0.799,0.8002,0.8519,14726.470588235296,3260.0,0.7131,False,True,362,85299,194,False,0.5042,global,0,,high,,True,False,no_exit_band_data,False,False,0.587,,1,medium,,,,,,,,424,C
MERCEDES-BENZ,GLA,3,2014-2016,11.0,3,"90,000-150,000 DKK",144703,183720,4,,True,True,,,,False,,,,,19469,19469,0.7698,0.7761,1.0547,13385.20408163265,2920.0,0.7246,False,True,229,8307,194,False,0.5042,global,0,,high,,True,False,no_exit_band_data,False,True,1.5379,,1,medium,,,,,,,,387,C
BMW,2-Serie,1,2020-2022,5.0,5,"Above 250,000 DKK",259896,86215,3,6.0,False,True,106360,1.022,153536,True,70854,9600,8494,242484,40414,14825,0.856,0.8583,0.4719,11808.962264150945,1600.0,0.3927,False,True,317,213728,261,False,0.5042,global,0,,high,,False,False,,False,False,0.4329,0.2394,2,high,10,B,0.4286,0.5,0.5,21,B,166,B
BMW,2-Serie,2,2017-2019,8.0,3,"90,000-150,000 DKK",145930,137606,4,,False,True,,,,False,,,,,16842,16842,0.807,0.8099,0.7015,11817.567567567568,2920.0,0.605,False,True,667,147668,261,False,0.5042,global,0,,high,,True,False,no_exit_band_data,False,False,0.6707,1.2498,2,low,,,,,,,,271,B
BMW,2-Serie,3,2014-2016,11.0,3,"90,000-150,000 DKK",104069,183720,4,,True,True,,,,False,,,,,17671,17671,0.7596,0.7639,0.9779,11817.567567567568,2920.0,0.6668,False,True,790,13126,261,False,0.5042,global,0,,high,,True,False,no_exit_band_data,False,True,1.3739,,1,medium,,,,,,,,320,B
FIAT,Punto S7,2,2017-2019,8.0,1,"Up to 50,000 DKK",33603,137606,4,6.5,False,True,23700,0.9364,9903,True,61874,5980,20884,98641,15175,13652,0.5967,0.618,1.071,9519.011406844107,920.0,0.3862,False,True,128,33713,575,True,0.2327,own_cell,4,0.2652,medium,,False,False,,False,False,-2.0462,,1,medium,13,S,0.6518,0.5,0.5,28,A,110,A
FIAT,Punto S7,3,2014-2016,11.0,1,"Up to 50,000 DKK",27886,183720,4,3.5,True,True,23624,0.9334,4262,True,33317,3220,13459,54257,15502,14284,0.5573,0.5688,1.2818,9519.011406844107,920.0,0.3804,False,True,1025,64779,575,True,0.2597,own_cell,5,0.2255,high,,False,False,,False,False,-1.2885,,1,medium,16,S,0.622,0.5,0.5,38,A,140,A
FIAT,Punto S7,4,2010-2013,14.5,1,"Up to 50,000 DKK",25310,212462,,,,False,,,,False,,,,,17204,17204,0.5148,0.5306,1.6416,10518.90756302521,1760.0,0.3893,False,True,537,98208,575,True,0.3489,own_cell,5,0.3531,medium,,False,False,,False,False,-0.95,,1,medium,40,A,0.5804,0.5,0.5,48,A,299,B
VOLKSWAGEN,CALIFORNIA,1,2020-2022,5.0,5,"Above 250,000 DKK",667613,86215,3,6.0,False,True,416286,1.022,251327,True,102882,52560,5695,412465,68744,26856,0.8412,0.8561,0.3164,17147.05882352941,8760.0,0.1958,False,True,841,12571,71,False,0.5042,global,0,,medium,,False,False,,False,True,0.0651,,1,medium,27,C,0.0893,0.5,0.5,29,D,517,D
VOLKSWAGEN,CALIFORNIA,2,2017-2019,8.0,5,"Above 250,000 DKK",505713,137606,4,6.5,False,True,381415,0.9364,124298,True,114448,59670,9520,307936,47375,28252,0.7855,0.8037,0.4882,17607.38255033557,9180.0,0.1934,False,True,422,10025,71,False,0.5042,global,0,,medium,,False,False,,False,True,0.3684,,1,medium,17,B,0.2321,0.5,0.5,26,C,527,D
VOLKSWAGEN,CALIFORNIA,3,2014-2016,11.0,5,"Above 250,000 DKK",407318,183720,4,3.5,True,True,380184,0.9334,27134,True,58861,28280,6927,121201,34629,26876,0.7345,0.7613,0.6597,16817.30769230769,8080.0,0.1918,False,True,71,6251,71,False,0.5042,global,0,,medium,,False,False,,False,True,0.9893,,1,medium,4,A,0.4464,0.5,0.5,19,B,518,D
VOLKSWAGEN,CALIFORNIA,4,2010-2013,14.5,5,"Above 250,000 DKK",407318,212462,,,,False,,,,False,,,,,32626,32626,0.6917,0.7219,0.8635,19875.0,10160.0,0.1937,False,True,53,2276,71,False,0.5042,global,0,,medium,,False,False,,False,True,1.4664,,1,low,2,S,0.5179,0.5,0.5,13,B,531,D
VOLKSWAGEN,POLO,1,2020-2022,5.0,3,"90,000-150,000 DKK",97605,86215,3,6.0,False,True,37149,1.022,60456,True,68277,9120,9290,147143,24524,14448,0.7919,0.8048,0.5161,11379.545454545456,1520.0,0.3585,False,True,5889,487075,852,False,0.5042,global,0,,high,,False,False,,False,False,-1.0114,0.9267,2,medium,36,B,0.3939,0.5,0.5,71,C,148,A
VOLKSWAGEN,POLO,2,2017-2019,8.0,2,"50,000-90,000 DKK",53214,137606,4,6.5,False,True,22451,0.9364,30763,True,71060,9880,14734,126437,19452,14719,0.7082,0.7279,0.7556,10932.314410480352,1520.0,0.3741,False,True,13835,549602,852,False,0.4502,global,0,,high,,False,False,,False,False,-0.7283,0.0872,2,high,21,A,0.512,0.5,0.5,60,B,160,A
VOLKSWAGEN,POLO,3,2014-2016,11.0,1,"Up to 50,000 DKK",36349,183720,4,3.5,True,True,22379,0.9334,13970,True,41137,3220,13651,71979,20565,16574,0.6063,0.6271,1.3001,11753.521126760563,920.0,0.5194,False,True,13376,467717,852,False,0.4502,global,0,,high,,False,False,,False,False,-0.717,0.6011,2,medium,110,B,0.5744,0.5,0.5,51,A,259,B
VOLKSWAGEN,POLO,4,2010-2013,14.5,1,"Up to 50,000 DKK",23976,212462,,,,False,,,,False,,,,,20753,20753,0.5251,0.545,2.0068,12772.959183673469,1960.0,0.4933,False,True,11233,453217,852,False,0.4502,global,0,,high,,False,False,,False,True,-0.8135,0.1473,2,high,111,B,0.5268,0.5,0.5,78,B,430,C
FORD,FOCUS,1,2020-2022,5.0,3,"90,000-150,000 DKK",110530,86215,3,6.0,False,True,40011,1.022,70519,True,62872,9621,5510,148522,24754,13001,0.8434,0.8396,0.3061,10478.7023,1603.5348,0.4324,False,True,2614,636311,1674,False,0.5042,global,0,,high,,False,False,,False,False,0.1161,0.2329,2,high,37,B,0.4394,0.5,0.5,59,B,88,A
FORD,FOCUS,2,2017-2019,8.0,2,"50,000-90,000 DKK",59076,137606,4,6.5,False,True,24485,0.9364,34591,True,76476,10400,11068,132535,20390,15068,0.7517,0.7412,0.5676,11765.5916,1600.0,0.4833,False,True,7818,836756,1674,False,0.4502,global,0,,high,,False,False,,False,False,-0.137,0.3399,2,high,33,A,0.596,0.5,0.5,34,A,184,B
FORD,FOCUS,3,2014-2016,11.0,1,"Up to 50,000 DKK",39149,183720,4,3.5,True,True,24406,0.9334,14743,True,42126,4227,10701,71797,20513,16301,0.6391,0.6261,1.0191,12036.0577,1207.7492,0.4953,False,True,6793,815540,1674,False,0.4502,global,0,,high,,False,False,,False,False,-0.3013,0.0014,2,high,109,B,0.5357,0.5,0.5,72,B,246,B
FORD,FOCUS,4,2010-2013,14.5,1,"Up to 50,000 DKK",26148,212462,,,,False,,,,False,,,,,18323,18323,0.5802,0.5706,1.4415,12031.8974,1966.4865,0.4985,False,True,2072,852885,1674,False,0.4502,global,0,,high,,False,False,,False,False,-0.0984,0.1092,2,high,64,B,0.6815,0.5,0.5,19,A,346,B
RENAULT,MEGANE,1,2020-2022,5.0,3,"90,000-150,000 DKK",101929,86215,3,6.0,False,True,38020,1.022,63909,True,44179,7200,9274,124562,20760,10109,0.7717,0.759,0.5152,7363.235294117648,1200.0,0.247,False,True,1293,39000,1147,False,0.5042,global,0,,high,,False,False,,True,False,-1.4165,,1,medium,10,S,0.4646,0.5,0.5,52,B,31,S
RENAULT,MEGANE,2,2017-2019,8.0,2,"50,000-90,000 DKK",61823,137606,4,6.5,False,True,21739,0.9364,40084,True,63158,15860,21676,140779,21658,15491,0.6244,0.6,1.1116,9716.666666666666,2440.0,0.474,False,True,3469,76421,1147,False,0.4502,global,0,,high,,False,False,,False,True,-1.7357,,1,medium,47,B,0.528,0.5,0.5,53,B,205,B
RENAULT,MEGANE,3,2014-2016,11.0,1,"Up to 50,000 DKK",37201,183720,4,3.5,True,True,21669,0.9334,15532,True,32106,6860,16829,71328,20379,15941,0.5295,0.5126,1.6028,9173.076923076922,1960.0,0.3053,False,True,2940,127161,1147,False,0.4502,global,0,,high,,False,False,,False,True,-1.6128,,1,medium,103,B,0.2679,0.5,0.5,153,C,223,B
RENAULT,MEGANE,4,2010-2013,14.5,1,"Up to 50,000 DKK",23215,212462,,,,False,,,,False,,,,,17119,17119,0.4892,0.4829,1.9954,9173.076923076922,1960.0,0.4158,False,True,1575,141135,1147,False,0.4502,global,0,,high,,False,False,,False,True,-1.2805,,1,medium,38,A,0.6161,0.5,0.5,40,A,292,B
VOLKSWAGEN,GOLF VARIANT,1,2020-2022,5.0,3,"90,000-150,000 DKK",120365,86215,3,6.0,False,True,54710,1.022,65655,True,69542,9600,4874,149672,24945,14003,0.8795,0.875,0.2708,11590.277777777777,1600.0,0.637,False,True,413,693637,800,False,0.5042,global,0,,high,,False,False,,False,False,1.1221,,1,medium,40,B,0.6212,0.5,0.5,25,A,119,A
VOLKSWAGEN,GOLF VARIANT,2,2017-2019,8.0,2,"50,000-90,000 DKK",84206,137606,4,6.5,False,True,32105,0.9364,52101,True,69888,21970,8280,152239,23421,15406,0.8319,0.8226,0.4246,10752.04918032787,3380.0,0.4828,False,True,27,760031,800,False,0.5042,global,0,,high,,True,True,insufficient_dk_fleet,False,True,1.1707,,1,medium,,,,,,,,,
VOLKSWAGEN,GOLF VARIANT,3,2014-2016,11.0,2,"50,000-90,000 DKK",53531,183720,4,3.5,True,True,32001,0.9334,21530,True,43811,6160,9048,80549,23014,16863,0.7319,0.713,0.8617,12517.500000000002,1760.0,0.6056,False,True,1636,644906,800,False,0.4502,global,0,,high,,False,False,,False,False,0.9509,,1,medium,64,B,0.6,0.5,0.5,32,A,276,B
VOLKSWAGEN,GOLF VARIANT,4,2010-2013,14.5,1,"Up to 50,000 DKK",34285,212462,,,,False,,,,False,,,,,20380,20380,0.6312,0.6072,1.6476,12517.500000000002,2920.0,0.4744,False,True,1389,702042,800,False,0.4502,global,0,,high,,False,False,,False,True,0.5929,,1,medium,104,B,0.5208,0.5,0.5,80,B,416,C
CITROËN,BERLINGO,1,2020-2022,5.0,4,"150,000-250,000 DKK",152031,86215,3,6.0,False,True,41599,1.022,110432,True,60080,20280,17294,208086,34681,16276,0.7084,0.6666,0.9608,10013.358778625954,3380.0,0.2827,False,True,457,164898,91,False,0.5042,global,0,,medium,,False,False,,False,True,-2.5058,,1,medium,34,B,0.19,0.5,0.5,49,D,243,B
CITROËN,BERLINGO,2,2017-2019,8.0,2,"50,000-90,000 DKK",79351,137606,4,6.5,False,True,26883,0.9364,52468,True,69888,21970,26214,170540,26237,18165,0.6156,0.5759,1.3443,10752.04918032787,3380.0,0.2611,False,True,521,170874,91,False,0.5042,global,0,,medium,,False,False,,False,True,-1.8352,,1,medium,89,B,0.164,0.5,0.5,123,D,338,B
CITROËN,BERLINGO,3,2014-2016,11.0,1,"Up to 50,000 DKK",40703,183720,4,3.5,True,True,26797,0.9334,13906,True,40450,10220,17342,81919,23405,19432,0.5578,0.5295,1.6516,11557.268722466959,2920.0,0.2611,False,True,633,127260,91,False,0.4502,global,0,,medium,,False,False,,False,True,-1.2827,,1,medium,147,C,0.1042,0.5,0.5,164,D,386,C
CITROËN,BERLINGO,4,2010-2013,14.5,1,"Up to 50,000 DKK",28709,212462,,,,False,,,,False,,,,,24432,24432,0.5318,0.513,1.8638,13880.952380952382,4960.0,0.3144,False,True,928,114153,91,False,0.4502,global,0,,medium,,False,False,,False,True,-0.7301,,1,medium,155,D,0.122,0.5,0.5,163,D,494,D
MITSUBISHI,ASX,1,2020-2022,5.0,4,"150,000-250,000 DKK",172016,86215,3,6.0,False,True,64933,1.022,107083,True,89975,22260,5753,225071,37512,19665,0.8587,0.8611,0.3196,14995.857245337162,3710.0,0.7164,False,True,2,30442,122,False,0.5042,global,0,,high,,True,True,insufficient_dk_fleet,False,False,0.518,,1,medium,,,,,,,,,
MITSUBISHI,ASX,2,2017-2019,8.0,3,"90,000-150,000 DKK",109141,137606,4,6.5,False,True,42928,0.9364,66213,True,92987,21190,12548,192939,29683,19496,0.7772,0.7725,0.6435,14305.714285714286,3260.0,0.5761,False,True,631,42309,122,False,0.5042,global,0,,high,,False,False,,False,False,0.2389,,1,medium,71,C,0.404,0.5,0.5,69,B,392,C
MITSUBISHI,ASX,3,2014-2016,11.0,2,"50,000-90,000 DKK",63534,183720,4,3.5,True,True,42789,0.9334,20745,True,50070,9030,11530,91375,26107,20180,0.7058,0.6857,1.0981,14305.714285714286,2580.0,0.5761,False,True,1428,28271,122,False,0.4502,global,0,,high,,False,False,,False,False,0.68,0.4145,2,high,88,B,0.448,0.5,0.5,81,B,411,C
MITSUBISHI,ASX,4,2010-2013,14.5,1,"Up to 50,000 DKK",45843,212462,,,,False,,,,False,,,,,21746,21746,0.6557,0.6283,1.5369,14555.232558139538,2580.0,0.58,False,True,45,7476,122,False,0.4502,global,0,,high,,True,True,insufficient_dk_fleet,False,True,1.0784,0.3133,2,high,,,,,,,,,
TOYOTA,Yaris Cross,1,2020-2022,5.0,3,"90,000-150,000 DKK",99971,86215,3,,False,True,,,,False,,,,,11046,11046,,0.9288,0.153,9306.691449814129,1280.0,0.2692,True,False,1939,267,409,False,0.5042,global,0,,high,,True,True,no_exit_band_data,True,False,,,,,,,,,,,,,
VOLVO,V50,4,2010-2013,14.5,1,"Up to 50,000 DKK",24633,212462,,,,False,,,,False,,,,,19362,19362,0.592,0.5488,2.1112,10248.046874999998,2780.0,0.386,False,True,1331,70312,323,False,0.4502,global,0,,high,,False,False,,False,True,0.0389,0.154,2,high,80,B,0.4494,0.5,0.5,120,C,385,C
VOLKSWAGEN,UP!,1,2020-2022,5.0,2,"50,000-90,000 DKK",64654,86215,3,6.0,False,True,29618,1.022,35036,True,60084,8400,5843,109363,18227,12388,0.8147,0.8506,0.3246,10014.0,1400.0,0.2343,False,True,2170,126225,172,False,0.4502,global,0,,high,,False,False,,False,False,-0.5495,,1,medium,13,S,0.456,0.5,0.5,78,B,64,A
VOLKSWAGEN,UP!,2,2017-2019,8.0,1,"Up to 50,000 DKK",36688,137606,4,6.5,False,True,23389,0.9364,13299,True,66692,9100,9461,98552,15162,13116,0.7483,0.7955,0.4852,10260.245901639346,1400.0,0.2362,False,True,15121,193174,172,False,0.4502,global,2,0.2941,high,,False,False,,False,False,-0.187,,1,medium,12,S,0.4762,0.5,0.5,110,B,94,A
VOLKSWAGEN,UP!,3,2014-2016,11.0,1,"Up to 50,000 DKK",28980,183720,4,3.5,True,True,23313,0.9334,5667,True,35911,3220,6324,51122,14606,12987,0.7068,0.763,0.6023,10260.245901639346,920.0,0.2401,False,True,23625,128355,172,False,0.4502,global,0,,high,,False,False,,False,False,0.5427,1.4065,2,low,7,S,0.503,0.5,0.5,96,B,87,A
VOLKSWAGEN,UP!,4,2010-2013,14.5,1,"Up to 50,000 DKK",24977,212462,,,,False,,,,False,,,,,13409,13409,0.6658,0.7177,0.743,10260.245901639346,920.0,0.2582,False,True,21688,4818,172,False,0.4502,global,0,,high,,False,False,,False,False,1.083,,1,medium,2,S,0.5298,0.5,0.5,76,B,102,A
VOLVO,V60,1,2020-2022,5.0,4,"150,000-250,000 DKK",200688,86215,3,6.0,False,True,66537,1.022,134151,True,45381,5520,8285,193337,32223,9864,0.848,0.8302,0.4603,7563.4441087613295,920.0,0.6836,False,True,1876,43623,439,False,0.5042,global,0,,high,,False,False,,False,False,0.4582,0.9239,2,medium,24,B,0.59,0.5,0.5,16,A,29,S
VOLVO,V60,2,2017-2019,8.0,3,"90,000-150,000 DKK",116517,137606,4,6.5,False,True,40156,0.9364,76361,True,71350,23400,13826,184937,28452,16704,0.7994,0.7629,0.709,10976.987447698744,3600.0,0.6711,False,True,1721,41525,439,False,0.5042,global,0,,high,,False,False,,False,True,0.6921,0.8817,2,medium,63,B,0.5758,0.5,0.5,32,B,264,B
VOLVO,V60,3,2014-2016,11.0,2,"50,000-90,000 DKK",65104,183720,4,3.5,True,True,40026,0.9334,25078,True,39409,10220,10446,85153,24329,17164,0.737,0.7001,0.9949,11259.656652360512,2920.0,0.6838,False,True,1071,35876,439,False,0.4502,global,0,,high,,False,False,,False,True,1.193,0.5723,2,medium,75,B,0.644,0.5,0.5,23,A,297,B
VOLVO,V60,4,2010-2013,14.5,1,"Up to 50,000 DKK",42883,212462,,,,False,,,,False,,,,,19494,19494,0.7039,0.6727,1.2389,11817.567567567568,3960.0,0.5148,False,True,1002,5964,439,False,0.4502,global,0,,high,,False,False,,False,True,1.9191,0.5879,2,medium,82,B,0.6458,0.5,0.5,31,A,391,C
TOYOTA,RAV4,1,2020-2022,5.0,5,"Above 250,000 DKK",252272,86215,3,6.0,False,True,120292,1.022,131980,True,62849,9120,4541,208490,34748,12752,0.8803,0.8778,0.2523,10474.895397489541,1520.0,0.6766,False,True,1354,95960,511,False,0.5042,global,0,,high,,False,False,,True,False,1.0674,0.2398,2,high,5,A,0.7857,0.5,0.5,1,S,75,A
TOYOTA,RAV4,2,2017-2019,8.0,4,"150,000-250,000 DKK",175601,137606,4,6.5,False,True,58667,0.9364,116934,True,79768,10400,7880,214983,33074,15084,0.8279,0.8224,0.4041,12272.058823529414,1600.0,0.5187,False,True,2737,68420,511,False,0.5042,global,0,,high,,False,False,,True,False,0.8867,1.0706,2,low,29,B,0.33,0.5,0.5,42,C,185,B
TOYOTA,RAV4,3,2014-2016,11.0,3,"90,000-150,000 DKK",117701,183720,4,3.5,True,True,58477,0.9334,59224,True,45011,13860,6135,124230,35494,18573,0.7817,0.7747,0.5843,12860.29411764706,3960.0,0.4922,False,True,702,27467,511,False,0.5042,global,0,,high,,False,False,,True,True,1.625,0.3334,2,high,92,D,0.202,0.5,0.5,97,D,352,B
TOYOTA,RAV4,4,2010-2013,14.5,2,"50,000-90,000 DKK",62651,212462,,,,False,,,,False,,,,,25287,25287,0.649,0.629,1.1791,15709.580838323353,6040.0,0.4976,False,True,122,36490,511,False,0.4502,global,0,,high,,False,False,,False,True,0.9208,0.3087,2,high,85,B,0.404,0.5,0.5,93,C,504,D
BMW,1-Serie,1,2020-2022,5.0,4,"150,000-250,000 DKK",173194,86215,3,6.0,False,True,87459,1.022,85735,True,68277,9600,9176,172789,28798,14509,0.8573,0.8517,0.5098,11379.545454545456,1600.0,0.5225,False,True,537,333433,291,False,0.5042,global,0,,high,,False,False,,False,False,0.4801,,1,medium,14,A,0.5,0.5,0.5,27,B,152,A
BMW,1-Serie,2,2017-2019,8.0,3,"90,000-150,000 DKK",124242,137606,4,6.5,False,True,38618,0.9364,85624,True,71350,18980,16635,192590,29629,16456,0.7964,0.7818,0.8531,10976.987447698744,2920.0,0.6656,False,True,1961,386176,291,False,0.5042,global,0,,high,,False,False,,False,False,0.5441,,1,medium,69,B,0.5354,0.5,0.5,39,B,252,B
BMW,1-Serie,3,2014-2016,11.0,2,"50,000-90,000 DKK",85575,183720,4,3.5,True,True,38494,0.9334,47081,True,37632,9730,14722,109166,31190,17738,0.7193,0.7016,1.4021,10752.04918032787,2780.0,0.7068,False,True,925,346722,291,False,0.5042,global,0,,high,,False,False,,False,True,0.7492,1.0406,2,low,112,C,0.504,0.5,0.5,62,B,326,B
BMW,1-Serie,4,2010-2013,14.5,1,"Up to 50,000 DKK",41241,212462,,,,False,,,,False,,,,,19572,19572,0.6738,0.6564,1.8762,11023.109243697478,2920.0,0.5238,False,True,682,278804,291,False,0.4502,global,0,,high,,False,False,,False,True,1.1774,0.888,2,medium,85,B,0.6577,0.5,0.5,25,A,397,C
HYUNDAI,Tucson,1,2020-2022,5.0,4,"150,000-250,000 DKK",186900,86215,3,6.0,False,True,89924,1.022,96976,True,41494,5520,5101,149092,24849,8686,0.8405,0.8406,0.2834,6915.745856353591,920.0,0.5557,False,True,2128,257700,596,False,0.5042,global,0,,high,,False,False,,True,False,0.0478,,1,medium,6,S,0.61,0.5,0.5,11,A,16,S
HYUNDAI,Tucson,2,2017-2019,8.0,3,"90,000-150,000 DKK",136260,137606,4,,False,True,,,,False,,,,,18284,18284,0.7889,0.7852,0.4212,12860.29411764706,4160.0,0.534,False,True,1117,105588,596,False,0.5042,global,0,,high,,True,False,no_exit_band_data,False,True,0.4225,,1,medium,,,,,,,,344,B
HYUNDAI,Tucson,3,2014-2016,11.0,2,"50,000-90,000 DKK",87987,183720,4,,True,True,,,,False,,,,,19377,19377,0.6679,0.6567,0.9348,12612.980769230766,3960.0,0.4536,True,False,340,1675,596,False,0.5042,global,0,,high,,True,True,no_exit_band_data,False,True,,,,,,,,,,,,,
CITROËN,C5 Aircross,1,2020-2022,5.0,3,"90,000-150,000 DKK",139898,86215,3,,False,True,,,,False,,,,,8249,8249,,0.8632,0.2979,6435.732647814911,920.0,0.5921,True,False,2386,1148,62,False,0.5042,global,0,,medium,,True,True,no_exit_band_data,True,False,,,,,,,,,,,,,
CITROËN,C5 Aircross,2,2017-2019,8.0,2,"50,000-90,000 DKK",86407,137606,4,,False,True,,,,False,,,,,13169,13169,,,,9789.179104477611,3380.0,0.4943,True,False,601,0,62,False,0.5042,global,0,,medium,,True,True,no_exit_band_data,False,True,,,,,,,,,,,,,
RENAULT,SCENIC,1,2020-2022,5.0,3,"90,000-150,000 DKK",94633,86215,3,6.0,False,True,44069,1.022,50564,True,73284,20580,7420,151847,25308,16881,0.7818,0.7898,0.4122,12213.917234201417,3430.0,0.4448,False,True,12,8846,485,False,0.5042,global,0,,high,,True,True,insufficient_dk_fleet,False,True,-1.2244,,1,medium,,,,,,,,,
RENAULT,SCENIC,2,2017-2019,8.0,2,"50,000-90,000 DKK",65672,137606,4,6.5,False,True,23277,0.9364,42395,True,68211,18070,17480,146156,22485,15963,0.6413,0.644,0.8964,10493.999999999998,2780.0,0.1753,False,True,721,28470,485,False,0.4502,global,0,,high,,False,False,,False,True,-1.5419,,1,medium,55,B,0.284,0.5,0.5,115,D,226,B
RENAULT,SCENIC,3,2014-2016,11.0,1,"Up to 50,000 DKK",43120,183720,4,3.5,True,True,23202,0.9334,19918,True,37632,10220,13558,81328,23236,17546,0.5589,0.5536,1.2912,10752.04918032787,2920.0,0.1861,False,True,237,45126,485,False,0.4502,global,0,,high,,False,False,,False,True,-1.2698,,1,medium,145,C,0.0744,0.5,0.5,166,D,312,B
RENAULT,SCENIC,4,2010-2013,14.5,1,"Up to 50,000 DKK",24858,212462,,,,False,,,,False,,,,,21137,21137,0.5024,0.5051,1.7864,11817.567567567568,3960.0,0.4043,False,True,907,55020,485,False,0.4502,global,0,,high,,False,False,,False,True,-1.1101,,1,medium,122,C,0.3571,0.5,0.5,138,C,440,C
FORD,B-MAX,2,2017-2019,8.0,1,"Up to 50,000 DKK",37387,137606,4,6.5,False,True,30238,0.9364,7149,True,79768,5980,11396,104293,16045,14945,0.6781,0.7263,0.5844,12272.058823529414,920.0,0.2974,False,True,200,114495,107,False,0.4502,global,0,,high,,False,False,,False,False,-1.1048,,1,medium,22,A,0.506,0.5,0.5,94,B,175,B
FORD,B-MAX,3,2014-2016,11.0,1,"Up to 50,000 DKK",34258,183720,4,3.5,True,True,30141,0.9334,4117,True,42952,3220,8800,59089,16883,15706,0.6107,0.6549,0.8381,12272.058823529414,920.0,0.3135,False,True,968,67336,107,False,0.4502,global,0,,high,,False,False,,False,False,-0.652,,1,medium,32,A,0.4851,0.5,0.5,106,B,215,B
FORD,B-MAX,4,2010-2013,14.5,1,"Up to 50,000 DKK",32292,212462,,,,False,,,,False,,,,,16342,16342,,0.6235,1.05,12272.058823529414,920.0,0.2974,True,False,606,324,107,False,0.4502,global,0,,high,,True,True,reliability_unstable,False,False,,,,,,,,,,,,,
OPEL,ASTRA SPORTS TOURER,1,2020-2022,5.0,3,"90,000-150,000 DKK",115464,86215,3,6.0,False,True,43136,1.022,72328,True,57240,20280,6824,156672,26112,14057,0.8262,0.8159,0.3791,9540.0,3380.0,0.4065,False,True,3,386690,1018,False,0.5042,global,0,,high,,True,True,insufficient_dk_fleet,False,True,-0.2919,,1,medium,,,,,,,,,
OPEL,ASTRA SPORTS TOURER,2,2017-2019,8.0,2,"50,000-90,000 DKK",64826,137606,4,6.5,False,True,26975,0.9364,37851,True,64839,18070,13046,133806,20586,14762,0.7257,0.7134,0.669,9975.28517110266,2780.0,0.4601,False,True,84,614076,1018,False,0.4502,global,0,,high,,False,False,,False,True,-0.4978,,1,medium,35,A,0.56,0.5,0.5,42,B,163,B
OPEL,ASTRA SPORTS TOURER,3,2014-2016,11.0,1,"Up to 50,000 DKK",42207,183720,4,3.5,True,True,26888,0.9334,15319,True,35868,9730,10416,71333,20381,16004,0.654,0.6412,0.992,10248.046874999998,2780.0,0.437,False,True,103,628012,1018,False,0.4502,global,0,,high,,False,False,,False,True,-0.1127,,1,medium,105,B,0.4524,0.5,0.5,119,B,228,B
OPEL,ASTRA SPORTS TOURER,4,2010-2013,14.5,1,"Up to 50,000 DKK",28807,212462,,,,False,,,,False,,,,,23810,23810,0.566,0.5578,1.5284,15265.243902439028,3960.0,0.3851,False,True,1133,651650,1018,False,0.4502,global,0,,high,,False,False,,False,True,-0.2842,,1,medium,150,C,0.2381,0.5,0.5,157,D,485,D
MERCEDES-BENZ,GLB,1,2020-2022,5.0,5,"Above 250,000 DKK",372753,86215,3,,False,True,,,,False,,,,,17981,17981,0.8837,0.8833,0.3983,12145.83333333333,4640.0,0.6238,False,True,1319,4594,52,False,0.5042,global,0,,medium,,True,False,no_exit_band_data,False,True,1.2548,,1,medium,,,,,,,,335,B
BMW,3-Serie,1,2020-2022,5.0,5,"Above 250,000 DKK",280716,86215,3,6.0,False,True,99535,1.022,181181,True,41266,5520,8181,236148,39358,9161,0.8807,0.8674,0.4545,6877.747252747254,920.0,0.5798,False,True,1921,313391,1088,False,0.5042,global,0,,high,,False,False,,False,False,1.0949,1.8933,2,low,8,A,0.5714,0.5,0.5,11,B,23,S
BMW,3-Serie,2,2017-2019,8.0,4,"150,000-250,000 DKK",157305,137606,4,6.5,False,True,48131,0.9364,109174,True,74466,21970,14841,220451,33916,17120,0.8301,0.8044,0.7611,11456.331877729259,3380.0,0.7126,False,True,2680,382771,1088,False,0.5042,global,0,,high,,False,False,,False,True,1.123,1.1962,2,low,31,B,0.61,0.5,0.5,12,A,293,B
BMW,3-Serie,3,2014-2016,11.0,3,"90,000-150,000 DKK",97391,183720,4,3.5,True,True,47976,0.9334,49415,True,40450,10220,13920,114005,32573,18454,0.7446,0.7145,1.3257,11557.268722466959,2920.0,0.716,False,True,1926,380196,1088,False,0.5042,global,0,,high,,False,False,,False,True,1.1252,0.6061,2,medium,83,C,0.5404,0.5,0.5,37,B,350,B
BMW,3-Serie,4,2010-2013,14.5,2,"50,000-90,000 DKK",51400,212462,,,,False,,,,False,,,,,21675,21675,0.6959,0.6717,1.7992,12316.901408450702,3960.0,0.7378,False,True,863,406242,1088,False,0.4502,global,0,,high,,False,False,,False,True,1.4871,1.4731,2,low,48,B,0.768,0.5,0.5,7,S,452,C
VOLKSWAGEN,TIGUAN,1,2020-2022,5.0,4,"150,000-250,000 DKK",216048,86215,3,6.0,False,True,117612,1.022,98436,True,76638,14640,4856,194571,32428,16022,0.8791,0.8735,0.2698,12772.959183673469,2440.0,0.5971,False,True,1425,320154,958,False,0.5042,global,0,,high,,False,False,,False,False,1.0688,0.8944,2,medium,26,B,0.44,0.5,0.5,34,B,230,B
VOLKSWAGEN,TIGUAN,2,2017-2019,8.0,4,"150,000-250,000 DKK",162902,137606,4,6.5,False,True,55329,0.9364,107573,True,87488,30160,9058,234278,36043,19493,0.8182,0.8088,0.4645,13459.677419354839,4640.0,0.5363,False,True,4313,215326,958,False,0.5042,global,0,,high,,False,False,,False,True,0.9148,0.092,2,high,38,C,0.27,0.5,0.5,46,C,390,C
VOLKSWAGEN,TIGUAN,3,2014-2016,11.0,3,"90,000-150,000 DKK",115078,183720,4,3.5,True,True,55151,0.9334,59927,True,52470,21140,9214,142751,40786,23664,0.7192,0.7017,0.8775,14991.428571428569,6040.0,0.5773,False,True,562,118620,958,False,0.5042,global,0,,high,,False,False,,False,True,0.7229,0.3946,2,high,97,D,0.2778,0.5,0.5,89,C,482,D
VOLKSWAGEN,TIGUAN,4,2010-2013,14.5,2,"50,000-90,000 DKK",59087,212462,,,,False,,,,False,,,,,26970,26970,0.6557,0.6305,1.3935,15709.580838323353,7080.0,0.4577,False,True,423,67681,958,False,0.4502,global,0,,high,,False,False,,False,True,0.9994,0.3801,2,high,94,C,0.32,0.5,0.5,110,C,520,D
VOLKSWAGEN,Golf Sportsvan,1,2020-2022,5.0,3,"90,000-150,000 DKK",124206,86215,3,6.0,False,True,56447,1.022,67759,True,72216,9600,4874,154450,25742,14448,0.8795,0.875,0.2708,12036.057692307691,1600.0,0.7048,False,True,458,693637,827,False,0.5042,global,0,,high,,False,False,,False,False,1.1221,,1,medium,47,B,0.7071,0.5,0.5,14,A,149,A
VOLKSWAGEN,Golf Sportsvan,2,2017-2019,8.0,2,"50,000-90,000 DKK",86431,137606,4,,False,True,,,,False,,,,,15551,15551,0.8319,0.8226,0.4246,12517.500000000002,1760.0,0.604,False,True,2359,760031,827,False,0.5042,global,0,,high,,True,False,no_exit_band_data,False,False,1.1703,0.1197,2,high,,,,,,,,211,B
VOLKSWAGEN,Golf Sportsvan,3,2014-2016,11.0,2,"50,000-90,000 DKK",55231,183720,4,,True,True,,,,False,,,,,17384,17384,0.7319,0.713,0.8617,13039.062500000002,1760.0,0.5814,False,True,1916,644906,827,False,0.4502,global,0,,high,,True,False,no_exit_band_data,False,False,0.9509,,1,medium,,,,,,,,307,B
HONDA,CIVIC,1,2020-2022,5.0,3,"90,000-150,000 DKK",146670,86215,3,6.0,False,True,77749,1.022,68921,True,76638,14640,5677,165876,27646,16159,0.8573,0.8587,0.3154,12772.959183673469,2440.0,0.7871,False,True,158,151099,802,False,0.5042,global,0,,high,,False,False,,False,False,0.4801,,1,medium,60,B,0.697,0.5,0.5,15,A,237,B
HONDA,CIVIC,2,2017-2019,8.0,3,"90,000-150,000 DKK",111944,137606,4,6.5,False,True,36044,0.9364,75900,True,83024,15860,9723,184507,28386,16709,0.8097,0.8076,0.4986,12772.959183673469,2440.0,0.6476,False,True,1173,176814,802,False,0.5042,global,0,,high,,False,False,,False,False,0.7682,,1,medium,62,B,0.5455,0.5,0.5,35,B,265,B
HONDA,CIVIC,3,2014-2016,11.0,2,"50,000-90,000 DKK",76074,183720,4,3.5,True,True,35928,0.9334,40146,True,35868,9730,11094,96839,27668,16198,0.6895,0.6818,1.0566,10248.046874999998,2780.0,0.5286,False,True,1612,169956,802,False,0.5042,global,0,,high,,False,False,,False,True,0.3535,,1,medium,99,C,0.38,0.5,0.5,96,C,240,B
HONDA,CIVIC,4,2010-2013,14.5,1,"Up to 50,000 DKK",38492,212462,,,,False,,,,False,,,,,24306,24306,0.579,0.5609,1.8535,15265.243902439028,3480.0,0.7306,False,True,635,312866,802,False,0.4502,global,0,,high,,False,False,,False,False,-0.1169,0.4722,2,high,154,D,0.5357,0.5,0.5,73,B,492,D
VOLKSWAGEN,CADDY,1,2020-2022,5.0,4,"150,000-250,000 DKK",169673,86215,3,6.0,False,True,62714,1.022,106959,True,79476,14640,11826,212901,35484,17657,0.7961,0.7699,0.657,13246.03174603175,2440.0,0.276,False,True,284,123004,378,False,0.5042,global,0,,high,,False,False,,False,False,-0.9411,,1,medium,37,C,0.15,0.5,0.5,51,D,319,B
VOLKSWAGEN,CADDY,2,2017-2019,8.0,3,"90,000-150,000 DKK",100552,137606,4,6.5,False,True,38562,0.9364,61990,True,90909,16770,18866,188535,29005,19469,0.7365,0.7036,0.9675,13986.033519553073,2580.0,0.2783,False,True,445,143064,378,False,0.5042,global,0,,high,,False,False,,False,False,-0.3514,,1,medium,66,B,0.2121,0.5,0.5,96,D,388,C
VOLKSWAGEN,CADDY,3,2014-2016,11.0,2,"50,000-90,000 DKK",61363,183720,4,3.5,True,True,38438,0.9334,22925,True,48951,9030,14342,95248,27214,20664,0.6792,0.6439,1.3659,13986.033519553073,2580.0,0.2734,False,True,559,132153,378,False,0.4502,global,0,,high,,False,False,,False,False,0.2155,,1,medium,96,C,0.152,0.5,0.5,125,D,429,C
VOLKSWAGEN,CADDY,4,2010-2013,14.5,1,"Up to 50,000 DKK",41181,212462,,,,False,,,,False,,,,,27022,27022,0.6293,0.5983,1.8905,17030.612244897962,4320.0,0.2663,False,True,2099,105036,378,False,0.4502,global,0,,high,,False,False,,False,False,0.5666,,1,medium,167,D,0.0536,0.5,0.5,168,D,521,D
HYUNDAI,Ioniq,1,2020-2022,5.0,3,"90,000-150,000 DKK",121286,86215,3,6.0,False,True,41110,1.022,80176,True,29569,5520,4378,119643,19940,6578,0.8782,0.8683,0.2432,4928.149606299213,920.0,0.2906,False,True,778,80426,3481,True,0.5652,own_cell,5,0.1635,high,,False,False,,True,False,1.0818,,1,medium,8,S,0.5101,0.5,0.5,48,B,1,S
HYUNDAI,Ioniq,2,2017-2019,8.0,2,"50,000-90,000 DKK",67085,137606,4,,False,True,,,,False,,,,,7433,7433,0.8483,0.834,0.3516,5337.953091684436,1040.0,0.288,False,True,1056,12190,3481,True,0.4502,brand_pooled,0,,low,,True,False,no_exit_band_data,True,False,1.4962,,1,medium,,,,,,,,4,S
HYUNDAI,Ioniq,3,2014-2016,11.0,1,"Up to 50,000 DKK",40224,183720,4,,True,True,,,,False,,,,,9435,9435,,,,8515.306122448981,920.0,0.3481,True,False,5,0,3481,True,0.4502,brand_pooled,0,,low,,True,True,no_exit_band_data,True,False,,,,,,,,,,,,,
KIA,RIO,1,2020-2022,5.0,2,"50,000-90,000 DKK",63166,86215,3,6.0,False,True,39177,1.022,23989,True,68277,9600,5069,106935,17823,13824,0.824,0.8361,0.2816,11379.545454545456,1600.0,0.4386,False,True,978,75096,218,False,0.4502,global,0,,high,,False,False,,False,False,-0.3422,,1,medium,9,S,0.632,0.5,0.5,26,A,115,A
KIA,RIO,2,2017-2019,8.0,1,"Up to 50,000 DKK",49475,137606,4,6.5,False,True,27432,0.9364,22043,True,66692,9880,11647,110262,16963,13572,0.7147,0.7345,0.5973,10260.245901639346,1520.0,0.4316,False,True,4516,117793,218,False,0.4502,global,0,,high,,False,False,,False,False,-0.6432,,1,medium,35,A,0.6458,0.5,0.5,32,A,108,A
KIA,RIO,3,2014-2016,11.0,1,"Up to 50,000 DKK",38333,183720,4,3.5,True,True,27343,0.9334,10990,True,41137,3220,11248,66594,19027,15887,0.5939,0.6096,1.0712,11753.521126760563,920.0,0.4207,False,True,10221,103626,218,False,0.4502,global,0,,high,,False,False,,False,False,-0.8613,0.3001,2,high,74,B,0.5179,0.5,0.5,87,B,222,B
KIA,RIO,4,2010-2013,14.5,1,"Up to 50,000 DKK",29295,212462,,,,False,,,,False,,,,,16844,16844,0.5144,0.5408,1.39,11753.521126760563,920.0,0.4527,False,True,5832,58214,218,False,0.4502,global,0,,high,,False,False,,False,False,-0.9551,,1,medium,30,A,0.7083,0.5,0.5,14,S,272,B
RENAULT,Captur,1,2020-2022,5.0,3,"90,000-150,000 DKK",125979,86215,3,6.0,False,True,54979,1.022,71000,True,69542,9600,6120,156261,26044,14210,0.8092,0.8283,0.34,11590.277777777777,1600.0,0.3793,False,True,5636,229666,340,False,0.5042,global,0,,high,,False,False,,True,False,-0.6683,,1,medium,52,B,0.3283,0.5,0.5,82,C,133,A
RENAULT,Captur,2,2017-2019,8.0,2,"50,000-90,000 DKK",87241,137606,4,6.5,False,True,40448,0.9364,46793,True,79768,15860,12837,155258,23886,16687,0.699,0.7211,0.6583,12272.058823529414,2440.0,0.2623,False,True,5436,217199,340,False,0.5042,global,0,,high,,False,False,,False,False,-0.8451,,1,medium,72,B,0.236,0.5,0.5,122,D,263,B
RENAULT,Captur,3,2014-2016,11.0,2,"50,000-90,000 DKK",53795,183720,4,3.5,True,True,40318,0.9334,13477,True,42952,6160,10694,73284,20938,17088,0.6013,0.6196,1.0185,12272.058823529414,1760.0,0.2779,False,True,7019,46791,340,False,0.4502,global,0,,high,,False,False,,False,False,-0.7659,,1,medium,39,B,0.384,0.5,0.5,95,C,290,B
RENAULT,Captur,4,2010-2013,14.5,1,"Up to 50,000 DKK",43195,212462,,,,False,,,,False,,,,,13192,13192,,,,12272.058823529414,920.0,0.2408,True,False,790,0,340,False,0.4502,global,0,,high,,True,True,reliability_unstable,False,False,,,,,,,,,,,,,
PEUGEOT,108,1,2020-2022,5.0,1,"Up to 50,000 DKK",34923,86215,3,6.0,False,True,29331,1.022,5592,True,50576,7680,5699,69547,11591,10659,0.8165,0.8471,0.3166,8429.292929292931,1280.0,0.3628,False,True,3639,111550,38,False,0.4502,global,0,,medium,,False,False,,False,False,-0.51,,1,medium,1,S,0.628,0.5,0.5,36,A,35,S
PEUGEOT,108,2,2017-2019,8.0,1,"Up to 50,000 DKK",31303,137606,4,,False,True,,,,False,,,,,11354,11354,0.7445,0.7993,0.4706,8662.629757785468,1280.0,0.3652,False,True,5149,136612,38,False,0.4502,global,0,,medium,,True,False,no_exit_band_data,False,False,-0.2405,,1,medium,,,,,,,,46,S
PEUGEOT,108,3,2014-2016,11.0,1,"Up to 50,000 DKK",28699,183720,4,,True,True,,,,False,,,,,12382,12382,0.6794,0.7497,0.6477,9519.011406844107,920.0,0.3319,False,True,6801,16631,38,False,0.4502,global,0,,medium,,True,False,no_exit_band_data,False,False,0.2182,,1,medium,,,,,,,,63,A
KIA,CEED,1,2020-2022,5.0,3,"90,000-150,000 DKK",112734,86215,3,6.0,False,True,44852,1.022,67882,True,35563,6240,5836,115520,19253,7940,0.8244,0.8167,0.3242,5927.1817,1039.9781,0.2695,False,True,5491,101379,633,False,0.5042,global,0,,high,,False,False,,True,False,-0.3331,,1,medium,7,S,0.5,0.5,0.5,49,B,9,S
KIA,CEED,2,2017-2019,8.0,2,"50,000-90,000 DKK",76181,137606,4,6.5,False,True,31913,0.9364,44268,True,76758,16770,11571,149368,22980,16169,0.7248,0.7115,0.5934,11808.962264150945,2580.0,0.6326,False,True,3455,126378,633,False,0.5042,global,0,,high,,False,False,,False,False,-0.5098,,1,medium,63,B,0.62,0.5,0.5,30,A,238,B
KIA,CEED,3,2014-2016,11.0,1,"Up to 50,000 DKK",43886,183720,4,3.5,True,True,31810,0.9334,12076,True,40460,9733,12416,74685,21339,17888,0.5954,0.5803,1.1825,11559.9081,2780.8273,0.5491,False,True,3723,121490,633,False,0.4502,global,0,,high,,False,False,,False,True,-0.8427,0.232,2,high,125,C,0.5536,0.5,0.5,64,B,329,B
KIA,CEED,4,2010-2013,14.5,1,"Up to 50,000 DKK",34080,212462,,,,False,,,,False,,,,,20208,20208,0.5132,0.5091,1.6833,11693.6108,3464.742,0.4961,False,True,4981,83056,633,False,0.4502,global,0,,high,,False,False,,False,True,-0.9706,,1,medium,99,B,0.5685,0.5,0.5,55,B,412,C
SKODA,OCTAVIA COMBI,1,2020-2022,5.0,4,"150,000-250,000 DKK",169619,86215,3,6.0,False,True,59291,1.022,110328,True,33306,6240,4952,154826,25804,7416,0.8773,0.8508,0.2751,5550.9977827051,1040.0,0.5077,False,True,38,205326,152,False,0.5042,global,0,,high,,True,True,insufficient_dk_fleet,True,False,0.926,1.0369,2,low,,,,,,,,,
SKODA,OCTAVIA COMBI,2,2017-2019,8.0,3,"90,000-150,000 DKK",102903,137606,4,6.5,False,True,34663,0.9364,68240,True,78584,18070,8500,173394,26676,16178,0.8303,0.7932,0.4359,12089.861751152073,2780.0,0.7343,False,True,101,207012,152,False,0.5042,global,0,,high,,False,False,,False,True,1.0889,0.7812,2,medium,54,B,0.697,0.5,0.5,16,A,239,B
SKODA,OCTAVIA COMBI,3,2014-2016,11.0,2,"50,000-90,000 DKK",58014,183720,4,3.5,True,True,34551,0.9334,23463,True,43811,6160,8748,82182,23480,16777,0.7258,0.6908,0.8331,12517.500000000002,1760.0,0.7458,False,True,5002,140318,152,False,0.4502,global,0,,high,,False,False,,False,False,0.8023,0.455,2,high,69,B,0.688,0.5,0.5,16,A,270,B
SKODA,OCTAVIA COMBI,4,2010-2013,14.5,1,"Up to 50,000 DKK",37017,212462,,,,False,,,,False,,,,,20249,20249,0.6335,0.5991,1.3609,13246.03174603175,2920.0,0.5089,False,True,3291,114783,152,False,0.4502,global,0,,high,,False,False,,False,True,0.5563,0.6541,2,medium,101,B,0.5833,0.5,0.5,47,A,414,C
CITROËN,C4,1,2020-2022,5.0,3,"90,000-150,000 DKK",97900,86215,3,6.0,False,True,41070,1.022,56830,True,67058,9600,10426,143914,23986,14514,0.7553,0.7456,0.5792,11176.339285714288,1600.0,0.5006,False,True,774,166017,190,False,0.5042,global,0,,high,,False,False,,False,False,-1.7413,0.985,2,medium,29,A,0.5354,0.5,0.5,40,B,154,A
CITROËN,C4,2,2017-2019,8.0,2,"50,000-90,000 DKK",51392,137606,4,6.5,False,True,26425,0.9364,24967,True,56280,15860,18948,116054,17855,14014,0.655,0.6398,0.9717,8658.415841584158,2440.0,0.347,False,True,1717,259528,190,False,0.4502,global,0,,high,,False,False,,False,True,-1.3975,1.4593,2,low,10,S,0.528,0.5,0.5,54,B,121,A
CITROËN,C4,3,2014-2016,11.0,1,"Up to 50,000 DKK",40185,183720,4,3.5,True,True,26340,0.9334,13845,True,34008,6860,14441,69154,19758,15803,0.5711,0.5558,1.3753,9716.666666666666,1960.0,0.4643,False,True,2561,133337,190,False,0.4502,global,0,,high,,False,False,,False,True,-1.1354,0.2861,2,high,95,B,0.5357,0.5,0.5,74,B,217,B
CITROËN,C4,4,2010-2013,14.5,1,"Up to 50,000 DKK",28220,212462,,,,False,,,,False,,,,,19590,19590,0.4989,0.4894,1.8824,11023.109243697478,2920.0,0.432,False,True,3228,104425,190,False,0.4502,global,0,,high,,False,False,,False,True,-1.1552,,1,medium,87,B,0.497,0.5,0.5,100,B,398,C
OPEL,INSIGNIA,1,2020-2022,5.0,3,"90,000-150,000 DKK",121755,86215,3,6.0,False,True,59957,1.022,61798,True,67269,21600,8831,159498,26583,16283,0.8004,0.771,0.4906,11211.538461538463,3600.0,0.4997,False,True,72,153091,1715,False,0.5042,global,0,,high,,False,False,,False,True,-0.853,,1,medium,53,B,0.4091,0.5,0.5,67,B,244,B
OPEL,INSIGNIA,2,2017-2019,8.0,3,"90,000-150,000 DKK",97972,137606,4,6.5,False,True,35559,0.9364,62413,True,97444,27040,15592,202489,31152,21550,0.7281,0.6874,0.7996,14991.428571428569,4160.0,0.7031,False,True,1894,281811,1715,False,0.5042,global,0,,high,,False,False,,False,False,-0.4656,,1,medium,80,C,0.5354,0.5,0.5,41,B,451,C
OPEL,INSIGNIA,3,2014-2016,11.0,2,"50,000-90,000 DKK",58665,183720,4,3.5,True,True,35444,0.9334,23221,True,41361,9730,11120,85432,24409,17775,0.6802,0.6453,1.059,11817.567567567568,2780.0,0.41,False,True,1561,262436,1715,False,0.4502,global,0,,high,,False,False,,False,True,0.2356,0.5241,2,medium,76,B,0.324,0.5,0.5,109,C,327,B
OPEL,INSIGNIA,4,2010-2013,14.5,1,"Up to 50,000 DKK",37974,212462,,,,False,,,,False,,,,,19712,19712,0.6316,0.6097,1.3115,11817.567567567568,3960.0,0.5014,False,True,825,99155,1715,False,0.4502,global,0,,high,,False,False,,False,True,0.6251,0.5436,2,medium,94,B,0.5952,0.5,0.5,44,A,404,C
SEAT,Arona,1,2020-2022,5.0,3,"90,000-150,000 DKK",127226,86215,3,,False,True,,,,False,,,,,14960,14960,0.8163,0.8308,0.3826,12212.195121951221,1600.0,0.4778,False,True,1308,88369,149,False,0.5042,global,0,,high,,True,False,no_exit_band_data,False,False,-0.5144,,1,medium,,,,,,,,177,B
SEAT,Arona,2,2017-2019,8.0,3,"90,000-150,000 DKK",107415,137606,4,,False,True,,,,False,,,,,14957,14957,0.7191,0.7404,0.6592,11379.545454545456,1600.0,0.5308,False,True,1885,4392,149,False,0.5042,global,0,,high,,True,False,no_exit_band_data,False,False,-0.5855,,1,medium,,,,,,,,176,B
AUDI,Q5,1,2020-2022,5.0,5,"Above 250,000 DKK",370513,86215,3,6.0,False,True,154163,1.022,216350,True,48299,5520,7506,277675,46279,10221,0.8816,0.8758,0.417,8049.83922829582,920.0,0.6851,False,True,1217,132699,32,False,0.5042,global,0,,medium,,False,False,,True,False,1.1879,,1,medium,15,B,0.6607,0.5,0.5,6,A,33,S
AUDI,Q5,2,2017-2019,8.0,5,"Above 250,000 DKK",291777,137606,4,6.5,False,True,80523,0.9364,211254,True,88816,36660,12525,349256,53732,21231,0.8399,0.8287,0.6423,13664.062499999998,5640.0,0.6074,False,True,648,111570,32,False,0.5042,global,2,0.1534,medium,,False,False,,False,True,1.3261,,1,medium,21,B,0.3929,0.5,0.5,22,C,445,C
AUDI,Q5,3,2014-2016,11.0,4,"150,000-250,000 DKK",150842,183720,4,3.5,True,True,80263,0.9334,70579,True,54333,23800,11004,159716,45633,25468,0.7914,0.77,1.048,15523.668639053254,6800.0,0.6194,False,True,579,67928,32,False,0.5042,global,0,,medium,,False,False,,False,True,1.8825,0.2248,2,high,48,D,0.27,0.5,0.5,47,D,507,D
AUDI,Q5,4,2010-2013,14.5,2,"50,000-90,000 DKK",85991,212462,,,,False,,,,False,,,,,31364,31364,0.7256,0.6949,1.6461,18346.153846153844,8080.0,0.8039,False,True,538,32587,32,False,0.5042,global,0,,medium,,False,False,,False,True,1.9315,0.3652,2,high,114,C,0.548,0.5,0.5,48,B,529,D
SKODA,SCALA,1,2020-2022,5.0,3,"90,000-150,000 DKK",123826,86215,3,,False,True,,,,False,,,,,13877,13877,0.8475,0.8584,0.2992,11379.545454545456,1600.0,0.4641,False,True,1824,8086,44,False,0.5042,global,0,,medium,,True,False,no_exit_band_data,False,False,0.2232,,1,medium,,,,,,,,117,A
SKODA,SCALA,2,2017-2019,8.0,3,"90,000-150,000 DKK",111446,137606,4,,False,True,,,,False,,,,,12980,12980,,,,11379.545454545456,1600.0,0.5139,True,False,561,0,44,False,0.5042,global,0,,medium,,True,True,no_exit_band_data,False,False,,,,,,,,,,,,,
PEUGEOT,508,1,2020-2022,5.0,4,"150,000-250,000 DKK",151955,86215,3,6.0,False,True,48323,1.022,103632,True,39425,6840,7353,157250,26208,8936,0.8187,0.8075,0.4085,6570.866141732284,1140.0,0.6088,False,True,1749,12758,661,False,0.5042,global,0,,high,,False,False,,True,True,-0.4613,,1,medium,8,A,0.65,0.5,0.5,9,A,19,S
PEUGEOT,508,2,2017-2019,8.0,2,"50,000-90,000 DKK",78560,137606,4,6.5,False,True,30400,0.9364,48160,True,62010,15860,14734,140764,21656,14247,0.7558,0.7175,0.7556,9540.0,2440.0,0.502,False,True,582,16992,661,False,0.5042,global,0,,high,,False,False,,False,True,-0.0798,,1,medium,46,B,0.568,0.5,0.5,36,A,137,A
PEUGEOT,508,3,2014-2016,11.0,1,"Up to 50,000 DKK",47282,183720,4,3.5,True,True,30302,0.9334,16980,True,38581,10220,10672,76453,21844,16992,0.6963,0.6519,1.0164,11023.109243697478,2920.0,0.3827,False,True,559,28705,661,False,0.4502,global,0,,high,,False,False,,False,True,0.287,1.1113,2,low,131,C,0.2857,0.5,0.5,150,C,284,B
PEUGEOT,508,4,2010-2013,14.5,1,"Up to 50,000 DKK",32465,212462,,,,False,,,,False,,,,,20015,20015,0.6695,0.6349,1.1474,12612.980769230766,3960.0,0.4608,False,True,1835,4780,661,False,0.4502,global,0,,high,,False,False,,False,True,1.1368,,1,medium,96,B,0.5238,0.5,0.5,79,B,407,C
MAZDA,Mazda CX-30,1,2020-2022,5.0,4,"150,000-250,000 DKK",172223,86215,3,,False,True,,,,False,,,,,15491,15491,0.8849,0.8942,0.215,13246.03174603175,1600.0,0.6688,False,True,1397,10055,559,True,0.5042,brand_pooled,0,,low,,True,False,no_exit_band_data,False,False,1.2935,,1,medium,,,,,,,,206,B
MAZDA,Mazda CX-30,2,2017-2019,8.0,3,"90,000-150,000 DKK",135502,137606,4,,False,True,,,,False,,,,,13409,13409,,,,11808.962264150945,1600.0,0.4761,True,False,551,0,559,True,0.5042,brand_pooled,0,,low,,True,True,no_exit_band_data,False,False,,,,,,,,,,,,,
AUDI,A3,1,2020-2022,5.0,2,"50,000-90,000 DKK",86818,86215,3,6.0,False,True,67251,1.022,19567,True,35595,6480,7501,69143,11524,8263,0.8761,0.8708,0.4167,5932.464454976303,1080.0,0.5233,False,True,133,329089,58,False,0.5042,global,0,,medium,,False,False,,True,False,0.9616,1.9609,2,low,2,S,0.76,0.5,0.5,8,S,11,S
AUDI,A3,2,2017-2019,8.0,2,"50,000-90,000 DKK",88181,137606,4,6.5,False,True,36621,0.9364,51560,True,50694,7800,13094,123148,18946,11014,0.8258,0.8129,0.6715,7799.065420560748,1200.0,0.5401,False,True,110,434870,58,False,0.5042,global,0,,medium,,False,False,,True,False,1.0223,1.4445,2,low,17,A,0.716,0.5,0.5,13,S,42,S
AUDI,A3,3,2014-2016,11.0,2,"50,000-90,000 DKK",65802,183720,4,3.5,True,True,36503,0.9334,29299,True,35729,6860,14691,86578,24737,16365,0.729,0.7047,1.3991,10208.171206225681,1960.0,0.6073,False,True,157,330699,58,False,0.4502,global,0,,medium,,False,False,,False,True,0.8978,0.282,2,high,80,B,0.54,0.5,0.5,50,B,249,B
AUDI,A3,4,2010-2013,14.5,1,"Up to 50,000 DKK",39108,212462,,,,False,,,,False,,,,,21896,21896,0.6368,0.6108,2.4728,11557.268722466959,2920.0,0.5783,False,True,1360,329091,58,False,0.4502,global,0,,medium,,False,False,,False,True,0.6579,0.4637,2,high,132,C,0.5565,0.5,0.5,60,B,455,C
BMW,X3,1,2020-2022,5.0,5,"Above 250,000 DKK",362523,86215,3,6.0,False,True,146655,1.022,215868,True,52156,5520,7897,281441,46907,10929,0.8728,0.8701,0.4387,8692.708333333334,920.0,0.4573,False,True,841,111810,574,False,0.5042,global,0,,high,,False,False,,True,False,0.916,0.0621,2,high,16,B,0.3393,0.5,0.5,25,C,38,S
BMW,X3,2,2017-2019,8.0,4,"150,000-250,000 DKK",237062,137606,4,6.5,False,True,62718,0.9364,174344,True,99144,43680,15206,332374,51135,24312,0.7984,0.7827,0.7798,15252.906976744187,6720.0,0.8059,False,True,364,86521,574,False,0.5042,global,0,,high,,False,False,,False,True,0.5633,0.4225,2,high,49,D,0.52,0.5,0.5,22,B,493,D
BMW,X3,3,2014-2016,11.0,3,"90,000-150,000 DKK",143496,183720,4,3.5,True,True,62515,0.9334,80981,True,51297,17990,11896,162165,46333,23195,0.7454,0.7269,1.133,14656.424581005585,5140.0,0.6411,False,True,197,63204,574,False,0.5042,global,0,,high,,False,False,,False,True,1.0686,0.5845,2,medium,100,D,0.3232,0.5,0.5,84,C,479,C
BMW,X3,4,2010-2013,14.5,2,"50,000-90,000 DKK",66977,212462,,,,False,,,,False,,,,,25983,25983,0.7065,0.6785,1.7622,14656.424581005585,6040.0,0.6307,False,True,181,36548,574,False,0.4502,global,0,,high,,False,False,,False,True,1.6747,0.1155,2,high,87,B,0.52,0.5,0.5,58,B,512,D
NISSAN,X-TRAIL,1,2020-2022,5.0,4,"150,000-250,000 DKK",189418,86215,3,6.0,False,True,100227,1.022,89191,True,88882,19560,7074,204707,34118,19253,0.8269,0.8181,0.393,14813.609467455624,3260.0,0.6114,False,True,217,117625,157,False,0.5042,global,0,,high,,False,False,,False,False,-0.2758,,1,medium,32,B,0.42,0.5,0.5,36,B,378,C
NISSAN,X-TRAIL,2,2017-2019,8.0,3,"90,000-150,000 DKK",113136,137606,4,6.5,False,True,59027,0.9364,54109,True,96288,32240,14721,197358,30363,22038,0.7385,0.7171,0.7549,14813.609467455624,4960.0,0.6048,False,True,727,102887,157,False,0.5042,global,0,,high,,False,False,,False,True,-0.3397,0.7131,2,medium,77,C,0.399,0.5,0.5,70,B,460,C
NISSAN,X-TRAIL,3,2014-2016,11.0,3,"90,000-150,000 DKK",98068,183720,4,3.5,True,True,58837,0.9334,39231,True,48583,17360,13762,118937,33982,22773,0.6373,0.602,1.3107,13880.952380952382,4960.0,0.3638,False,True,559,25905,157,False,0.5042,global,0,,high,,False,False,,False,True,-0.3239,,1,medium,87,C,0.1414,0.5,0.5,100,D,473,C
NISSAN,X-TRAIL,4,2010-2013,14.5,2,"50,000-90,000 DKK",63036,212462,,,,False,,,,False,,,,,30764,30764,0.5661,0.5207,1.9556,16817.30769230769,8080.0,0.507,False,True,10,47247,157,False,0.4502,global,0,,high,,True,True,insufficient_dk_fleet,False,True,-0.2599,0.3247,2,high,,,,,,,,,
OPEL,ZAFIRA,2,2017-2019,8.0,2,"50,000-90,000 DKK",84592,137606,4,6.5,False,True,39293,0.9364,45299,True,101073,27040,14483,187894,28907,21938,0.7152,0.6975,0.7427,15549.68944099379,4160.0,0.4314,False,True,227,224255,638,False,0.5042,global,0,,high,,False,False,,False,False,-0.6367,,1,medium,102,C,0.244,0.5,0.5,118,D,457,C
OPEL,ZAFIRA,3,2014-2016,11.0,2,"50,000-90,000 DKK",58108,183720,4,3.5,True,True,39167,0.9334,18941,True,53428,12180,12071,96620,27606,22194,0.6307,0.6114,1.1496,15265.243902439028,3480.0,0.4128,False,True,652,234442,638,False,0.4502,global,0,,high,,False,False,,False,True,-0.4061,,1,medium,98,C,0.244,0.5,0.5,119,D,463,C
OPEL,ZAFIRA,4,2010-2013,14.5,1,"Up to 50,000 DKK",41962,212462,,,,False,,,,False,,,,,25926,25926,0.5456,0.5245,1.7523,15709.580838323353,4960.0,0.4178,False,True,504,218805,638,False,0.4502,global,0,,high,,False,False,,False,True,-0.5509,,1,medium,164,D,0.244,0.5,0.5,156,D,511,D
MERCEDES-BENZ,C-Klasse,1,2020-2022,5.0,5,"Above 250,000 DKK",330529,86215,3,6.0,False,True,122518,1.022,208011,True,61671,19931,9360,298972,49829,15160,0.8566,0.8491,0.52,10278.5067,3321.783,0.6551,False,True,2535,339841,938,False,0.5042,global,0,,high,,False,False,,False,True,0.4589,0.1426,2,high,20,B,0.4643,0.5,0.5,17,B,189,B
MERCEDES-BENZ,C-Klasse,2,2017-2019,8.0,4,"150,000-250,000 DKK",197902,137606,4,6.5,False,True,49334,0.9364,148568,True,75408,23791,16023,263790,40583,17726,0.8069,0.7928,0.8217,11601.1808,3660.1193,0.6839,False,True,4861,386887,938,False,0.5042,global,0,,high,,False,False,,False,True,0.7066,0.8829,2,medium,44,C,0.4,0.5,0.5,38,C,324,B
MERCEDES-BENZ,C-Klasse,3,2014-2016,11.0,3,"90,000-150,000 DKK",119879,183720,4,3.5,True,True,49174,0.9334,70705,True,40571,10455,16311,138041,39440,19239,0.7242,0.7028,1.5534,11591.6383,2987.1138,0.6834,False,True,3936,286050,938,False,0.5042,global,0,,high,,False,False,,False,True,0.8251,0.5275,2,medium,96,D,0.4394,0.5,0.5,60,B,377,C
MERCEDES-BENZ,C-Klasse,4,2010-2013,14.5,2,"50,000-90,000 DKK",52684,212462,,,,False,,,,False,,,,,24235,24235,0.6551,0.637,2.2156,13055.212,4532.6727,0.5937,False,True,3330,240851,938,False,0.4502,global,0,,high,,False,False,,False,True,0.9017,0.8069,2,medium,74,B,0.528,0.5,0.5,55,B,491,D
FORD,S-MAX,1,2020-2022,5.0,3,"90,000-150,000 DKK",94352,86215,3,6.0,False,True,80326,1.022,14026,True,79476,27840,7754,129096,21516,19178,0.8121,0.8013,0.4308,13246.03174603175,4640.0,0.5644,False,True,851,40516,282,False,0.5042,global,0,,high,,False,False,,False,True,-0.6059,,1,medium,12,A,0.6717,0.5,0.5,21,A,374,B
FORD,S-MAX,2,2017-2019,8.0,3,"90,000-150,000 DKK",99967,137606,4,6.5,False,True,40933,0.9364,59034,True,85264,32240,14968,191506,29462,20380,0.7416,0.7149,0.7676,13117.499999999998,4960.0,0.5697,False,True,2672,65735,282,False,0.5042,global,0,,high,,False,False,,False,True,-0.2688,0.2812,2,high,68,B,0.3939,0.5,0.5,72,C,417,C
FORD,S-MAX,3,2014-2016,11.0,2,"50,000-90,000 DKK",78596,183720,4,3.5,True,True,40801,0.9334,37795,True,49634,20930,12812,121171,34620,23822,0.6594,0.6248,1.2202,14181.08108108108,5980.0,0.6011,False,True,1341,83367,282,False,0.5042,global,0,,high,,False,False,,False,True,-0.0838,0.6824,2,medium,123,D,0.352,0.5,0.5,104,C,486,D
FORD,S-MAX,4,2010-2013,14.5,1,"Up to 50,000 DKK",43713,212462,,,,False,,,,False,,,,,27530,27530,0.6045,0.5611,1.6736,15709.580838323353,6800.0,0.4407,False,True,2162,89876,282,False,0.4502,global,0,,high,,False,False,,False,True,0.209,0.2866,2,high,168,D,0.2708,0.5,0.5,151,C,523,D
KIA,Niro,1,2020-2022,5.0,3,"90,000-150,000 DKK",147134,86215,3,6.0,False,True,45601,1.022,101533,True,33984,5520,4174,145211,24202,7280,0.868,0.8653,0.2319,5664.027149321267,920.0,0.2588,False,True,2620,93980,2480,True,0.7037,own_cell,5,0.2195,high,,False,False,,True,False,0.7337,0.4864,2,high,31,B,0.3737,0.5,0.5,75,C,2,S
KIA,Niro,2,2017-2019,8.0,2,"50,000-90,000 DKK",65345,137606,4,,False,True,,,,False,,,,,7911,7911,0.8422,0.8398,0.2948,5946.555819477435,1080.0,0.2666,False,True,3580,11985,2480,True,0.4502,brand_pooled,0,,low,,True,False,no_exit_band_data,True,False,1.1274,1.2058,2,low,,,,,,,,7,S
KIA,Niro,3,2014-2016,11.0,1,"Up to 50,000 DKK",44619,183720,4,,True,True,,,,False,,,,,10439,10439,,1.0,,9519.011406844107,920.0,0.3181,True,False,9,1,2480,True,0.4502,brand_pooled,0,,low,,True,True,no_exit_band_data,True,False,,,,,,,,,,,,,
SKODA,KAROQ,1,2020-2022,5.0,4,"150,000-250,000 DKK",184033,86215,3,,False,True,,,,False,,,,,15267,15267,0.8876,0.8897,0.1851,12272.058823529414,2440.0,0.7083,False,True,1401,92186,24,False,0.5042,global,0,,low,,True,False,no_exit_band_data,False,False,1.3818,,1,medium,,,,,,,,200,B
SKODA,KAROQ,2,2017-2019,8.0,4,"150,000-250,000 DKK",176109,137606,4,,False,True,,,,False,,,,,15878,15878,0.8679,0.8734,0.2216,12772.959183673469,2440.0,0.6876,False,True,1554,3816,24,False,0.5042,global,0,,low,,True,False,no_exit_band_data,False,False,1.9257,,1,medium,,,,,,,,220,B
KIA,VENGA,1,2020-2022,5.0,2,"50,000-90,000 DKK",56110,86215,3,6.0,False,True,48030,1.022,8080,True,88882,19560,3888,120410,20068,18722,0.836,0.8689,0.216,14813.609467455624,3260.0,0.6883,False,True,1,45539,89,False,0.4502,global,0,,medium,,True,True,insufficient_dk_fleet,False,False,-0.0616,,1,medium,,,,,,,,,
KIA,VENGA,2,2017-2019,8.0,2,"50,000-90,000 DKK",56403,137606,4,6.5,False,True,33406,0.9364,22997,True,90909,16770,9068,139743,21499,17961,0.7019,0.7651,0.465,13986.033519553073,2580.0,0.3801,False,True,325,66927,89,False,0.4502,global,0,,medium,,False,False,,False,False,-0.8083,,1,medium,44,B,0.432,0.5,0.5,86,B,332,B
KIA,VENGA,3,2014-2016,11.0,1,"Up to 50,000 DKK",46995,183720,4,3.5,True,True,33298,0.9334,13697,True,48951,9030,10446,82124,23464,19551,0.5592,0.6083,0.9949,13986.033519553073,2580.0,0.3787,False,True,1053,54501,89,False,0.4502,global,0,,medium,,False,False,,False,False,-1.2663,,1,medium,148,C,0.2262,0.5,0.5,159,D,396,C
KIA,VENGA,4,2010-2013,14.5,1,"Up to 50,000 DKK",35675,212462,,,,False,,,,False,,,,,20900,20900,0.5229,0.5491,1.3313,13986.033519553073,2920.0,0.3736,False,True,1107,14962,89,False,0.4502,global,0,,medium,,False,False,,False,True,-0.8453,,1,medium,114,B,0.3185,0.5,0.5,146,C,435,C
FORD,Transit Custom Kombi,1,2020-2022,5.0,5,"Above 250,000 DKK",318196,86215,3,,False,True,,,,False,,,,,27596,27596,0.8155,0.7777,0.6367,16925.8064516129,8760.0,0.1896,False,True,1336,239544,102,False,0.5042,global,0,,high,,True,False,no_exit_band_data,False,True,-0.5319,,1,medium,,,,,,,,524,D
FORD,Transit Custom Kombi,2,2017-2019,8.0,4,"150,000-250,000 DKK",199458,137606,4,,False,True,,,,False,,,,,27335,27335,0.7606,0.7261,0.9183,16500.0,8080.0,0.19,False,True,883,11477,102,False,0.5042,global,0,,high,,True,False,no_exit_band_data,False,True,-0.01,,1,medium,,,,,,,,522,D
KIA,XCeed,1,2020-2022,5.0,3,"90,000-150,000 DKK",143304,86215,3,,False,True,,,,False,,,,,7317,7317,0.8555,0.8622,0.2358,5689.772727272728,920.0,0.2653,False,True,2163,13029,115,False,0.5042,global,0,,high,,True,False,no_exit_band_data,True,False,0.4319,,1,medium,,,,,,,,3,S
KIA,XCeed,2,2017-2019,8.0,3,"90,000-150,000 DKK",141030,137606,4,,False,True,,,,False,,,,,17404,17404,,,,14144.067796610172,3260.0,0.6918,True,False,41,0,115,False,0.5042,global,0,,high,,True,True,no_exit_band_data,False,False,,,,,,,,,,,,,
SKODA,KODIAQ,1,2020-2022,5.0,5,"Above 250,000 DKK",297884,86215,3,6.0,False,True,218883,1.022,79001,True,79058,24960,3960,186979,31163,17996,0.8847,0.8768,0.22,13176.315789473685,4160.0,0.4857,False,True,903,70566,15,False,0.5042,global,0,,low,,False,False,,False,True,1.1822,0.6281,2,medium,1,S,0.625,0.5,0.5,8,A,336,B
SKODA,KODIAQ,2,2017-2019,8.0,4,"150,000-250,000 DKK",229348,137606,4,,False,True,,,,False,,,,,19350,19350,0.86,0.8545,0.2671,13908.333333333336,4640.0,0.5091,False,True,1205,10604,15,False,0.5042,global,0,,low,,True,False,no_exit_band_data,False,True,1.7466,,1,medium,,,,,,,,384,C
SKODA,KODIAQ,3,2014-2016,11.0,4,"150,000-250,000 DKK",214168,183720,4,,True,True,,,,False,,,,,23684,23684,,,,18544.444444444445,5140.0,0.6081,True,False,1,0,15,False,0.5042,global,0,,low,,True,True,no_exit_band_data,False,False,,,,,,,,,,,,,
SEAT,LEON,1,2020-2022,5.0,3,"90,000-150,000 DKK",108546,86215,3,6.0,False,True,51944,1.022,56602,True,64192,9120,5881,135795,22632,13199,0.8339,0.8238,0.3267,10698.717948717951,1520.0,0.6453,False,True,2351,210424,774,False,0.5042,global,0,,high,,False,False,,False,False,-0.1119,,1,medium,15,A,0.7677,0.5,0.5,10,S,95,A
SEAT,LEON,2,2017-2019,8.0,2,"50,000-90,000 DKK",81073,137606,4,6.5,False,True,32368,0.9364,48705,True,76758,10400,8559,144422,22219,14726,0.806,0.7891,0.4389,11808.962264150945,1600.0,0.7651,False,True,3358,196502,774,False,0.5042,global,0,,high,,False,False,,False,False,0.7047,,1,medium,52,B,0.78,0.5,0.5,6,S,161,B
SEAT,LEON,3,2014-2016,11.0,2,"50,000-90,000 DKK",50825,183720,4,3.5,True,True,32263,0.9334,18562,True,42952,3220,8707,73440,20983,15680,0.7306,0.7018,0.8292,12272.058823529414,920.0,0.6931,False,True,2606,118320,774,False,0.4502,global,0,,high,,False,False,,False,False,0.9317,,1,medium,40,B,0.788,0.5,0.5,5,S,214,B
SEAT,LEON,4,2010-2013,14.5,1,"Up to 50,000 DKK",34566,212462,,,,False,,,,False,,,,,19657,19657,0.6216,0.6008,1.5349,12272.058823529414,2780.0,0.5181,False,True,891,82300,774,False,0.4502,global,0,,high,,False,False,,False,True,0.4605,,1,medium,89,B,0.6339,0.5,0.5,35,A,401,C
NISSAN,MICRA,1,2020-2022,5.0,2,"50,000-90,000 DKK",54700,86215,3,6.0,False,True,33510,1.022,21190,True,67058,9120,8017,105385,17564,14033,0.7521,0.7899,0.4454,11176.339285714288,1520.0,0.4108,False,True,562,117855,330,False,0.4502,global,0,,high,,False,False,,False,False,-1.773,,1,medium,8,S,0.6,0.5,0.5,33,A,127,A
NISSAN,MICRA,2,2017-2019,8.0,1,"Up to 50,000 DKK",37697,137606,4,6.5,False,True,21220,0.9364,16477,True,71686,9880,12248,110291,16968,14433,0.6642,0.7272,0.6281,11028.634361233482,1520.0,0.3622,False,True,1975,145460,330,False,0.4502,global,0,,high,,False,False,,False,False,-1.2727,,1,medium,36,A,0.5208,0.5,0.5,81,B,146,A
NISSAN,MICRA,3,2014-2016,11.0,1,"Up to 50,000 DKK",32788,183720,4,3.5,True,True,21151,0.9334,11637,True,43811,3220,9888,68556,19587,16263,0.5793,0.6486,0.9417,12517.500000000002,920.0,0.3591,False,True,2662,154077,330,False,0.4502,global,0,,high,,False,False,,False,False,-1.0291,,1,medium,86,B,0.3661,0.5,0.5,137,C,242,B
NISSAN,MICRA,4,2010-2013,14.5,1,"Up to 50,000 DKK",22661,212462,,,,False,,,,False,,,,,17263,17263,0.5315,0.5891,1.2753,12517.500000000002,920.0,0.3758,False,True,2665,238274,330,False,0.4502,global,0,,high,,False,False,,False,False,-0.7339,,1,medium,41,A,0.5387,0.5,0.5,71,B,301,B
AUDI,A3 Sportback,1,2020-2022,5.0,3,"90,000-150,000 DKK",95969,86215,3,6.0,False,True,79425,1.022,16544,True,38714,6840,7501,69599,11600,8842,0.8761,0.8708,0.4167,6452.319587628867,1140.0,0.5517,False,True,1087,329089,24,False,0.5042,global,0,,low,,False,False,,True,False,0.9662,1.9879,2,low,1,S,0.7121,0.5,0.5,13,A,17,S
AUDI,A3 Sportback,2,2017-2019,8.0,3,"90,000-150,000 DKK",95969,137606,4,6.5,False,True,37630,0.9364,58339,True,76398,10400,13094,158231,24343,15368,0.8258,0.8129,0.6715,11753.521126760563,1600.0,0.7608,False,True,1857,434870,24,False,0.5042,global,0,,low,,False,False,,False,False,1.023,1.4638,2,low,33,B,0.8232,0.5,0.5,6,S,202,B
AUDI,A3 Sportback,3,2014-2016,11.0,2,"50,000-90,000 DKK",77714,183720,4,3.5,True,True,37509,0.9334,40205,True,40415,6860,14691,102170,29192,17704,0.729,0.7047,1.3991,11547.067540956981,1960.0,0.7371,False,True,2634,330699,24,False,0.5042,global,0,,low,,False,False,,False,True,0.9069,0.0458,2,high,103,C,0.544,0.5,0.5,49,B,323,B
AUDI,A3 Sportback,4,2010-2013,14.5,1,"Up to 50,000 DKK",40186,212462,,,,False,,,,False,,,,,21222,21222,0.6368,0.6108,2.4728,11023.109243697478,2780.0,0.681,False,True,1596,329091,24,False,0.4502,global,0,,low,,False,False,,False,True,0.6708,,1,medium,123,C,0.619,0.5,0.5,39,A,444,C
VOLKSWAGEN,T-Cross,1,2020-2022,5.0,4,"150,000-250,000 DKK",153777,86215,3,,False,True,,,,False,,,,,14697,14697,0.8428,0.8636,0.3728,11978.468899521533,1600.0,0.4158,False,True,4464,26282,122,False,0.5042,global,0,,high,,True,False,no_exit_band_data,False,False,0.1047,,1,medium,,,,,,,,159,A
VOLKSWAGEN,T-Cross,2,2017-2019,8.0,3,"90,000-150,000 DKK",122853,137606,4,,False,True,,,,False,,,,,12696,12696,,,,11176.339285714288,1520.0,0.4471,True,False,2068,0,122,False,0.5042,global,0,,high,,True,True,no_exit_band_data,False,False,,,,,,,,,,,,,
MAZDA,CX-5,1,2020-2022,5.0,4,"150,000-250,000 DKK",229960,86215,3,6.0,False,True,118639,1.022,111321,True,90488,19560,5942,227311,37885,19332,0.8589,0.8562,0.3301,15081.325301204819,3260.0,0.6554,False,True,1291,95527,92,False,0.5042,global,0,,medium,,False,False,,False,False,0.4502,0.7101,2,medium,41,C,0.38,0.5,0.5,41,C,382,C
MAZDA,CX-5,2,2017-2019,8.0,4,"150,000-250,000 DKK",160205,137606,4,6.5,False,True,88158,0.9364,72047,True,97442,27040,13071,209600,32246,21162,0.7893,0.7731,0.6703,14991.017964071858,4160.0,0.7151,False,True,1847,78738,92,False,0.5042,global,0,,medium,,False,False,,False,False,0.4002,0.3004,2,high,25,B,0.68,0.5,0.5,7,A,441,C
MAZDA,CX-5,3,2014-2016,11.0,3,"90,000-150,000 DKK",116083,183720,4,3.5,True,True,87873,0.9334,28210,True,52469,13860,11043,105581,30166,22106,0.697,0.6757,1.0517,14991.017964071858,3960.0,0.738,False,True,849,29142,92,False,0.5042,global,0,,medium,,False,False,,False,True,0.5718,0.3464,2,high,75,C,0.601,0.5,0.5,28,A,461,C
MAZDA,CX-5,4,2010-2013,14.5,3,"90,000-150,000 DKK",94145,212462,,,,False,,,,False,,,,,22604,22604,,0.6036,1.2178,14991.017964071858,3960.0,0.7026,True,False,275,439,92,False,0.5042,global,0,,medium,,True,True,reliability_unstable,False,False,,,,,,,,,,,,,
PEUGEOT,206 +,4,2010-2013,14.5,1,"Up to 50,000 DKK",21575,212462,,,,False,,,,False,,,,,18212,18212,0.5014,0.5371,1.646,10493.999999999998,2780.0,0.372,False,True,4125,37670,6154,True,0.2778,own_cell,5,0.2281,high,,False,False,,False,True,-1.123,,1,medium,61,B,0.4673,0.5,0.5,114,B,341,B
AUDI,A6 AVANT,1,2020-2022,5.0,5,"Above 250,000 DKK",403757,86215,3,6.0,False,True,112054,1.022,291703,True,41958,5520,7510,346691,57782,9165,0.8907,0.8774,0.4172,6993.016759776537,920.0,0.6803,False,True,603,103781,57,False,0.5042,global,0,,medium,,False,False,,False,True,1.4855,,1,medium,23,C,0.4821,0.5,0.5,15,B,24,S
AUDI,A6 AVANT,2,2017-2019,8.0,4,"150,000-250,000 DKK",182603,137606,4,6.5,False,True,60734,0.9364,121869,True,76814,23400,12585,234668,36103,17354,0.8532,0.8304,0.6454,11817.567567567568,3600.0,0.673,False,True,652,130713,57,False,0.5042,global,0,,medium,,False,False,,False,True,1.5991,,1,medium,39,C,0.43,0.5,0.5,35,B,305,B
AUDI,A6 AVANT,3,2014-2016,11.0,3,"90,000-150,000 DKK",109640,183720,4,3.5,True,True,60538,0.9334,49102,True,42315,13860,10802,116079,33165,19136,0.8004,0.7698,1.0288,12089.861751152073,3960.0,0.6446,False,True,1176,102351,57,False,0.5042,global,0,,medium,,False,False,,False,True,2.0633,,1,medium,85,C,0.4091,0.5,0.5,68,B,373,B
AUDI,A6 AVANT,4,2010-2013,14.5,2,"50,000-90,000 DKK",64859,212462,,,,False,,,,False,,,,,26931,26931,0.7304,0.6841,1.809,15523.668639053254,5980.0,0.6386,False,True,590,93098,57,False,0.4502,global,0,,medium,,False,False,,False,True,2.0749,,1,medium,93,C,0.508,0.5,0.5,61,B,519,D
FORD,PUMA,1,2020-2022,5.0,3,"90,000-150,000 DKK",148718,86215,3,,False,True,,,,False,,,,,13252,13252,0.874,0.8957,0.1851,11176.339285714288,1520.0,0.5459,False,True,1795,39588,64,False,0.5042,global,0,,medium,,True,False,no_exit_band_data,True,False,0.9542,,1,medium,,,,,,,,97,A
CITROËN,Grand C4 SpaceTourer,1,2020-2022,5.0,3,"90,000-150,000 DKK",107618,86215,3,,False,True,,,,False,,,,,14851,14851,,0.8438,0.3438,11379.545454545456,2440.0,0.4121,True,False,837,64,1252,True,0.5042,brand_pooled,0,,low,,True,True,no_exit_band_data,False,False,,,,,,,,,,,,,
CITROËN,Grand C4 SpaceTourer,2,2017-2019,8.0,2,"50,000-90,000 DKK",63301,137606,4,,False,True,,,,False,,,,,18118,18118,0.6247,0.5922,1.1754,11211.538461538463,3380.0,0.463,True,False,925,895,1252,True,0.4502,brand_pooled,0,,low,,True,True,no_exit_band_data,False,True,,,,,,,,,,,,,
ALFA ROMEO,GIULIETTA,1,2020-2022,5.0,2,"50,000-90,000 DKK",62542,86215,3,6.0,False,True,56365,1.022,6177,True,70272,27840,9036,113325,18888,17858,0.8205,0.8166,0.502,11712.053571428572,4640.0,0.6476,False,True,8,14423,131,False,0.4502,global,0,,high,,True,True,insufficient_dk_fleet,False,True,-0.4212,,1,medium,,,,,,,,,
ALFA ROMEO,GIULIETTA,2,2017-2019,8.0,2,"50,000-90,000 DKK",62542,137606,4,6.5,False,True,41523,0.9364,21019,True,79768,10400,17105,128293,19737,16504,0.734,0.7256,0.8772,12272.058823529414,1600.0,0.7818,False,True,201,33067,131,False,0.4502,global,0,,high,,False,False,,False,False,-0.3856,,1,medium,23,A,0.904,0.5,0.5,1,S,253,B
ALFA ROMEO,GIULIETTA,3,2014-2016,11.0,2,"50,000-90,000 DKK",55151,183720,4,3.5,True,True,41389,0.9334,13762,True,48144,9030,15501,86437,24696,20764,0.646,0.6252,1.4763,13755.494505494507,2580.0,0.7883,False,True,253,40861,131,False,0.4502,global,0,,high,,False,False,,False,False,-0.2144,,1,medium,79,B,0.684,0.5,0.5,18,A,431,C
ALFA ROMEO,GIULIETTA,4,2010-2013,14.5,1,"Up to 50,000 DKK",44343,212462,,,,False,,,,False,,,,,23009,23009,0.5892,0.5702,1.9578,14555.232558139538,2580.0,0.7788,False,True,888,12351,131,False,0.4502,global,0,,high,,False,False,,False,False,0.0227,,1,medium,144,C,0.5714,0.5,0.5,52,B,477,C
FORD,FIESTA,1,2020-2022,5.0,2,"50,000-90,000 DKK",83625,86215,3,6.0,False,True,33053,1.022,50572,True,57332,9120,6988,124012,20669,12240,0.7889,0.8054,0.3882,9555.343511450383,1520.0,0.5986,False,True,3970,1025371,828,False,0.5042,global,0,,high,,False,False,,True,False,-1.0824,0.7216,2,medium,37,A,0.688,0.5,0.5,17,A,57,A
FORD,FIESTA,2,2017-2019,8.0,1,"Up to 50,000 DKK",43050,137606,4,6.5,False,True,21346,0.9364,21704,True,69851,9881,14426,115861,17825,14486,0.6653,0.6861,0.7398,10746.2527,1520.1283,0.4023,False,True,9356,1360475,828,False,0.4502,global,2,0.5,high,,False,False,,False,False,-1.2624,1.12,2,low,53,B,0.5565,0.5,0.5,61,B,151,A
FORD,FIESTA,3,2014-2016,11.0,1,"Up to 50,000 DKK",32341,183720,4,3.5,True,True,21277,0.9334,11064,True,37607,3220,11614,63504,18144,14983,0.5887,0.605,1.1061,10744.7426,920.0,0.5163,False,True,12931,1204198,828,False,0.4502,global,0,,high,,False,False,,False,False,-0.9237,1.1574,2,low,59,B,0.7173,0.5,0.5,11,S,180,B
FORD,FIESTA,4,2010-2013,14.5,1,"Up to 50,000 DKK",22796,212462,,,,False,,,,False,,,,,18688,18688,0.5386,0.5521,1.5502,12274.3937,1763.4134,0.4918,False,True,11695,1153569,828,False,0.4502,global,2,0.3534,high,,False,False,,False,False,-0.6448,0.5301,2,medium,68,B,0.6488,0.5,0.5,30,A,356,B
SKODA,CITIGO,1,2020-2022,5.0,2,"50,000-90,000 DKK",64654,86215,3,6.0,False,True,29618,1.022,35036,True,66172,9120,5193,115521,19253,13414,0.8059,0.8411,0.2885,11028.634361233482,1520.0,0.2449,False,True,2,60389,172,False,0.4502,global,0,,high,,True,True,insufficient_dk_fleet,False,False,-0.7383,,1,medium,,,,,,,,,
SKODA,CITIGO,2,2017-2019,8.0,1,"Up to 50,000 DKK",36688,137606,4,6.5,False,True,23389,0.9364,13299,True,66692,9100,8268,97359,14978,12932,0.7425,0.7869,0.424,10260.245901639346,1400.0,0.2401,False,True,7757,90119,172,False,0.4502,global,0,,high,,False,False,,False,False,-0.2684,,1,medium,10,S,0.497,0.5,0.5,101,B,83,A
SKODA,CITIGO,3,2014-2016,11.0,1,"Up to 50,000 DKK",28980,183720,4,3.5,True,True,23313,0.9334,5667,True,35911,3220,5222,50019,14291,12672,0.7139,0.764,0.4973,10260.245901639346,920.0,0.2375,False,True,10936,44780,172,False,0.4502,global,0,,high,,False,False,,False,False,0.6908,,1,medium,6,S,0.497,0.5,0.5,102,B,73,A
SKODA,CITIGO,4,2010-2013,14.5,1,"Up to 50,000 DKK",24977,212462,,,,False,,,,False,,,,,13043,13043,0.6808,0.7307,0.621,10260.245901639346,920.0,0.2582,True,False,9173,1077,172,False,0.4502,global,0,,high,,True,True,reliability_unstable,False,False,,,,,,,,,,,,,
SKODA,FABIA,1,2020-2022,5.0,2,"50,000-90,000 DKK",63279,86215,3,6.0,False,True,28315,1.022,34964,True,65594,9120,5747,115425,19238,13410,0.8113,0.8241,0.3193,10932.314410480352,1520.0,0.3963,False,True,5800,187204,112,False,0.4502,global,0,,high,,False,False,,False,False,-0.6232,,1,medium,19,A,0.54,0.5,0.5,51,B,103,A
SKODA,FABIA,2,2017-2019,8.0,1,"Up to 50,000 DKK",39877,137606,4,6.5,False,True,18438,0.9364,21439,True,71686,9880,9563,112568,17318,14020,0.7501,0.7677,0.4904,11028.634361233482,1520.0,0.403,False,True,9885,206097,112,False,0.4502,global,0,,high,,False,False,,False,False,-0.1737,0.8755,2,medium,42,A,0.5923,0.5,0.5,45,A,124,A
SKODA,FABIA,3,2014-2016,11.0,1,"Up to 50,000 DKK",27705,183720,4,3.5,True,True,18378,0.9334,9327,True,41137,3220,8139,61823,17664,14999,0.6775,0.6963,0.7751,11753.521126760563,920.0,0.5043,False,True,7331,174709,112,False,0.4502,global,0,,high,,False,False,,False,False,0.1758,0.7943,2,medium,48,A,0.7351,0.5,0.5,7,S,181,B
SKODA,FABIA,4,2010-2013,14.5,1,"Up to 50,000 DKK",19690,212462,,,,False,,,,False,,,,,18941,18941,0.5603,0.5751,1.3808,13039.062500000002,1760.0,0.4466,False,True,2181,180813,112,False,0.4502,global,0,,high,,False,False,,False,False,-0.3633,0.2036,2,high,72,B,0.5714,0.5,0.5,53,B,366,B
CHEVROLET,SPARK,3,2014-2016,11.0,1,"Up to 50,000 DKK",24663,183720,4,3.5,True,True,13919,0.9334,10744,True,43811,3220,15580,73356,20959,17889,0.5255,0.5538,1.4838,12517.500000000002,920.0,0.3997,False,True,1207,36446,307,True,0.0903,own_cell,5,0.3527,medium,,False,False,,False,False,-1.6592,,1,medium,118,B,0.3571,0.5,0.5,139,C,330,B
CHEVROLET,SPARK,4,2010-2013,14.5,1,"Up to 50,000 DKK",14912,212462,,,,False,,,,False,,,,,18314,18314,0.4991,0.5431,1.6254,12517.500000000002,920.0,0.4254,False,True,11625,13707,307,True,0.1891,own_cell,5,0.2756,high,,False,False,,False,False,-1.1527,,1,medium,63,B,0.5565,0.5,0.5,62,B,345,B
SEAT,MII,2,2017-2019,8.0,1,"Up to 50,000 DKK",26854,137606,4,6.5,False,True,20131,0.9364,6723,True,66692,9100,9222,91736,14113,13079,0.7374,0.7782,0.4729,10260.245901639346,1400.0,0.2386,False,True,2523,30597,41,False,0.4502,global,0,,medium,,False,False,,False,False,-0.339,,1,medium,3,S,0.5089,0.5,0.5,92,B,93,A
SEAT,MII,3,2014-2016,11.0,1,"Up to 50,000 DKK",24270,183720,4,3.5,True,True,20066,0.9334,4204,True,35911,3220,6624,49959,14274,13073,0.6726,0.7224,0.6309,10260.245901639346,920.0,0.2397,False,True,5451,19562,41,False,0.4502,global,0,,medium,,False,False,,False,False,0.1283,,1,medium,5,S,0.506,0.5,0.5,95,B,91,A
SEAT,MII,4,2010-2013,14.5,1,"Up to 50,000 DKK",21498,212462,,,,False,,,,False,,,,,13695,13695,0.6251,0.6804,0.8384,10260.245901639346,920.0,0.2582,True,False,3931,557,41,False,0.4502,global,0,,medium,,True,True,reliability_unstable,False,False,,,,,,,,,,,,,
MERCEDES-BENZ,E-Klasse,1,2020-2022,5.0,5,"Above 250,000 DKK",380269,86215,3,6.0,False,True,152096,1.022,228173,True,51428,8053,9331,296985,49497,11469,0.8549,0.852,0.5184,8571.2924,1342.216,0.5828,False,True,1426,235674,1177,False,0.5042,global,0,,high,,False,False,,False,True,0.4212,0.2055,2,high,19,B,0.3929,0.5,0.5,23,C,49,S
MERCEDES-BENZ,E-Klasse,2,2017-2019,8.0,5,"Above 250,000 DKK",261853,137606,4,6.5,False,True,60487,0.9364,201366,True,72200,23585,16762,313913,48294,17315,0.8079,0.7966,0.8596,11107.6443,3628.5283,0.6485,False,True,2650,247132,1177,False,0.5042,global,0,,high,,False,False,,False,True,0.7307,0.4403,2,high,18,B,0.4643,0.5,0.5,18,B,303,B
MERCEDES-BENZ,E-Klasse,3,2014-2016,11.0,3,"90,000-150,000 DKK",148820,183720,4,3.5,True,True,60292,0.9334,88528,True,44185,13860,14125,160697,45913,20620,0.7406,0.726,1.3452,12624.1629,3960.0,0.5955,False,True,2286,189294,1177,False,0.5042,global,0,,high,,False,False,,False,True,1.0525,0.6029,2,medium,99,D,0.2778,0.5,0.5,90,C,426,C
MERCEDES-BENZ,E-Klasse,4,2010-2013,14.5,2,"50,000-90,000 DKK",64595,212462,,,,False,,,,False,,,,,24815,24815,0.7073,0.6899,1.668,14232.4324,5578.7193,0.447,False,True,2936,118523,1177,False,0.4502,global,0,,high,,False,False,,False,True,1.6727,0.3029,2,high,81,B,0.348,0.5,0.5,105,C,500,D
TOYOTA,VERSO,2,2017-2019,8.0,2,"50,000-90,000 DKK",63207,137606,4,6.5,False,True,49220,0.9364,13987,True,109213,28080,11324,162603,25016,22864,0.7806,0.7665,0.5807,16802.013422818793,4320.0,0.6042,False,True,899,36434,177,False,0.4502,global,0,,high,,False,False,,False,False,0.2915,,1,medium,83,B,0.516,0.5,0.5,59,B,475,C
TOYOTA,VERSO,3,2014-2016,11.0,2,"50,000-90,000 DKK",59976,183720,4,3.5,True,True,49061,0.9334,10915,True,58807,15120,9972,94813,27090,23971,0.6906,0.6764,0.9497,16802.013422818793,4320.0,0.6042,False,True,1552,38503,177,False,0.4502,global,0,,high,,False,False,,False,False,0.3571,0.1308,2,high,95,C,0.472,0.5,0.5,73,B,489,D
TOYOTA,VERSO,4,2010-2013,14.5,2,"50,000-90,000 DKK",52563,212462,,,,False,,,,False,,,,,25099,25099,0.6438,0.6306,1.2494,17030.612244897962,4320.0,0.5017,False,True,1954,20896,177,False,0.4502,global,0,,high,,False,False,,False,False,0.7688,,1,medium,84,B,0.412,0.5,0.5,91,C,502,D
BMW,X1,1,2020-2022,5.0,4,"150,000-250,000 DKK",206602,86215,3,6.0,False,True,105050,1.022,101552,True,44441,5520,7141,158653,26442,9517,0.8812,0.8816,0.3967,7406.804733727812,920.0,0.1083,False,True,1184,145861,317,False,0.5042,global,0,,high,,False,False,,True,False,1.1677,0.1069,2,high,9,A,0.42,0.5,0.5,37,C,25,S
BMW,X1,2,2017-2019,8.0,4,"150,000-250,000 DKK",152017,137606,4,6.5,False,True,50806,0.9364,101211,True,74466,23400,14040,213118,32787,17216,0.8159,0.811,0.72,11456.331877729259,3600.0,0.7193,False,True,1114,103202,317,False,0.5042,global,0,,high,,False,False,,False,True,0.8652,0.3687,2,high,28,B,0.68,0.5,0.5,8,A,300,B
BMW,X1,3,2014-2016,11.0,3,"90,000-150,000 DKK",102787,183720,4,3.5,True,True,50642,0.9334,52145,True,45011,13860,12816,123833,35381,20482,0.7383,0.7246,1.2206,12860.29411764706,3960.0,0.6627,False,True,233,70155,317,False,0.5042,global,0,,high,,False,False,,False,True,0.9559,1.074,2,low,91,D,0.4192,0.5,0.5,65,B,423,C
BMW,X1,4,2010-2013,14.5,2,"50,000-90,000 DKK",54256,212462,,,,False,,,,False,,,,,22743,22743,0.7115,0.6902,1.5551,13117.499999999998,4960.0,0.5958,False,True,331,23364,317,False,0.4502,global,0,,high,,False,False,,False,True,1.5255,1.3071,2,low,59,B,0.596,0.5,0.5,35,A,472,C
MITSUBISHI,OUTLANDER,1,2020-2022,5.0,3,"90,000-150,000 DKK",125741,86215,3,6.0,False,True,64657,1.022,61084,True,46794,7680,6282,121841,20307,10126,0.864,0.8534,0.349,7799.065420560748,1280.0,0.2446,False,True,1485,107990,203,False,0.5042,global,0,,high,,False,False,,True,False,0.3033,1.0899,2,low,9,S,0.4646,0.5,0.5,53,B,32,S
MITSUBISHI,OUTLANDER,2,2017-2019,8.0,3,"90,000-150,000 DKK",106675,137606,4,6.5,False,True,28283,0.9364,78392,True,50694,8320,13108,150514,23156,11096,0.7916,0.7646,0.6722,7799.065420560748,1280.0,0.2484,False,True,759,105839,203,False,0.5042,global,0,,high,,False,False,,True,False,0.3343,0.774,2,medium,20,A,0.4242,0.5,0.5,63,B,43,S
MITSUBISHI,OUTLANDER,3,2014-2016,11.0,2,"50,000-90,000 DKK",63264,183720,4,3.5,True,True,28192,0.9334,35072,True,53385,15120,12942,116520,33291,23271,0.6851,0.6468,1.2326,15252.906976744187,4320.0,0.4753,False,True,113,31149,203,False,0.4502,global,0,,high,,False,False,,False,True,0.1577,0.3881,2,high,120,D,0.24,0.5,0.5,120,D,480,C
MITSUBISHI,OUTLANDER,4,2010-2013,14.5,1,"Up to 50,000 DKK",30204,212462,,,,False,,,,False,,,,,32776,32776,0.5869,0.5415,2.0805,18874.10071942446,7660.0,0.4621,False,True,30,20342,203,False,0.4502,global,0,,high,,True,True,insufficient_dk_fleet,False,True,-0.1127,0.3234,2,high,,,,,,,,,
CITROËN,C1,1,2020-2022,5.0,3,"90,000-150,000 DKK",91771,86215,3,6.0,False,True,30035,1.022,61736,True,50583,7681,5877,125877,20980,10690,0.8036,0.836,0.3265,8430.5756,1280.1023,0.3681,False,True,4694,100540,1252,True,0.4485,own_cell,5,0.2059,high,,False,False,,False,False,-0.7866,,1,medium,11,A,0.5303,0.5,0.5,45,B,36,S
CITROËN,C1,2,2017-2019,8.0,2,"50,000-90,000 DKK",53337,137606,4,6.5,False,True,17565,0.9364,35772,True,61875,8319,10150,116116,17864,12361,0.7206,0.7696,0.5205,9519.3025,1279.8952,0.3788,False,True,10306,178862,1252,True,0.4047,own_cell,5,0.486,medium,,False,False,,False,False,-0.5656,,1,medium,11,S,0.56,0.5,0.5,43,B,62,A
CITROËN,C1,3,2014-2016,11.0,1,"Up to 50,000 DKK",29388,183720,4,3.5,True,True,17508,0.9334,11880,True,33318,3220,9069,57487,16425,13031,0.6311,0.6782,0.8637,9519.5095,920.0,0.3725,False,True,10416,166558,1252,True,0.3476,own_cell,5,0.3694,medium,,False,False,,False,False,-0.4012,,1,medium,27,A,0.5714,0.5,0.5,54,B,90,A
CITROËN,C1,4,2010-2013,14.5,1,"Up to 50,000 DKK",18758,212462,,,,False,,,,False,,,,,16296,16296,0.5397,0.5709,1.455,11010.7099,920.0,0.3641,False,True,13172,165674,1252,True,0.334,own_cell,5,0.2967,high,,False,False,,False,False,-0.6276,,1,medium,24,A,0.5655,0.5,0.5,57,B,245,B
OPEL,KARL,2,2017-2019,8.0,1,"Up to 50,000 DKK",26245,137606,4,,False,True,,,,False,,,,,12576,12576,0.7213,0.7893,0.4653,10260.245901639346,920.0,0.3115,False,True,3758,63920,24,False,0.4502,global,0,,low,,True,False,no_exit_band_data,False,False,-0.5564,,1,medium,,,,,,,,71,A
OPEL,KARL,3,2014-2016,11.0,1,"Up to 50,000 DKK",28200,183720,4,,True,True,,,,False,,,,,13302,13302,0.6882,0.7073,0.7073,10260.245901639346,920.0,0.3098,True,False,5162,1247,24,False,0.4502,global,0,,low,,True,True,no_exit_band_data,False,False,,,,,,,,,,,,,
VOLKSWAGEN,T-Roc,1,2020-2022,5.0,4,"150,000-250,000 DKK",186096,86215,3,,False,True,,,,False,,,,,14620,14620,0.8952,0.8995,0.2088,12393.564356435645,1600.0,0.7496,False,True,4230,121908,337,False,0.5042,global,0,,high,,True,False,no_exit_band_data,False,False,1.6116,0.3262,2,high,,,,,,,,158,A
VOLKSWAGEN,T-Roc,2,2017-2019,8.0,4,"150,000-250,000 DKK",151534,137606,4,,False,True,,,,False,,,,,15949,15949,0.8652,0.8829,0.2455,12772.959183673469,2440.0,0.745,False,True,4318,4501,337,False,0.5042,global,0,,high,,True,False,no_exit_band_data,False,False,1.8635,,1,medium,,,,,,,,224,B
VOLKSWAGEN,PASSAT VARIANT,1,2020-2022,5.0,4,"150,000-250,000 DKK",181506,86215,3,6.0,False,True,77891,1.022,103615,True,44441,7200,6197,161453,26909,9640,0.8737,0.8441,0.3443,7406.804733727812,1200.0,0.5071,False,True,2615,129070,664,False,0.5042,global,0,,high,,False,False,,False,False,0.569,2.1616,2,low,10,A,0.51,0.5,0.5,25,B,27,S
VOLKSWAGEN,PASSAT VARIANT,2,2017-2019,8.0,3,"90,000-150,000 DKK",110457,137606,4,6.5,False,True,36070,0.9364,74387,True,71650,21190,11392,178619,27480,16036,0.8128,0.7686,0.5842,11023.109243697478,3260.0,0.5706,False,True,277,176131,664,False,0.5042,global,0,,high,,False,False,,False,True,0.745,0.985,2,medium,57,B,0.4545,0.5,0.5,57,B,231,B
VOLKSWAGEN,PASSAT VARIANT,3,2014-2016,11.0,2,"50,000-90,000 DKK",76213,183720,4,3.5,True,True,35954,0.9334,40259,True,42315,13860,11020,107453,30701,19198,0.7188,0.6711,1.0495,12089.861751152073,3960.0,0.5909,False,True,734,173856,664,False,0.5042,global,0,,high,,False,False,,False,True,0.7106,0.5355,2,medium,110,C,0.372,0.5,0.5,98,C,376,C
VOLKSWAGEN,PASSAT VARIANT,4,2010-2013,14.5,1,"Up to 50,000 DKK",38520,212462,,,,False,,,,False,,,,,20804,20804,0.6539,0.6159,1.5091,12316.901408450702,3960.0,0.4748,False,True,2552,179641,664,False,0.4502,global,0,,high,,False,False,,False,True,0.8664,0.5208,2,medium,112,B,0.5,0.5,0.5,98,B,432,C
RENAULT,GRAND SCENIC,1,2020-2022,5.0,3,"90,000-150,000 DKK",95688,86215,3,6.0,False,True,49284,1.022,46404,True,67269,21600,10690,145964,24327,16593,0.7362,0.7193,0.5939,11211.538461538463,3600.0,0.2718,False,True,97,10394,163,False,0.5042,global,0,,high,,False,False,,False,True,-2.0484,,1,medium,32,B,0.3788,0.5,0.5,73,C,260,B
RENAULT,GRAND SCENIC,2,2017-2019,8.0,2,"50,000-90,000 DKK",89352,137606,4,6.5,False,True,27076,0.9364,62276,True,72875,21970,19874,176995,27230,17649,0.6368,0.6128,1.0192,11211.538461538463,3380.0,0.2942,False,True,1796,13293,163,False,0.5042,global,0,,high,,False,False,,False,True,-1.5939,,1,medium,97,C,0.164,0.5,0.5,124,D,318,B
RENAULT,GRAND SCENIC,3,2014-2016,11.0,1,"Up to 50,000 DKK",48222,183720,4,3.5,True,True,26989,0.9334,21233,True,37632,10220,16604,85689,24483,18416,0.5312,0.5014,1.5813,10752.04918032787,2920.0,0.1531,False,True,1363,28791,163,False,0.4502,global,0,,high,,False,False,,False,True,-1.593,,1,medium,156,D,0.0387,0.5,0.5,169,D,348,B
RENAULT,GRAND SCENIC,4,2010-2013,14.5,1,"Up to 50,000 DKK",28915,212462,,,,False,,,,False,,,,,22202,22202,0.4904,0.4772,1.975,12316.901408450702,3960.0,0.3817,False,True,2013,30437,163,False,0.4502,global,0,,high,,False,False,,False,True,-1.265,,1,medium,136,C,0.2679,0.5,0.5,154,D,464,C
DACIA,SANDERO,1,2020-2022,5.0,3,"90,000-150,000 DKK",110655,86215,3,6.0,False,True,29913,1.022,80742,True,69542,9120,6448,165851,27642,14185,0.7247,0.7471,0.3582,11590.277777777777,1520.0,0.3858,False,True,1245,149401,116,False,0.5042,global,0,,high,,False,False,,False,False,-2.2411,,1,medium,59,B,0.298,0.5,0.5,86,C,132,A
DACIA,SANDERO,2,2017-2019,8.0,1,"Up to 50,000 DKK",47320,137606,4,6.5,False,True,18532,0.9364,28788,True,79768,15860,12517,136933,21067,16638,0.5981,0.6184,0.6419,12272.058823529414,2440.0,0.3619,False,True,1326,148252,116,False,0.4502,global,1,,high,,False,False,,False,False,-2.0307,,1,medium,119,B,0.2679,0.5,0.5,155,D,262,B
DACIA,SANDERO,3,2014-2016,11.0,1,"Up to 50,000 DKK",29269,183720,4,3.5,True,True,18473,0.9334,10796,True,42952,9030,8483,71262,20360,17276,0.546,0.5642,0.8079,12272.058823529414,2580.0,0.3299,False,True,1478,40403,116,False,0.4502,global,0,,high,,False,False,,False,True,-1.4207,,1,medium,102,B,0.3006,0.5,0.5,148,C,302,B
DACIA,SANDERO,4,2010-2013,14.5,1,"Up to 50,000 DKK",19791,212462,,,,False,,,,False,,,,,18588,18588,,0.3333,1.9444,9975.28517110266,2780.0,0.3726,True,False,125,9,116,False,0.4502,global,2,0.0788,high,,True,True,reliability_unstable,False,True,,,,,,,,,,,,,
TOYOTA,Aygo X,1,2020-2022,5.0,2,"50,000-90,000 DKK",76808,86215,3,,False,True,,,,False,,,,,11536,11536,,1.0,,10135.627530364374,1400.0,0.2903,True,False,2868,9,122,False,0.5042,global,0,,high,,True,True,no_exit_band_data,False,False,,,,,,,,,,,,,
KIA,SPORTAGE,1,2020-2022,5.0,3,"90,000-150,000 DKK",148599,86215,3,6.0,False,True,88993,1.022,59606,True,36637,5520,5434,107197,17866,7932,0.8312,0.8286,0.3019,6106.097560975611,920.0,0.5454,False,True,1070,373513,781,False,0.5042,global,0,,high,,False,False,,True,False,-0.1758,,1,medium,4,S,0.6818,0.5,0.5,20,A,8,S
KIA,SPORTAGE,2,2017-2019,8.0,3,"90,000-150,000 DKK",117143,137606,4,6.5,False,True,47802,0.9364,69341,True,83592,30160,10169,193263,29733,19065,0.7623,0.7538,0.5215,12860.29411764706,4640.0,0.4377,False,True,903,301185,781,False,0.5042,global,0,,high,,False,False,,False,True,0.0054,0.9412,2,medium,72,C,0.2727,0.5,0.5,93,D,369,B
KIA,SPORTAGE,3,2014-2016,11.0,2,"50,000-90,000 DKK",87076,183720,4,3.5,True,True,47647,0.9334,39429,True,55108,13860,10103,118500,33857,22592,0.6567,0.6372,0.9622,15745.283018867925,3960.0,0.5116,False,True,295,146794,781,False,0.5042,global,0,,high,,False,False,,False,False,-0.1363,1.2518,2,low,121,D,0.276,0.5,0.5,116,D,467,C
KIA,SPORTAGE,4,2010-2013,14.5,2,"50,000-90,000 DKK",51048,212462,,,,False,,,,False,,,,,24914,24914,0.5757,0.5595,1.4149,15709.580838323353,4960.0,0.4921,False,True,114,47231,781,False,0.4502,global,0,,high,,False,False,,False,True,-0.1564,,1,medium,82,B,0.412,0.5,0.5,92,C,501,D
BMW,X5,1,2020-2022,5.0,5,"Above 250,000 DKK",664098,86215,3,6.0,False,True,174439,1.022,489659,True,50576,5520,8518,554273,92379,10769,0.8752,0.8688,0.4732,8429.292929292931,920.0,0.7712,False,True,1376,79157,686,False,0.5042,global,0,,high,,False,False,,True,False,0.8435,1.1943,2,low,29,D,0.4821,0.5,0.5,16,B,37,S
BMW,X5,2,2017-2019,8.0,5,"Above 250,000 DKK",358939,137606,4,6.5,False,True,84571,0.9364,274368,True,112932,48620,11041,446961,68763,26553,0.8645,0.8543,0.5662,17374.172185430463,7480.0,0.7878,False,True,173,69192,686,False,0.5042,global,0,,high,,False,False,,False,True,1.7158,1.9991,2,low,28,D,0.5179,0.5,0.5,14,B,516,D
BMW,X5,3,2014-2016,11.0,4,"150,000-250,000 DKK",170681,183720,4,3.5,True,True,84298,0.9334,86383,True,57033,24780,11005,179201,51200,26519,0.8011,0.7852,1.0481,16295.03105590062,7080.0,0.7932,False,True,125,49504,686,False,0.5042,global,0,,high,,False,False,,False,True,2.0169,0.8841,2,medium,50,D,0.5,0.5,0.5,28,B,514,D
BMW,X5,4,2010-2013,14.5,3,"90,000-150,000 DKK",90314,212462,,,,False,,,,False,,,,,35939,35939,0.7211,0.7006,2.0177,19725.56390977443,10160.0,0.8015,False,True,93,60059,686,False,0.5042,global,0,,high,,False,False,,False,True,1.9151,0.1115,2,high,94,D,0.5303,0.5,0.5,46,B,532,D
OPEL,Mokka,1,2020-2022,5.0,3,"90,000-150,000 DKK",128051,86215,3,6.0,False,True,78139,1.022,49912,True,73273,9600,8636,141421,23570,15252,0.7696,0.7811,0.4798,12212.195121951221,1600.0,0.5745,False,True,646,335043,580,False,0.5042,global,0,,high,,False,False,,False,False,-1.4557,,1,medium,24,A,0.6364,0.5,0.5,24,A,198,B
OPEL,Mokka,2,2017-2019,8.0,2,"50,000-90,000 DKK",89879,137606,4,6.5,False,True,54428,0.9364,35451,True,96865,24570,17242,174128,26789,21335,0.6679,0.6783,0.8842,14902.313715763741,3780.0,0.6388,False,True,6,389561,580,False,0.5042,global,0,,high,,True,True,insufficient_dk_fleet,False,False,-1.2235,0.8427,2,medium,,,,,,,,,
OPEL,Mokka,3,2014-2016,11.0,2,"50,000-90,000 DKK",76456,183720,4,3.5,True,True,54252,0.9334,22204,True,52469,12180,12225,99078,28308,21964,0.6242,0.6283,1.1643,14991.017964071858,3480.0,0.6388,False,True,924,92478,580,False,0.5042,global,0,,high,,False,False,,False,False,-0.4781,0.1938,2,high,101,C,0.48,0.5,0.5,69,B,458,C
OPEL,Mokka,4,2010-2013,14.5,2,"50,000-90,000 DKK",58124,212462,,,,False,,,,False,,,,,23259,23259,,0.6308,1.2438,16048.076923076924,3480.0,0.5031,True,False,110,65,580,False,0.4502,global,0,,high,,True,True,reliability_unstable,False,False,,,,,,,,,,,,,
TOYOTA,AYGO,1,2020-2022,5.0,2,"50,000-90,000 DKK",50205,86215,3,6.0,False,True,29632,1.022,20573,True,56051,8400,4455,89478,14913,11484,0.8359,0.8639,0.2475,9341.7531,1400.031,0.3471,False,True,7733,245099,288,False,0.4502,global,0,,high,,False,False,,False,False,-0.064,,1,medium,3,S,0.56,0.5,0.5,44,B,50,S
TOYOTA,AYGO,2,2017-2019,8.0,1,"Up to 50,000 DKK",41529,137606,4,6.5,False,True,16708,0.9364,24821,True,61875,8320,7968,102984,15844,12025,0.7636,0.8082,0.4086,9519.1965,1280.0599,0.3235,False,True,12017,243144,288,False,0.4502,global,0,,high,,False,False,,False,False,0.034,,1,medium,18,A,0.5417,0.5,0.5,70,B,55,A
TOYOTA,AYGO,3,2014-2016,11.0,1,"Up to 50,000 DKK",28994,183720,4,3.5,True,True,16654,0.9334,12340,True,33318,3220,8251,57128,16322,12797,0.6396,0.6914,0.7858,9519.4032,920.0,0.3194,False,True,14638,178808,288,False,0.4502,global,2,0.25,high,,False,False,,False,False,-0.295,,1,medium,25,A,0.5149,0.5,0.5,89,B,77,A
TOYOTA,AYGO,4,2010-2013,14.5,1,"Up to 50,000 DKK",17843,212462,,,,False,,,,False,,,,,15951,15951,0.5395,0.5807,1.3415,11006.249,920.0,0.3547,False,True,18474,177427,288,False,0.4502,global,0,,high,,False,False,,False,False,-0.6424,0.9412,2,medium,19,A,0.5625,0.5,0.5,59,B,225,B
TOYOTA,YARIS,1,2020-2022,5.0,3,"90,000-150,000 DKK",91832,86215,3,6.0,False,True,39788,1.022,52044,True,50576,7680,4327,114627,19104,10430,0.8373,0.8601,0.2404,8429.292929292931,1280.0,0.3385,False,True,9751,313869,975,False,0.5042,global,0,,high,,False,False,,True,False,-0.1364,1.1241,2,low,5,S,0.5404,0.5,0.5,38,B,34,S
TOYOTA,YARIS,2,2017-2019,8.0,2,"50,000-90,000 DKK",59738,137606,4,6.5,False,True,24038,0.9364,35700,True,54793,8321,8264,107078,16473,10981,0.7587,0.7891,0.4238,8429.6245,1280.0772,0.3601,False,True,12946,339969,975,False,0.4502,global,0,,high,,False,False,,True,False,-0.0797,1.0451,2,low,6,S,0.564,0.5,0.5,39,B,39,S
TOYOTA,YARIS,3,2014-2016,11.0,1,"Up to 50,000 DKK",38931,183720,4,3.5,True,True,23960,0.9334,14971,True,37607,3220,7080,62879,17965,13688,0.6728,0.7068,0.6743,10744.99,920.0,0.3838,False,True,12660,292490,975,False,0.4502,global,0,,high,,False,False,,True,False,0.0594,1.1026,2,low,56,B,0.5119,0.5,0.5,91,B,111,A
TOYOTA,YARIS,4,2010-2013,14.5,1,"Up to 50,000 DKK",25670,212462,,,,False,,,,False,,,,,17615,17615,0.5855,0.6111,1.1508,12402.3634,1760.0,0.576,False,True,8932,342210,975,False,0.4502,global,0,,high,,False,False,,False,False,-0.0522,0.7871,2,medium,47,A,0.8065,0.5,0.5,4,S,315,B
NISSAN,QASHQAI,1,2020-2022,5.0,4,"150,000-250,000 DKK",165050,86215,3,6.0,False,True,81433,1.022,83617,True,79058,14640,6642,183957,30659,16723,0.8362,0.8346,0.369,13176.315789473685,2440.0,0.7166,False,True,5162,580046,994,False,0.5042,global,0,,high,,False,False,,False,False,-0.0564,0.0308,2,high,19,B,0.75,0.5,0.5,5,S,267,B
NISSAN,QASHQAI,2,2017-2019,8.0,3,"90,000-150,000 DKK",114914,137606,4,6.5,False,True,41343,0.9364,73571,True,85647,21190,15686,196093,30168,18850,0.733,0.7246,0.8044,13176.3867,3259.9404,0.4536,False,True,11413,616076,994,False,0.5042,global,0,,high,,False,False,,False,False,-0.3967,0.2631,2,high,76,C,0.2727,0.5,0.5,94,D,360,B
NISSAN,QASHQAI,3,2014-2016,11.0,2,"50,000-90,000 DKK",79679,183720,4,3.5,True,True,41210,0.9334,38469,True,47168,9218,17842,112697,32199,21208,0.5763,0.5495,1.6992,13476.6018,2633.7327,0.4677,False,True,6845,471803,994,False,0.5042,global,0,,high,,False,False,,False,False,-1.0615,0.1604,2,high,118,D,0.24,0.5,0.5,121,D,443,C
NISSAN,QASHQAI,4,2010-2013,14.5,1,"Up to 50,000 DKK",44151,212462,,,,False,,,,False,,,,,25828,25828,0.4832,0.4525,2.3515,14813.609467455624,3960.0,0.5166,False,True,2142,289849,994,False,0.4502,global,0,,high,,False,False,,False,True,-1.3523,0.2236,2,high,162,D,0.4137,0.5,0.5,127,C,508,D
CITROËN,C4 Cactus,1,2020-2022,5.0,3,"90,000-150,000 DKK",94710,86215,3,6.0,False,True,37050,1.022,57660,True,62849,9360,10192,140061,23343,13733,0.7386,0.7465,0.5662,10474.895397489541,1560.0,0.5329,False,True,212,48629,41,False,0.5042,global,0,,medium,,False,False,,False,False,-2.0076,,1,medium,22,A,0.5808,0.5,0.5,31,B,112,A
CITROËN,C4 Cactus,2,2017-2019,8.0,1,"Up to 50,000 DKK",41565,137606,4,,False,True,,,,False,,,,,12327,12327,0.64,0.653,0.8948,8122.291021671827,1520.0,0.5243,False,True,2953,19685,41,False,0.4502,global,0,,medium,,True,False,no_exit_band_data,False,True,-1.557,,1,medium,,,,,,,,60,A
CITROËN,C4 Cactus,3,2014-2016,11.0,1,"Up to 50,000 DKK",36252,183720,4,,True,True,,,,False,,,,,13855,13855,,0.567,1.1741,9173.076923076922,1160.0,0.5236,True,False,4717,224,41,False,0.4502,global,0,,medium,,True,True,no_exit_band_data,False,True,,,,,,,,,,,,,
SEAT,IBIZA,1,2020-2022,5.0,2,"50,000-90,000 DKK",62960,86215,3,6.0,False,True,32561,1.022,30399,True,67058,9120,9139,115715,19286,14219,0.7721,0.7758,0.5077,11176.339285714288,1520.0,0.5211,False,True,1050,161424,490,False,0.4502,global,0,,high,,False,False,,False,False,-1.409,,1,medium,20,A,0.684,0.5,0.5,19,A,135,A
SEAT,IBIZA,2,2017-2019,8.0,1,"Up to 50,000 DKK",43789,137606,4,6.5,False,True,21593,0.9364,22196,True,75284,9649,16351,123481,18997,15582,0.666,0.6686,0.8385,11582.2149,1484.5378,0.5514,False,True,2715,211203,490,False,0.4502,global,0,,high,,False,False,,False,False,-1.2511,,1,medium,73,B,0.7113,0.5,0.5,12,S,212,B
SEAT,IBIZA,3,2014-2016,11.0,1,"Up to 50,000 DKK",31860,183720,4,3.5,True,True,21523,0.9334,10337,True,39973,4522,12643,67475,19278,16325,0.6073,0.6039,1.2041,11420.8412,1291.8766,0.4299,False,True,2819,179151,490,False,0.4502,global,0,,high,,False,False,,False,False,-0.6933,,1,medium,78,B,0.5149,0.5,0.5,90,B,247,B
SEAT,IBIZA,4,2010-2013,14.5,1,"Up to 50,000 DKK",23059,212462,,,,False,,,,False,,,,,19499,19499,0.5369,0.5315,1.7557,12272.058823529414,1960.0,0.322,False,True,2585,122569,490,False,0.4502,global,0,,high,,False,False,,False,True,-0.6639,,1,medium,83,B,0.3452,0.5,0.5,144,C,393,C
HONDA,JAZZ,1,2020-2022,5.0,2,"50,000-90,000 DKK",75926,86215,3,6.0,False,True,51574,1.022,24352,True,55840,8400,3681,92273,15379,11320,0.8752,0.903,0.2045,9306.691449814129,1400.0,0.4244,False,True,435,201544,177,False,0.5042,global,0,,high,,False,False,,True,False,0.9903,,1,medium,4,S,0.632,0.5,0.5,27,A,45,S
HONDA,JAZZ,2,2017-2019,8.0,2,"50,000-90,000 DKK",76254,137606,4,6.5,False,True,26630,0.9364,49624,True,81364,10400,6907,148295,22815,15180,0.8042,0.8524,0.3542,12517.500000000002,1600.0,0.6355,False,True,1190,221635,177,False,0.5042,global,0,,high,,False,False,,False,False,0.6741,,1,medium,61,B,0.632,0.5,0.5,28,A,191,B
HONDA,JAZZ,3,2014-2016,11.0,2,"50,000-90,000 DKK",50463,183720,4,3.5,True,True,26544,0.9334,23919,True,46361,6160,6982,83423,23835,17001,0.7266,0.7792,0.665,13246.03174603175,1760.0,0.6388,False,True,1216,247854,177,False,0.4502,global,0,,high,,False,False,,False,False,0.8732,,1,medium,71,B,0.604,0.5,0.5,31,A,285,B
HONDA,JAZZ,4,2010-2013,14.5,1,"Up to 50,000 DKK",28438,212462,,,,False,,,,False,,,,,19647,19647,0.5925,0.6375,1.3773,13755.494505494507,1760.0,0.6084,False,True,1658,344192,177,False,0.4502,global,0,,high,,False,False,,False,False,0.0667,,1,medium,88,B,0.6964,0.5,0.5,15,S,400,C
CHEVROLET,AVEO,3,2014-2016,11.0,1,"Up to 50,000 DKK",18774,183720,4,3.5,True,True,16915,0.9334,1859,True,48144,6160,17187,73351,20957,20426,0.4945,0.522,1.6369,13755.494505494507,1760.0,0.3911,False,True,546,15383,19,False,0.4502,global,0,,low,,False,False,,False,False,-2.0182,,1,medium,117,B,0.3542,0.5,0.5,140,C,421,C
CHEVROLET,AVEO,4,2010-2013,14.5,1,"Up to 50,000 DKK",18122,212462,,,,False,,,,False,,,,,21792,21792,0.4271,0.4629,2.1664,13532.432432432433,1760.0,0.4608,False,True,3577,18379,19,False,0.4502,global,0,,low,,False,False,,False,False,-2.0887,,1,medium,130,C,0.4256,0.5,0.5,124,C,454,C
SKODA,SUPERB COMBI,1,2020-2022,5.0,4,"150,000-250,000 DKK",189203,86215,3,6.0,False,True,85438,1.022,103765,True,39425,5520,5252,153962,25660,8366,0.8627,0.8385,0.2918,6570.866141732284,920.0,0.458,False,True,337,85628,76,False,0.5042,global,0,,medium,,False,False,,True,False,0.2976,2.1239,2,low,7,A,0.49,0.5,0.5,29,B,13,S
SKODA,SUPERB COMBI,2,2017-2019,8.0,3,"90,000-150,000 DKK",132367,137606,4,6.5,False,True,38002,0.9364,94365,True,80060,30160,9183,213767,32887,18370,0.8086,0.7737,0.4709,12316.901408450702,4640.0,0.6837,False,True,27,70222,76,False,0.5042,global,0,,medium,,True,True,insufficient_dk_fleet,False,True,0.6443,1.3356,2,low,,,,,,,,,
SKODA,SUPERB COMBI,3,2014-2016,11.0,2,"50,000-90,000 DKK",83598,183720,4,3.5,True,True,37880,0.9334,45718,True,46848,17360,8880,118807,33945,20882,0.7119,0.6742,0.8457,13385.20408163265,4960.0,0.5716,False,True,461,40016,76,False,0.5042,global,0,,medium,,False,False,,False,True,0.4759,1.3544,2,low,122,D,0.308,0.5,0.5,112,C,433,C
SKODA,SUPERB COMBI,4,2010-2013,14.5,1,"Up to 50,000 DKK",40583,212462,,,,False,,,,False,,,,,22723,22723,0.6542,0.6295,1.1162,14414.835164835165,4960.0,0.492,False,True,1457,14927,76,False,0.4502,global,0,,medium,,False,False,,False,True,0.7479,0.8093,2,medium,141,C,0.4345,0.5,0.5,123,C,471,C
MITSUBISHI,COLT,3,2014-2016,11.0,1,"Up to 50,000 DKK",21377,183720,4,3.5,True,True,19644,0.9334,1733,True,42952,3220,12391,60296,17228,16732,0.5882,0.6367,1.1801,12272.058823529414,920.0,0.3026,False,True,1,16585,72,False,0.4502,global,0,,medium,,True,True,insufficient_dk_fleet,False,False,-0.9231,,1,medium,,,,,,,,,
MITSUBISHI,COLT,4,2010-2013,14.5,1,"Up to 50,000 DKK",21046,212462,,,,False,,,,False,,,,,20136,20136,0.5026,0.5371,1.8678,12772.959183673469,1760.0,0.6925,False,True,2075,54530,72,False,0.4502,global,0,,medium,,False,False,,False,False,-1.1022,0.1132,2,high,98,B,0.6964,0.5,0.5,16,S,410,C
FORD,FOCUS STATIONSVOGN,2,2017-2019,8.0,2,"50,000-90,000 DKK",58344,137606,4,6.5,False,True,25033,0.9364,33311,True,80438,30160,11068,154977,23843,18718,0.7517,0.7412,0.5676,12375.0,4640.0,0.6328,False,True,1,836756,515,False,0.4502,global,0,,high,,True,True,insufficient_dk_fleet,False,True,-0.137,0.3399,2,high,,,,,,,,,
FORD,FOCUS STATIONSVOGN,3,2014-2016,11.0,1,"Up to 50,000 DKK",39746,183720,4,3.5,True,True,24952,0.9334,14794,True,34913,6860,10701,67268,19219,14993,0.6391,0.6261,1.0191,9975.28517110266,1960.0,0.3923,False,True,7,815540,515,False,0.4502,global,0,,high,,True,True,insufficient_dk_fleet,False,True,-0.3013,0.0014,2,high,,,,,,,,,
FORD,FOCUS STATIONSVOGN,4,2010-2013,14.5,1,"Up to 50,000 DKK",26733,212462,,,,False,,,,False,,,,,18802,18802,0.5802,0.5706,1.4415,11557.268722466959,2920.0,0.4584,False,True,1793,852885,515,False,0.4502,global,0,,high,,False,False,,False,True,-0.0984,0.1092,2,high,69,B,0.6012,0.5,0.5,42,A,359,B
HYUNDAI,IX20,2,2017-2019,8.0,2,"50,000-90,000 DKK",52136,137606,4,6.5,False,True,36139,0.9364,15997,True,90909,16770,10446,134123,20634,18173,0.6753,0.7441,0.5357,13986.033519553073,2580.0,0.385,False,True,403,40832,131,False,0.4502,global,0,,high,,False,False,,False,False,-1.1389,,1,medium,36,A,0.468,0.5,0.5,74,B,339,B
HYUNDAI,IX20,3,2014-2016,11.0,1,"Up to 50,000 DKK",46283,183720,4,3.5,True,True,36022,0.9334,10261,True,48951,9030,11657,79899,22828,19897,0.5354,0.5905,1.1102,13986.033519553073,2580.0,0.387,False,True,761,35054,131,False,0.4502,global,0,,high,,False,False,,False,False,-1.5442,,1,medium,142,C,0.2708,0.5,0.5,152,C,405,C
HYUNDAI,IX20,4,2010-2013,14.5,1,"Up to 50,000 DKK",38593,212462,,,,False,,,,False,,,,,21067,21067,0.5098,0.5462,1.3869,13986.033519553073,2920.0,0.3731,False,True,477,7129,131,False,0.4502,global,0,,high,,False,False,,False,False,-1.0145,,1,medium,120,C,0.3006,0.5,0.5,149,C,437,C
AUDI,A3 Limousine,1,2020-2022,5.0,3,"90,000-150,000 DKK",95377,86215,3,6.0,False,True,78820,1.022,16557,True,67058,9600,7501,100716,16786,14026,0.8761,0.8708,0.4167,11176.339285714288,1600.0,0.7009,False,True,138,329089,24,False,0.5042,global,0,,low,,False,False,,False,False,1.0176,,1,medium,2,S,0.9242,0.5,0.5,1,S,126,A
AUDI,A3 Limousine,2,2017-2019,8.0,3,"90,000-150,000 DKK",95377,137606,4,6.5,False,True,37136,0.9364,58241,True,75337,10400,13094,157072,24165,15205,0.8258,0.8129,0.6715,11590.277777777777,1600.0,0.7529,False,True,506,434870,24,False,0.5042,global,0,,low,,False,False,,False,False,1.0561,,1,medium,30,A,0.8333,0.5,0.5,4,S,192,B
AUDI,A3 Limousine,3,2014-2016,11.0,2,"50,000-90,000 DKK",77122,183720,4,3.5,True,True,37016,0.9334,40106,True,41137,6860,14691,102794,29370,17911,0.729,0.7047,1.3991,11753.521126760563,1960.0,0.7558,False,True,795,330699,24,False,0.5042,global,0,,low,,False,False,,False,True,0.9083,,1,medium,106,C,0.552,0.5,0.5,47,B,331,B
AUDI,A3 Limousine,4,2010-2013,14.5,1,"Up to 50,000 DKK",39658,212462,,,,False,,,,False,,,,,20950,20950,0.6368,0.6108,2.4728,10752.04918032787,2780.0,0.7609,False,True,86,329091,24,False,0.4502,global,0,,low,,False,False,,False,True,0.6708,,1,medium,116,B,0.6518,0.5,0.5,29,A,436,C
VOLVO,V90,1,2020-2022,5.0,5,"Above 250,000 DKK",398852,86215,3,6.0,False,True,217030,1.022,181822,True,35679,5520,7418,230439,38406,8103,0.8608,0.8482,0.4121,5946.555819477435,920.0,0.6813,False,True,621,33484,216,False,0.5042,global,0,,high,,False,False,,True,False,0.608,0.0982,2,high,7,A,0.7857,0.5,0.5,2,S,10,S
VOLVO,V90,2,2017-2019,8.0,5,"Above 250,000 DKK",250548,137606,4,,False,True,,,,False,,,,,17842,17842,0.822,0.8038,0.568,11817.567567567568,4320.0,0.6377,False,True,739,6265,216,False,0.5042,global,0,,high,,True,False,no_exit_band_data,False,True,1.0283,0.1024,2,high,,,,,,,,328,B
VOLVO,V90,3,2014-2016,11.0,4,"150,000-250,000 DKK",212355,183720,4,,True,True,,,,False,,,,,22580,22580,,0.5,1.8,12860.29411764706,4320.0,0.6997,True,False,116,6,216,False,0.5042,global,0,,high,,True,True,no_exit_band_data,False,True,,,,,,,,,,,,,
HYUNDAI,I40,2,2017-2019,8.0,2,"50,000-90,000 DKK",63485,137606,4,6.5,False,True,38699,0.9364,24786,True,78584,23400,11191,137961,21225,17412,0.7661,0.7319,0.5739,12089.861751152073,3600.0,0.4917,False,True,133,39346,267,False,0.4502,global,0,,high,,False,False,,False,True,0.0711,,1,medium,42,B,0.568,0.5,0.5,37,A,308,B
HYUNDAI,I40,3,2014-2016,11.0,2,"50,000-90,000 DKK",54674,183720,4,3.5,True,True,38574,0.9334,16100,True,39409,10220,9337,75065,21447,16847,0.6725,0.6469,0.8892,11259.656652360512,2920.0,0.3444,False,True,783,24245,267,False,0.4502,global,0,,high,,False,False,,False,True,0.127,,1,medium,43,B,0.392,0.5,0.5,94,C,273,B
HYUNDAI,I40,4,2010-2013,14.5,1,"Up to 50,000 DKK",41327,212462,,,,False,,,,False,,,,,18033,18033,0.6059,0.5912,1.0985,11817.567567567568,2920.0,0.439,True,False,484,1634,267,False,0.4502,global,0,,high,,True,True,reliability_unstable,False,True,,,,,,,,,,,,,
OPEL,CORSA,1,2020-2022,5.0,2,"50,000-90,000 DKK",87483,86215,3,6.0,False,True,34656,1.022,52827,True,63380,9120,8692,134019,22337,13532,0.7764,0.7867,0.4829,10563.291139240508,1520.0,0.2668,False,True,5803,657542,1438,False,0.5042,global,0,,high,,False,False,,False,False,-1.3279,,1,medium,53,B,0.316,0.5,0.5,111,C,107,A
OPEL,CORSA,2,2017-2019,8.0,1,"Up to 50,000 DKK",49943,137606,4,6.5,False,True,22174,0.9364,27769,True,81364,10400,19410,138943,21376,17104,0.643,0.6546,0.9954,12517.500000000002,1600.0,0.4516,False,True,4411,893807,1438,False,0.4502,global,0,,high,,False,False,,False,False,-1.5222,,1,medium,126,C,0.4137,0.5,0.5,128,C,291,B
OPEL,CORSA,3,2014-2016,11.0,1,"Up to 50,000 DKK",33909,183720,4,3.5,True,True,22103,0.9334,11806,True,43811,6160,12894,74672,21335,17962,0.5726,0.5848,1.228,12517.500000000002,1760.0,0.4373,False,True,7154,826662,1438,False,0.4502,global,2,0.4706,high,,False,False,,False,False,-1.1084,,1,medium,124,C,0.3988,0.5,0.5,133,C,334,B
OPEL,CORSA,4,2010-2013,14.5,1,"Up to 50,000 DKK",23680,212462,,,,False,,,,False,,,,,19114,19114,0.5238,0.5388,1.5271,12772.959183673469,1760.0,0.453,False,True,10276,728956,1438,False,0.4502,global,0,,high,,False,False,,False,False,-0.8357,0.6404,2,medium,75,B,0.5774,0.5,0.5,49,A,371,B
OPEL,ASTRA,1,2020-2022,5.0,3,"90,000-150,000 DKK",98729,86215,3,6.0,False,True,43014,1.022,55715,True,58676,9120,6824,130335,21722,12437,0.8262,0.8159,0.3791,9779.296875,1520.0,0.3961,False,True,486,386690,3215,False,0.5042,global,0,,high,,False,False,,False,False,-0.2919,,1,medium,14,A,0.5354,0.5,0.5,42,B,67,A
OPEL,ASTRA,2,2017-2019,8.0,2,"50,000-90,000 DKK",60800,137606,4,6.5,False,True,27051,0.9364,33749,True,73301,10400,13046,130495,20076,14884,0.7257,0.7134,0.669,11277.027027027028,1600.0,0.6748,False,True,6785,614076,3215,False,0.4502,global,0,,high,,False,False,,False,False,-0.4978,,1,medium,28,A,0.824,0.5,0.5,3,S,168,B
OPEL,ASTRA,3,2014-2016,11.0,1,"Up to 50,000 DKK",42087,183720,4,3.5,True,True,26964,0.9334,15123,True,41361,6160,10416,73061,20875,16554,0.654,0.6412,0.992,11817.567567567568,1760.0,0.6263,False,True,5188,628012,3215,False,0.4502,global,0,,high,,False,False,,False,False,-0.1104,0.3949,2,high,113,B,0.625,0.5,0.5,37,A,257,B
OPEL,ASTRA,4,2010-2013,14.5,1,"Up to 50,000 DKK",28888,212462,,,,False,,,,False,,,,,21920,21920,0.566,0.5578,1.5284,14555.232558139538,2780.0,0.4866,False,True,2314,651650,3215,False,0.4502,global,0,,high,,False,False,,False,False,-0.2826,0.1931,2,high,133,C,0.4494,0.5,0.5,121,C,456,C
RENAULT,TWINGO,1,2020-2022,5.0,1,"Up to 50,000 DKK",40504,86215,3,6.0,False,True,23004,1.022,17500,True,65738,9120,7477,99835,16639,13722,0.7448,0.7906,0.4154,10956.288784187545,1520.0,0.3388,False,True,18,14652,94,False,0.4502,global,0,,medium,,True,True,insufficient_dk_fleet,False,False,-1.9008,,1,medium,,,,,,,,,
RENAULT,TWINGO,2,2017-2019,8.0,1,"Up to 50,000 DKK",32373,137606,4,6.5,False,True,13683,0.9364,18690,True,68373,5980,13190,106233,16344,13468,0.6349,0.6975,0.6764,10518.90756302521,920.0,0.3235,False,True,617,29416,94,False,0.4502,global,0,,medium,,False,False,,False,False,-1.6157,,1,medium,26,A,0.5208,0.5,0.5,82,B,105,A
RENAULT,TWINGO,3,2014-2016,11.0,1,"Up to 50,000 DKK",22508,183720,4,3.5,True,True,13639,0.9334,8869,True,36816,3220,13078,61983,17710,15175,0.5249,0.577,1.2455,10518.90756302521,920.0,0.3643,False,True,2682,23685,94,False,0.4502,global,0,,medium,,False,False,,False,False,-1.6662,,1,medium,50,A,0.4911,0.5,0.5,105,B,190,B
RENAULT,TWINGO,4,2010-2013,14.5,1,"Up to 50,000 DKK",14612,212462,,,,False,,,,False,,,,,16849,16849,0.5011,0.5363,1.5507,11277.027027027028,920.0,0.468,False,True,4128,30579,94,False,0.4502,global,0,,medium,,False,False,,False,False,-1.1268,,1,medium,31,A,0.7321,0.5,0.5,8,S,274,B
CITROËN,GRAND C4 PICASSO,2,2017-2019,8.0,2,"50,000-90,000 DKK",60262,137606,4,6.5,False,True,27303,0.9364,32959,True,68211,18070,22840,142081,21859,16788,0.6275,0.5961,1.1713,10493.999999999998,2780.0,0.3353,True,False,1890,864,1252,True,0.4502,brand_pooled,0,,low,,True,True,reliability_unstable,False,True,,,,,,,,,,,,,
CITROËN,GRAND C4 PICASSO,3,2014-2016,11.0,2,"50,000-90,000 DKK",56446,183720,4,3.5,True,True,27215,0.9334,29231,True,36729,9730,17447,93137,26611,18259,0.5356,0.5076,1.6616,10493.999999999998,2780.0,0.4567,False,True,2637,8680,1252,True,0.6518,own_cell,5,0.3814,medium,,False,False,,False,True,-1.5419,,1,medium,91,C,0.328,0.5,0.5,108,C,343,B
CITROËN,GRAND C4 PICASSO,4,2010-2013,14.5,1,"Up to 50,000 DKK",29157,212462,,,,False,,,,False,,,,,24588,24588,0.4878,0.4741,1.988,13664.062499999998,4960.0,0.2593,False,True,1819,9288,1252,True,0.5008,own_cell,5,0.3969,medium,,False,False,,False,True,-1.2985,,1,medium,158,D,0.0685,0.5,0.5,167,D,497,D
TOYOTA,COROLLA,1,2020-2022,5.0,3,"90,000-150,000 DKK",138980,86215,3,6.0,False,True,58133,1.022,80847,True,55840,8400,3920,149007,24835,11360,0.8943,0.8902,0.2178,9306.691449814129,1400.0,0.315,False,True,3481,66683,985,False,0.5042,global,0,,high,,False,False,,True,False,1.2331,1.6101,2,low,38,B,0.3636,0.5,0.5,78,C,47,S
TOYOTA,COROLLA,2,2017-2019,8.0,3,"90,000-150,000 DKK",111782,137606,4,6.5,False,True,26739,0.9364,85043,True,48867,7800,11638,153348,23592,10508,,0.7949,0.5968,7518.01801801802,1200.0,0.3174,True,False,1855,312,985,False,0.5042,global,0,,high,,True,True,reliability_unstable,True,False,,,,,,,,,,,,,
TOYOTA,COROLLA,3,2014-2016,11.0,2,"50,000-90,000 DKK",56881,183720,4,3.5,True,True,26653,0.9334,30228,True,74125,32690,9453,146496,41856,33220,0.7024,0.6852,0.9003,21178.6051212938,9340.0,0.4671,True,False,2,880,985,False,0.4502,global,0,,high,,True,True,insufficient_dk_fleet,False,False,,,,,,,,,,,,,
TOYOTA,COROLLA,4,2010-2013,14.5,1,"Up to 50,000 DKK",28555,212462,,,,False,,,,False,,,,,21529,21529,0.6355,0.6238,1.2364,12860.29411764706,4960.0,0.3434,False,True,8,62064,985,False,0.4502,global,0,,high,,True,True,insufficient_dk_fleet,False,True,0.6255,0.4156,2,high,,,,,,,,,
TOYOTA,AVENSIS,2,2017-2019,8.0,3,"90,000-150,000 DKK",99588,137606,4,6.5,False,True,44465,0.9364,55123,True,104312,22620,11642,193697,29800,21319,0.8235,0.7761,0.597,16048.076923076924,3480.0,0.6422,False,True,1027,39536,545,False,0.5042,global,0,,high,,False,False,,False,False,1.0621,0.6139,2,medium,73,C,0.4646,0.5,0.5,54,B,447,C
TOYOTA,AVENSIS,3,2014-2016,11.0,2,"50,000-90,000 DKK",75988,183720,4,3.5,True,True,44322,0.9334,31666,True,56898,12180,9591,110335,31524,22477,0.7405,0.7009,0.9134,16256.493506493509,3480.0,0.6435,False,True,2510,53471,545,False,0.5042,global,0,,high,,False,False,,False,False,1.1102,0.1501,2,high,115,D,0.436,0.5,0.5,84,B,466,C
TOYOTA,AVENSIS,4,2010-2013,14.5,1,"Up to 50,000 DKK",47485,212462,,,,False,,,,False,,,,,23936,23936,0.6472,0.6169,1.24,16256.493506493509,3960.0,0.6413,False,True,1352,89398,545,False,0.4502,global,0,,high,,False,False,,False,False,0.8017,0.073,2,high,151,C,0.5208,0.5,0.5,83,B,487,D
DACIA,Logan MCV,1,2020-2022,5.0,1,"Up to 50,000 DKK",26544,86215,3,6.0,False,True,26064,1.022,480,True,72216,9600,6991,89287,14881,14801,0.7625,0.7451,0.3884,12036.057692307691,1600.0,0.3759,False,True,357,24061,20,False,0.4502,global,0,,low,,False,False,,False,False,-1.5863,,1,medium,8,S,0.6399,0.5,0.5,33,A,164,B
DACIA,Logan MCV,2,2017-2019,8.0,1,"Up to 50,000 DKK",26544,137606,4,,False,True,,,,False,,,,,15713,15713,0.6902,0.6704,0.5604,12272.058823529414,1760.0,0.312,False,True,1635,25958,20,False,0.4502,global,0,,low,,True,False,no_exit_band_data,False,False,-0.9556,,1,medium,,,,,,,,216,B
DACIA,Logan MCV,3,2014-2016,11.0,1,"Up to 50,000 DKK",25503,183720,4,,True,True,,,,False,,,,,14015,14015,0.6287,0.6207,0.6933,9975.28517110266,1960.0,0.312,False,True,2315,4838,20,False,0.4502,global,0,,low,,True,False,no_exit_band_data,False,True,-0.431,,1,medium,,,,,,,,122,A
PEUGEOT,5008,1,2020-2022,5.0,4,"150,000-250,000 DKK",178147,86215,3,6.0,False,True,66346,1.022,111801,True,69039,20280,9241,210361,35060,16427,0.7878,0.7775,0.5134,11506.578947368418,3380.0,0.4196,False,True,695,41590,321,False,0.5042,global,0,,high,,False,False,,False,True,-1.2375,0.7623,2,medium,35,B,0.2,0.5,0.5,48,D,251,B
PEUGEOT,5008,2,2017-2019,8.0,3,"90,000-150,000 DKK",134856,137606,4,6.5,False,True,27976,0.9364,106880,True,73188,21970,23145,225182,34643,18200,0.6093,0.5861,1.1869,11259.656652360512,3380.0,0.4337,False,True,2119,22110,321,False,0.5042,global,0,,high,,False,False,,False,True,-1.906,,1,medium,89,C,0.1818,0.5,0.5,98,D,340,B
PEUGEOT,5008,3,2014-2016,11.0,2,"50,000-90,000 DKK",64917,183720,4,3.5,True,True,27886,0.9334,37031,True,43109,13860,17240,111240,31783,21203,0.5403,0.5108,1.6419,12316.901408450702,3960.0,0.3738,False,True,353,23824,321,False,0.4502,global,0,,high,,False,False,,False,True,-1.4872,,1,medium,116,D,0.128,0.5,0.5,126,D,442,C
PEUGEOT,5008,4,2010-2013,14.5,1,"Up to 50,000 DKK",29876,212462,,,,False,,,,False,,,,,24785,24785,0.5036,0.48,1.9812,13880.952380952382,4960.0,0.2968,False,True,913,7859,321,False,0.4502,global,0,,high,,False,False,,False,True,-1.0946,,1,medium,159,D,0.0952,0.5,0.5,165,D,499,D
AUDI,Q3,1,2020-2022,5.0,4,"150,000-250,000 DKK",211215,86215,3,6.0,False,True,132180,1.022,79035,True,41609,5520,6993,133157,22193,9020,0.8833,0.8836,0.3885,6934.903047091413,920.0,0.4057,False,True,1530,164151,486,True,0.2775,own_cell,5,0.274,high,,False,False,,True,False,1.242,,1,medium,2,S,0.52,0.5,0.5,23,B,21,S
AUDI,Q3,2,2017-2019,8.0,4,"150,000-250,000 DKK",187393,137606,4,6.5,False,True,117774,0.9364,69619,True,85646,21190,13999,190454,29301,18590,0.8094,0.804,0.7179,13176.315789473685,3260.0,0.6203,False,True,1251,166545,486,True,0.5278,own_cell,5,0.227,high,,False,False,,False,False,0.763,,1,medium,18,B,0.58,0.5,0.5,18,B,353,B
AUDI,Q3,3,2014-2016,11.0,3,"90,000-150,000 DKK",129333,183720,4,3.5,True,True,117394,0.9334,11939,True,50943,9030,12028,83940,23983,20572,0.7365,0.7245,1.1455,14555.232558139538,2580.0,0.6756,False,True,764,76253,486,True,0.589,own_cell,5,0.1494,high,,False,False,,False,False,0.9777,1.0124,2,low,28,A,0.7626,0.5,0.5,12,A,425,C
AUDI,Q3,4,2010-2013,14.5,3,"90,000-150,000 DKK",125772,212462,,,,False,,,,False,,,,,25194,25194,0.7022,0.6928,1.37,15523.668639053254,5560.0,0.6788,False,True,264,3265,486,True,0.7362,own_cell,5,0.2246,high,,False,False,,False,True,1.6268,,1,medium,42,B,0.697,0.5,0.5,17,A,503,D
TOYOTA,AVENSIS STW,2,2017-2019,8.0,3,"90,000-150,000 DKK",107744,137606,4,6.5,False,True,46368,0.9364,61376,True,78584,30160,11642,181762,27963,18521,0.8235,0.7761,0.597,12089.861751152073,4640.0,0.5541,False,True,1,39536,178,False,0.5042,global,0,,high,,True,True,insufficient_dk_fleet,False,True,1.0621,0.6139,2,medium,,,,,,,,,
TOYOTA,AVENSIS STW,3,2014-2016,11.0,2,"50,000-90,000 DKK",80157,183720,4,3.5,True,True,46218,0.9334,33939,True,46383,13860,9591,103773,29649,19953,0.7405,0.7009,0.9134,13252.34845799362,3960.0,0.5333,False,True,8,53471,178,False,0.5042,global,0,,high,,True,True,insufficient_dk_fleet,False,True,1.1102,0.1501,2,high,,,,,,,,,
TOYOTA,AVENSIS STW,4,2010-2013,14.5,1,"Up to 50,000 DKK",49517,212462,,,,False,,,,False,,,,,24510,24510,0.6472,0.6169,1.24,16470.394736842107,4320.0,0.5641,False,True,2723,89398,178,False,0.4502,global,0,,high,,False,False,,False,False,0.8017,0.073,2,high,157,D,0.4732,0.5,0.5,112,B,496,D
NISSAN,JUKE,1,2020-2022,5.0,3,"90,000-150,000 DKK",137176,86215,3,6.0,False,True,55465,1.022,81711,True,73273,9600,6718,171302,28550,14932,0.8056,0.8188,0.3732,12212.195121951221,1600.0,0.4942,False,True,954,318538,302,False,0.5042,global,0,,high,,False,False,,False,False,-0.7446,,1,medium,64,B,0.3485,0.5,0.5,79,C,173,B
NISSAN,JUKE,2,2017-2019,8.0,2,"50,000-90,000 DKK",86757,137606,4,6.5,False,True,41091,0.9364,45666,True,92987,18070,15963,172685,26567,19542,0.6707,0.6828,0.8186,14305.714285714286,2780.0,0.5891,False,True,335,425229,302,False,0.5042,global,0,,high,,False,False,,False,False,-1.1946,,1,medium,90,C,0.452,0.5,0.5,79,B,395,C
NISSAN,JUKE,3,2014-2016,11.0,2,"50,000-90,000 DKK",54270,183720,4,3.5,True,True,40959,0.9334,13311,True,48951,9030,14259,85551,24443,20640,0.5673,0.5683,1.358,13986.033519553073,2580.0,0.5881,False,True,883,290892,302,False,0.4502,global,0,,high,,False,False,,False,False,-1.171,,1,medium,77,B,0.5,0.5,0.5,65,B,428,C
NISSAN,JUKE,4,2010-2013,14.5,1,"Up to 50,000 DKK",43882,212462,,,,False,,,,False,,,,,22670,22670,0.5344,0.5329,1.6331,14991.017964071858,2780.0,0.6714,False,True,547,49473,302,False,0.4502,global,0,,high,,False,False,,False,False,-0.6963,,1,medium,139,C,0.5685,0.5,0.5,56,B,469,C
MERCEDES-BENZ,CLA,1,2020-2022,5.0,5,"Above 250,000 DKK",293936,86215,3,6.0,False,True,137003,1.022,156933,True,62964,9600,11111,240608,40101,13946,0.8336,0.8256,0.6173,10493.999999999998,1600.0,0.594,False,True,632,94884,357,False,0.5042,global,0,,high,,False,False,,False,False,-0.119,,1,medium,9,A,0.5893,0.5,0.5,10,B,118,A
MERCEDES-BENZ,CLA,2,2017-2019,8.0,4,"150,000-250,000 DKK",181349,137606,4,6.5,False,True,115590,0.9364,65759,True,83592,21190,18981,189522,29157,19040,0.7829,0.7669,0.9734,12860.29411764706,3260.0,0.6998,False,True,763,70093,357,False,0.5042,global,0,,high,,False,False,,False,False,0.3275,,1,medium,17,B,0.71,0.5,0.5,6,S,368,B
MERCEDES-BENZ,CLA,3,2014-2016,11.0,3,"90,000-150,000 DKK",134052,183720,4,3.5,True,True,115217,0.9334,18835,True,39409,10220,14557,83021,23720,18339,0.7362,0.7233,1.3864,11259.656652360512,2920.0,0.699,False,True,621,14183,357,False,0.5042,global,0,,high,,False,False,,False,True,1.0146,,1,medium,25,A,0.803,0.5,0.5,7,S,347,B
MERCEDES-BENZ,CLA,4,2010-2013,14.5,3,"90,000-150,000 DKK",123440,212462,,,,False,,,,False,,,,,15733,15733,,,,13152.695808052951,2580.0,0.7544,True,False,14,0,357,False,0.5042,global,0,,high,,True,True,insufficient_dk_fleet,False,False,,,,,,,,,,,,,
CITROËN,C4 PICASSO,2,2017-2019,8.0,2,"50,000-90,000 DKK",77236,137606,4,6.5,False,True,22772,0.9364,54464,True,64839,18070,14093,151466,23303,14923,0.7036,0.7124,0.7227,9975.28517110266,2780.0,0.4014,False,True,738,10330,77,False,0.5042,global,0,,medium,,False,False,,False,True,-0.7866,,1,medium,67,B,0.356,0.5,0.5,103,C,172,B
CITROËN,C4 PICASSO,3,2014-2016,11.0,1,"Up to 50,000 DKK",40403,183720,4,3.5,True,True,22698,0.9334,17705,True,36729,9730,12512,76676,21907,16849,0.5692,0.5748,1.1916,10493.999999999998,2780.0,0.4906,True,False,643,1263,77,False,0.4502,global,0,,medium,,True,True,reliability_unstable,False,True,,,,,,,,,,,,,
CITROËN,C4 PICASSO,4,2010-2013,14.5,1,"Up to 50,000 DKK",24318,212462,,,,False,,,,False,,,,,18910,18910,0.4753,0.4778,1.8785,10493.999999999998,2780.0,0.3643,True,False,534,609,77,False,0.4502,global,0,,medium,,True,True,reliability_unstable,False,True,,,,,,,,,,,,,
VOLVO,XC90,1,2020-2022,5.0,5,"Above 250,000 DKK",444939,86215,3,6.0,False,True,170307,1.022,274632,True,46794,5520,7403,334350,55725,9953,0.8568,0.8454,0.4113,7799.065420560748,920.0,0.6856,False,True,477,67785,433,False,0.5042,global,0,,high,,False,False,,True,False,0.5666,0.6931,2,medium,22,C,0.5536,0.5,0.5,12,B,30,S
VOLVO,XC90,2,2017-2019,8.0,5,"Above 250,000 DKK",325519,137606,4,6.5,False,True,74670,0.9364,250849,True,97444,43680,12800,404773,62273,23681,0.8068,0.7833,0.6564,14991.428571428569,6720.0,0.6608,False,True,449,41869,433,False,0.5042,global,0,,high,,False,False,,False,True,0.7029,0.1402,2,high,25,C,0.3929,0.5,0.5,24,C,483,D
VOLVO,XC90,3,2014-2016,11.0,4,"150,000-250,000 DKK",166638,183720,4,3.5,True,True,74429,0.9334,92209,True,53385,24780,12535,182909,52260,25914,0.7082,0.6645,1.1938,15252.906976744187,7080.0,0.6558,False,True,427,41360,433,False,0.5042,global,0,,high,,False,False,,False,True,0.6106,,1,medium,51,D,0.29,0.5,0.5,45,C,510,D
VOLVO,XC90,4,2010-2013,14.5,2,"50,000-90,000 DKK",79741,212462,,,,False,,,,False,,,,,39504,39504,0.6504,0.6068,1.7872,21862.499999999996,12280.0,0.6288,False,True,117,52865,433,False,0.5042,global,0,,high,,False,False,,False,True,0.8621,,1,medium,126,D,0.36,0.5,0.5,101,C,533,D
AUDI,A3 CABRIOLET,1,2020-2022,5.0,3,"90,000-150,000 DKK",98337,86215,3,6.0,False,True,81801,1.022,16536,True,72216,9600,7501,105853,17642,14886,0.8761,0.8708,0.4167,12036.057692307691,1600.0,0.6464,False,True,292,329089,26,False,0.5042,global,0,,low,,False,False,,False,False,1.0176,,1,medium,3,S,0.8333,0.5,0.5,5,S,169,B
AUDI,A3 CABRIOLET,2,2017-2019,8.0,3,"90,000-150,000 DKK",98337,137606,4,6.5,False,True,39555,0.9364,58782,True,83024,13650,13094,168551,25931,16887,0.8258,0.8129,0.6715,12772.959183673469,2100.0,0.6573,False,True,430,434870,26,False,0.5042,global,0,,low,,False,False,,False,False,1.0561,,1,medium,49,B,0.6212,0.5,0.5,26,A,277,B
AUDI,A3 CABRIOLET,3,2014-2016,11.0,2,"50,000-90,000 DKK",80039,183720,4,3.5,True,True,39427,0.9334,40612,True,43811,3220,14691,102334,29238,17635,0.729,0.7047,1.3991,12517.500000000002,920.0,0.6637,False,True,604,330699,26,False,0.5042,global,0,,low,,False,False,,False,False,0.9083,,1,medium,104,C,0.504,0.5,0.5,63,B,317,B
AUDI,A3 CABRIOLET,4,2010-2013,14.5,1,"Up to 50,000 DKK",42241,212462,,,,False,,,,False,,,,,25329,25329,0.6368,0.6108,2.4728,14991.017964071858,2920.0,0.4977,False,True,93,329091,26,False,0.4502,global,0,,low,,False,False,,False,False,0.6708,,1,medium,161,D,0.3899,0.5,0.5,134,C,506,D
CITROËN,C3,1,2020-2022,5.0,3,"90,000-150,000 DKK",94090,86215,3,6.0,False,True,36579,1.022,57511,True,67058,9120,6694,140383,23397,13812,0.7912,0.8157,0.3719,11176.339285714288,1520.0,0.3382,False,True,10965,224597,394,False,0.5042,global,0,,high,,False,False,,False,False,-1.0397,,1,medium,23,A,0.4444,0.5,0.5,58,B,113,A
CITROËN,C3,2,2017-2019,8.0,2,"50,000-90,000 DKK",58647,137606,4,6.5,False,True,20942,0.9364,37705,True,69542,9880,14976,132103,20324,14523,0.6476,0.6818,0.768,10698.717948717951,1520.0,0.3386,False,True,11807,167733,394,False,0.4502,global,0,,high,,False,False,,False,False,-1.4687,,1,medium,31,A,0.436,0.5,0.5,85,B,155,A
CITROËN,C3,3,2014-2016,11.0,1,"Up to 50,000 DKK",35791,183720,4,3.5,True,True,20874,0.9334,14917,True,34913,4060,13210,67100,19172,14910,0.5476,0.5677,1.2581,9975.28517110266,1160.0,0.5058,False,True,8094,184209,394,False,0.4502,global,0,,high,,False,False,,False,True,-1.4021,,1,medium,76,B,0.6548,0.5,0.5,27,A,171,B
CITROËN,C3,4,2010-2013,14.5,1,"Up to 50,000 DKK",22364,212462,,,,False,,,,False,,,,,17672,17672,0.4977,0.5185,1.6388,9975.28517110266,2780.0,0.3428,False,True,7378,154590,394,False,0.4502,global,0,,high,,False,False,,False,True,-1.1707,,1,medium,49,A,0.4643,0.5,0.5,115,B,321,B
PEUGEOT,308,1,2020-2022,5.0,3,"90,000-150,000 DKK",103767,86215,3,6.0,False,True,34498,1.022,69269,True,51441,14640,8366,143716,23953,12408,0.8111,0.794,0.4648,8573.529411764704,2440.0,0.6018,False,True,1770,102601,1144,False,0.5042,global,0,,high,,False,False,,False,True,-0.6275,,1,medium,27,A,0.6465,0.5,0.5,23,A,66,A
PEUGEOT,308,2,2017-2019,8.0,1,"Up to 50,000 DKK",48424,137606,4,6.5,False,True,19274,0.9364,29150,True,54482,15860,15805,115296,17738,13253,0.7075,0.6892,0.8105,8381.78913738019,2440.0,0.5311,False,True,7555,148562,1144,False,0.4502,global,0,,high,,False,False,,False,True,-0.7665,1.1831,2,low,51,A,0.7679,0.5,0.5,6,S,98,A
PEUGEOT,308,3,2014-2016,11.0,1,"Up to 50,000 DKK",33755,183720,4,3.5,True,True,19212,0.9334,14543,True,29336,6860,12850,63589,18168,14013,0.5967,0.585,1.2238,8381.78913738019,1960.0,0.4973,False,True,8300,135331,1144,False,0.4502,global,0,,high,,False,False,,False,True,-0.8166,0.1496,2,high,60,B,0.6875,0.5,0.5,17,S,120,A
PEUGEOT,308,4,2010-2013,14.5,1,"Up to 50,000 DKK",20583,212462,,,,False,,,,False,,,,,21414,21414,0.5163,0.5125,1.7124,12316.901408450702,3960.0,0.3338,False,True,4026,123070,1144,False,0.4502,global,0,,high,,False,False,,False,True,-0.9258,0.1494,2,high,127,C,0.2292,0.5,0.5,158,D,448,C
VOLKSWAGEN,PASSAT,1,2020-2022,5.0,4,"150,000-250,000 DKK",157780,86215,3,6.0,False,True,78420,1.022,79360,True,40379,6840,6197,132776,22129,8903,0.8737,0.8441,0.3443,6729.8387096774195,1140.0,0.4604,False,True,1367,129070,2137,False,0.5042,global,0,,high,,False,False,,True,False,0.569,2.1616,2,low,1,S,0.56,0.5,0.5,19,B,18,S
VOLKSWAGEN,PASSAT,2,2017-2019,8.0,3,"90,000-150,000 DKK",112765,137606,4,6.5,False,True,35752,0.9364,77013,True,81364,15860,11392,185629,28558,16710,0.8128,0.7686,0.5842,12517.500000000002,2440.0,0.6686,False,True,8490,176131,2137,False,0.5042,global,0,,high,,False,False,,False,False,0.745,0.985,2,medium,65,B,0.5606,0.5,0.5,33,B,266,B
VOLKSWAGEN,PASSAT,3,2014-2016,11.0,2,"50,000-90,000 DKK",76731,183720,4,3.5,True,True,35637,0.9334,41094,True,42315,9730,11020,104159,29760,18018,0.7188,0.6711,1.0495,12089.861751152073,2780.0,0.6589,False,True,4909,173856,2137,False,0.5042,global,0,,high,,False,False,,False,True,0.7106,0.5355,2,medium,108,C,0.476,0.5,0.5,71,B,337,B
VOLKSWAGEN,PASSAT,4,2010-2013,14.5,1,"Up to 50,000 DKK",38180,212462,,,,False,,,,False,,,,,22151,22151,0.6539,0.6159,1.5091,13664.062499999998,3960.0,0.5331,False,True,1346,179641,2137,False,0.4502,global,0,,high,,False,False,,False,True,0.8664,0.5208,2,medium,135,C,0.5208,0.5,0.5,84,B,462,C
TOYOTA,AURIS,2,2017-2019,8.0,2,"50,000-90,000 DKK",80582,137606,4,6.5,False,True,31885,0.9364,48697,True,63565,9100,9779,131142,20176,12684,0.8001,0.7923,0.5015,9779.296875,1400.0,0.3124,False,True,4405,187854,612,False,0.5042,global,0,,high,,False,False,,True,False,0.5976,0.1094,2,high,29,A,0.44,0.5,0.5,83,B,74,A
TOYOTA,AURIS,3,2014-2016,11.0,2,"50,000-90,000 DKK",51417,183720,4,3.5,True,True,31782,0.9334,19635,True,32453,3220,8295,63603,18172,12562,0.7114,0.7166,0.79,9272.222222222223,920.0,0.3548,False,True,4426,134474,612,False,0.4502,global,0,,high,,False,False,,True,False,0.6838,0.1842,2,high,12,S,0.528,0.5,0.5,56,B,70,A
TOYOTA,AURIS,4,2010-2013,14.5,1,"Up to 50,000 DKK",34050,212462,,,,False,,,,False,,,,,21461,21461,0.6112,0.6207,1.2424,14813.609467455624,2920.0,0.6693,False,True,2139,149693,612,False,0.4502,global,0,,high,,False,False,,False,False,0.3027,0.169,2,high,128,C,0.5982,0.5,0.5,43,A,449,C
DACIA,Duster,1,2020-2022,5.0,3,"90,000-150,000 DKK",115090,86215,3,6.0,False,True,52335,1.022,62755,True,77031,9600,6469,155855,25976,15517,0.746,0.7519,0.3594,12838.46153846154,1600.0,0.3528,False,True,1286,104001,172,False,0.5042,global,0,,high,,False,False,,False,False,-1.88,,1,medium,51,B,0.3131,0.5,0.5,85,C,208,B
DACIA,Duster,2,2017-2019,8.0,3,"90,000-150,000 DKK",90687,137606,4,6.5,False,True,33570,0.9364,57117,True,75122,23400,12449,168088,25860,17072,0.6618,0.6555,0.6384,11557.268722466959,3600.0,0.4194,False,True,1845,71206,172,False,0.5042,global,0,,high,,False,False,,False,True,-1.3013,,1,medium,48,B,0.3737,0.5,0.5,76,C,289,B
DACIA,Duster,3,2014-2016,11.0,2,"50,000-90,000 DKK",51208,183720,4,3.5,True,True,33462,0.9334,17746,True,44145,12180,9815,83887,23968,18897,0.5803,0.5767,0.9348,12612.980769230766,3480.0,0.3786,False,True,1912,25225,172,False,0.4502,global,0,,high,,False,False,,False,True,-1.0172,,1,medium,73,B,0.308,0.5,0.5,113,C,362,B
DACIA,Duster,4,2010-2013,14.5,1,"Up to 50,000 DKK",35850,212462,,,,False,,,,False,,,,,23770,23770,,0.75,0.2917,17755.319148936174,5140.0,0.4891,True,False,7,12,172,False,0.4502,global,0,,high,,True,True,insufficient_dk_fleet,False,False,,,,,,,,,,,,,
BMW,5-Serie,1,2020-2022,5.0,5,"Above 250,000 DKK",356925,86215,3,6.0,False,True,138605,1.022,218320,True,45381,5520,7745,276966,46161,9774,0.8871,0.8757,0.4303,7563.4441087613295,920.0,0.5567,False,True,1631,182728,1369,False,0.5042,global,0,,high,,False,False,,True,False,1.3247,0.8969,2,medium,14,B,0.4464,0.5,0.5,20,B,28,S
BMW,5-Serie,2,2017-2019,8.0,4,"150,000-250,000 DKK",222321,137606,4,6.5,False,True,58511,0.9364,163810,True,74466,23400,12486,274162,42179,16977,0.845,0.8281,0.6403,11456.331877729259,3600.0,0.6906,False,True,1327,188468,1369,False,0.5042,global,0,,high,,False,False,,False,True,1.4023,1.3102,2,low,46,C,0.39,0.5,0.5,40,C,281,B
BMW,5-Serie,3,2014-2016,11.0,3,"90,000-150,000 DKK",135619,183720,4,3.5,True,True,58323,0.9334,77296,True,41361,13860,10995,143513,41004,18919,0.7763,0.7527,1.0471,11817.567567567568,3960.0,0.6537,False,True,522,160217,1369,False,0.5042,global,0,,high,,False,False,,False,True,1.5553,1.4125,2,low,98,D,0.3737,0.5,0.5,77,C,364,B
BMW,5-Serie,4,2010-2013,14.5,2,"50,000-90,000 DKK",62485,212462,,,,False,,,,False,,,,,22808,22808,0.7381,0.7069,1.6625,12860.29411764706,4960.0,0.6756,False,True,547,134337,1369,False,0.4502,global,0,,high,,False,False,,False,True,2.0937,1.083,2,low,60,B,0.7,0.5,0.5,14,A,474,C
SKODA,SUPERB,1,2020-2022,5.0,4,"150,000-250,000 DKK",199978,86215,3,6.0,False,True,90644,1.022,109334,True,57240,14640,5252,186467,31078,12855,0.8627,0.8385,0.2918,9540.0,2440.0,0.5419,False,True,811,85628,228,False,0.5042,global,0,,high,,False,False,,False,True,0.2976,2.1239,2,low,20,B,0.46,0.5,0.5,32,B,78,A
SKODA,SUPERB,2,2017-2019,8.0,4,"150,000-250,000 DKK",150651,137606,4,6.5,False,True,36937,0.9364,113714,True,83024,15860,9183,221780,34120,16626,0.8086,0.7737,0.4709,12772.959183673469,2440.0,0.6411,False,True,1826,70222,228,False,0.5042,global,0,,high,,False,False,,False,False,0.6443,1.3356,2,low,33,B,0.45,0.5,0.5,33,B,261,B
SKODA,SUPERB,3,2014-2016,11.0,2,"50,000-90,000 DKK",88691,183720,4,3.5,True,True,36818,0.9334,51873,True,42952,10220,8880,113925,32550,17729,0.7119,0.6742,0.8457,12272.058823529414,2920.0,0.6582,False,True,886,40016,228,False,0.5042,global,0,,high,,False,False,,False,True,0.4759,1.3544,2,low,119,D,0.428,0.5,0.5,87,B,325,B
SKODA,SUPERB,4,2010-2013,14.5,1,"Up to 50,000 DKK",39446,212462,,,,False,,,,False,,,,,24012,24012,0.6542,0.6295,1.1162,15523.668639053254,5140.0,0.5303,False,True,201,14927,228,False,0.4502,global,0,,high,,False,False,,False,True,0.7479,0.8093,2,medium,153,C,0.4613,0.5,0.5,116,B,490,D
SKODA,KAMIQ,1,2020-2022,5.0,3,"90,000-150,000 DKK",149528,86215,3,,False,True,,,,False,,,,,14552,14552,0.8699,0.8793,0.2466,12212.195121951221,1600.0,0.4483,False,True,3582,12241,49,False,0.5042,global,0,,medium,,True,False,no_exit_band_data,False,False,0.8331,,1,medium,,,,,,,,157,A
SKODA,KAMIQ,2,2017-2019,8.0,4,"150,000-250,000 DKK",152116,137606,4,,False,True,,,,False,,,,,13190,13190,,1.0,,11590.277777777777,1600.0,0.7877,True,False,33,1,49,False,0.5042,global,0,,medium,,True,True,no_exit_band_data,False,False,,,,,,,,,,,,,
VOLVO,XC60,1,2020-2022,5.0,5,"Above 250,000 DKK",326274,86215,3,6.0,False,True,135427,1.022,190847,True,42432,5520,6989,245788,40965,9157,0.8697,0.8575,0.3883,7072.033898305086,920.0,0.6728,False,True,1855,140248,867,False,0.5042,global,2,0.3913,high,,False,False,,True,False,0.9607,1.0759,2,low,11,B,0.6607,0.5,0.5,7,A,22,S
VOLVO,XC60,2,2017-2019,8.0,4,"150,000-250,000 DKK",216684,137606,4,6.5,False,True,74016,0.9364,142668,True,87004,32240,13434,275345,42361,20412,0.7945,0.7689,0.6889,13385.20408163265,4960.0,0.6228,False,True,2286,130318,867,False,0.5042,global,0,,high,,False,False,,False,True,0.5541,0.7172,2,medium,47,D,0.3,0.5,0.5,44,C,420,C
VOLVO,XC60,3,2014-2016,11.0,3,"90,000-150,000 DKK",132510,183720,4,3.5,True,True,73777,0.9334,58733,True,43109,13860,9832,125534,35867,19086,0.7469,0.7157,0.9364,12316.901408450702,3960.0,0.6262,False,True,1368,64447,867,False,0.5042,global,0,,high,,False,False,,False,True,1.3319,0.8458,2,medium,93,D,0.3384,0.5,0.5,81,C,370,B
VOLVO,XC60,4,2010-2013,14.5,2,"50,000-90,000 DKK",79043,212462,,,,False,,,,False,,,,,30701,30701,0.7172,0.682,1.2315,17846.938775510203,9160.0,0.7598,False,True,634,29544,867,False,0.5042,global,0,,high,,False,False,,False,True,2.1484,0.9661,2,medium,111,C,0.54,0.5,0.5,52,B,528,D
VOLVO,V40,1,2020-2022,5.0,2,"50,000-90,000 DKK",81625,86215,3,6.0,False,True,58135,1.022,23490,True,65862,21600,8707,119658,19943,16028,0.7961,0.7924,0.4837,10976.987447698744,3600.0,0.627,False,True,20,126750,547,False,0.5042,global,0,,high,,True,True,insufficient_dk_fleet,False,True,-0.9201,0.5788,2,medium,,,,,,,,,
VOLVO,V40,2,2017-2019,8.0,2,"50,000-90,000 DKK",78939,137606,4,6.5,False,True,31489,0.9364,47450,True,69888,15860,14617,147815,22741,15441,0.7321,0.719,0.7496,10752.04918032787,2440.0,0.4321,False,True,974,167485,547,False,0.5042,global,0,,high,,False,False,,False,True,-0.3927,0.6508,2,medium,58,B,0.424,0.5,0.5,88,B,204,B
VOLVO,V40,3,2014-2016,11.0,2,"50,000-90,000 DKK",56883,183720,4,3.5,True,True,31388,0.9334,25495,True,33030,6860,10640,76024,21721,14437,0.6866,0.6673,1.0133,9437.05035971223,1960.0,0.4331,False,True,1252,62834,547,False,0.4502,global,0,,high,,False,False,,False,True,0.4032,0.5077,2,medium,49,B,0.464,0.5,0.5,76,B,147,A
VOLVO,V40,4,2010-2013,14.5,1,"Up to 50,000 DKK",33628,212462,,,,False,,,,False,,,,,17213,17213,0.6095,0.597,1.486,9975.28517110266,2780.0,0.4256,True,False,575,536,547,False,0.4502,global,0,,high,,True,True,reliability_unstable,False,True,,,,,,,,,,,,,
AUDI,A5 SPORTBACK,1,2020-2022,5.0,5,"Above 250,000 DKK",287941,86215,3,6.0,False,True,128105,1.022,159836,True,78234,14640,8996,261707,43618,16978,0.8557,0.8478,0.4998,13039.062500000002,2440.0,0.7286,False,True,301,120234,486,True,0.3757,own_cell,5,0.1049,high,,False,False,,False,False,0.4372,,1,medium,13,B,0.75,0.5,0.5,4,A,282,B
AUDI,A5 SPORTBACK,2,2017-2019,8.0,4,"150,000-250,000 DKK",232524,137606,4,6.5,False,True,92457,0.9364,140067,True,89411,21190,15023,265691,40875,19327,0.8091,0.7915,0.7704,13755.494505494507,3260.0,0.732,False,True,393,125152,486,True,0.6453,own_cell,5,0.0851,high,,False,False,,False,False,0.7578,,1,medium,45,C,0.52,0.5,0.5,24,B,381,C
AUDI,A5 SPORTBACK,3,2014-2016,11.0,3,"90,000-150,000 DKK",125345,183720,4,3.5,True,True,92159,0.9334,33186,True,51848,9030,12249,106313,30375,20893,0.762,0.7395,1.1666,14813.609467455624,2580.0,0.5054,False,True,926,119471,486,True,0.5575,own_cell,5,0.1573,high,,False,False,,False,True,1.412,,1,medium,78,C,0.2929,0.5,0.5,87,C,434,C
AUDI,A5 SPORTBACK,4,2010-2013,14.5,3,"90,000-150,000 DKK",98736,212462,,,,False,,,,False,,,,,23115,23115,0.7263,0.7014,1.5331,14555.232558139538,3960.0,0.7074,False,True,559,82737,486,True,0.5606,own_cell,5,0.3914,medium,,False,False,,False,True,2.008,,1,medium,19,A,0.8535,0.5,0.5,2,S,478,C
MINI,COOPER,1,2020-2022,5.0,4,"150,000-250,000 DKK",165365,86215,3,6.0,False,True,78386,1.022,86979,True,70854,9600,6604,174037,29006,14510,0.8554,0.8663,0.3669,11808.962264150945,1600.0,0.5708,False,True,591,452448,373,False,0.5042,global,0,,high,,False,False,,False,False,0.4292,,1,medium,15,A,0.53,0.5,0.5,21,B,153,A
MINI,COOPER,2,2017-2019,8.0,3,"90,000-150,000 DKK",103315,137606,4,6.5,False,True,40945,0.9364,62370,True,79768,10400,9855,162393,24984,15388,0.8103,0.8289,0.5054,12272.058823529414,1600.0,0.6246,False,True,1238,349893,373,False,0.5042,global,0,,high,,False,False,,False,False,0.7786,,1,medium,41,B,0.596,0.5,0.5,29,A,203,B
MINI,COOPER,3,2014-2016,11.0,2,"50,000-90,000 DKK",76697,183720,4,3.5,True,True,40813,0.9334,35884,True,41137,3220,9119,89360,25532,15279,0.7315,0.7551,0.8685,11753.521126760563,920.0,0.6605,False,True,564,123488,373,False,0.5042,global,0,,high,,False,False,,False,False,0.9157,1.0165,2,low,86,B,0.568,0.5,0.5,38,A,201,B
MINI,COOPER,4,2010-2013,14.5,1,"Up to 50,000 DKK",43726,212462,,,,False,,,,False,,,,,20382,20382,0.6148,0.6366,1.6222,13755.494505494507,1760.0,0.78,False,True,127,24334,373,False,0.4502,global,0,,high,,False,False,,False,False,0.2747,0.9872,2,medium,106,B,0.6875,0.5,0.5,18,A,418,C
CITROËN,DS3,3,2014-2016,11.0,1,"Up to 50,000 DKK",28284,183720,4,,True,True,31359,0.9334,-3075,False,,,,,15115,15115,0.5127,0.5113,1.5061,9437.05035971223,1160.0,0.5196,False,True,365,150218,1252,True,0.3346,own_cell,5,0.3738,medium,,True,False,non_positive_depreciation,False,True,-1.8076,,1,medium,,,,,,,,186,B
CITROËN,DS3,4,2010-2013,14.5,1,"Up to 50,000 DKK",33597,212462,,,,False,,,,False,,,,,17352,17352,0.5011,0.4991,1.7116,9437.05035971223,2780.0,0.4521,False,True,1543,27264,1252,True,0.5982,own_cell,5,0.168,high,,False,False,,False,True,-1.1268,,1,medium,43,A,0.6667,0.5,0.5,24,A,304,B
MERCEDES-BENZ,GLE,1,2020-2022,5.0,5,"Above 250,000 DKK",661324,86215,3,6.0,False,True,361022,1.022,300302,True,54093,6960,8411,369766,61628,11577,0.8833,0.8776,0.4673,9015.46391752577,1160.0,0.2593,False,True,1224,55673,243,False,0.5042,global,0,,high,,False,False,,True,True,1.242,,1,medium,24,C,0.1607,0.5,0.5,28,D,52,S
MERCEDES-BENZ,GLE,2,2017-2019,8.0,5,"Above 250,000 DKK",423860,137606,4,,False,True,,,,False,,,,,27607,27607,0.8704,0.8658,0.529,17259.86842105263,8760.0,0.7816,False,True,170,26238,243,False,0.5042,global,0,,high,,True,False,no_exit_band_data,False,True,1.9843,,1,medium,,,,,,,,525,D
MERCEDES-BENZ,GLE,3,2014-2016,11.0,5,"Above 250,000 DKK",353245,183720,4,,True,True,,,,False,,,,,26823,26823,,0.8626,0.4943,17259.86842105263,8080.0,0.7834,True,False,108,262,243,False,0.5042,global,0,,high,,True,True,no_exit_band_data,False,True,,,,,,,,,,,,,
PEUGEOT,208,1,2020-2022,5.0,3,"90,000-150,000 DKK",90815,86215,3,6.0,False,True,30107,1.022,60708,True,57332,9120,8836,135997,22666,12548,0.7706,0.7883,0.4909,9555.343511450383,1520.0,0.4226,False,True,8292,207166,524,False,0.5042,global,0,,high,,False,False,,False,False,-1.437,,1,medium,17,A,0.5354,0.5,0.5,43,B,69,A
PEUGEOT,208,2,2017-2019,8.0,1,"Up to 50,000 DKK",39953,137606,4,6.5,False,True,24050,0.9364,15903,True,51209,9880,15557,92550,14238,11792,0.6752,0.6959,0.7978,7878.378378378378,1520.0,0.491,False,True,21491,311720,524,False,0.4502,global,2,0.3821,high,,False,False,,False,True,-1.1402,,1,medium,4,S,0.8363,0.5,0.5,3,S,53,S
PEUGEOT,208,3,2014-2016,11.0,1,"Up to 50,000 DKK",29458,183720,4,3.5,True,True,23972,0.9334,5486,True,37606,3220,12459,58771,16792,15224,0.5902,0.6111,1.1866,10744.635193133046,920.0,0.3662,False,True,16584,174225,524,False,0.4502,global,0,,high,,False,False,,False,False,-0.9102,0.445,2,high,29,A,0.5565,0.5,0.5,63,B,195,B
PEUGEOT,208,4,2010-2013,14.5,1,"Up to 50,000 DKK",25683,212462,,,,False,,,,False,,,,,16068,16068,0.5544,0.5787,1.4677,10744.635193133046,920.0,0.2661,False,True,6361,3456,524,False,0.4502,global,0,,high,,False,False,,False,False,-0.4361,,1,medium,23,A,0.4792,0.5,0.5,108,B,232,B
KIA,PICANTO,1,2020-2022,5.0,2,"50,000-90,000 DKK",65810,86215,3,6.0,False,True,28537,1.022,37273,True,60814,8400,5112,111599,18600,12388,0.7902,0.8338,0.284,10135.627530364374,1400.0,0.2603,False,True,3420,165041,121,False,0.4502,global,0,,high,,False,False,,False,False,-1.0597,,1,medium,16,A,0.452,0.5,0.5,80,B,65,A
KIA,PICANTO,2,2017-2019,8.0,1,"Up to 50,000 DKK",42719,137606,4,6.5,False,True,17236,0.9364,25483,True,65091,9100,10089,109763,16887,12966,0.6874,0.7493,0.5174,10014.0,1400.0,0.2691,False,True,6180,158917,121,False,0.4502,global,0,,high,,False,False,,False,False,-0.9904,,1,medium,33,A,0.4554,0.5,0.5,118,B,86,A
KIA,PICANTO,3,2014-2016,11.0,1,"Up to 50,000 DKK",27922,183720,4,3.5,True,True,17181,0.9334,10741,True,35911,3220,10174,60047,17156,14087,0.5654,0.6292,0.969,10260.245901639346,920.0,0.3166,False,True,11784,153315,121,False,0.4502,global,0,,high,,False,False,,False,False,-1.2194,1.4108,2,low,39,A,0.4702,0.5,0.5,113,B,129,A
KIA,PICANTO,4,2010-2013,14.5,1,"Up to 50,000 DKK",18407,212462,,,,False,,,,False,,,,,15491,15491,0.4832,0.5503,1.4369,10260.245901639346,920.0,0.3122,False,True,11511,125947,121,False,0.4502,global,0,,high,,False,False,,False,False,-1.358,,1,medium,15,S,0.5327,0.5,0.5,75,B,207,B
HYUNDAI,I30,1,2020-2022,5.0,3,"90,000-150,000 DKK",106839,86215,3,6.0,False,True,40091,1.022,66748,True,69162,9285,6003,151198,25200,14075,0.8258,0.8194,0.3335,11526.9859,1547.468,0.4407,False,True,1564,76172,1086,False,0.5042,global,0,,high,,False,False,,False,False,-0.3011,,1,medium,43,B,0.4242,0.5,0.5,64,B,128,A
HYUNDAI,I30,2,2017-2019,8.0,2,"50,000-90,000 DKK",64922,137606,4,6.5,False,True,23897,0.9364,41025,True,80289,10958,13580,145852,22439,16127,0.6974,0.6846,0.6964,12352.1976,1685.9019,0.4527,False,True,2833,123066,1086,False,0.4502,global,0,,high,,False,False,,False,False,-0.8653,,1,medium,54,B,0.468,0.5,0.5,75,B,235,B
HYUNDAI,I30,3,2014-2016,11.0,1,"Up to 50,000 DKK",39227,183720,4,3.5,True,True,23820,0.9334,15407,True,35880,9730,12231,73249,20928,16526,0.5823,0.5773,1.1649,10251.4163,2780.0349,0.4501,False,True,4014,116869,1086,False,0.4502,global,0,,high,,False,False,,False,True,-0.9934,,1,medium,115,B,0.4435,0.5,0.5,122,C,255,B
HYUNDAI,I30,4,2010-2013,14.5,1,"Up to 50,000 DKK",25520,212462,,,,False,,,,False,,,,,18534,18534,0.5226,0.5295,1.5177,10792.1588,3189.0753,0.389,False,True,7321,82590,1086,False,0.4502,global,0,,high,,False,False,,False,True,-0.8452,0.1002,2,high,67,B,0.497,0.5,0.5,103,B,351,B
FORD,C-MAX,2,2017-2019,8.0,2,"50,000-90,000 DKK",50717,137606,4,6.5,False,True,30976,0.9364,19741,True,83024,15860,10111,128736,19805,16768,0.7626,0.7681,0.5185,12772.959183673469,2440.0,0.3988,False,True,2723,133711,367,False,0.4502,global,0,,high,,False,False,,False,False,0.0193,,1,medium,24,A,0.524,0.5,0.5,57,B,269,B
FORD,C-MAX,3,2014-2016,11.0,1,"Up to 50,000 DKK",42607,183720,4,3.5,True,True,30876,0.9334,11731,True,44705,6160,9139,71735,20496,17144,0.6758,0.6738,0.8704,12772.959183673469,1760.0,0.4006,False,True,2623,129588,367,False,0.4502,global,0,,high,,False,False,,False,False,0.1705,,1,medium,108,B,0.3899,0.5,0.5,135,C,296,B
FORD,C-MAX,4,2010-2013,14.5,1,"Up to 50,000 DKK",33080,212462,,,,False,,,,False,,,,,21078,21078,0.5692,0.5621,1.4483,12772.959183673469,3960.0,0.4778,False,True,2668,108658,367,False,0.4502,global,0,,high,,False,False,,False,True,-0.2421,,1,medium,121,C,0.4762,0.5,0.5,111,B,438,C
FIAT,PANDA,1,2020-2022,5.0,2,"50,000-90,000 DKK",75711,86215,3,6.0,False,True,29834,1.022,45877,True,62070,8400,6980,123328,20555,12908,0.7638,0.8026,0.3878,10345.041322314051,1400.0,0.2553,False,True,315,37902,26,False,0.5042,global,0,,low,,False,False,,False,False,-1.5626,,1,medium,34,A,0.376,0.5,0.5,97,C,79,A
FIAT,PANDA,2,2017-2019,8.0,1,"Up to 50,000 DKK",42275,137606,4,6.5,False,True,18158,0.9364,24117,True,72646,9100,11936,117799,18123,14413,0.6763,0.7292,0.6121,11176.339285714288,1400.0,0.4106,False,True,857,77099,26,False,0.4502,global,0,,low,,False,False,,False,False,-1.1268,,1,medium,58,B,0.5506,0.5,0.5,67,B,145,A
FIAT,PANDA,3,2014-2016,11.0,1,"Up to 50,000 DKK",29191,183720,4,3.5,True,True,18099,0.9334,11092,True,33317,3220,10201,57829,16523,13354,0.5866,0.6423,0.9715,9519.011406844107,920.0,0.1879,False,True,1515,86616,26,False,0.4502,global,0,,low,,False,False,,False,False,-0.9422,,1,medium,28,A,0.4256,0.5,0.5,125,C,100,A
FIAT,PANDA,4,2010-2013,14.5,1,"Up to 50,000 DKK",19391,212462,,,,False,,,,False,,,,,17428,17428,0.5158,0.5637,1.4119,12272.058823529414,920.0,0.4541,False,True,5016,107113,26,False,0.4502,global,0,,low,,False,False,,False,False,-0.9371,,1,medium,44,A,0.6726,0.5,0.5,21,A,309,B
CITROËN,C3 PICASSO,2,2017-2019,8.0,1,"Up to 50,000 DKK",49516,137606,4,6.5,False,True,25439,0.9364,24077,True,66612,18070,13588,122347,18823,15118,0.6569,0.694,0.6968,10248.046874999998,2780.0,0.3438,False,True,108,10747,101,False,0.4502,global,0,,high,,False,False,,False,True,-1.3594,,1,medium,70,B,0.4048,0.5,0.5,132,C,187,B
CITROËN,C3 PICASSO,3,2014-2016,11.0,1,"Up to 50,000 DKK",34861,183720,4,3.5,True,True,25357,0.9334,9504,True,36729,9730,10588,66551,19015,16299,0.6117,0.6381,1.0084,10493.999999999998,2780.0,0.3526,True,False,1525,1912,101,False,0.4502,global,0,,high,,True,True,reliability_unstable,False,True,,,,,,,,,,,,,
CITROËN,C3 PICASSO,4,2010-2013,14.5,1,"Up to 50,000 DKK",27167,212462,,,,False,,,,False,,,,,20678,20678,0.4965,0.5055,1.5426,12089.861751152073,3960.0,0.3327,True,False,2660,916,101,False,0.4502,global,0,,high,,True,True,reliability_unstable,False,True,,,,,,,,,,,,,
AUDI,A4 AVANT,1,2020-2022,5.0,4,"150,000-250,000 DKK",220953,86215,3,6.0,False,True,96838,1.022,124115,True,79058,14640,9324,227137,37856,17170,0.8554,0.8403,0.518,13176.315789473685,2440.0,0.7108,False,True,450,184036,72,False,0.5042,global,0,,medium,,False,False,,False,False,0.4292,,1,medium,40,C,0.49,0.5,0.5,30,B,298,B
AUDI,A4 AVANT,2,2017-2019,8.0,4,"150,000-250,000 DKK",153445,137606,4,6.5,False,True,47623,0.9364,105822,True,87488,18980,16286,228576,35166,18885,0.8029,0.7729,0.8352,13459.677419354839,2920.0,0.7173,False,True,1233,214851,72,False,0.5042,global,0,,medium,,False,False,,False,True,0.6522,,1,medium,36,B,0.59,0.5,0.5,17,B,361,B
AUDI,A4 AVANT,3,2014-2016,11.0,3,"90,000-150,000 DKK",94752,183720,4,3.5,True,True,47469,0.9334,47283,True,44705,12180,13118,117286,33510,20001,0.7585,0.719,1.2493,12772.959183673469,3480.0,0.5476,False,True,1364,176038,72,False,0.5042,global,0,,medium,,False,False,,False,True,1.353,0.1825,2,high,86,C,0.2778,0.5,0.5,91,D,406,C
AUDI,A4 AVANT,4,2010-2013,14.5,2,"50,000-90,000 DKK",50857,212462,,,,False,,,,False,,,,,23547,23547,0.6849,0.6465,2.1223,12860.29411764706,4320.0,0.464,False,True,1097,238100,72,False,0.4502,global,0,,medium,,False,False,,False,True,1.3641,,1,medium,70,B,0.424,0.5,0.5,89,B,481,D
SEAT,Ateca,1,2020-2022,5.0,4,"150,000-250,000 DKK",179658,86215,3,6.0,False,True,119748,1.022,59910,True,73632,9600,3910,147052,24509,14524,0.8832,0.8807,0.2172,12272.058823529414,1600.0,0.7115,False,True,514,92268,158,False,0.5042,global,0,,high,,False,False,,False,False,1.2388,,1,medium,5,S,0.85,0.5,0.5,2,S,156,A
SEAT,Ateca,2,2017-2019,8.0,3,"90,000-150,000 DKK",131804,137606,4,,False,True,,,,False,,,,,16222,16222,0.859,0.8584,0.2701,12971.502590673575,2440.0,0.7063,False,True,1098,20587,158,False,0.5042,global,0,,high,,True,False,no_exit_band_data,False,False,1.7245,,1,medium,,,,,,,,241,B
SEAT,Ateca,3,2014-2016,11.0,3,"90,000-150,000 DKK",117168,183720,4,,True,True,,,,False,,,,,15292,15292,,,,13532.432432432433,1760.0,0.7009,True,False,163,0,158,False,0.5042,global,0,,high,,True,True,no_exit_band_data,False,False,,,,,,,,,,,,,
VOLVO,V70,2,2017-2019,8.0,2,"50,000-90,000 DKK",55871,137606,4,6.5,False,True,33537,0.9364,22334,True,73188,18980,12147,126648,19484,16048,0.814,0.7892,0.6229,11259.656652360512,2920.0,0.2573,False,True,1,16609,390,False,0.4502,global,0,,high,,True,True,insufficient_dk_fleet,False,True,0.9071,0.5609,2,medium,,,,,,,,,
VOLVO,V70,3,2014-2016,11.0,1,"Up to 50,000 DKK",49732,183720,4,3.5,True,True,33429,0.9334,16303,True,41361,13860,9937,81462,23275,18617,0.7676,0.722,0.9464,11817.567567567568,3960.0,0.6081,False,True,691,24510,390,False,0.4502,global,0,,high,,False,False,,False,True,1.5958,0.2708,2,high,146,C,0.5208,0.5,0.5,85,B,354,B
VOLVO,V70,4,2010-2013,14.5,1,"Up to 50,000 DKK",35815,212462,,,,False,,,,False,,,,,26270,26270,0.6929,0.6437,1.5067,15709.580838323353,6040.0,0.6584,False,True,1064,49882,390,False,0.4502,global,0,,high,,False,False,,False,True,1.6205,0.4344,2,high,165,D,0.4821,0.5,0.5,107,B,513,D
FORD,KUGA,1,2020-2022,5.0,3,"90,000-150,000 DKK",143622,86215,3,6.0,False,True,59341,1.022,84281,True,34216,5520,5418,129435,21573,7526,0.8489,0.8484,0.301,5702.733485193622,920.0,0.4148,False,True,13510,399644,613,False,0.5042,global,0,,high,,False,False,,True,False,0.2599,0.0422,2,high,13,A,0.5455,0.5,0.5,36,B,6,S
FORD,KUGA,2,2017-2019,8.0,3,"90,000-150,000 DKK",96961,137606,4,6.5,False,True,30605,0.9364,66356,True,96343,32500,9255,204453,31454,21246,0.7935,0.7861,0.4746,14822.033898305084,5000.0,0.5402,False,True,1276,321303,613,False,0.5042,global,0,,high,,False,False,,False,True,0.5039,0.7083,2,medium,81,C,0.2879,0.5,0.5,88,C,446,C
FORD,KUGA,3,2014-2016,11.0,2,"50,000-90,000 DKK",58063,183720,4,3.5,True,True,30507,0.9334,27556,True,54424,12180,9264,103424,29550,21677,0.6931,0.6713,0.8823,15549.68944099379,3480.0,0.559,False,True,1824,145744,613,False,0.4502,global,0,,high,,False,False,,False,False,0.4345,0.6923,2,medium,107,C,0.364,0.5,0.5,99,C,453,C
FORD,KUGA,4,2010-2013,14.5,1,"Up to 50,000 DKK",32684,212462,,,,False,,,,False,,,,,26525,26525,0.6227,0.5951,1.3072,15523.668639053254,7080.0,0.5273,False,True,157,74113,613,False,0.4502,global,0,,high,,False,False,,False,True,0.5022,0.3344,2,high,166,D,0.4196,0.5,0.5,126,C,515,D
FIAT,500,1,2020-2022,5.0,3,"90,000-150,000 DKK",118435,86215,3,6.0,False,True,46039,1.022,72396,True,58447,8400,7277,146521,24420,12354,0.7543,0.797,0.4043,9741.245136186772,1400.0,0.2478,False,True,1076,268420,136,False,0.5042,global,0,,high,,False,False,,False,False,-1.7339,,1,medium,35,B,0.3434,0.5,0.5,80,C,61,A
FIAT,500,2,2017-2019,8.0,2,"50,000-90,000 DKK",65222,137606,4,6.5,False,True,30513,0.9364,34709,True,61874,9100,14009,119692,18414,13074,0.64,0.6837,0.7184,9519.011406844107,1400.0,0.2867,False,True,1996,400753,136,False,0.4502,global,0,,high,,False,False,,False,False,-1.557,,1,medium,15,A,0.484,0.5,0.5,67,B,92,A
FIAT,500,3,2014-2016,11.0,1,"Up to 50,000 DKK",45047,183720,4,3.5,True,True,30414,0.9334,14633,True,33317,3220,10329,61498,17571,13390,0.5861,0.6198,0.9837,9519.011406844107,920.0,0.3445,False,True,2650,338208,136,False,0.4502,global,0,,high,,False,False,,False,False,-0.9482,,1,medium,46,A,0.4792,0.5,0.5,109,B,101,A
FIAT,500,4,2010-2013,14.5,1,"Up to 50,000 DKK",32585,212462,,,,False,,,,False,,,,,17037,17037,0.5389,0.5622,1.3603,12036.057692307691,920.0,0.446,False,True,5656,195462,136,False,0.4502,global,0,,high,,False,False,,False,False,-0.6544,1.842,2,low,37,A,0.6696,0.5,0.5,23,A,288,B
NISSAN,NOTE,2,2017-2019,8.0,1,"Up to 50,000 DKK",32498,137606,4,6.5,False,True,22812,0.9364,9686,True,76398,5980,9582,101646,15638,14148,0.7419,0.7798,0.4914,11753.521126760563,920.0,0.2771,False,True,336,159119,179,False,0.4502,global,0,,high,,False,False,,False,False,-0.2767,,1,medium,17,S,0.5089,0.5,0.5,93,B,130,A
NISSAN,NOTE,3,2014-2016,11.0,1,"Up to 50,000 DKK",30224,183720,4,3.5,True,True,22738,0.9334,7486,True,41137,3220,10381,62225,17778,15640,0.5993,0.6358,0.9887,11753.521126760563,920.0,0.2843,False,True,3290,165260,179,False,0.4502,global,0,,high,,False,False,,False,False,-0.79,,1,medium,52,B,0.4107,0.5,0.5,130,C,213,B
NISSAN,NOTE,4,2010-2013,14.5,1,"Up to 50,000 DKK",24361,212462,,,,False,,,,False,,,,,21984,21984,0.5277,0.5436,1.5301,14813.609467455624,2580.0,0.4318,False,True,2058,209537,179,False,0.4502,global,0,,high,,False,False,,False,False,-0.7832,,1,medium,134,C,0.3542,0.5,0.5,141,C,459,C
RENAULT,Kadjar,1,2020-2022,5.0,3,"90,000-150,000 DKK",122772,86215,3,6.0,False,True,87359,1.022,35413,True,77829,14640,7916,135799,22633,16731,0.7941,0.7927,0.4398,12971.502590673575,2440.0,0.6811,False,True,349,140221,236,False,0.5042,global,0,,high,,False,False,,False,False,-0.9816,,1,medium,16,A,0.8384,0.5,0.5,3,S,268,B
RENAULT,Kadjar,2,2017-2019,8.0,3,"90,000-150,000 DKK",90123,137606,4,,False,True,,,,False,,,,,16338,16338,0.7144,0.7119,0.7662,11259.656652360512,2780.0,0.562,False,True,2599,80055,236,False,0.5042,global,0,,high,,True,False,no_exit_band_data,False,True,-0.6471,,1,medium,,,,,,,,248,B
RENAULT,Kadjar,3,2014-2016,11.0,2,"50,000-90,000 DKK",85477,183720,4,,True,True,,,,False,,,,,16872,16872,,0.595,1.3724,9975.28517110266,2780.0,0.226,True,False,1400,437,236,False,0.5042,global,0,,high,,True,True,no_exit_band_data,False,True,,,,,,,,,,,,,
HYUNDAI,KONA,1,2020-2022,5.0,3,"90,000-150,000 DKK",139844,86215,3,,False,True,,,,False,,,,,14329,14329,0.8587,0.8662,0.231,12036.057692307691,1600.0,0.4668,False,True,1777,59326,132,False,0.5042,global,0,,high,,True,False,no_exit_band_data,False,False,0.518,,1,medium,,,,,,,,142,A
HYUNDAI,KONA,2,2017-2019,8.0,3,"90,000-150,000 DKK",111884,137606,4,,False,True,,,,False,,,,,14963,14963,0.8187,0.8338,0.2817,12517.500000000002,1600.0,0.5018,False,True,2120,2449,132,False,0.5042,global,0,,high,,True,False,no_exit_band_data,False,False,0.9267,,1,low,,,,,,,,178,B
OPEL,Grandland X,1,2020-2022,5.0,4,"150,000-250,000 DKK",168691,86215,3,,False,True,,,,False,,,,,8270,8270,0.852,0.862,0.2649,6435.732647814911,1040.0,0.589,False,True,1365,34239,255,False,0.5042,global,0,,high,,True,False,no_exit_band_data,True,False,0.3394,,1,medium,,,,,,,,12,S
OPEL,Grandland X,2,2017-2019,8.0,3,"90,000-150,000 DKK",122647,137606,4,,False,True,,,,False,,,,,14249,14249,,1.0,,11808.962264150945,2440.0,0.4135,True,False,1310,1,255,False,0.5042,global,0,,high,,True,True,no_exit_band_data,False,False,,,,,,,,,,,,,
AUDI,Q2,1,2020-2022,5.0,4,"150,000-250,000 DKK",193978,86215,3,6.0,False,True,110730,1.022,83248,True,75864,9600,5978,174689,29115,15240,0.8927,0.8978,0.3321,12643.939393939394,1600.0,0.743,False,True,1089,135858,486,True,0.2564,own_cell,5,0.0858,high,,False,False,,False,False,1.5538,,1,medium,16,A,0.82,0.5,0.5,3,S,197,B
AUDI,Q2,2,2017-2019,8.0,4,"150,000-250,000 DKK",176671,137606,4,,False,True,,,,False,,,,,16507,16507,0.8586,0.8721,0.4312,12772.959183673469,2440.0,0.7524,False,True,1511,23432,486,True,0.5042,brand_pooled,0,,low,,True,False,no_exit_band_data,False,False,1.7157,,1,medium,,,,,,,,254,B
AUDI,Q2,3,2014-2016,11.0,3,"90,000-150,000 DKK",108345,183720,4,,True,True,,,,False,,,,,14799,14799,,1.0,,13039.062500000002,1760.0,0.7568,True,False,68,3,486,True,0.5042,brand_pooled,0,,low,,True,True,no_exit_band_data,False,False,,,,,,,,,,,,,
MERCEDES-BENZ,GLC,1,2020-2022,5.0,5,"Above 250,000 DKK",398840,86215,3,6.0,False,True,277267,1.022,121573,True,62713,6960,7772,199019,33170,12908,0.8768,0.8725,0.4318,10452.19123505976,1160.0,0.5111,False,True,872,163421,375,False,0.5042,global,0,,high,,False,False,,True,True,1.0183,0.3399,2,high,3,S,0.625,0.5,0.5,9,A,80,A
MERCEDES-BENZ,GLC,2,2017-2019,8.0,5,"Above 250,000 DKK",296474,137606,4,,False,True,,,,False,,,,,22599,22599,0.8411,0.8366,0.5961,14991.017964071858,5820.0,0.678,False,True,818,51250,375,False,0.5042,global,0,,high,,True,False,no_exit_band_data,False,True,1.2656,0.8571,2,medium,,,,,,,,468,C
MERCEDES-BENZ,GLC,3,2014-2016,11.0,5,"Above 250,000 DKK",271294,183720,4,,True,True,,,,False,,,,,20179,20179,,0.8225,0.7006,13117.499999999998,4960.0,0.6223,True,False,362,169,375,False,0.5042,global,0,,high,,True,True,no_exit_band_data,False,True,,,,,,,,,,,,,
FORD,GALAXY,1,2020-2022,5.0,3,"90,000-150,000 DKK",121618,86215,3,6.0,False,True,82874,1.022,38744,True,80758,27840,8242,155584,25931,19473,0.8202,0.801,0.4579,13459.677419354839,4640.0,0.5534,False,True,67,43215,107,False,0.5042,global,0,,high,,False,False,,False,True,-0.4279,,1,medium,50,B,0.4747,0.5,0.5,50,B,389,C
FORD,GALAXY,2,2017-2019,8.0,3,"90,000-150,000 DKK",114646,137606,4,6.5,False,True,40414,0.9364,74232,True,88816,32240,18964,214252,32962,21542,0.723,0.683,0.9725,13664.062499999998,4960.0,0.5727,False,True,411,50801,107,False,0.5042,global,0,,high,,False,False,,False,True,-0.5338,,1,medium,84,C,0.3283,0.5,0.5,83,C,450,C
FORD,GALAXY,3,2014-2016,11.0,2,"50,000-90,000 DKK",81089,183720,4,3.5,True,True,40284,0.9334,40805,True,49634,21140,15718,127297,36371,24712,0.615,0.5775,1.497,14181.08108108108,6040.0,0.58,False,True,322,53134,107,False,0.5042,global,0,,high,,False,False,,False,True,-0.5995,,1,medium,124,D,0.308,0.5,0.5,114,C,498,D
FORD,GALAXY,4,2010-2013,14.5,1,"Up to 50,000 DKK",43159,212462,,,,False,,,,False,,,,,27999,27999,0.5899,0.5463,1.8299,15709.580838323353,6800.0,0.4114,False,True,925,61056,107,False,0.4502,global,0,,high,,False,False,,False,True,0.032,,1,medium,169,D,0.2232,0.5,0.5,160,D,526,D
FORD,KA,3,2014-2016,11.0,1,"Up to 50,000 DKK",30016,183720,4,3.5,True,True,18609,0.9334,11407,True,42952,3220,10235,67815,19376,16116,0.5972,0.6539,0.9748,12272.058823529414,920.0,0.4516,False,True,5229,207813,81,False,0.4502,global,0,,medium,,False,False,,False,False,-0.8152,,1,medium,81,B,0.5506,0.5,0.5,68,B,234,B
FORD,KA,4,2010-2013,14.5,1,"Up to 50,000 DKK",19937,212462,,,,False,,,,False,,,,,17961,17961,0.5141,0.5539,1.5895,12272.058823529414,920.0,0.4429,False,True,7450,178806,81,False,0.4502,global,0,,medium,,False,False,,False,False,-0.959,,1,medium,55,B,0.6101,0.5,0.5,41,A,333,B
MERCEDES-BENZ,A-Klasse,1,2020-2022,5.0,5,"Above 250,000 DKK",263891,86215,3,6.0,False,True,126394,1.022,137497,True,63729,9600,9592,220418,36736,13820,0.8479,0.8453,0.5329,10621.457489878541,1600.0,0.6536,False,True,2257,477583,468,False,0.5042,global,0,,high,,False,False,,False,False,0.2388,0.7186,2,medium,6,A,0.6964,0.5,0.5,5,A,114,A
MERCEDES-BENZ,A-Klasse,2,2017-2019,8.0,4,"150,000-250,000 DKK",187613,137606,4,6.5,False,True,49605,0.9364,138008,True,78234,16770,19461,252473,38842,17610,0.7692,0.7598,0.998,12036.057692307691,2580.0,0.7466,False,True,3542,336383,468,False,0.5042,global,0,,high,,False,False,,False,False,0.1174,,1,medium,43,C,0.56,0.5,0.5,20,B,314,B
MERCEDES-BENZ,A-Klasse,3,2014-2016,11.0,3,"90,000-150,000 DKK",123671,183720,4,3.5,True,True,49445,0.9334,74226,True,36729,9730,15421,136106,38888,17680,0.69,0.6917,1.4687,10493.999999999998,2780.0,0.4491,False,True,1614,128713,468,False,0.5042,global,0,,high,,False,False,,False,True,0.3934,0.7331,2,medium,95,D,0.1667,0.5,0.5,99,D,322,B
MERCEDES-BENZ,A-Klasse,4,2010-2013,14.5,2,"50,000-90,000 DKK",52974,212462,,,,False,,,,False,,,,,20389,20389,0.5796,0.614,2.1164,11259.656652360512,2780.0,0.4553,False,True,669,103039,468,False,0.4502,global,0,,high,,False,False,,False,True,-0.1049,,1,medium,32,A,0.56,0.5,0.5,45,B,419,C
MITSUBISHI,SPACE STAR,1,2020-2022,5.0,2,"50,000-90,000 DKK",78872,86215,3,6.0,False,True,30469,1.022,48403,True,66470,9120,5468,129461,21577,13510,0.8253,0.8516,0.3038,11078.301221804511,1520.0,0.4331,False,True,316,13095,86,False,0.5042,global,0,,medium,,False,False,,False,False,-0.3126,,1,medium,45,B,0.484,0.5,0.5,68,B,106,A
MITSUBISHI,SPACE STAR,2,2017-2019,8.0,1,"Up to 50,000 DKK",49734,137606,4,6.5,False,True,16321,0.9364,33413,True,66692,5980,10292,116377,17904,12764,0.7574,0.8094,0.5278,10260.245901639346,920.0,0.5115,False,True,1603,17894,86,False,0.4502,global,0,,medium,,False,False,,False,False,-0.0567,,1,medium,54,B,0.7262,0.5,0.5,10,S,76,A
MITSUBISHI,SPACE STAR,3,2014-2016,11.0,1,"Up to 50,000 DKK",29813,183720,4,3.5,True,True,16268,0.9334,13545,True,37606,3220,8918,63289,18083,14213,0.6863,0.7538,0.8493,10744.635193133046,920.0,0.4851,False,True,5089,8191,86,False,0.4502,global,0,,medium,,False,False,,False,False,0.3103,,1,medium,57,B,0.6726,0.5,0.5,22,A,134,A
MITSUBISHI,SPACE STAR,4,2010-2013,14.5,1,"Up to 50,000 DKK",17429,212462,,,,False,,,,False,,,,,11665,11665,,1.0,,10744.635193133046,920.0,0.4315,True,False,1,5,86,False,0.4502,global,0,,medium,,True,True,insufficient_dk_fleet,False,False,,,,,,,,,,,,,
PEUGEOT,207,3,2014-2016,11.0,1,"Up to 50,000 DKK",19107,183720,4,3.5,True,True,17366,0.9334,1741,True,60902,15085,15214,92943,26555,26057,0.5233,0.5373,1.449,17400.468975468975,4310.0,0.5043,False,True,2,177957,451,False,0.4502,global,0,,high,,True,True,insufficient_dk_fleet,False,False,-1.6847,,1,medium,,,,,,,,,
PEUGEOT,207,4,2010-2013,14.5,1,"Up to 50,000 DKK",18605,212462,,,,False,,,,False,,,,,19679,19679,0.4772,0.4917,1.8331,11259.656652360512,2920.0,0.3684,False,True,4321,347582,451,False,0.4502,global,0,,high,,False,False,,False,True,-1.432,0.2751,2,high,91,B,0.375,0.5,0.5,136,C,402,C
OPEL,Crossland X,1,2020-2022,5.0,3,"90,000-150,000 DKK",116481,86215,3,,False,True,,,,False,,,,,13247,13247,0.8475,0.8615,0.2649,10932.314410480352,1520.0,0.3708,False,True,1301,21436,211,False,0.5042,global,0,,high,,True,False,no_exit_band_data,False,False,0.2232,,1,medium,,,,,,,,96,A
OPEL,Crossland X,2,2017-2019,8.0,2,"50,000-90,000 DKK",85747,137606,4,,False,True,,,,False,,,,,13636,13636,,1.0,,12036.057692307691,1600.0,0.3802,True,False,2940,2,211,False,0.5042,global,0,,high,,True,True,no_exit_band_data,False,False,,,,,,,,,,,,,
MAZDA,CX-3,1,2020-2022,5.0,3,"90,000-150,000 DKK",119603,86215,3,,False,True,120583,1.022,-980,False,,,,,18835,18835,0.8667,0.8759,0.2829,14726.470588235296,3260.0,0.6288,False,True,4,56414,28,False,0.5042,global,0,,low,,True,True,non_positive_depreciation,False,False,0.6827,0.72,2,medium,,,,,,,,,
MAZDA,CX-3,2,2017-2019,8.0,3,"90,000-150,000 DKK",118684,137606,4,,False,True,,,,False,,,,,19268,19268,0.7835,0.8017,0.4841,14555.232558139538,3260.0,0.6906,False,True,2245,27316,28,False,0.5042,global,0,,low,,True,False,no_exit_band_data,False,False,0.3936,0.4164,2,high,,,,,,,,379,C
MAZDA,CX-3,3,2014-2016,11.0,3,"90,000-150,000 DKK",117985,183720,4,,True,True,,,,False,,,,,19654,19654,0.7006,0.7035,0.7536,14813.609467455624,2580.0,0.7214,True,False,1306,651,28,False,0.5042,global,0,,low,,True,True,no_exit_band_data,False,False,,,,,,,,,,,,,
TOYOTA,RAV4 Plug in,1,2020-2022,5.0,4,"150,000-250,000 DKK",243877,86215,3,,False,True,,,,False,,,,,7513,7513,0.8803,0.8778,0.2523,5835.664335664336,920.0,0.5428,False,True,2963,95960,292,False,0.5042,global,0,,high,,True,False,no_exit_band_data,True,False,1.0674,0.2398,2,high,,,,,,,,5,S
TOYOTA,RAV4 Plug in,2,2017-2019,8.0,4,"150,000-250,000 DKK",165065,137606,4,,False,True,,,,False,,,,,14621,14621,0.8279,0.8224,0.4041,11808.962264150945,1600.0,0.6486,False,True,1,68420,292,False,0.5042,global,0,,high,,True,True,no_exit_band_data,True,False,0.8867,1.0706,2,low,,,,,,,,,
SKODA,RAPID,2,2017-2019,8.0,2,"50,000-90,000 DKK",86680,137606,4,6.5,False,True,31714,0.9364,54966,True,74990,9880,11425,151260,23271,14815,0.7545,0.7408,0.5859,11536.866359447005,1520.0,0.5099,False,True,1086,44650,987,True,0.3646,own_cell,5,0.3756,medium,,False,False,,False,False,-0.0985,,1,medium,66,B,0.492,0.5,0.5,66,B,165,B
SKODA,RAPID,3,2014-2016,11.0,2,"50,000-90,000 DKK",50780,183720,4,3.5,True,True,31612,0.9334,19168,True,42952,3220,8235,73576,21022,15545,0.6979,0.6926,0.7843,12272.058823529414,920.0,0.641,False,True,1349,16202,987,True,0.3651,own_cell,5,0.1965,high,,False,False,,False,False,0.4678,,1,medium,41,B,0.728,0.5,0.5,9,S,210,B
SKODA,RAPID,4,2010-2013,14.5,1,"Up to 50,000 DKK",33868,212462,,,,False,,,,False,,,,,18323,18323,,0.4286,1.6286,12517.500000000002,920.0,0.65,True,False,446,14,987,True,0.4502,brand_pooled,0,,low,,True,True,reliability_unstable,False,False,,,,,,,,,,,,,
SUZUKI,SWIFT,1,2020-2022,5.0,3,"90,000-150,000 DKK",118857,86215,3,6.0,False,True,51497,1.022,67360,True,58447,8400,4919,139127,23188,11961,0.836,0.8515,0.2733,9741.245136186772,1400.0,0.6141,False,True,4456,112302,1,True,,,,,low,TOYOTA YARIS,False,False,,True,False,-0.085,0.3919,2,high,21,A,0.6919,0.5,0.5,18,A,54,S
SUZUKI,SWIFT,2,2017-2019,8.0,2,"50,000-90,000 DKK",77318,137606,4,6.5,False,True,31111,0.9364,46207,True,68373,9880,10353,134812,20740,13632,0.737,0.7677,0.5309,10518.90756302521,1520.0,0.7494,False,True,4753,121329,1,True,,,,,low,TOYOTA YARIS,False,False,,True,False,-0.3445,,1,medium,38,A,0.816,0.5,0.5,4,S,109,A
SUZUKI,SWIFT,3,2014-2016,11.0,2,"50,000-90,000 DKK",50388,183720,4,3.5,True,True,31011,0.9334,19377,True,37606,3220,9261,69464,19847,14311,0.6391,0.6668,0.882,10744.635193133046,920.0,0.5914,False,True,5506,98816,1,True,,,,,low,TOYOTA YARIS,False,False,,False,False,-0.332,0.7189,2,medium,25,A,0.72,0.5,0.5,11,S,141,A
SUZUKI,SWIFT,4,2010-2013,14.5,1,"Up to 50,000 DKK",33224,212462,,,,False,,,,False,,,,,17532,17532,0.5204,0.5379,1.4468,12272.058823529414,920.0,0.6958,False,True,7834,110057,1,True,,,,,low,TOYOTA YARIS,False,False,,False,False,-0.8705,0.2111,2,high,45,A,0.8571,0.5,0.5,2,S,311,B
SUZUKI,BALENO,1,2020-2022,5.0,3,"90,000-150,000 DKK",116177,86215,3,6.0,False,True,50336,1.022,65841,True,64192,9120,9940,149093,24849,13875,0.7523,0.7688,0.5522,10698.717948717951,1520.0,0.7269,False,True,902,15634,1,True,,,,,low,TOYOTA YARIS,False,False,,False,False,-1.7694,,1,medium,39,B,0.7677,0.5,0.5,11,A,116,A
SUZUKI,BALENO,2,2017-2019,8.0,2,"50,000-90,000 DKK",75575,137606,4,,False,True,,,,False,,,,,14279,14279,0.6957,0.7221,0.7468,10518.90756302521,1520.0,0.7137,False,True,6432,8081,1,True,,,,,low,TOYOTA YARIS,True,False,no_exit_band_data,False,False,-0.8868,,1,medium,,,,,,,,139,A
SUZUKI,BALENO,3,2014-2016,11.0,1,"Up to 50,000 DKK",49252,183720,4,,True,True,,,,False,,,,,11439,11439,,1.0,,10518.90756302521,920.0,0.7273,True,False,1539,2,1,True,,,,,low,TOYOTA YARIS,True,True,no_exit_band_data,False,False,,,,,,,,,,,,,
SUZUKI,IGNIS,1,2020-2022,5.0,3,"90,000-150,000 DKK",110004,86215,3,6.0,False,True,69940,1.022,40064,True,62070,8400,4606,115141,19190,12513,0.8178,0.848,0.2559,10345.041322314051,1400.0,0.627,False,True,3198,47501,1,True,,,,,low,HYUNDAI I10,False,False,,True,False,-0.4813,,1,medium,6,S,0.7828,0.5,0.5,8,S,68,A
SUZUKI,IGNIS,2,2017-2019,8.0,2,"50,000-90,000 DKK",81460,137606,4,6.5,False,True,43863,0.9364,37597,True,74990,9880,7940,130407,20063,14278,0.7404,0.7904,0.4072,11536.866359447005,1520.0,0.777,False,True,3998,11263,1,True,,,,,low,HYUNDAI I10,False,False,,False,False,-0.2976,,1,medium,27,A,0.884,0.5,0.5,2,S,138,A
SUZUKI,IGNIS,3,2014-2016,11.0,2,"50,000-90,000 DKK",68433,183720,4,3.5,True,True,43722,0.9334,24711,True,43811,3220,,71743,20498,13438,,,,12517.500000000002,920.0,0.722,True,False,1,0,1,True,,,,,low,HYUNDAI I10,True,True,insufficient_dk_fleet,False,False,,,,,,,,,,,,,
SUZUKI,IGNIS,4,2010-2013,14.5,1,"Up to 50,000 DKK",46842,212462,,,,False,,,,False,,,,,23624,23624,0.5525,0.5858,1.296,16256.493506493509,3480.0,0.6997,False,True,3,5671,1,True,,,,,low,HYUNDAI I10,True,True,insufficient_dk_fleet,False,False,-0.4609,,1,medium,,,,,,,,,
SUZUKI,Celerio,1,2020-2022,5.0,2,"50,000-90,000 DKK",76010,86215,3,6.0,False,True,48326,1.022,27684,True,53266,8400,4360,93710,15618,11004,0.8422,0.8666,0.2422,8877.659574468087,1400.0,0.3569,False,True,334,51059,1,True,,,,,low,HYUNDAI I10,False,False,,False,False,0.0898,,1,medium,5,S,0.56,0.5,0.5,46,B,41,S
SUZUKI,Celerio,2,2017-2019,8.0,2,"50,000-90,000 DKK",56287,137606,4,,False,True,,,,False,,,,,10995,10995,0.7851,0.8286,0.3565,9005.395683453238,920.0,0.3569,False,True,3625,49639,1,True,,,,,low,HYUNDAI I10,True,False,no_exit_band_data,False,False,0.3621,,1,medium,,,,,,,,40,S
SUZUKI,Celerio,3,2014-2016,11.0,1,"Up to 50,000 DKK",47285,183720,4,,True,True,,,,False,,,,,11559,11559,0.731,0.7742,0.5444,9005.395683453238,920.0,0.3569,False,True,4432,2670,1,True,,,,,low,HYUNDAI I10,True,False,no_exit_band_data,False,False,0.9376,,1,medium,,,,,,,,51,S
DS,DS 3,2,2017-2019,8.0,2,"50,000-90,000 DKK",59335,137606,4,,False,True,,,,False,,,,,12960,12960,0.6116,0.6279,1.1872,7878.378378378378,1520.0,0.494,False,True,661,59764,1252,True,0.5042,,,,low,"CITROËN DS3 (same car, direct price copy, no hand-collected anchor)",True,False,no_exit_band_data,False,True,-1.8802,,1,medium,,,,,,,,85,A
DS,DS 3,3,2014-2016,11.0,1,"Up to 50,000 DKK",28284,183720,4,,True,True,,,,False,,,,,13889,13889,0.5564,0.5744,1.617,7878.378378378378,1160.0,0.494,True,False,652,1579,1252,True,0.5042,,,,low,"CITROËN DS3 (same car, direct price copy, no hand-collected anchor)",True,True,no_exit_band_data,False,True,,,,,,,,,,,,,
